"year","statistical_region","waste_code","type_of_waste","waste_category","name_of_municipality","waste_collected_public_service","waste_by_municipality"
2024,"GORENJSKA","15 01 01","Paper and Cardboard Packaging (15 01 01)","Packaging Waste","BLED","yes",96.922
2024,"GORENJSKA","15 01 01","Paper and Cardboard Packaging (15 01 01)","Packaging Waste","BOHINJ","yes",116.364
2024,"GORENJSKA","15 01 01","Paper and Cardboard Packaging (15 01 01)","Packaging Waste","CERKLJE NA GORENJSKEM","no",48.04
2024,"GORENJSKA","15 01 01","Paper and Cardboard Packaging (15 01 01)","Packaging Waste","CERKLJE NA GORENJSKEM","yes",152.566
2024,"GORENJSKA","15 01 01","Paper and Cardboard Packaging (15 01 01)","Packaging Waste","GORENJA VAS-POLJANE","no",1.02
2024,"GORENJSKA","15 01 01","Paper and Cardboard Packaging (15 01 01)","Packaging Waste","GORENJA VAS-POLJANE","yes",35.352
2024,"GORENJSKA","15 01 01","Paper and Cardboard Packaging (15 01 01)","Packaging Waste","GORJE","yes",17.548
2024,"GORENJSKA","15 01 01","Paper and Cardboard Packaging (15 01 01)","Packaging Waste","JESENICE","yes",129.85
2024,"GORENJSKA","15 01 01","Paper and Cardboard Packaging (15 01 01)","Packaging Waste","JEZERSKO","yes",20.221
2024,"GORENJSKA","15 01 01","Paper and Cardboard Packaging (15 01 01)","Packaging Waste","KRANJ","yes",747.72
2024,"GORENJSKA","15 01 01","Paper and Cardboard Packaging (15 01 01)","Packaging Waste","KRANJSKA GORA","yes",156.647
2024,"GORENJSKA","15 01 01","Paper and Cardboard Packaging (15 01 01)","Packaging Waste","NAKLO","yes",101.434
2024,"GORENJSKA","15 01 01","Paper and Cardboard Packaging (15 01 01)","Packaging Waste","PREDDVOR","yes",36.762
2024,"GORENJSKA","15 01 01","Paper and Cardboard Packaging (15 01 01)","Packaging Waste","RADOVLJICA","no",0.86
2024,"GORENJSKA","15 01 01","Paper and Cardboard Packaging (15 01 01)","Packaging Waste","RADOVLJICA","yes",293.051
2024,"GORENJSKA","15 01 01","Paper and Cardboard Packaging (15 01 01)","Packaging Waste","TRŽIČ","yes",190.825
2024,"GORENJSKA","15 01 01","Paper and Cardboard Packaging (15 01 01)","Packaging Waste","ŠENČUR","yes",121.347
2024,"GORENJSKA","15 01 01","Paper and Cardboard Packaging (15 01 01)","Packaging Waste","ŠKOFJA LOKA","no",2.87
2024,"GORENJSKA","15 01 01","Paper and Cardboard Packaging (15 01 01)","Packaging Waste","ŠKOFJA LOKA","yes",440.051
2024,"GORENJSKA","15 01 01","Paper and Cardboard Packaging (15 01 01)","Packaging Waste","ŽELEZNIKI","yes",65.191
2024,"GORENJSKA","15 01 01","Paper and Cardboard Packaging (15 01 01)","Packaging Waste","ŽIRI","yes",17.867
2024,"GORENJSKA","15 01 01","Paper and Cardboard Packaging (15 01 01)","Packaging Waste","ŽIROVNICA","yes",34.511
2024,"GORENJSKA","15 01 03","Wooden Packaging (15 01 03)","Packaging Waste","KRANJ","yes",17.4
2024,"GORENJSKA","15 01 03","Wooden Packaging (15 01 03)","Packaging Waste","ŠENČUR","yes",3.8
2024,"GORENJSKA","15 01 03","Wooden Packaging (15 01 03)","Packaging Waste","ŠKOFJA LOKA","no",9.77
2024,"GORENJSKA","20 01 01","Paper and Cardboard from Municipal Waste (20 01 01)","Municipal Waste","BLED","no",0.8
2024,"GORENJSKA","20 01 01","Paper and Cardboard from Municipal Waste (20 01 01)","Municipal Waste","BLED","yes",345.415
2024,"GORENJSKA","20 01 01","Paper and Cardboard from Municipal Waste (20 01 01)","Municipal Waste","BOHINJ","no",0.049
2024,"GORENJSKA","20 01 01","Paper and Cardboard from Municipal Waste (20 01 01)","Municipal Waste","BOHINJ","yes",47.764
2024,"GORENJSKA","20 01 01","Paper and Cardboard from Municipal Waste (20 01 01)","Municipal Waste","CERKLJE NA GORENJSKEM","no",3.54
2024,"GORENJSKA","20 01 01","Paper and Cardboard from Municipal Waste (20 01 01)","Municipal Waste","GORENJA VAS-POLJANE","no",1.1
2024,"GORENJSKA","20 01 01","Paper and Cardboard from Municipal Waste (20 01 01)","Municipal Waste","GORENJA VAS-POLJANE","yes",116.058
2024,"GORENJSKA","20 01 01","Paper and Cardboard from Municipal Waste (20 01 01)","Municipal Waste","GORJE","yes",62.54
2024,"GORENJSKA","20 01 01","Paper and Cardboard from Municipal Waste (20 01 01)","Municipal Waste","JESENICE","yes",250.229
2024,"GORENJSKA","20 01 01","Paper and Cardboard from Municipal Waste (20 01 01)","Municipal Waste","JEZERSKO","no",4.46
2024,"GORENJSKA","20 01 01","Paper and Cardboard from Municipal Waste (20 01 01)","Municipal Waste","JEZERSKO","yes",3.664
2024,"GORENJSKA","20 01 01","Paper and Cardboard from Municipal Waste (20 01 01)","Municipal Waste","KRANJ","no",105.362
2024,"GORENJSKA","20 01 01","Paper and Cardboard from Municipal Waste (20 01 01)","Municipal Waste","KRANJ","yes",233.529
2024,"GORENJSKA","20 01 01","Paper and Cardboard from Municipal Waste (20 01 01)","Municipal Waste","KRANJSKA GORA","no",25.293
2024,"GORENJSKA","20 01 01","Paper and Cardboard from Municipal Waste (20 01 01)","Municipal Waste","KRANJSKA GORA","yes",6.131
2024,"GORENJSKA","20 01 01","Paper and Cardboard from Municipal Waste (20 01 01)","Municipal Waste","NAKLO","no",101.78
2024,"GORENJSKA","20 01 01","Paper and Cardboard from Municipal Waste (20 01 01)","Municipal Waste","PREDDVOR","no",19.254
2024,"GORENJSKA","20 01 01","Paper and Cardboard from Municipal Waste (20 01 01)","Municipal Waste","PREDDVOR","yes",13.709
2024,"GORENJSKA","20 01 01","Paper and Cardboard from Municipal Waste (20 01 01)","Municipal Waste","RADOVLJICA","no",11.16
2024,"GORENJSKA","20 01 01","Paper and Cardboard from Municipal Waste (20 01 01)","Municipal Waste","RADOVLJICA","yes",325.451
2024,"GORENJSKA","20 01 01","Paper and Cardboard from Municipal Waste (20 01 01)","Municipal Waste","TRŽIČ","no",50.506
2024,"GORENJSKA","20 01 01","Paper and Cardboard from Municipal Waste (20 01 01)","Municipal Waste","TRŽIČ","yes",8.27
2024,"GORENJSKA","20 01 01","Paper and Cardboard from Municipal Waste (20 01 01)","Municipal Waste","ŠENČUR","no",1.18
2024,"GORENJSKA","20 01 01","Paper and Cardboard from Municipal Waste (20 01 01)","Municipal Waste","ŠENČUR","yes",37.965
2024,"GORENJSKA","20 01 01","Paper and Cardboard from Municipal Waste (20 01 01)","Municipal Waste","ŠKOFJA LOKA","no",1746.15
2024,"GORENJSKA","20 01 01","Paper and Cardboard from Municipal Waste (20 01 01)","Municipal Waste","ŠKOFJA LOKA","yes",271.327
2024,"GORENJSKA","20 01 01","Paper and Cardboard from Municipal Waste (20 01 01)","Municipal Waste","ŽELEZNIKI","yes",21.297
2024,"GORENJSKA","20 01 01","Paper and Cardboard from Municipal Waste (20 01 01)","Municipal Waste","ŽIRI","no",107.48
2024,"GORENJSKA","20 01 01","Paper and Cardboard from Municipal Waste (20 01 01)","Municipal Waste","ŽIRI","yes",85.291
2024,"GORENJSKA","20 01 01","Paper and Cardboard from Municipal Waste (20 01 01)","Municipal Waste","ŽIROVNICA","no",0.7
2024,"GORENJSKA","20 01 01","Paper and Cardboard from Municipal Waste (20 01 01)","Municipal Waste","ŽIROVNICA","yes",62.557
2024,"GORENJSKA","20 01 38","Non-hazardous Wood from Municipal Waste (20 01 38)","Municipal Waste","BLED","yes",410.565
2024,"GORENJSKA","20 01 38","Non-hazardous Wood from Municipal Waste (20 01 38)","Municipal Waste","BOHINJ","yes",251.9
2024,"GORENJSKA","20 01 38","Non-hazardous Wood from Municipal Waste (20 01 38)","Municipal Waste","CERKLJE NA GORENJSKEM","yes",248.06
2024,"GORENJSKA","20 01 38","Non-hazardous Wood from Municipal Waste (20 01 38)","Municipal Waste","GORENJA VAS-POLJANE","yes",88.96
2024,"GORENJSKA","20 01 38","Non-hazardous Wood from Municipal Waste (20 01 38)","Municipal Waste","GORJE","yes",136.855
2024,"GORENJSKA","20 01 38","Non-hazardous Wood from Municipal Waste (20 01 38)","Municipal Waste","JESENICE","yes",923.656
2024,"GORENJSKA","20 01 38","Non-hazardous Wood from Municipal Waste (20 01 38)","Municipal Waste","JEZERSKO","yes",29.7
2024,"GORENJSKA","20 01 38","Non-hazardous Wood from Municipal Waste (20 01 38)","Municipal Waste","KRANJ","no",87.92
2024,"GORENJSKA","20 01 38","Non-hazardous Wood from Municipal Waste (20 01 38)","Municipal Waste","KRANJ","yes",1347.48
2024,"GORENJSKA","20 01 38","Non-hazardous Wood from Municipal Waste (20 01 38)","Municipal Waste","KRANJSKA GORA","yes",184.98
2024,"GORENJSKA","20 01 38","Non-hazardous Wood from Municipal Waste (20 01 38)","Municipal Waste","NAKLO","yes",112.44
2024,"GORENJSKA","20 01 38","Non-hazardous Wood from Municipal Waste (20 01 38)","Municipal Waste","RADOVLJICA","yes",752.38
2024,"GORENJSKA","20 01 38","Non-hazardous Wood from Municipal Waste (20 01 38)","Municipal Waste","TRŽIČ","yes",357.82
2024,"GORENJSKA","20 01 38","Non-hazardous Wood from Municipal Waste (20 01 38)","Municipal Waste","ŠENČUR","yes",188.64
2024,"GORENJSKA","20 01 38","Non-hazardous Wood from Municipal Waste (20 01 38)","Municipal Waste","ŽIRI","yes",131.62
2024,"GORENJSKA","20 01 38","Non-hazardous Wood from Municipal Waste (20 01 38)","Municipal Waste","ŽIROVNICA","no",38.36
2024,"GORENJSKA","20 01 38","Non-hazardous Wood from Municipal Waste (20 01 38)","Municipal Waste","ŽIROVNICA","yes",230.914
2024,"GORENJSKA","20 03 07","Bulky Municipal Waste (20 03 07)","Municipal Waste","BLED","yes",206.04
2024,"GORENJSKA","20 03 07","Bulky Municipal Waste (20 03 07)","Municipal Waste","BOHINJ","yes",293.35
2024,"GORENJSKA","20 03 07","Bulky Municipal Waste (20 03 07)","Municipal Waste","CERKLJE NA GORENJSKEM","no",37.64
2024,"GORENJSKA","20 03 07","Bulky Municipal Waste (20 03 07)","Municipal Waste","CERKLJE NA GORENJSKEM","yes",109.88
2024,"GORENJSKA","20 03 07","Bulky Municipal Waste (20 03 07)","Municipal Waste","GORENJA VAS-POLJANE","yes",195.32
2024,"GORENJSKA","20 03 07","Bulky Municipal Waste (20 03 07)","Municipal Waste","GORJE","yes",33.94
2024,"GORENJSKA","20 03 07","Bulky Municipal Waste (20 03 07)","Municipal Waste","JESENICE","no",0.07
2024,"GORENJSKA","20 03 07","Bulky Municipal Waste (20 03 07)","Municipal Waste","JESENICE","yes",708.27
2024,"GORENJSKA","20 03 07","Bulky Municipal Waste (20 03 07)","Municipal Waste","KRANJ","yes",574.868
2024,"GORENJSKA","20 03 07","Bulky Municipal Waste (20 03 07)","Municipal Waste","KRANJSKA GORA","yes",256.32
2024,"GORENJSKA","20 03 07","Bulky Municipal Waste (20 03 07)","Municipal Waste","NAKLO","yes",34.14
2024,"GORENJSKA","20 03 07","Bulky Municipal Waste (20 03 07)","Municipal Waste","PREDDVOR","yes",7.489
2024,"GORENJSKA","20 03 07","Bulky Municipal Waste (20 03 07)","Municipal Waste","RADOVLJICA","yes",782.1
2024,"GORENJSKA","20 03 07","Bulky Municipal Waste (20 03 07)","Municipal Waste","TRŽIČ","yes",345.06
2024,"GORENJSKA","20 03 07","Bulky Municipal Waste (20 03 07)","Municipal Waste","ŠENČUR","yes",67.407
2024,"GORENJSKA","20 03 07","Bulky Municipal Waste (20 03 07)","Municipal Waste","ŠKOFJA LOKA","no",21.92
2024,"GORENJSKA","20 03 07","Bulky Municipal Waste (20 03 07)","Municipal Waste","ŠKOFJA LOKA","yes",516.7
2024,"GORENJSKA","20 03 07","Bulky Municipal Waste (20 03 07)","Municipal Waste","ŽELEZNIKI","yes",69.18
2024,"GORENJSKA","20 03 07","Bulky Municipal Waste (20 03 07)","Municipal Waste","ŽIRI","yes",52.06
2024,"GORENJSKA","20 03 07","Bulky Municipal Waste (20 03 07)","Municipal Waste","ŽIROVNICA","yes",225.92
2024,"GORIŠKA","15 01 01","Paper and Cardboard Packaging (15 01 01)","Packaging Waste","AJDOVŠČINA","no",34.26
2024,"GORIŠKA","15 01 01","Paper and Cardboard Packaging (15 01 01)","Packaging Waste","AJDOVŠČINA","yes",187.425
2024,"GORIŠKA","15 01 01","Paper and Cardboard Packaging (15 01 01)","Packaging Waste","BOVEC","yes",64.594
2024,"GORIŠKA","15 01 01","Paper and Cardboard Packaging (15 01 01)","Packaging Waste","BRDA","no",56.303
2024,"GORIŠKA","15 01 01","Paper and Cardboard Packaging (15 01 01)","Packaging Waste","BRDA","yes",171.774
2024,"GORIŠKA","15 01 01","Paper and Cardboard Packaging (15 01 01)","Packaging Waste","CERKNO","yes",48.628
2024,"GORIŠKA","15 01 01","Paper and Cardboard Packaging (15 01 01)","Packaging Waste","IDRIJA","no",48.461
2024,"GORIŠKA","15 01 01","Paper and Cardboard Packaging (15 01 01)","Packaging Waste","IDRIJA","yes",117.668
2024,"GORIŠKA","15 01 01","Paper and Cardboard Packaging (15 01 01)","Packaging Waste","KANAL","no",9.696
2024,"GORIŠKA","15 01 01","Paper and Cardboard Packaging (15 01 01)","Packaging Waste","KANAL","yes",39.636
2024,"GORIŠKA","15 01 01","Paper and Cardboard Packaging (15 01 01)","Packaging Waste","KOBARID","yes",57.141
2024,"GORIŠKA","15 01 01","Paper and Cardboard Packaging (15 01 01)","Packaging Waste","MIREN-KOSTANJEVICA","no",152.334
2024,"GORIŠKA","15 01 01","Paper and Cardboard Packaging (15 01 01)","Packaging Waste","MIREN-KOSTANJEVICA","yes",46.171
2024,"GORIŠKA","15 01 01","Paper and Cardboard Packaging (15 01 01)","Packaging Waste","NOVA GORICA","no",492.305
2024,"GORIŠKA","15 01 01","Paper and Cardboard Packaging (15 01 01)","Packaging Waste","NOVA GORICA","yes",455.29
2024,"GORIŠKA","15 01 01","Paper and Cardboard Packaging (15 01 01)","Packaging Waste","RENČE-VOGRSKO","no",18.235
2024,"GORIŠKA","15 01 01","Paper and Cardboard Packaging (15 01 01)","Packaging Waste","RENČE-VOGRSKO","yes",24.898
2024,"GORIŠKA","15 01 01","Paper and Cardboard Packaging (15 01 01)","Packaging Waste","TOLMIN","no",24.76
2024,"GORIŠKA","15 01 01","Paper and Cardboard Packaging (15 01 01)","Packaging Waste","TOLMIN","yes",126.703
2024,"GORIŠKA","15 01 01","Paper and Cardboard Packaging (15 01 01)","Packaging Waste","VIPAVA","no",0.01
2024,"GORIŠKA","15 01 01","Paper and Cardboard Packaging (15 01 01)","Packaging Waste","VIPAVA","yes",55.105
2024,"GORIŠKA","15 01 01","Paper and Cardboard Packaging (15 01 01)","Packaging Waste","ŠEMPETER-VRTOJBA","no",144.268
2024,"GORIŠKA","15 01 01","Paper and Cardboard Packaging (15 01 01)","Packaging Waste","ŠEMPETER-VRTOJBA","yes",61.392
2024,"GORIŠKA","15 01 03","Wooden Packaging (15 01 03)","Packaging Waste","AJDOVŠČINA","no",13.12
2024,"GORIŠKA","15 01 03","Wooden Packaging (15 01 03)","Packaging Waste","AJDOVŠČINA","yes",17.459
2024,"GORIŠKA","15 01 03","Wooden Packaging (15 01 03)","Packaging Waste","BRDA","no",8.88
2024,"GORIŠKA","15 01 03","Wooden Packaging (15 01 03)","Packaging Waste","IDRIJA","no",43.906
2024,"GORIŠKA","15 01 03","Wooden Packaging (15 01 03)","Packaging Waste","KANAL","no",51.36
2024,"GORIŠKA","15 01 03","Wooden Packaging (15 01 03)","Packaging Waste","KOBARID","no",18.52
2024,"GORIŠKA","15 01 03","Wooden Packaging (15 01 03)","Packaging Waste","NOVA GORICA","no",101.216
2024,"GORIŠKA","15 01 03","Wooden Packaging (15 01 03)","Packaging Waste","NOVA GORICA","yes",4.456
2024,"GORIŠKA","15 01 03","Wooden Packaging (15 01 03)","Packaging Waste","RENČE-VOGRSKO","no",12.36
2024,"GORIŠKA","15 01 03","Wooden Packaging (15 01 03)","Packaging Waste","TOLMIN","no",11.24
2024,"GORIŠKA","15 01 03","Wooden Packaging (15 01 03)","Packaging Waste","VIPAVA","yes",5.641
2024,"GORIŠKA","15 01 03","Wooden Packaging (15 01 03)","Packaging Waste","ŠEMPETER-VRTOJBA","no",2.715
2024,"GORIŠKA","20 01 01","Paper and Cardboard from Municipal Waste (20 01 01)","Municipal Waste","AJDOVŠČINA","no",0.1
2024,"GORIŠKA","20 01 01","Paper and Cardboard from Municipal Waste (20 01 01)","Municipal Waste","AJDOVŠČINA","yes",375.562
2024,"GORIŠKA","20 01 01","Paper and Cardboard from Municipal Waste (20 01 01)","Municipal Waste","BOVEC","no",18.675
2024,"GORIŠKA","20 01 01","Paper and Cardboard from Municipal Waste (20 01 01)","Municipal Waste","BOVEC","yes",80.352
2024,"GORIŠKA","20 01 01","Paper and Cardboard from Municipal Waste (20 01 01)","Municipal Waste","BRDA","yes",71.403
2024,"GORIŠKA","20 01 01","Paper and Cardboard from Municipal Waste (20 01 01)","Municipal Waste","CERKNO","yes",80.668
2024,"GORIŠKA","20 01 01","Paper and Cardboard from Municipal Waste (20 01 01)","Municipal Waste","IDRIJA","no",0.673
2024,"GORIŠKA","20 01 01","Paper and Cardboard from Municipal Waste (20 01 01)","Municipal Waste","IDRIJA","yes",205.592
2024,"GORIŠKA","20 01 01","Paper and Cardboard from Municipal Waste (20 01 01)","Municipal Waste","KANAL","no",2.6
2024,"GORIŠKA","20 01 01","Paper and Cardboard from Municipal Waste (20 01 01)","Municipal Waste","KANAL","yes",56.822
2024,"GORIŠKA","20 01 01","Paper and Cardboard from Municipal Waste (20 01 01)","Municipal Waste","KOBARID","no",24.212
2024,"GORIŠKA","20 01 01","Paper and Cardboard from Municipal Waste (20 01 01)","Municipal Waste","KOBARID","yes",71.08
2024,"GORIŠKA","20 01 01","Paper and Cardboard from Municipal Waste (20 01 01)","Municipal Waste","MIREN-KOSTANJEVICA","yes",131.716
2024,"GORIŠKA","20 01 01","Paper and Cardboard from Municipal Waste (20 01 01)","Municipal Waste","NOVA GORICA","no",17.36
2024,"GORIŠKA","20 01 01","Paper and Cardboard from Municipal Waste (20 01 01)","Municipal Waste","NOVA GORICA","yes",497.476
2024,"GORIŠKA","20 01 01","Paper and Cardboard from Municipal Waste (20 01 01)","Municipal Waste","RENČE-VOGRSKO","yes",47.038
2024,"GORIŠKA","20 01 01","Paper and Cardboard from Municipal Waste (20 01 01)","Municipal Waste","TOLMIN","no",2.168
2024,"GORIŠKA","20 01 01","Paper and Cardboard from Municipal Waste (20 01 01)","Municipal Waste","TOLMIN","yes",157.613
2024,"GORIŠKA","20 01 01","Paper and Cardboard from Municipal Waste (20 01 01)","Municipal Waste","VIPAVA","no",25.4
2024,"GORIŠKA","20 01 01","Paper and Cardboard from Municipal Waste (20 01 01)","Municipal Waste","VIPAVA","yes",114.584
2024,"GORIŠKA","20 01 01","Paper and Cardboard from Municipal Waste (20 01 01)","Municipal Waste","ŠEMPETER-VRTOJBA","no",22.761
2024,"GORIŠKA","20 01 01","Paper and Cardboard from Municipal Waste (20 01 01)","Municipal Waste","ŠEMPETER-VRTOJBA","yes",86.655
2024,"GORIŠKA","20 01 38","Non-hazardous Wood from Municipal Waste (20 01 38)","Municipal Waste","AJDOVŠČINA","yes",590.403
2024,"GORIŠKA","20 01 38","Non-hazardous Wood from Municipal Waste (20 01 38)","Municipal Waste","BOVEC","yes",142.958
2024,"GORIŠKA","20 01 38","Non-hazardous Wood from Municipal Waste (20 01 38)","Municipal Waste","BRDA","yes",225.61
2024,"GORIŠKA","20 01 38","Non-hazardous Wood from Municipal Waste (20 01 38)","Municipal Waste","CERKNO","yes",124.152
2024,"GORIŠKA","20 01 38","Non-hazardous Wood from Municipal Waste (20 01 38)","Municipal Waste","IDRIJA","yes",291.628
2024,"GORIŠKA","20 01 38","Non-hazardous Wood from Municipal Waste (20 01 38)","Municipal Waste","KANAL","no",8.92
2024,"GORIŠKA","20 01 38","Non-hazardous Wood from Municipal Waste (20 01 38)","Municipal Waste","KANAL","yes",205.751
2024,"GORIŠKA","20 01 38","Non-hazardous Wood from Municipal Waste (20 01 38)","Municipal Waste","KOBARID","yes",126.463
2024,"GORIŠKA","20 01 38","Non-hazardous Wood from Municipal Waste (20 01 38)","Municipal Waste","MIREN-KOSTANJEVICA","yes",162.77
2024,"GORIŠKA","20 01 38","Non-hazardous Wood from Municipal Waste (20 01 38)","Municipal Waste","NOVA GORICA","no",3.138
2024,"GORIŠKA","20 01 38","Non-hazardous Wood from Municipal Waste (20 01 38)","Municipal Waste","NOVA GORICA","yes",934.284
2024,"GORIŠKA","20 01 38","Non-hazardous Wood from Municipal Waste (20 01 38)","Municipal Waste","RENČE-VOGRSKO","yes",98.565
2024,"GORIŠKA","20 01 38","Non-hazardous Wood from Municipal Waste (20 01 38)","Municipal Waste","TOLMIN","no",3.78
2024,"GORIŠKA","20 01 38","Non-hazardous Wood from Municipal Waste (20 01 38)","Municipal Waste","TOLMIN","yes",280.419
2024,"GORIŠKA","20 01 38","Non-hazardous Wood from Municipal Waste (20 01 38)","Municipal Waste","VIPAVA","yes",156.547
2024,"GORIŠKA","20 01 38","Non-hazardous Wood from Municipal Waste (20 01 38)","Municipal Waste","ŠEMPETER-VRTOJBA","yes",178.61
2024,"GORIŠKA","20 03 07","Bulky Municipal Waste (20 03 07)","Municipal Waste","AJDOVŠČINA","yes",103.402
2024,"GORIŠKA","20 03 07","Bulky Municipal Waste (20 03 07)","Municipal Waste","BOVEC","yes",64.922
2024,"GORIŠKA","20 03 07","Bulky Municipal Waste (20 03 07)","Municipal Waste","BRDA","yes",310.177
2024,"GORIŠKA","20 03 07","Bulky Municipal Waste (20 03 07)","Municipal Waste","CERKNO","yes",154.105
2024,"GORIŠKA","20 03 07","Bulky Municipal Waste (20 03 07)","Municipal Waste","IDRIJA","no",3.36
2024,"GORIŠKA","20 03 07","Bulky Municipal Waste (20 03 07)","Municipal Waste","IDRIJA","yes",370.955
2024,"GORIŠKA","20 03 07","Bulky Municipal Waste (20 03 07)","Municipal Waste","KANAL","yes",319.633
2024,"GORIŠKA","20 03 07","Bulky Municipal Waste (20 03 07)","Municipal Waste","KOBARID","yes",57.431
2024,"GORIŠKA","20 03 07","Bulky Municipal Waste (20 03 07)","Municipal Waste","MIREN-KOSTANJEVICA","yes",211.319
2024,"GORIŠKA","20 03 07","Bulky Municipal Waste (20 03 07)","Municipal Waste","NOVA GORICA","yes",1010.609
2024,"GORIŠKA","20 03 07","Bulky Municipal Waste (20 03 07)","Municipal Waste","RENČE-VOGRSKO","yes",137.189
2024,"GORIŠKA","20 03 07","Bulky Municipal Waste (20 03 07)","Municipal Waste","TOLMIN","yes",127.447
2024,"GORIŠKA","20 03 07","Bulky Municipal Waste (20 03 07)","Municipal Waste","VIPAVA","yes",22.323
2024,"GORIŠKA","20 03 07","Bulky Municipal Waste (20 03 07)","Municipal Waste","ŠEMPETER-VRTOJBA","yes",55.39
2024,"JUGOVZHODNA SLOVENIJA","15 01 01","Paper and Cardboard Packaging (15 01 01)","Packaging Waste","DOLENJSKE TOPLICE","yes",49.203
2024,"JUGOVZHODNA SLOVENIJA","15 01 01","Paper and Cardboard Packaging (15 01 01)","Packaging Waste","KOSTEL","yes",19.84
2024,"JUGOVZHODNA SLOVENIJA","15 01 01","Paper and Cardboard Packaging (15 01 01)","Packaging Waste","KOČEVJE","yes",290.142
2024,"JUGOVZHODNA SLOVENIJA","15 01 01","Paper and Cardboard Packaging (15 01 01)","Packaging Waste","LOŠKI POTOK","yes",27.151
2024,"JUGOVZHODNA SLOVENIJA","15 01 01","Paper and Cardboard Packaging (15 01 01)","Packaging Waste","METLIKA","no",14.9
2024,"JUGOVZHODNA SLOVENIJA","15 01 01","Paper and Cardboard Packaging (15 01 01)","Packaging Waste","METLIKA","yes",166.255
2024,"JUGOVZHODNA SLOVENIJA","15 01 01","Paper and Cardboard Packaging (15 01 01)","Packaging Waste","MIRNA","yes",47.573
2024,"JUGOVZHODNA SLOVENIJA","15 01 01","Paper and Cardboard Packaging (15 01 01)","Packaging Waste","MIRNA PEČ","yes",40.51
2024,"JUGOVZHODNA SLOVENIJA","15 01 01","Paper and Cardboard Packaging (15 01 01)","Packaging Waste","MOKRONOG-TREBELNO","no",11.54
2024,"JUGOVZHODNA SLOVENIJA","15 01 01","Paper and Cardboard Packaging (15 01 01)","Packaging Waste","MOKRONOG-TREBELNO","yes",58.298
2024,"JUGOVZHODNA SLOVENIJA","15 01 01","Paper and Cardboard Packaging (15 01 01)","Packaging Waste","NOVO MESTO","no",6.04
2024,"JUGOVZHODNA SLOVENIJA","15 01 01","Paper and Cardboard Packaging (15 01 01)","Packaging Waste","NOVO MESTO","yes",550.024
2024,"JUGOVZHODNA SLOVENIJA","15 01 01","Paper and Cardboard Packaging (15 01 01)","Packaging Waste","RIBNICA","no",0.07
2024,"JUGOVZHODNA SLOVENIJA","15 01 01","Paper and Cardboard Packaging (15 01 01)","Packaging Waste","RIBNICA","yes",116.201
2024,"JUGOVZHODNA SLOVENIJA","15 01 01","Paper and Cardboard Packaging (15 01 01)","Packaging Waste","SEMIČ","yes",38.502
2024,"JUGOVZHODNA SLOVENIJA","15 01 01","Paper and Cardboard Packaging (15 01 01)","Packaging Waste","SODRAŽICA","no",0.58
2024,"JUGOVZHODNA SLOVENIJA","15 01 01","Paper and Cardboard Packaging (15 01 01)","Packaging Waste","SODRAŽICA","yes",27.407
2024,"JUGOVZHODNA SLOVENIJA","15 01 01","Paper and Cardboard Packaging (15 01 01)","Packaging Waste","STRAŽA","no",6.2
2024,"JUGOVZHODNA SLOVENIJA","15 01 01","Paper and Cardboard Packaging (15 01 01)","Packaging Waste","STRAŽA","yes",50.093
2024,"JUGOVZHODNA SLOVENIJA","15 01 01","Paper and Cardboard Packaging (15 01 01)","Packaging Waste","TREBNJE","yes",197.432
2024,"JUGOVZHODNA SLOVENIJA","15 01 01","Paper and Cardboard Packaging (15 01 01)","Packaging Waste","ČRNOMELJ","no",1.32
2024,"JUGOVZHODNA SLOVENIJA","15 01 01","Paper and Cardboard Packaging (15 01 01)","Packaging Waste","ČRNOMELJ","yes",120.796
2024,"JUGOVZHODNA SLOVENIJA","15 01 01","Paper and Cardboard Packaging (15 01 01)","Packaging Waste","ŠENTJERNEJ","yes",92.658
2024,"JUGOVZHODNA SLOVENIJA","15 01 01","Paper and Cardboard Packaging (15 01 01)","Packaging Waste","ŠENTRUPERT","no",12.24
2024,"JUGOVZHODNA SLOVENIJA","15 01 01","Paper and Cardboard Packaging (15 01 01)","Packaging Waste","ŠENTRUPERT","yes",48.313
2024,"JUGOVZHODNA SLOVENIJA","15 01 01","Paper and Cardboard Packaging (15 01 01)","Packaging Waste","ŠKOCJAN","no",17.6
2024,"JUGOVZHODNA SLOVENIJA","15 01 01","Paper and Cardboard Packaging (15 01 01)","Packaging Waste","ŠKOCJAN","yes",39.88
2024,"JUGOVZHODNA SLOVENIJA","15 01 01","Paper and Cardboard Packaging (15 01 01)","Packaging Waste","ŠMARJEŠKE TOPLICE","yes",45.685
2024,"JUGOVZHODNA SLOVENIJA","15 01 01","Paper and Cardboard Packaging (15 01 01)","Packaging Waste","ŽUŽEMBERK","no",8.9
2024,"JUGOVZHODNA SLOVENIJA","15 01 01","Paper and Cardboard Packaging (15 01 01)","Packaging Waste","ŽUŽEMBERK","yes",57.472
2024,"JUGOVZHODNA SLOVENIJA","15 01 03","Wooden Packaging (15 01 03)","Packaging Waste","MOKRONOG-TREBELNO","no",0.48
2024,"JUGOVZHODNA SLOVENIJA","15 01 03","Wooden Packaging (15 01 03)","Packaging Waste","RIBNICA","no",0.25
2024,"JUGOVZHODNA SLOVENIJA","15 01 03","Wooden Packaging (15 01 03)","Packaging Waste","ČRNOMELJ","no",0.13
2024,"JUGOVZHODNA SLOVENIJA","15 01 03","Wooden Packaging (15 01 03)","Packaging Waste","ŠENTRUPERT","no",6.04
2024,"JUGOVZHODNA SLOVENIJA","20 01 01","Paper and Cardboard from Municipal Waste (20 01 01)","Municipal Waste","DOLENJSKE TOPLICE","no",0.257
2024,"JUGOVZHODNA SLOVENIJA","20 01 01","Paper and Cardboard from Municipal Waste (20 01 01)","Municipal Waste","DOLENJSKE TOPLICE","yes",12.6
2024,"JUGOVZHODNA SLOVENIJA","20 01 01","Paper and Cardboard from Municipal Waste (20 01 01)","Municipal Waste","KOSTEL","yes",4.26
2024,"JUGOVZHODNA SLOVENIJA","20 01 01","Paper and Cardboard from Municipal Waste (20 01 01)","Municipal Waste","KOČEVJE","no",28.154
2024,"JUGOVZHODNA SLOVENIJA","20 01 01","Paper and Cardboard from Municipal Waste (20 01 01)","Municipal Waste","KOČEVJE","yes",62.364
2024,"JUGOVZHODNA SLOVENIJA","20 01 01","Paper and Cardboard from Municipal Waste (20 01 01)","Municipal Waste","LOŠKI POTOK","no",2.98
2024,"JUGOVZHODNA SLOVENIJA","20 01 01","Paper and Cardboard from Municipal Waste (20 01 01)","Municipal Waste","LOŠKI POTOK","yes",1.742
2024,"JUGOVZHODNA SLOVENIJA","20 01 01","Paper and Cardboard from Municipal Waste (20 01 01)","Municipal Waste","METLIKA","no",1.008
2024,"JUGOVZHODNA SLOVENIJA","20 01 01","Paper and Cardboard from Municipal Waste (20 01 01)","Municipal Waste","METLIKA","yes",5.06
2024,"JUGOVZHODNA SLOVENIJA","20 01 01","Paper and Cardboard from Municipal Waste (20 01 01)","Municipal Waste","MIRNA","no",8.56
2024,"JUGOVZHODNA SLOVENIJA","20 01 01","Paper and Cardboard from Municipal Waste (20 01 01)","Municipal Waste","MIRNA PEČ","yes",10.374
2024,"JUGOVZHODNA SLOVENIJA","20 01 01","Paper and Cardboard from Municipal Waste (20 01 01)","Municipal Waste","MOKRONOG-TREBELNO","no",0.009
2024,"JUGOVZHODNA SLOVENIJA","20 01 01","Paper and Cardboard from Municipal Waste (20 01 01)","Municipal Waste","NOVO MESTO","no",2.931
2024,"JUGOVZHODNA SLOVENIJA","20 01 01","Paper and Cardboard from Municipal Waste (20 01 01)","Municipal Waste","NOVO MESTO","yes",140.858
2024,"JUGOVZHODNA SLOVENIJA","20 01 01","Paper and Cardboard from Municipal Waste (20 01 01)","Municipal Waste","RIBNICA","no",223.556
2024,"JUGOVZHODNA SLOVENIJA","20 01 01","Paper and Cardboard from Municipal Waste (20 01 01)","Municipal Waste","RIBNICA","yes",7.456
2024,"JUGOVZHODNA SLOVENIJA","20 01 01","Paper and Cardboard from Municipal Waste (20 01 01)","Municipal Waste","SEMIČ","yes",26.572
2024,"JUGOVZHODNA SLOVENIJA","20 01 01","Paper and Cardboard from Municipal Waste (20 01 01)","Municipal Waste","SODRAŽICA","no",3.655
2024,"JUGOVZHODNA SLOVENIJA","20 01 01","Paper and Cardboard from Municipal Waste (20 01 01)","Municipal Waste","SODRAŽICA","yes",1.758
2024,"JUGOVZHODNA SLOVENIJA","20 01 01","Paper and Cardboard from Municipal Waste (20 01 01)","Municipal Waste","STRAŽA","yes",12.829
2024,"JUGOVZHODNA SLOVENIJA","20 01 01","Paper and Cardboard from Municipal Waste (20 01 01)","Municipal Waste","TREBNJE","no",70.412
2024,"JUGOVZHODNA SLOVENIJA","20 01 01","Paper and Cardboard from Municipal Waste (20 01 01)","Municipal Waste","ČRNOMELJ","no",1.5
2024,"JUGOVZHODNA SLOVENIJA","20 01 01","Paper and Cardboard from Municipal Waste (20 01 01)","Municipal Waste","ČRNOMELJ","yes",83.368
2024,"JUGOVZHODNA SLOVENIJA","20 01 01","Paper and Cardboard from Municipal Waste (20 01 01)","Municipal Waste","ŠENTJERNEJ","no",2.293
2024,"JUGOVZHODNA SLOVENIJA","20 01 01","Paper and Cardboard from Municipal Waste (20 01 01)","Municipal Waste","ŠENTJERNEJ","yes",23.729
2024,"JUGOVZHODNA SLOVENIJA","20 01 01","Paper and Cardboard from Municipal Waste (20 01 01)","Municipal Waste","ŠENTRUPERT","no",1.212
2024,"JUGOVZHODNA SLOVENIJA","20 01 01","Paper and Cardboard from Municipal Waste (20 01 01)","Municipal Waste","ŠKOCJAN","no",7.595
2024,"JUGOVZHODNA SLOVENIJA","20 01 01","Paper and Cardboard from Municipal Waste (20 01 01)","Municipal Waste","ŠKOCJAN","yes",10.213
2024,"JUGOVZHODNA SLOVENIJA","20 01 01","Paper and Cardboard from Municipal Waste (20 01 01)","Municipal Waste","ŠMARJEŠKE TOPLICE","yes",11.7
2024,"JUGOVZHODNA SLOVENIJA","20 01 01","Paper and Cardboard from Municipal Waste (20 01 01)","Municipal Waste","ŽUŽEMBERK","yes",14.718
2024,"JUGOVZHODNA SLOVENIJA","20 01 38","Non-hazardous Wood from Municipal Waste (20 01 38)","Municipal Waste","DOLENJSKE TOPLICE","yes",75.456
2024,"JUGOVZHODNA SLOVENIJA","20 01 38","Non-hazardous Wood from Municipal Waste (20 01 38)","Municipal Waste","KOSTEL","yes",18.15
2024,"JUGOVZHODNA SLOVENIJA","20 01 38","Non-hazardous Wood from Municipal Waste (20 01 38)","Municipal Waste","KOČEVJE","yes",404.09
2024,"JUGOVZHODNA SLOVENIJA","20 01 38","Non-hazardous Wood from Municipal Waste (20 01 38)","Municipal Waste","LOŠKI POTOK","yes",48.171
2024,"JUGOVZHODNA SLOVENIJA","20 01 38","Non-hazardous Wood from Municipal Waste (20 01 38)","Municipal Waste","METLIKA","yes",328.22
2024,"JUGOVZHODNA SLOVENIJA","20 01 38","Non-hazardous Wood from Municipal Waste (20 01 38)","Municipal Waste","MIRNA","yes",61.921
2024,"JUGOVZHODNA SLOVENIJA","20 01 38","Non-hazardous Wood from Municipal Waste (20 01 38)","Municipal Waste","MIRNA PEČ","yes",66.233
2024,"JUGOVZHODNA SLOVENIJA","20 01 38","Non-hazardous Wood from Municipal Waste (20 01 38)","Municipal Waste","MOKRONOG-TREBELNO","yes",75.88
2024,"JUGOVZHODNA SLOVENIJA","20 01 38","Non-hazardous Wood from Municipal Waste (20 01 38)","Municipal Waste","NOVO MESTO","yes",797.425
2024,"JUGOVZHODNA SLOVENIJA","20 01 38","Non-hazardous Wood from Municipal Waste (20 01 38)","Municipal Waste","RIBNICA","yes",206.164
2024,"JUGOVZHODNA SLOVENIJA","20 01 38","Non-hazardous Wood from Municipal Waste (20 01 38)","Municipal Waste","SEMIČ","yes",97.898
2024,"JUGOVZHODNA SLOVENIJA","20 01 38","Non-hazardous Wood from Municipal Waste (20 01 38)","Municipal Waste","SODRAŽICA","yes",48.625
2024,"JUGOVZHODNA SLOVENIJA","20 01 38","Non-hazardous Wood from Municipal Waste (20 01 38)","Municipal Waste","STRAŽA","yes",81.349
2024,"JUGOVZHODNA SLOVENIJA","20 01 38","Non-hazardous Wood from Municipal Waste (20 01 38)","Municipal Waste","TREBNJE","yes",264.377
2024,"JUGOVZHODNA SLOVENIJA","20 01 38","Non-hazardous Wood from Municipal Waste (20 01 38)","Municipal Waste","ČRNOMELJ","yes",307.142
2024,"JUGOVZHODNA SLOVENIJA","20 01 38","Non-hazardous Wood from Municipal Waste (20 01 38)","Municipal Waste","ŠENTJERNEJ","yes",153.745
2024,"JUGOVZHODNA SLOVENIJA","20 01 38","Non-hazardous Wood from Municipal Waste (20 01 38)","Municipal Waste","ŠENTRUPERT","yes",62.882
2024,"JUGOVZHODNA SLOVENIJA","20 01 38","Non-hazardous Wood from Municipal Waste (20 01 38)","Municipal Waste","ŠKOCJAN","yes",73.305
2024,"JUGOVZHODNA SLOVENIJA","20 01 38","Non-hazardous Wood from Municipal Waste (20 01 38)","Municipal Waste","ŠMARJEŠKE TOPLICE","yes",74.318
2024,"JUGOVZHODNA SLOVENIJA","20 01 38","Non-hazardous Wood from Municipal Waste (20 01 38)","Municipal Waste","ŽUŽEMBERK","yes",96.589
2024,"JUGOVZHODNA SLOVENIJA","20 03 07","Bulky Municipal Waste (20 03 07)","Municipal Waste","DOLENJSKE TOPLICE","yes",90.229
2024,"JUGOVZHODNA SLOVENIJA","20 03 07","Bulky Municipal Waste (20 03 07)","Municipal Waste","KOSTEL","yes",41.57
2024,"JUGOVZHODNA SLOVENIJA","20 03 07","Bulky Municipal Waste (20 03 07)","Municipal Waste","KOČEVJE","no",2.02
2024,"JUGOVZHODNA SLOVENIJA","20 03 07","Bulky Municipal Waste (20 03 07)","Municipal Waste","KOČEVJE","yes",757.85
2024,"JUGOVZHODNA SLOVENIJA","20 03 07","Bulky Municipal Waste (20 03 07)","Municipal Waste","LOŠKI POTOK","yes",49.32
2024,"JUGOVZHODNA SLOVENIJA","20 03 07","Bulky Municipal Waste (20 03 07)","Municipal Waste","METLIKA","yes",336.33
2024,"JUGOVZHODNA SLOVENIJA","20 03 07","Bulky Municipal Waste (20 03 07)","Municipal Waste","MIRNA","yes",30.286
2024,"JUGOVZHODNA SLOVENIJA","20 03 07","Bulky Municipal Waste (20 03 07)","Municipal Waste","MIRNA PEČ","yes",79.201
2024,"JUGOVZHODNA SLOVENIJA","20 03 07","Bulky Municipal Waste (20 03 07)","Municipal Waste","MOKRONOG-TREBELNO","yes",37.113
2024,"JUGOVZHODNA SLOVENIJA","20 03 07","Bulky Municipal Waste (20 03 07)","Municipal Waste","NOVO MESTO","yes",953.549
2024,"JUGOVZHODNA SLOVENIJA","20 03 07","Bulky Municipal Waste (20 03 07)","Municipal Waste","RIBNICA","no",0.32
2024,"JUGOVZHODNA SLOVENIJA","20 03 07","Bulky Municipal Waste (20 03 07)","Municipal Waste","RIBNICA","yes",349.191
2024,"JUGOVZHODNA SLOVENIJA","20 03 07","Bulky Municipal Waste (20 03 07)","Municipal Waste","SEMIČ","yes",163.747
2024,"JUGOVZHODNA SLOVENIJA","20 03 07","Bulky Municipal Waste (20 03 07)","Municipal Waste","SODRAŽICA","yes",60.709
2024,"JUGOVZHODNA SLOVENIJA","20 03 07","Bulky Municipal Waste (20 03 07)","Municipal Waste","STRAŽA","yes",97.276
2024,"JUGOVZHODNA SLOVENIJA","20 03 07","Bulky Municipal Waste (20 03 07)","Municipal Waste","TREBNJE","yes",126.766
2024,"JUGOVZHODNA SLOVENIJA","20 03 07","Bulky Municipal Waste (20 03 07)","Municipal Waste","ČRNOMELJ","yes",513.733
2024,"JUGOVZHODNA SLOVENIJA","20 03 07","Bulky Municipal Waste (20 03 07)","Municipal Waste","ŠENTJERNEJ","yes",183.845
2024,"JUGOVZHODNA SLOVENIJA","20 03 07","Bulky Municipal Waste (20 03 07)","Municipal Waste","ŠENTRUPERT","yes",30.755
2024,"JUGOVZHODNA SLOVENIJA","20 03 07","Bulky Municipal Waste (20 03 07)","Municipal Waste","ŠKOCJAN","yes",87.657
2024,"JUGOVZHODNA SLOVENIJA","20 03 07","Bulky Municipal Waste (20 03 07)","Municipal Waste","ŠMARJEŠKE TOPLICE","yes",88.869
2024,"JUGOVZHODNA SLOVENIJA","20 03 07","Bulky Municipal Waste (20 03 07)","Municipal Waste","ŽUŽEMBERK","yes",115.5
2024,"KOROŠKA","15 01 01","Paper and Cardboard Packaging (15 01 01)","Packaging Waste","DRAVOGRAD","no",86.78
2024,"KOROŠKA","15 01 01","Paper and Cardboard Packaging (15 01 01)","Packaging Waste","DRAVOGRAD","yes",61.08
2024,"KOROŠKA","15 01 01","Paper and Cardboard Packaging (15 01 01)","Packaging Waste","MEŽICA","no",0.36
2024,"KOROŠKA","15 01 01","Paper and Cardboard Packaging (15 01 01)","Packaging Waste","MEŽICA","yes",24.959
2024,"KOROŠKA","15 01 01","Paper and Cardboard Packaging (15 01 01)","Packaging Waste","MISLINJA","no",1.9
2024,"KOROŠKA","15 01 01","Paper and Cardboard Packaging (15 01 01)","Packaging Waste","MISLINJA","yes",36.552
2024,"KOROŠKA","15 01 01","Paper and Cardboard Packaging (15 01 01)","Packaging Waste","MUTA","no",27.06
2024,"KOROŠKA","15 01 01","Paper and Cardboard Packaging (15 01 01)","Packaging Waste","MUTA","yes",6.869
2024,"KOROŠKA","15 01 01","Paper and Cardboard Packaging (15 01 01)","Packaging Waste","PODVELKA","yes",15.999
2024,"KOROŠKA","15 01 01","Paper and Cardboard Packaging (15 01 01)","Packaging Waste","PREVALJE","no",52.544
2024,"KOROŠKA","15 01 01","Paper and Cardboard Packaging (15 01 01)","Packaging Waste","PREVALJE","yes",47.106
2024,"KOROŠKA","15 01 01","Paper and Cardboard Packaging (15 01 01)","Packaging Waste","RADLJE OB DRAVI","no",53.45
2024,"KOROŠKA","15 01 01","Paper and Cardboard Packaging (15 01 01)","Packaging Waste","RADLJE OB DRAVI","yes",47.649
2024,"KOROŠKA","15 01 01","Paper and Cardboard Packaging (15 01 01)","Packaging Waste","RAVNE NA KOROŠKEM","no",75.631
2024,"KOROŠKA","15 01 01","Paper and Cardboard Packaging (15 01 01)","Packaging Waste","RAVNE NA KOROŠKEM","yes",78.566
2024,"KOROŠKA","15 01 01","Paper and Cardboard Packaging (15 01 01)","Packaging Waste","RIBNICA NA POHORJU","yes",4.435
2024,"KOROŠKA","15 01 01","Paper and Cardboard Packaging (15 01 01)","Packaging Waste","SLOVENJ GRADEC","no",115.662
2024,"KOROŠKA","15 01 01","Paper and Cardboard Packaging (15 01 01)","Packaging Waste","SLOVENJ GRADEC","yes",134.818
2024,"KOROŠKA","15 01 01","Paper and Cardboard Packaging (15 01 01)","Packaging Waste","VUZENICA","no",0.326
2024,"KOROŠKA","15 01 01","Paper and Cardboard Packaging (15 01 01)","Packaging Waste","VUZENICA","yes",11.999
2024,"KOROŠKA","15 01 01","Paper and Cardboard Packaging (15 01 01)","Packaging Waste","ČRNA NA KOROŠKEM","no",356.096
2024,"KOROŠKA","15 01 01","Paper and Cardboard Packaging (15 01 01)","Packaging Waste","ČRNA NA KOROŠKEM","yes",22.398
2024,"KOROŠKA","15 01 03","Wooden Packaging (15 01 03)","Packaging Waste","DRAVOGRAD","no",7.1
2024,"KOROŠKA","15 01 03","Wooden Packaging (15 01 03)","Packaging Waste","MUTA","no",48.06
2024,"KOROŠKA","15 01 03","Wooden Packaging (15 01 03)","Packaging Waste","PREVALJE","no",65.86
2024,"KOROŠKA","15 01 03","Wooden Packaging (15 01 03)","Packaging Waste","RAVNE NA KOROŠKEM","no",157.9
2024,"KOROŠKA","15 01 03","Wooden Packaging (15 01 03)","Packaging Waste","SLOVENJ GRADEC","no",5.716
2024,"KOROŠKA","15 01 03","Wooden Packaging (15 01 03)","Packaging Waste","ČRNA NA KOROŠKEM","no",268.801
2024,"KOROŠKA","20 01 01","Paper and Cardboard from Municipal Waste (20 01 01)","Municipal Waste","DRAVOGRAD","no",34.44
2024,"KOROŠKA","20 01 01","Paper and Cardboard from Municipal Waste (20 01 01)","Municipal Waste","DRAVOGRAD","yes",74.65
2024,"KOROŠKA","20 01 01","Paper and Cardboard from Municipal Waste (20 01 01)","Municipal Waste","MEŽICA","no",0.309
2024,"KOROŠKA","20 01 01","Paper and Cardboard from Municipal Waste (20 01 01)","Municipal Waste","MEŽICA","yes",30.508
2024,"KOROŠKA","20 01 01","Paper and Cardboard from Municipal Waste (20 01 01)","Municipal Waste","MISLINJA","no",5.885
2024,"KOROŠKA","20 01 01","Paper and Cardboard from Municipal Waste (20 01 01)","Municipal Waste","MISLINJA","yes",45.708
2024,"KOROŠKA","20 01 01","Paper and Cardboard from Municipal Waste (20 01 01)","Municipal Waste","MUTA","no",4.363
2024,"KOROŠKA","20 01 01","Paper and Cardboard from Municipal Waste (20 01 01)","Municipal Waste","MUTA","yes",8.395
2024,"KOROŠKA","20 01 01","Paper and Cardboard from Municipal Waste (20 01 01)","Municipal Waste","PODVELKA","no",0.256
2024,"KOROŠKA","20 01 01","Paper and Cardboard from Municipal Waste (20 01 01)","Municipal Waste","PODVELKA","yes",19.554
2024,"KOROŠKA","20 01 01","Paper and Cardboard from Municipal Waste (20 01 01)","Municipal Waste","PREVALJE","no",9.246
2024,"KOROŠKA","20 01 01","Paper and Cardboard from Municipal Waste (20 01 01)","Municipal Waste","PREVALJE","yes",57.578
2024,"KOROŠKA","20 01 01","Paper and Cardboard from Municipal Waste (20 01 01)","Municipal Waste","RADLJE OB DRAVI","no",20.925
2024,"KOROŠKA","20 01 01","Paper and Cardboard from Municipal Waste (20 01 01)","Municipal Waste","RADLJE OB DRAVI","yes",58.236
2024,"KOROŠKA","20 01 01","Paper and Cardboard from Municipal Waste (20 01 01)","Municipal Waste","RAVNE NA KOROŠKEM","no",136.968
2024,"KOROŠKA","20 01 01","Paper and Cardboard from Municipal Waste (20 01 01)","Municipal Waste","RAVNE NA KOROŠKEM","yes",96.031
2024,"KOROŠKA","20 01 01","Paper and Cardboard from Municipal Waste (20 01 01)","Municipal Waste","RIBNICA NA POHORJU","no",8.52
2024,"KOROŠKA","20 01 01","Paper and Cardboard from Municipal Waste (20 01 01)","Municipal Waste","RIBNICA NA POHORJU","yes",5.42
2024,"KOROŠKA","20 01 01","Paper and Cardboard from Municipal Waste (20 01 01)","Municipal Waste","SLOVENJ GRADEC","no",92.93
2024,"KOROŠKA","20 01 01","Paper and Cardboard from Municipal Waste (20 01 01)","Municipal Waste","SLOVENJ GRADEC","yes",168.592
2024,"KOROŠKA","20 01 01","Paper and Cardboard from Municipal Waste (20 01 01)","Municipal Waste","VUZENICA","no",1.395
2024,"KOROŠKA","20 01 01","Paper and Cardboard from Municipal Waste (20 01 01)","Municipal Waste","VUZENICA","yes",14.664
2024,"KOROŠKA","20 01 01","Paper and Cardboard from Municipal Waste (20 01 01)","Municipal Waste","ČRNA NA KOROŠKEM","no",0.165
2024,"KOROŠKA","20 01 01","Paper and Cardboard from Municipal Waste (20 01 01)","Municipal Waste","ČRNA NA KOROŠKEM","yes",27.378
2024,"KOROŠKA","20 01 38","Non-hazardous Wood from Municipal Waste (20 01 38)","Municipal Waste","DRAVOGRAD","no",30.7
2024,"KOROŠKA","20 01 38","Non-hazardous Wood from Municipal Waste (20 01 38)","Municipal Waste","RAVNE NA KOROŠKEM","no",35.88
2024,"KOROŠKA","20 03 07","Bulky Municipal Waste (20 03 07)","Municipal Waste","DRAVOGRAD","yes",8637.66
2024,"KOROŠKA","20 03 07","Bulky Municipal Waste (20 03 07)","Municipal Waste","MEŽICA","yes",137.963
2024,"KOROŠKA","20 03 07","Bulky Municipal Waste (20 03 07)","Municipal Waste","MISLINJA","yes",228.703
2024,"KOROŠKA","20 03 07","Bulky Municipal Waste (20 03 07)","Municipal Waste","MUTA","yes",75.524
2024,"KOROŠKA","20 03 07","Bulky Municipal Waste (20 03 07)","Municipal Waste","PODVELKA","yes",48.552
2024,"KOROŠKA","20 03 07","Bulky Municipal Waste (20 03 07)","Municipal Waste","PREVALJE","no",1.58
2024,"KOROŠKA","20 03 07","Bulky Municipal Waste (20 03 07)","Municipal Waste","PREVALJE","yes",260.378
2024,"KOROŠKA","20 03 07","Bulky Municipal Waste (20 03 07)","Municipal Waste","RADLJE OB DRAVI","no",1
2024,"KOROŠKA","20 03 07","Bulky Municipal Waste (20 03 07)","Municipal Waste","RADLJE OB DRAVI","yes",158.242
2024,"KOROŠKA","20 03 07","Bulky Municipal Waste (20 03 07)","Municipal Waste","RAVNE NA KOROŠKEM","yes",434.272
2024,"KOROŠKA","20 03 07","Bulky Municipal Waste (20 03 07)","Municipal Waste","RIBNICA NA POHORJU","yes",21.578
2024,"KOROŠKA","20 03 07","Bulky Municipal Waste (20 03 07)","Municipal Waste","SLOVENJ GRADEC","yes",843.557
2024,"KOROŠKA","20 03 07","Bulky Municipal Waste (20 03 07)","Municipal Waste","VUZENICA","yes",55.744
2024,"KOROŠKA","20 03 07","Bulky Municipal Waste (20 03 07)","Municipal Waste","ČRNA NA KOROŠKEM","yes",123.807
2024,"OBALNOKRAŠKA","15 01 01","Paper and Cardboard Packaging (15 01 01)","Packaging Waste","ANKARAN","yes",75.44
2024,"OBALNOKRAŠKA","15 01 01","Paper and Cardboard Packaging (15 01 01)","Packaging Waste","DIVAČA","yes",53.162
2024,"OBALNOKRAŠKA","15 01 01","Paper and Cardboard Packaging (15 01 01)","Packaging Waste","HRPELJE-KOZINA","yes",62.247
2024,"OBALNOKRAŠKA","15 01 01","Paper and Cardboard Packaging (15 01 01)","Packaging Waste","IZOLA","yes",262.361
2024,"OBALNOKRAŠKA","15 01 01","Paper and Cardboard Packaging (15 01 01)","Packaging Waste","KOMEN","yes",43.692
2024,"OBALNOKRAŠKA","15 01 01","Paper and Cardboard Packaging (15 01 01)","Packaging Waste","KOPER","no",120.08
2024,"OBALNOKRAŠKA","15 01 01","Paper and Cardboard Packaging (15 01 01)","Packaging Waste","KOPER","yes",867.547
2024,"OBALNOKRAŠKA","15 01 01","Paper and Cardboard Packaging (15 01 01)","Packaging Waste","PIRAN","yes",508.723
2024,"OBALNOKRAŠKA","15 01 01","Paper and Cardboard Packaging (15 01 01)","Packaging Waste","SEŽANA","yes",161.925
2024,"OBALNOKRAŠKA","15 01 03","Wooden Packaging (15 01 03)","Packaging Waste","KOPER","no",1555.12
2024,"OBALNOKRAŠKA","20 01 01","Paper and Cardboard from Municipal Waste (20 01 01)","Municipal Waste","ANKARAN","no",0.005
2024,"OBALNOKRAŠKA","20 01 01","Paper and Cardboard from Municipal Waste (20 01 01)","Municipal Waste","ANKARAN","yes",101.114
2024,"OBALNOKRAŠKA","20 01 01","Paper and Cardboard from Municipal Waste (20 01 01)","Municipal Waste","DIVAČA","yes",82.153
2024,"OBALNOKRAŠKA","20 01 01","Paper and Cardboard from Municipal Waste (20 01 01)","Municipal Waste","HRPELJE-KOZINA","yes",96.192
2024,"OBALNOKRAŠKA","20 01 01","Paper and Cardboard from Municipal Waste (20 01 01)","Municipal Waste","IZOLA","no",0.523
2024,"OBALNOKRAŠKA","20 01 01","Paper and Cardboard from Municipal Waste (20 01 01)","Municipal Waste","IZOLA","yes",362.75
2024,"OBALNOKRAŠKA","20 01 01","Paper and Cardboard from Municipal Waste (20 01 01)","Municipal Waste","KOMEN","yes",67.518
2024,"OBALNOKRAŠKA","20 01 01","Paper and Cardboard from Municipal Waste (20 01 01)","Municipal Waste","KOPER","no",11.02
2024,"OBALNOKRAŠKA","20 01 01","Paper and Cardboard from Municipal Waste (20 01 01)","Municipal Waste","KOPER","yes",741.503
2024,"OBALNOKRAŠKA","20 01 01","Paper and Cardboard from Municipal Waste (20 01 01)","Municipal Waste","PIRAN","no",0.982
2024,"OBALNOKRAŠKA","20 01 01","Paper and Cardboard from Municipal Waste (20 01 01)","Municipal Waste","PIRAN","yes",223.343
2024,"OBALNOKRAŠKA","20 01 01","Paper and Cardboard from Municipal Waste (20 01 01)","Municipal Waste","SEŽANA","no",0.2
2024,"OBALNOKRAŠKA","20 01 01","Paper and Cardboard from Municipal Waste (20 01 01)","Municipal Waste","SEŽANA","yes",250.227
2024,"OBALNOKRAŠKA","20 01 38","Non-hazardous Wood from Municipal Waste (20 01 38)","Municipal Waste","ANKARAN","yes",77.352
2024,"OBALNOKRAŠKA","20 01 38","Non-hazardous Wood from Municipal Waste (20 01 38)","Municipal Waste","DIVAČA","yes",98.343
2024,"OBALNOKRAŠKA","20 01 38","Non-hazardous Wood from Municipal Waste (20 01 38)","Municipal Waste","HRPELJE-KOZINA","no",0.9
2024,"OBALNOKRAŠKA","20 01 38","Non-hazardous Wood from Municipal Waste (20 01 38)","Municipal Waste","HRPELJE-KOZINA","yes",115.149
2024,"OBALNOKRAŠKA","20 01 38","Non-hazardous Wood from Municipal Waste (20 01 38)","Municipal Waste","IZOLA","yes",711.1
2024,"OBALNOKRAŠKA","20 01 38","Non-hazardous Wood from Municipal Waste (20 01 38)","Municipal Waste","KOMEN","yes",80.824
2024,"OBALNOKRAŠKA","20 01 38","Non-hazardous Wood from Municipal Waste (20 01 38)","Municipal Waste","KOPER","yes",1856.448
2024,"OBALNOKRAŠKA","20 01 38","Non-hazardous Wood from Municipal Waste (20 01 38)","Municipal Waste","PIRAN","yes",736.34
2024,"OBALNOKRAŠKA","20 01 38","Non-hazardous Wood from Municipal Waste (20 01 38)","Municipal Waste","SEŽANA","yes",299.544
2024,"OBALNOKRAŠKA","20 03 07","Bulky Municipal Waste (20 03 07)","Municipal Waste","ANKARAN","yes",17.89
2024,"OBALNOKRAŠKA","20 03 07","Bulky Municipal Waste (20 03 07)","Municipal Waste","DIVAČA","yes",28.543
2024,"OBALNOKRAŠKA","20 03 07","Bulky Municipal Waste (20 03 07)","Municipal Waste","HRPELJE-KOZINA","no",1.15
2024,"OBALNOKRAŠKA","20 03 07","Bulky Municipal Waste (20 03 07)","Municipal Waste","HRPELJE-KOZINA","yes",33.421
2024,"OBALNOKRAŠKA","20 03 07","Bulky Municipal Waste (20 03 07)","Municipal Waste","IZOLA","no",0.42
2024,"OBALNOKRAŠKA","20 03 07","Bulky Municipal Waste (20 03 07)","Municipal Waste","IZOLA","yes",304.46
2024,"OBALNOKRAŠKA","20 03 07","Bulky Municipal Waste (20 03 07)","Municipal Waste","KOMEN","yes",23.458
2024,"OBALNOKRAŠKA","20 03 07","Bulky Municipal Waste (20 03 07)","Municipal Waste","KOPER","no",167.893
2024,"OBALNOKRAŠKA","20 03 07","Bulky Municipal Waste (20 03 07)","Municipal Waste","KOPER","yes",339.92
2024,"OBALNOKRAŠKA","20 03 07","Bulky Municipal Waste (20 03 07)","Municipal Waste","PIRAN","yes",1551.64
2024,"OBALNOKRAŠKA","20 03 07","Bulky Municipal Waste (20 03 07)","Municipal Waste","SEŽANA","yes",86.938
2024,"OSREDNJESLOVENSKA","15 01 01","Paper and Cardboard Packaging (15 01 01)","Packaging Waste","BOROVNICA","yes",27.266
2024,"OSREDNJESLOVENSKA","15 01 01","Paper and Cardboard Packaging (15 01 01)","Packaging Waste","BREZOVICA","no",14.47
2024,"OSREDNJESLOVENSKA","15 01 01","Paper and Cardboard Packaging (15 01 01)","Packaging Waste","BREZOVICA","yes",231.08
2024,"OSREDNJESLOVENSKA","15 01 01","Paper and Cardboard Packaging (15 01 01)","Packaging Waste","DOBREPOLJE","no",0.253
2024,"OSREDNJESLOVENSKA","15 01 01","Paper and Cardboard Packaging (15 01 01)","Packaging Waste","DOBREPOLJE","yes",14.388
2024,"OSREDNJESLOVENSKA","15 01 01","Paper and Cardboard Packaging (15 01 01)","Packaging Waste","DOBROVA-POLHOV GRADEC","no",3.646
2024,"OSREDNJESLOVENSKA","15 01 01","Paper and Cardboard Packaging (15 01 01)","Packaging Waste","DOBROVA-POLHOV GRADEC","yes",63.209
2024,"OSREDNJESLOVENSKA","15 01 01","Paper and Cardboard Packaging (15 01 01)","Packaging Waste","DOL PRI LJUBLJANI","no",58.976
2024,"OSREDNJESLOVENSKA","15 01 01","Paper and Cardboard Packaging (15 01 01)","Packaging Waste","DOL PRI LJUBLJANI","yes",53.728
2024,"OSREDNJESLOVENSKA","15 01 01","Paper and Cardboard Packaging (15 01 01)","Packaging Waste","DOMŽALE","no",151.818
2024,"OSREDNJESLOVENSKA","15 01 01","Paper and Cardboard Packaging (15 01 01)","Packaging Waste","DOMŽALE","yes",525.8
2024,"OSREDNJESLOVENSKA","15 01 01","Paper and Cardboard Packaging (15 01 01)","Packaging Waste","GROSUPLJE","no",38.002
2024,"OSREDNJESLOVENSKA","15 01 01","Paper and Cardboard Packaging (15 01 01)","Packaging Waste","GROSUPLJE","yes",190.832
2024,"OSREDNJESLOVENSKA","15 01 01","Paper and Cardboard Packaging (15 01 01)","Packaging Waste","HORJUL","no",20.846
2024,"OSREDNJESLOVENSKA","15 01 01","Paper and Cardboard Packaging (15 01 01)","Packaging Waste","HORJUL","yes",29.233
2024,"OSREDNJESLOVENSKA","15 01 01","Paper and Cardboard Packaging (15 01 01)","Packaging Waste","IG","no",18.355
2024,"OSREDNJESLOVENSKA","15 01 01","Paper and Cardboard Packaging (15 01 01)","Packaging Waste","IG","yes",139.203
2024,"OSREDNJESLOVENSKA","15 01 01","Paper and Cardboard Packaging (15 01 01)","Packaging Waste","IVANČNA GORICA","no",76.609
2024,"OSREDNJESLOVENSKA","15 01 01","Paper and Cardboard Packaging (15 01 01)","Packaging Waste","IVANČNA GORICA","yes",127.05
2024,"OSREDNJESLOVENSKA","15 01 01","Paper and Cardboard Packaging (15 01 01)","Packaging Waste","KAMNIK","no",207.776
2024,"OSREDNJESLOVENSKA","15 01 01","Paper and Cardboard Packaging (15 01 01)","Packaging Waste","KAMNIK","yes",128.747
2024,"OSREDNJESLOVENSKA","15 01 01","Paper and Cardboard Packaging (15 01 01)","Packaging Waste","KOMENDA","no",6.93
2024,"OSREDNJESLOVENSKA","15 01 01","Paper and Cardboard Packaging (15 01 01)","Packaging Waste","KOMENDA","yes",54.29
2024,"OSREDNJESLOVENSKA","15 01 01","Paper and Cardboard Packaging (15 01 01)","Packaging Waste","LJUBLJANA","no",2327.304
2024,"OSREDNJESLOVENSKA","15 01 01","Paper and Cardboard Packaging (15 01 01)","Packaging Waste","LJUBLJANA","yes",9765.235
2024,"OSREDNJESLOVENSKA","15 01 01","Paper and Cardboard Packaging (15 01 01)","Packaging Waste","LOG-DRAGOMER","no",1.22
2024,"OSREDNJESLOVENSKA","15 01 01","Paper and Cardboard Packaging (15 01 01)","Packaging Waste","LOG-DRAGOMER","yes",21.207
2024,"OSREDNJESLOVENSKA","15 01 01","Paper and Cardboard Packaging (15 01 01)","Packaging Waste","LOGATEC","no",47.389
2024,"OSREDNJESLOVENSKA","15 01 01","Paper and Cardboard Packaging (15 01 01)","Packaging Waste","LOGATEC","yes",186.321
2024,"OSREDNJESLOVENSKA","15 01 01","Paper and Cardboard Packaging (15 01 01)","Packaging Waste","LUKOVICA","no",3.972
2024,"OSREDNJESLOVENSKA","15 01 01","Paper and Cardboard Packaging (15 01 01)","Packaging Waste","LUKOVICA","yes",73.989
2024,"OSREDNJESLOVENSKA","15 01 01","Paper and Cardboard Packaging (15 01 01)","Packaging Waste","MEDVODE","no",202.737
2024,"OSREDNJESLOVENSKA","15 01 01","Paper and Cardboard Packaging (15 01 01)","Packaging Waste","MEDVODE","yes",209.657
2024,"OSREDNJESLOVENSKA","15 01 01","Paper and Cardboard Packaging (15 01 01)","Packaging Waste","MENGEŠ","no",493.211
2024,"OSREDNJESLOVENSKA","15 01 01","Paper and Cardboard Packaging (15 01 01)","Packaging Waste","MENGEŠ","yes",116.63
2024,"OSREDNJESLOVENSKA","15 01 01","Paper and Cardboard Packaging (15 01 01)","Packaging Waste","MORAVČE","no",13.936
2024,"OSREDNJESLOVENSKA","15 01 01","Paper and Cardboard Packaging (15 01 01)","Packaging Waste","MORAVČE","yes",64.094
2024,"OSREDNJESLOVENSKA","15 01 01","Paper and Cardboard Packaging (15 01 01)","Packaging Waste","TRZIN","no",299.621
2024,"OSREDNJESLOVENSKA","15 01 01","Paper and Cardboard Packaging (15 01 01)","Packaging Waste","TRZIN","yes",95.091
2024,"OSREDNJESLOVENSKA","15 01 01","Paper and Cardboard Packaging (15 01 01)","Packaging Waste","VELIKE LAŠČE","yes",45.753
2024,"OSREDNJESLOVENSKA","15 01 01","Paper and Cardboard Packaging (15 01 01)","Packaging Waste","VODICE","yes",79.104
2024,"OSREDNJESLOVENSKA","15 01 01","Paper and Cardboard Packaging (15 01 01)","Packaging Waste","VRHNIKA","no",44.932
2024,"OSREDNJESLOVENSKA","15 01 01","Paper and Cardboard Packaging (15 01 01)","Packaging Waste","VRHNIKA","yes",103.007
2024,"OSREDNJESLOVENSKA","15 01 01","Paper and Cardboard Packaging (15 01 01)","Packaging Waste","ŠKOFLJICA","no",111.123
2024,"OSREDNJESLOVENSKA","15 01 01","Paper and Cardboard Packaging (15 01 01)","Packaging Waste","ŠKOFLJICA","yes",125.3
2024,"OSREDNJESLOVENSKA","15 01 01","Paper and Cardboard Packaging (15 01 01)","Packaging Waste","ŠMARTNO PRI LITIJI","no",19.669
2024,"OSREDNJESLOVENSKA","15 01 01","Paper and Cardboard Packaging (15 01 01)","Packaging Waste","ŠMARTNO PRI LITIJI","yes",74.428
2024,"OSREDNJESLOVENSKA","15 01 03","Wooden Packaging (15 01 03)","Packaging Waste","BREZOVICA","no",1.96
2024,"OSREDNJESLOVENSKA","15 01 03","Wooden Packaging (15 01 03)","Packaging Waste","DOBREPOLJE","yes",1.487
2024,"OSREDNJESLOVENSKA","15 01 03","Wooden Packaging (15 01 03)","Packaging Waste","DOL PRI LJUBLJANI","no",110.506
2024,"OSREDNJESLOVENSKA","15 01 03","Wooden Packaging (15 01 03)","Packaging Waste","DOMŽALE","no",239.835
2024,"OSREDNJESLOVENSKA","15 01 03","Wooden Packaging (15 01 03)","Packaging Waste","GROSUPLJE","no",55.37
2024,"OSREDNJESLOVENSKA","15 01 03","Wooden Packaging (15 01 03)","Packaging Waste","GROSUPLJE","yes",48.327
2024,"OSREDNJESLOVENSKA","15 01 03","Wooden Packaging (15 01 03)","Packaging Waste","HORJUL","no",2.06
2024,"OSREDNJESLOVENSKA","15 01 03","Wooden Packaging (15 01 03)","Packaging Waste","IG","no",48.12
2024,"OSREDNJESLOVENSKA","15 01 03","Wooden Packaging (15 01 03)","Packaging Waste","IVANČNA GORICA","no",25.136
2024,"OSREDNJESLOVENSKA","15 01 03","Wooden Packaging (15 01 03)","Packaging Waste","IVANČNA GORICA","yes",24.536
2024,"OSREDNJESLOVENSKA","15 01 03","Wooden Packaging (15 01 03)","Packaging Waste","KAMNIK","no",159.752
2024,"OSREDNJESLOVENSKA","15 01 03","Wooden Packaging (15 01 03)","Packaging Waste","KOMENDA","no",2.4
2024,"OSREDNJESLOVENSKA","15 01 03","Wooden Packaging (15 01 03)","Packaging Waste","LJUBLJANA","no",2029.474
2024,"OSREDNJESLOVENSKA","15 01 03","Wooden Packaging (15 01 03)","Packaging Waste","LJUBLJANA","yes",273.62
2024,"OSREDNJESLOVENSKA","15 01 03","Wooden Packaging (15 01 03)","Packaging Waste","LOGATEC","no",82.73
2024,"OSREDNJESLOVENSKA","15 01 03","Wooden Packaging (15 01 03)","Packaging Waste","LUKOVICA","no",65.62
2024,"OSREDNJESLOVENSKA","15 01 03","Wooden Packaging (15 01 03)","Packaging Waste","MEDVODE","no",234.06
2024,"OSREDNJESLOVENSKA","15 01 03","Wooden Packaging (15 01 03)","Packaging Waste","MENGEŠ","no",82.69
2024,"OSREDNJESLOVENSKA","15 01 03","Wooden Packaging (15 01 03)","Packaging Waste","MORAVČE","no",49.18
2024,"OSREDNJESLOVENSKA","15 01 03","Wooden Packaging (15 01 03)","Packaging Waste","TRZIN","no",53.201
2024,"OSREDNJESLOVENSKA","15 01 03","Wooden Packaging (15 01 03)","Packaging Waste","VRHNIKA","no",1.54
2024,"OSREDNJESLOVENSKA","15 01 03","Wooden Packaging (15 01 03)","Packaging Waste","ŠKOFLJICA","no",0.72
2024,"OSREDNJESLOVENSKA","20 01 01","Paper and Cardboard from Municipal Waste (20 01 01)","Municipal Waste","BOROVNICA","no",114.286
2024,"OSREDNJESLOVENSKA","20 01 01","Paper and Cardboard from Municipal Waste (20 01 01)","Municipal Waste","BOROVNICA","yes",133.824
2024,"OSREDNJESLOVENSKA","20 01 01","Paper and Cardboard from Municipal Waste (20 01 01)","Municipal Waste","BREZOVICA","no",65.154
2024,"OSREDNJESLOVENSKA","20 01 01","Paper and Cardboard from Municipal Waste (20 01 01)","Municipal Waste","DOBREPOLJE","no",4.573
2024,"OSREDNJESLOVENSKA","20 01 01","Paper and Cardboard from Municipal Waste (20 01 01)","Municipal Waste","DOBREPOLJE","yes",38.276
2024,"OSREDNJESLOVENSKA","20 01 01","Paper and Cardboard from Municipal Waste (20 01 01)","Municipal Waste","DOBROVA-POLHOV GRADEC","no",7.91
2024,"OSREDNJESLOVENSKA","20 01 01","Paper and Cardboard from Municipal Waste (20 01 01)","Municipal Waste","DOL PRI LJUBLJANI","no",7.82
2024,"OSREDNJESLOVENSKA","20 01 01","Paper and Cardboard from Municipal Waste (20 01 01)","Municipal Waste","DOMŽALE","no",570.079
2024,"OSREDNJESLOVENSKA","20 01 01","Paper and Cardboard from Municipal Waste (20 01 01)","Municipal Waste","DOMŽALE","yes",533.741
2024,"OSREDNJESLOVENSKA","20 01 01","Paper and Cardboard from Municipal Waste (20 01 01)","Municipal Waste","GROSUPLJE","no",89.615
2024,"OSREDNJESLOVENSKA","20 01 01","Paper and Cardboard from Municipal Waste (20 01 01)","Municipal Waste","GROSUPLJE","yes",507.689
2024,"OSREDNJESLOVENSKA","20 01 01","Paper and Cardboard from Municipal Waste (20 01 01)","Municipal Waste","HORJUL","no",1.365
2024,"OSREDNJESLOVENSKA","20 01 01","Paper and Cardboard from Municipal Waste (20 01 01)","Municipal Waste","IG","no",10.775
2024,"OSREDNJESLOVENSKA","20 01 01","Paper and Cardboard from Municipal Waste (20 01 01)","Municipal Waste","IVANČNA GORICA","no",15.894
2024,"OSREDNJESLOVENSKA","20 01 01","Paper and Cardboard from Municipal Waste (20 01 01)","Municipal Waste","IVANČNA GORICA","yes",338.005
2024,"OSREDNJESLOVENSKA","20 01 01","Paper and Cardboard from Municipal Waste (20 01 01)","Municipal Waste","KAMNIK","no",95.344
2024,"OSREDNJESLOVENSKA","20 01 01","Paper and Cardboard from Municipal Waste (20 01 01)","Municipal Waste","KAMNIK","yes",924.02
2024,"OSREDNJESLOVENSKA","20 01 01","Paper and Cardboard from Municipal Waste (20 01 01)","Municipal Waste","KOMENDA","no",1.857
2024,"OSREDNJESLOVENSKA","20 01 01","Paper and Cardboard from Municipal Waste (20 01 01)","Municipal Waste","KOMENDA","yes",283.948
2024,"OSREDNJESLOVENSKA","20 01 01","Paper and Cardboard from Municipal Waste (20 01 01)","Municipal Waste","LJUBLJANA","no",12688.245
2024,"OSREDNJESLOVENSKA","20 01 01","Paper and Cardboard from Municipal Waste (20 01 01)","Municipal Waste","LJUBLJANA","yes",7523.156
2024,"OSREDNJESLOVENSKA","20 01 01","Paper and Cardboard from Municipal Waste (20 01 01)","Municipal Waste","LOG-DRAGOMER","no",42.418
2024,"OSREDNJESLOVENSKA","20 01 01","Paper and Cardboard from Municipal Waste (20 01 01)","Municipal Waste","LOG-DRAGOMER","yes",104.086
2024,"OSREDNJESLOVENSKA","20 01 01","Paper and Cardboard from Municipal Waste (20 01 01)","Municipal Waste","LOGATEC","no",111.334
2024,"OSREDNJESLOVENSKA","20 01 01","Paper and Cardboard from Municipal Waste (20 01 01)","Municipal Waste","LOGATEC","yes",179.591
2024,"OSREDNJESLOVENSKA","20 01 01","Paper and Cardboard from Municipal Waste (20 01 01)","Municipal Waste","LUKOVICA","no",29.512
2024,"OSREDNJESLOVENSKA","20 01 01","Paper and Cardboard from Municipal Waste (20 01 01)","Municipal Waste","LUKOVICA","yes",75.106
2024,"OSREDNJESLOVENSKA","20 01 01","Paper and Cardboard from Municipal Waste (20 01 01)","Municipal Waste","MEDVODE","no",125.431
2024,"OSREDNJESLOVENSKA","20 01 01","Paper and Cardboard from Municipal Waste (20 01 01)","Municipal Waste","MENGEŠ","no",152.697
2024,"OSREDNJESLOVENSKA","20 01 01","Paper and Cardboard from Municipal Waste (20 01 01)","Municipal Waste","MENGEŠ","yes",118.391
2024,"OSREDNJESLOVENSKA","20 01 01","Paper and Cardboard from Municipal Waste (20 01 01)","Municipal Waste","MORAVČE","no",34.539
2024,"OSREDNJESLOVENSKA","20 01 01","Paper and Cardboard from Municipal Waste (20 01 01)","Municipal Waste","MORAVČE","yes",65.062
2024,"OSREDNJESLOVENSKA","20 01 01","Paper and Cardboard from Municipal Waste (20 01 01)","Municipal Waste","TRZIN","no",93.823
2024,"OSREDNJESLOVENSKA","20 01 01","Paper and Cardboard from Municipal Waste (20 01 01)","Municipal Waste","TRZIN","yes",96.527
2024,"OSREDNJESLOVENSKA","20 01 01","Paper and Cardboard from Municipal Waste (20 01 01)","Municipal Waste","VELIKE LAŠČE","no",5.663
2024,"OSREDNJESLOVENSKA","20 01 01","Paper and Cardboard from Municipal Waste (20 01 01)","Municipal Waste","VODICE","no",30.087
2024,"OSREDNJESLOVENSKA","20 01 01","Paper and Cardboard from Municipal Waste (20 01 01)","Municipal Waste","VRHNIKA","no",45.645
2024,"OSREDNJESLOVENSKA","20 01 01","Paper and Cardboard from Municipal Waste (20 01 01)","Municipal Waste","VRHNIKA","yes",505.56
2024,"OSREDNJESLOVENSKA","20 01 01","Paper and Cardboard from Municipal Waste (20 01 01)","Municipal Waste","ŠKOFLJICA","no",31.532
2024,"OSREDNJESLOVENSKA","20 01 01","Paper and Cardboard from Municipal Waste (20 01 01)","Municipal Waste","ŠMARTNO PRI LITIJI","no",9.98
2024,"OSREDNJESLOVENSKA","20 01 01","Paper and Cardboard from Municipal Waste (20 01 01)","Municipal Waste","ŠMARTNO PRI LITIJI","yes",70.334
2024,"OSREDNJESLOVENSKA","20 01 38","Non-hazardous Wood from Municipal Waste (20 01 38)","Municipal Waste","BOROVNICA","yes",111.298
2024,"OSREDNJESLOVENSKA","20 01 38","Non-hazardous Wood from Municipal Waste (20 01 38)","Municipal Waste","BREZOVICA","yes",116.6
2024,"OSREDNJESLOVENSKA","20 01 38","Non-hazardous Wood from Municipal Waste (20 01 38)","Municipal Waste","DOBREPOLJE","yes",17.509
2024,"OSREDNJESLOVENSKA","20 01 38","Non-hazardous Wood from Municipal Waste (20 01 38)","Municipal Waste","DOMŽALE","no",4.74
2024,"OSREDNJESLOVENSKA","20 01 38","Non-hazardous Wood from Municipal Waste (20 01 38)","Municipal Waste","DOMŽALE","yes",1600.579
2024,"OSREDNJESLOVENSKA","20 01 38","Non-hazardous Wood from Municipal Waste (20 01 38)","Municipal Waste","GROSUPLJE","yes",569.056
2024,"OSREDNJESLOVENSKA","20 01 38","Non-hazardous Wood from Municipal Waste (20 01 38)","Municipal Waste","IG","yes",119.12
2024,"OSREDNJESLOVENSKA","20 01 38","Non-hazardous Wood from Municipal Waste (20 01 38)","Municipal Waste","IVANČNA GORICA","yes",288.905
2024,"OSREDNJESLOVENSKA","20 01 38","Non-hazardous Wood from Municipal Waste (20 01 38)","Municipal Waste","KAMNIK","yes",324.83
2024,"OSREDNJESLOVENSKA","20 01 38","Non-hazardous Wood from Municipal Waste (20 01 38)","Municipal Waste","KOMENDA","yes",229.75
2024,"OSREDNJESLOVENSKA","20 01 38","Non-hazardous Wood from Municipal Waste (20 01 38)","Municipal Waste","LJUBLJANA","no",120.703
2024,"OSREDNJESLOVENSKA","20 01 38","Non-hazardous Wood from Municipal Waste (20 01 38)","Municipal Waste","LJUBLJANA","yes",8584.84
2024,"OSREDNJESLOVENSKA","20 01 38","Non-hazardous Wood from Municipal Waste (20 01 38)","Municipal Waste","LOG-DRAGOMER","yes",86.565
2024,"OSREDNJESLOVENSKA","20 01 38","Non-hazardous Wood from Municipal Waste (20 01 38)","Municipal Waste","LOGATEC","no",17.38
2024,"OSREDNJESLOVENSKA","20 01 38","Non-hazardous Wood from Municipal Waste (20 01 38)","Municipal Waste","LOGATEC","yes",359.99
2024,"OSREDNJESLOVENSKA","20 01 38","Non-hazardous Wood from Municipal Waste (20 01 38)","Municipal Waste","LUKOVICA","no",1.38
2024,"OSREDNJESLOVENSKA","20 01 38","Non-hazardous Wood from Municipal Waste (20 01 38)","Municipal Waste","LUKOVICA","yes",225.227
2024,"OSREDNJESLOVENSKA","20 01 38","Non-hazardous Wood from Municipal Waste (20 01 38)","Municipal Waste","MEDVODE","no",1.62
2024,"OSREDNJESLOVENSKA","20 01 38","Non-hazardous Wood from Municipal Waste (20 01 38)","Municipal Waste","MEDVODE","yes",284.8
2024,"OSREDNJESLOVENSKA","20 01 38","Non-hazardous Wood from Municipal Waste (20 01 38)","Municipal Waste","MENGEŠ","yes",355.033
2024,"OSREDNJESLOVENSKA","20 01 38","Non-hazardous Wood from Municipal Waste (20 01 38)","Municipal Waste","MORAVČE","yes",195.107
2024,"OSREDNJESLOVENSKA","20 01 38","Non-hazardous Wood from Municipal Waste (20 01 38)","Municipal Waste","TRZIN","yes",289.464
2024,"OSREDNJESLOVENSKA","20 01 38","Non-hazardous Wood from Municipal Waste (20 01 38)","Municipal Waste","VELIKE LAŠČE","yes",88.96
2024,"OSREDNJESLOVENSKA","20 01 38","Non-hazardous Wood from Municipal Waste (20 01 38)","Municipal Waste","VODICE","yes",135.64
2024,"OSREDNJESLOVENSKA","20 01 38","Non-hazardous Wood from Municipal Waste (20 01 38)","Municipal Waste","VRHNIKA","yes",420.457
2024,"OSREDNJESLOVENSKA","20 01 38","Non-hazardous Wood from Municipal Waste (20 01 38)","Municipal Waste","ŠKOFLJICA","yes",124.22
2024,"OSREDNJESLOVENSKA","20 01 38","Non-hazardous Wood from Municipal Waste (20 01 38)","Municipal Waste","ŠMARTNO PRI LITIJI","no",1.1
2024,"OSREDNJESLOVENSKA","20 01 38","Non-hazardous Wood from Municipal Waste (20 01 38)","Municipal Waste","ŠMARTNO PRI LITIJI","yes",142.911
2024,"OSREDNJESLOVENSKA","20 03 07","Bulky Municipal Waste (20 03 07)","Municipal Waste","BOROVNICA","yes",78.958
2024,"OSREDNJESLOVENSKA","20 03 07","Bulky Municipal Waste (20 03 07)","Municipal Waste","BREZOVICA","no",0.825
2024,"OSREDNJESLOVENSKA","20 03 07","Bulky Municipal Waste (20 03 07)","Municipal Waste","BREZOVICA","yes",250.12
2024,"OSREDNJESLOVENSKA","20 03 07","Bulky Municipal Waste (20 03 07)","Municipal Waste","DOBREPOLJE","yes",51.164
2024,"OSREDNJESLOVENSKA","20 03 07","Bulky Municipal Waste (20 03 07)","Municipal Waste","DOBROVA-POLHOV GRADEC","yes",44.06
2024,"OSREDNJESLOVENSKA","20 03 07","Bulky Municipal Waste (20 03 07)","Municipal Waste","DOL PRI LJUBLJANI","yes",71.22
2024,"OSREDNJESLOVENSKA","20 03 07","Bulky Municipal Waste (20 03 07)","Municipal Waste","DOMŽALE","yes",1139.978
2024,"OSREDNJESLOVENSKA","20 03 07","Bulky Municipal Waste (20 03 07)","Municipal Waste","GROSUPLJE","no",5.9
2024,"OSREDNJESLOVENSKA","20 03 07","Bulky Municipal Waste (20 03 07)","Municipal Waste","GROSUPLJE","yes",440.525
2024,"OSREDNJESLOVENSKA","20 03 07","Bulky Municipal Waste (20 03 07)","Municipal Waste","HORJUL","yes",39.08
2024,"OSREDNJESLOVENSKA","20 03 07","Bulky Municipal Waste (20 03 07)","Municipal Waste","IG","yes",184.32
2024,"OSREDNJESLOVENSKA","20 03 07","Bulky Municipal Waste (20 03 07)","Municipal Waste","IVANČNA GORICA","yes",277.941
2024,"OSREDNJESLOVENSKA","20 03 07","Bulky Municipal Waste (20 03 07)","Municipal Waste","KAMNIK","yes",3404.47
2024,"OSREDNJESLOVENSKA","20 03 07","Bulky Municipal Waste (20 03 07)","Municipal Waste","KOMENDA","yes",600.79
2024,"OSREDNJESLOVENSKA","20 03 07","Bulky Municipal Waste (20 03 07)","Municipal Waste","LJUBLJANA","no",89.212
2024,"OSREDNJESLOVENSKA","20 03 07","Bulky Municipal Waste (20 03 07)","Municipal Waste","LJUBLJANA","yes",8458.5
2024,"OSREDNJESLOVENSKA","20 03 07","Bulky Municipal Waste (20 03 07)","Municipal Waste","LOG-DRAGOMER","yes",67.261
2024,"OSREDNJESLOVENSKA","20 03 07","Bulky Municipal Waste (20 03 07)","Municipal Waste","LOGATEC","yes",130.99
2024,"OSREDNJESLOVENSKA","20 03 07","Bulky Municipal Waste (20 03 07)","Municipal Waste","LUKOVICA","yes",160.413
2024,"OSREDNJESLOVENSKA","20 03 07","Bulky Municipal Waste (20 03 07)","Municipal Waste","MEDVODE","yes",340
2024,"OSREDNJESLOVENSKA","20 03 07","Bulky Municipal Waste (20 03 07)","Municipal Waste","MENGEŠ","yes",252.864
2024,"OSREDNJESLOVENSKA","20 03 07","Bulky Municipal Waste (20 03 07)","Municipal Waste","MORAVČE","yes",138.961
2024,"OSREDNJESLOVENSKA","20 03 07","Bulky Municipal Waste (20 03 07)","Municipal Waste","TRZIN","yes",206.164
2024,"OSREDNJESLOVENSKA","20 03 07","Bulky Municipal Waste (20 03 07)","Municipal Waste","VELIKE LAŠČE","yes",218.82
2024,"OSREDNJESLOVENSKA","20 03 07","Bulky Municipal Waste (20 03 07)","Municipal Waste","VODICE","yes",204.7
2024,"OSREDNJESLOVENSKA","20 03 07","Bulky Municipal Waste (20 03 07)","Municipal Waste","VRHNIKA","no",6.21
2024,"OSREDNJESLOVENSKA","20 03 07","Bulky Municipal Waste (20 03 07)","Municipal Waste","VRHNIKA","yes",154.081
2024,"OSREDNJESLOVENSKA","20 03 07","Bulky Municipal Waste (20 03 07)","Municipal Waste","ŠKOFLJICA","no",3.06
2024,"OSREDNJESLOVENSKA","20 03 07","Bulky Municipal Waste (20 03 07)","Municipal Waste","ŠKOFLJICA","yes",131.58
2024,"OSREDNJESLOVENSKA","20 03 07","Bulky Municipal Waste (20 03 07)","Municipal Waste","ŠMARTNO PRI LITIJI","yes",186.513
2024,"PODRAVSKA","15 01 01","Paper and Cardboard Packaging (15 01 01)","Packaging Waste","BENEDIKT","yes",13.185
2024,"PODRAVSKA","15 01 01","Paper and Cardboard Packaging (15 01 01)","Packaging Waste","CERKVENJAK","yes",12.655
2024,"PODRAVSKA","15 01 01","Paper and Cardboard Packaging (15 01 01)","Packaging Waste","CIRKULANE","no",1.108
2024,"PODRAVSKA","15 01 01","Paper and Cardboard Packaging (15 01 01)","Packaging Waste","CIRKULANE","yes",14.535
2024,"PODRAVSKA","15 01 01","Paper and Cardboard Packaging (15 01 01)","Packaging Waste","DESTRNIK","yes",16.197
2024,"PODRAVSKA","15 01 01","Paper and Cardboard Packaging (15 01 01)","Packaging Waste","DORNAVA","yes",21.78
2024,"PODRAVSKA","15 01 01","Paper and Cardboard Packaging (15 01 01)","Packaging Waste","DUPLEK","yes",66.466
2024,"PODRAVSKA","15 01 01","Paper and Cardboard Packaging (15 01 01)","Packaging Waste","GORIŠNICA","yes",33.519
2024,"PODRAVSKA","15 01 01","Paper and Cardboard Packaging (15 01 01)","Packaging Waste","HAJDINA","no",3.047
2024,"PODRAVSKA","15 01 01","Paper and Cardboard Packaging (15 01 01)","Packaging Waste","HAJDINA","yes",37.695
2024,"PODRAVSKA","15 01 01","Paper and Cardboard Packaging (15 01 01)","Packaging Waste","HOČE-SLIVNICA","no",8.01
2024,"PODRAVSKA","15 01 01","Paper and Cardboard Packaging (15 01 01)","Packaging Waste","HOČE-SLIVNICA","yes",28
2024,"PODRAVSKA","15 01 01","Paper and Cardboard Packaging (15 01 01)","Packaging Waste","JURŠINCI","yes",18.448
2024,"PODRAVSKA","15 01 01","Paper and Cardboard Packaging (15 01 01)","Packaging Waste","KIDRIČEVO","yes",55.527
2024,"PODRAVSKA","15 01 01","Paper and Cardboard Packaging (15 01 01)","Packaging Waste","KUNGOTA","no",0.06
2024,"PODRAVSKA","15 01 01","Paper and Cardboard Packaging (15 01 01)","Packaging Waste","KUNGOTA","yes",24.65
2024,"PODRAVSKA","15 01 01","Paper and Cardboard Packaging (15 01 01)","Packaging Waste","LENART","yes",39.175
2024,"PODRAVSKA","15 01 01","Paper and Cardboard Packaging (15 01 01)","Packaging Waste","LOVRENC NA POHORJU","no",1.34
2024,"PODRAVSKA","15 01 01","Paper and Cardboard Packaging (15 01 01)","Packaging Waste","LOVRENC NA POHORJU","yes",15.802
2024,"PODRAVSKA","15 01 01","Paper and Cardboard Packaging (15 01 01)","Packaging Waste","MAJŠPERK","no",3.16
2024,"PODRAVSKA","15 01 01","Paper and Cardboard Packaging (15 01 01)","Packaging Waste","MAJŠPERK","yes",24.407
2024,"PODRAVSKA","15 01 01","Paper and Cardboard Packaging (15 01 01)","Packaging Waste","MAKOLE","yes",6.857
2024,"PODRAVSKA","15 01 01","Paper and Cardboard Packaging (15 01 01)","Packaging Waste","MARIBOR","no",34.5
2024,"PODRAVSKA","15 01 01","Paper and Cardboard Packaging (15 01 01)","Packaging Waste","MARIBOR","yes",528.36
2024,"PODRAVSKA","15 01 01","Paper and Cardboard Packaging (15 01 01)","Packaging Waste","MARKOVCI","no",0.85
2024,"PODRAVSKA","15 01 01","Paper and Cardboard Packaging (15 01 01)","Packaging Waste","MARKOVCI","yes",32.138
2024,"PODRAVSKA","15 01 01","Paper and Cardboard Packaging (15 01 01)","Packaging Waste","MIKLAVŽ NA DRAVSKEM POLJU","no",3.8
2024,"PODRAVSKA","15 01 01","Paper and Cardboard Packaging (15 01 01)","Packaging Waste","MIKLAVŽ NA DRAVSKEM POLJU","yes",46.48
2024,"PODRAVSKA","15 01 01","Paper and Cardboard Packaging (15 01 01)","Packaging Waste","OPLOTNICA","yes",24.426
2024,"PODRAVSKA","15 01 01","Paper and Cardboard Packaging (15 01 01)","Packaging Waste","ORMOŽ","yes",99.09
2024,"PODRAVSKA","15 01 01","Paper and Cardboard Packaging (15 01 01)","Packaging Waste","PESNICA","yes",37.643
2024,"PODRAVSKA","15 01 01","Paper and Cardboard Packaging (15 01 01)","Packaging Waste","PODLEHNIK","yes",9.513
2024,"PODRAVSKA","15 01 01","Paper and Cardboard Packaging (15 01 01)","Packaging Waste","POLJČANE","yes",25.246
2024,"PODRAVSKA","15 01 01","Paper and Cardboard Packaging (15 01 01)","Packaging Waste","PTUJ","no",0.566
2024,"PODRAVSKA","15 01 01","Paper and Cardboard Packaging (15 01 01)","Packaging Waste","PTUJ","yes",241.451
2024,"PODRAVSKA","15 01 01","Paper and Cardboard Packaging (15 01 01)","Packaging Waste","RAČE-FRAM","yes",61.177
2024,"PODRAVSKA","15 01 01","Paper and Cardboard Packaging (15 01 01)","Packaging Waste","RUŠE","no",2.6
2024,"PODRAVSKA","15 01 01","Paper and Cardboard Packaging (15 01 01)","Packaging Waste","RUŠE","yes",36.06
2024,"PODRAVSKA","15 01 01","Paper and Cardboard Packaging (15 01 01)","Packaging Waste","SELNICA OB DRAVI","no",3.185
2024,"PODRAVSKA","15 01 01","Paper and Cardboard Packaging (15 01 01)","Packaging Waste","SELNICA OB DRAVI","yes",0
2024,"PODRAVSKA","15 01 01","Paper and Cardboard Packaging (15 01 01)","Packaging Waste","SLOVENSKA BISTRICA","no",3.765
2024,"PODRAVSKA","15 01 01","Paper and Cardboard Packaging (15 01 01)","Packaging Waste","SLOVENSKA BISTRICA","yes",227.137
2024,"PODRAVSKA","15 01 01","Paper and Cardboard Packaging (15 01 01)","Packaging Waste","SREDIŠČE OB DRAVI","yes",19.818
2024,"PODRAVSKA","15 01 01","Paper and Cardboard Packaging (15 01 01)","Packaging Waste","STARŠE","yes",21.76
2024,"PODRAVSKA","15 01 01","Paper and Cardboard Packaging (15 01 01)","Packaging Waste","SVETA ANA","yes",12.095
2024,"PODRAVSKA","15 01 01","Paper and Cardboard Packaging (15 01 01)","Packaging Waste","SVETA TROJICA V SLOVENSKIH GORICAH","yes",15.365
2024,"PODRAVSKA","15 01 01","Paper and Cardboard Packaging (15 01 01)","Packaging Waste","SVETI ANDRAŽ V SLOV. GORICAH","yes",8.457
2024,"PODRAVSKA","15 01 01","Paper and Cardboard Packaging (15 01 01)","Packaging Waste","SVETI JURIJ V SLOVENSKIH GORICAH","yes",10.899
2024,"PODRAVSKA","15 01 01","Paper and Cardboard Packaging (15 01 01)","Packaging Waste","SVETI TOMAŽ","yes",13.212
2024,"PODRAVSKA","15 01 01","Paper and Cardboard Packaging (15 01 01)","Packaging Waste","TRNOVSKA VAS","yes",9.497
2024,"PODRAVSKA","15 01 01","Paper and Cardboard Packaging (15 01 01)","Packaging Waste","VIDEM","yes",35.832
2024,"PODRAVSKA","15 01 01","Paper and Cardboard Packaging (15 01 01)","Packaging Waste","ZAVRČ","yes",4.275
2024,"PODRAVSKA","15 01 01","Paper and Cardboard Packaging (15 01 01)","Packaging Waste","ŠENTILJ","yes",39.915
2024,"PODRAVSKA","15 01 01","Paper and Cardboard Packaging (15 01 01)","Packaging Waste","ŽETALE","yes",6.285
2024,"PODRAVSKA","15 01 03","Wooden Packaging (15 01 03)","Packaging Waste","CERKVENJAK","no",0.08
2024,"PODRAVSKA","15 01 03","Wooden Packaging (15 01 03)","Packaging Waste","HOČE-SLIVNICA","no",4.164
2024,"PODRAVSKA","15 01 03","Wooden Packaging (15 01 03)","Packaging Waste","LENART","no",138.82
2024,"PODRAVSKA","15 01 03","Wooden Packaging (15 01 03)","Packaging Waste","LENART","yes",150.621
2024,"PODRAVSKA","15 01 03","Wooden Packaging (15 01 03)","Packaging Waste","MARIBOR","no",8.22
2024,"PODRAVSKA","15 01 03","Wooden Packaging (15 01 03)","Packaging Waste","MARIBOR","yes",29.26
2024,"PODRAVSKA","15 01 03","Wooden Packaging (15 01 03)","Packaging Waste","ORMOŽ","yes",4.065
2024,"PODRAVSKA","15 01 03","Wooden Packaging (15 01 03)","Packaging Waste","PTUJ","no",36.58
2024,"PODRAVSKA","15 01 03","Wooden Packaging (15 01 03)","Packaging Waste","RUŠE","no",39.98
2024,"PODRAVSKA","15 01 03","Wooden Packaging (15 01 03)","Packaging Waste","SREDIŠČE OB DRAVI","yes",0.813
2024,"PODRAVSKA","15 01 03","Wooden Packaging (15 01 03)","Packaging Waste","SVETI TOMAŽ","yes",0.542
2024,"PODRAVSKA","15 01 03","Wooden Packaging (15 01 03)","Packaging Waste","ŠENTILJ","no",4.39
2024,"PODRAVSKA","20 01 01","Paper and Cardboard from Municipal Waste (20 01 01)","Municipal Waste","CIRKULANE","no",8.188
2024,"PODRAVSKA","20 01 01","Paper and Cardboard from Municipal Waste (20 01 01)","Municipal Waste","CIRKULANE","yes",33.915
2024,"PODRAVSKA","20 01 01","Paper and Cardboard from Municipal Waste (20 01 01)","Municipal Waste","DESTRNIK","no",19.447
2024,"PODRAVSKA","20 01 01","Paper and Cardboard from Municipal Waste (20 01 01)","Municipal Waste","DESTRNIK","yes",37.793
2024,"PODRAVSKA","20 01 01","Paper and Cardboard from Municipal Waste (20 01 01)","Municipal Waste","DORNAVA","no",3.329
2024,"PODRAVSKA","20 01 01","Paper and Cardboard from Municipal Waste (20 01 01)","Municipal Waste","DORNAVA","yes",63.82
2024,"PODRAVSKA","20 01 01","Paper and Cardboard from Municipal Waste (20 01 01)","Municipal Waste","DUPLEK","no",4.859
2024,"PODRAVSKA","20 01 01","Paper and Cardboard from Municipal Waste (20 01 01)","Municipal Waste","DUPLEK","yes",155.088
2024,"PODRAVSKA","20 01 01","Paper and Cardboard from Municipal Waste (20 01 01)","Municipal Waste","GORIŠNICA","no",3.074
2024,"PODRAVSKA","20 01 01","Paper and Cardboard from Municipal Waste (20 01 01)","Municipal Waste","GORIŠNICA","yes",79.212
2024,"PODRAVSKA","20 01 01","Paper and Cardboard from Municipal Waste (20 01 01)","Municipal Waste","HAJDINA","no",10.338
2024,"PODRAVSKA","20 01 01","Paper and Cardboard from Municipal Waste (20 01 01)","Municipal Waste","HAJDINA","yes",89.082
2024,"PODRAVSKA","20 01 01","Paper and Cardboard from Municipal Waste (20 01 01)","Municipal Waste","HOČE-SLIVNICA","no",46.426
2024,"PODRAVSKA","20 01 01","Paper and Cardboard from Municipal Waste (20 01 01)","Municipal Waste","HOČE-SLIVNICA","yes",364.616
2024,"PODRAVSKA","20 01 01","Paper and Cardboard from Municipal Waste (20 01 01)","Municipal Waste","JURŠINCI","no",7.62
2024,"PODRAVSKA","20 01 01","Paper and Cardboard from Municipal Waste (20 01 01)","Municipal Waste","JURŠINCI","yes",50.017
2024,"PODRAVSKA","20 01 01","Paper and Cardboard from Municipal Waste (20 01 01)","Municipal Waste","KIDRIČEVO","no",17.824
2024,"PODRAVSKA","20 01 01","Paper and Cardboard from Municipal Waste (20 01 01)","Municipal Waste","KIDRIČEVO","yes",116.215
2024,"PODRAVSKA","20 01 01","Paper and Cardboard from Municipal Waste (20 01 01)","Municipal Waste","KUNGOTA","no",3.065
2024,"PODRAVSKA","20 01 01","Paper and Cardboard from Municipal Waste (20 01 01)","Municipal Waste","KUNGOTA","yes",65.153
2024,"PODRAVSKA","20 01 01","Paper and Cardboard from Municipal Waste (20 01 01)","Municipal Waste","LENART","no",1.824
2024,"PODRAVSKA","20 01 01","Paper and Cardboard from Municipal Waste (20 01 01)","Municipal Waste","LOVRENC NA POHORJU","no",0.414
2024,"PODRAVSKA","20 01 01","Paper and Cardboard from Municipal Waste (20 01 01)","Municipal Waste","LOVRENC NA POHORJU","yes",45.56
2024,"PODRAVSKA","20 01 01","Paper and Cardboard from Municipal Waste (20 01 01)","Municipal Waste","MAJŠPERK","no",4.65
2024,"PODRAVSKA","20 01 01","Paper and Cardboard from Municipal Waste (20 01 01)","Municipal Waste","MAJŠPERK","yes",58.529
2024,"PODRAVSKA","20 01 01","Paper and Cardboard from Municipal Waste (20 01 01)","Municipal Waste","MAKOLE","no",0.183
2024,"PODRAVSKA","20 01 01","Paper and Cardboard from Municipal Waste (20 01 01)","Municipal Waste","MAKOLE","yes",16.001
2024,"PODRAVSKA","20 01 01","Paper and Cardboard from Municipal Waste (20 01 01)","Municipal Waste","MARIBOR","no",599.508
2024,"PODRAVSKA","20 01 01","Paper and Cardboard from Municipal Waste (20 01 01)","Municipal Waste","MARIBOR","yes",3325.806
2024,"PODRAVSKA","20 01 01","Paper and Cardboard from Municipal Waste (20 01 01)","Municipal Waste","MARKOVCI","no",4.418
2024,"PODRAVSKA","20 01 01","Paper and Cardboard from Municipal Waste (20 01 01)","Municipal Waste","MARKOVCI","yes",75.95
2024,"PODRAVSKA","20 01 01","Paper and Cardboard from Municipal Waste (20 01 01)","Municipal Waste","MIKLAVŽ NA DRAVSKEM POLJU","no",23.141
2024,"PODRAVSKA","20 01 01","Paper and Cardboard from Municipal Waste (20 01 01)","Municipal Waste","OPLOTNICA","no",0.1
2024,"PODRAVSKA","20 01 01","Paper and Cardboard from Municipal Waste (20 01 01)","Municipal Waste","OPLOTNICA","yes",56.994
2024,"PODRAVSKA","20 01 01","Paper and Cardboard from Municipal Waste (20 01 01)","Municipal Waste","ORMOŽ","no",35.986
2024,"PODRAVSKA","20 01 01","Paper and Cardboard from Municipal Waste (20 01 01)","Municipal Waste","ORMOŽ","yes",45.988
2024,"PODRAVSKA","20 01 01","Paper and Cardboard from Municipal Waste (20 01 01)","Municipal Waste","PESNICA","no",9.826
2024,"PODRAVSKA","20 01 01","Paper and Cardboard from Municipal Waste (20 01 01)","Municipal Waste","PESNICA","yes",128.199
2024,"PODRAVSKA","20 01 01","Paper and Cardboard from Municipal Waste (20 01 01)","Municipal Waste","PODLEHNIK","no",2.601
2024,"PODRAVSKA","20 01 01","Paper and Cardboard from Municipal Waste (20 01 01)","Municipal Waste","PODLEHNIK","yes",22.197
2024,"PODRAVSKA","20 01 01","Paper and Cardboard from Municipal Waste (20 01 01)","Municipal Waste","POLJČANE","no",5.83
2024,"PODRAVSKA","20 01 01","Paper and Cardboard from Municipal Waste (20 01 01)","Municipal Waste","POLJČANE","yes",58.908
2024,"PODRAVSKA","20 01 01","Paper and Cardboard from Municipal Waste (20 01 01)","Municipal Waste","PTUJ","no",124.648
2024,"PODRAVSKA","20 01 01","Paper and Cardboard from Municipal Waste (20 01 01)","Municipal Waste","PTUJ","yes",624.06
2024,"PODRAVSKA","20 01 01","Paper and Cardboard from Municipal Waste (20 01 01)","Municipal Waste","RAČE-FRAM","no",13.769
2024,"PODRAVSKA","20 01 01","Paper and Cardboard from Municipal Waste (20 01 01)","Municipal Waste","RAČE-FRAM","yes",142.747
2024,"PODRAVSKA","20 01 01","Paper and Cardboard from Municipal Waste (20 01 01)","Municipal Waste","RUŠE","no",7.683
2024,"PODRAVSKA","20 01 01","Paper and Cardboard from Municipal Waste (20 01 01)","Municipal Waste","RUŠE","yes",176.404
2024,"PODRAVSKA","20 01 01","Paper and Cardboard from Municipal Waste (20 01 01)","Municipal Waste","SELNICA OB DRAVI","no",17.793
2024,"PODRAVSKA","20 01 01","Paper and Cardboard from Municipal Waste (20 01 01)","Municipal Waste","SELNICA OB DRAVI","yes",71.308
2024,"PODRAVSKA","20 01 01","Paper and Cardboard from Municipal Waste (20 01 01)","Municipal Waste","SLOVENSKA BISTRICA","no",21.062
2024,"PODRAVSKA","20 01 01","Paper and Cardboard from Municipal Waste (20 01 01)","Municipal Waste","SLOVENSKA BISTRICA","yes",529.983
2024,"PODRAVSKA","20 01 01","Paper and Cardboard from Municipal Waste (20 01 01)","Municipal Waste","SREDIŠČE OB DRAVI","no",0.102
2024,"PODRAVSKA","20 01 01","Paper and Cardboard from Municipal Waste (20 01 01)","Municipal Waste","SREDIŠČE OB DRAVI","yes",9.198
2024,"PODRAVSKA","20 01 01","Paper and Cardboard from Municipal Waste (20 01 01)","Municipal Waste","STARŠE","no",27.439
2024,"PODRAVSKA","20 01 01","Paper and Cardboard from Municipal Waste (20 01 01)","Municipal Waste","STARŠE","yes",73.62
2024,"PODRAVSKA","20 01 01","Paper and Cardboard from Municipal Waste (20 01 01)","Municipal Waste","SVETA ANA","no",7.06
2024,"PODRAVSKA","20 01 01","Paper and Cardboard from Municipal Waste (20 01 01)","Municipal Waste","SVETA TROJICA V SLOVENSKIH GORICAH","no",0.289
2024,"PODRAVSKA","20 01 01","Paper and Cardboard from Municipal Waste (20 01 01)","Municipal Waste","SVETI ANDRAŽ V SLOV. GORICAH","no",1.601
2024,"PODRAVSKA","20 01 01","Paper and Cardboard from Municipal Waste (20 01 01)","Municipal Waste","SVETI ANDRAŽ V SLOV. GORICAH","yes",19.733
2024,"PODRAVSKA","20 01 01","Paper and Cardboard from Municipal Waste (20 01 01)","Municipal Waste","SVETI TOMAŽ","no",0.064
2024,"PODRAVSKA","20 01 01","Paper and Cardboard from Municipal Waste (20 01 01)","Municipal Waste","SVETI TOMAŽ","yes",6.132
2024,"PODRAVSKA","20 01 01","Paper and Cardboard from Municipal Waste (20 01 01)","Municipal Waste","TRNOVSKA VAS","no",0.53
2024,"PODRAVSKA","20 01 01","Paper and Cardboard from Municipal Waste (20 01 01)","Municipal Waste","TRNOVSKA VAS","yes",22.16
2024,"PODRAVSKA","20 01 01","Paper and Cardboard from Municipal Waste (20 01 01)","Municipal Waste","VIDEM","no",2.34
2024,"PODRAVSKA","20 01 01","Paper and Cardboard from Municipal Waste (20 01 01)","Municipal Waste","VIDEM","yes",87.397
2024,"PODRAVSKA","20 01 01","Paper and Cardboard from Municipal Waste (20 01 01)","Municipal Waste","ZAVRČ","no",0.857
2024,"PODRAVSKA","20 01 01","Paper and Cardboard from Municipal Waste (20 01 01)","Municipal Waste","ZAVRČ","yes",9.975
2024,"PODRAVSKA","20 01 01","Paper and Cardboard from Municipal Waste (20 01 01)","Municipal Waste","ŠENTILJ","no",2.527
2024,"PODRAVSKA","20 01 01","Paper and Cardboard from Municipal Waste (20 01 01)","Municipal Waste","ŽETALE","no",2.069
2024,"PODRAVSKA","20 01 01","Paper and Cardboard from Municipal Waste (20 01 01)","Municipal Waste","ŽETALE","yes",14.665
2024,"PODRAVSKA","20 01 38","Non-hazardous Wood from Municipal Waste (20 01 38)","Municipal Waste","BENEDIKT","yes",1.98
2024,"PODRAVSKA","20 01 38","Non-hazardous Wood from Municipal Waste (20 01 38)","Municipal Waste","CERKVENJAK","yes",7.63
2024,"PODRAVSKA","20 01 38","Non-hazardous Wood from Municipal Waste (20 01 38)","Municipal Waste","DORNAVA","yes",7.727
2024,"PODRAVSKA","20 01 38","Non-hazardous Wood from Municipal Waste (20 01 38)","Municipal Waste","DUPLEK","yes",114.98
2024,"PODRAVSKA","20 01 38","Non-hazardous Wood from Municipal Waste (20 01 38)","Municipal Waste","GORIŠNICA","yes",48.64
2024,"PODRAVSKA","20 01 38","Non-hazardous Wood from Municipal Waste (20 01 38)","Municipal Waste","HAJDINA","yes",83.639
2024,"PODRAVSKA","20 01 38","Non-hazardous Wood from Municipal Waste (20 01 38)","Municipal Waste","HOČE-SLIVNICA","no",0.108
2024,"PODRAVSKA","20 01 38","Non-hazardous Wood from Municipal Waste (20 01 38)","Municipal Waste","HOČE-SLIVNICA","yes",411.84
2024,"PODRAVSKA","20 01 38","Non-hazardous Wood from Municipal Waste (20 01 38)","Municipal Waste","JURŠINCI","yes",2.981
2024,"PODRAVSKA","20 01 38","Non-hazardous Wood from Municipal Waste (20 01 38)","Municipal Waste","KIDRIČEVO","yes",180.42
2024,"PODRAVSKA","20 01 38","Non-hazardous Wood from Municipal Waste (20 01 38)","Municipal Waste","KUNGOTA","yes",105.1
2024,"PODRAVSKA","20 01 38","Non-hazardous Wood from Municipal Waste (20 01 38)","Municipal Waste","LENART","no",3.16
2024,"PODRAVSKA","20 01 38","Non-hazardous Wood from Municipal Waste (20 01 38)","Municipal Waste","LENART","yes",23.21
2024,"PODRAVSKA","20 01 38","Non-hazardous Wood from Municipal Waste (20 01 38)","Municipal Waste","LOVRENC NA POHORJU","yes",160.72
2024,"PODRAVSKA","20 01 38","Non-hazardous Wood from Municipal Waste (20 01 38)","Municipal Waste","MAJŠPERK","yes",44.16
2024,"PODRAVSKA","20 01 38","Non-hazardous Wood from Municipal Waste (20 01 38)","Municipal Waste","MAKOLE","yes",52.381
2024,"PODRAVSKA","20 01 38","Non-hazardous Wood from Municipal Waste (20 01 38)","Municipal Waste","MARIBOR","no",0.9
2024,"PODRAVSKA","20 01 38","Non-hazardous Wood from Municipal Waste (20 01 38)","Municipal Waste","MARIBOR","yes",4858.56
2024,"PODRAVSKA","20 01 38","Non-hazardous Wood from Municipal Waste (20 01 38)","Municipal Waste","MARKOVCI","yes",67.96
2024,"PODRAVSKA","20 01 38","Non-hazardous Wood from Municipal Waste (20 01 38)","Municipal Waste","MIKLAVŽ NA DRAVSKEM POLJU","yes",252.52
2024,"PODRAVSKA","20 01 38","Non-hazardous Wood from Municipal Waste (20 01 38)","Municipal Waste","OPLOTNICA","yes",172.987
2024,"PODRAVSKA","20 01 38","Non-hazardous Wood from Municipal Waste (20 01 38)","Municipal Waste","ORMOŽ","yes",7.64
2024,"PODRAVSKA","20 01 38","Non-hazardous Wood from Municipal Waste (20 01 38)","Municipal Waste","PESNICA","yes",324.36
2024,"PODRAVSKA","20 01 38","Non-hazardous Wood from Municipal Waste (20 01 38)","Municipal Waste","POLJČANE","yes",230.649
2024,"PODRAVSKA","20 01 38","Non-hazardous Wood from Municipal Waste (20 01 38)","Municipal Waste","PTUJ","no",7.2
2024,"PODRAVSKA","20 01 38","Non-hazardous Wood from Municipal Waste (20 01 38)","Municipal Waste","PTUJ","yes",235.529
2024,"PODRAVSKA","20 01 38","Non-hazardous Wood from Municipal Waste (20 01 38)","Municipal Waste","RAČE-FRAM","yes",365.196
2024,"PODRAVSKA","20 01 38","Non-hazardous Wood from Municipal Waste (20 01 38)","Municipal Waste","RUŠE","yes",542.94
2024,"PODRAVSKA","20 01 38","Non-hazardous Wood from Municipal Waste (20 01 38)","Municipal Waste","SELNICA OB DRAVI","yes",1.74
2024,"PODRAVSKA","20 01 38","Non-hazardous Wood from Municipal Waste (20 01 38)","Municipal Waste","SLOVENSKA BISTRICA","no",41.74
2024,"PODRAVSKA","20 01 38","Non-hazardous Wood from Municipal Waste (20 01 38)","Municipal Waste","SLOVENSKA BISTRICA","yes",1059.127
2024,"PODRAVSKA","20 01 38","Non-hazardous Wood from Municipal Waste (20 01 38)","Municipal Waste","SREDIŠČE OB DRAVI","yes",1.072
2024,"PODRAVSKA","20 01 38","Non-hazardous Wood from Municipal Waste (20 01 38)","Municipal Waste","STARŠE","no",240.16
2024,"PODRAVSKA","20 01 38","Non-hazardous Wood from Municipal Waste (20 01 38)","Municipal Waste","STARŠE","yes",516.8
2024,"PODRAVSKA","20 01 38","Non-hazardous Wood from Municipal Waste (20 01 38)","Municipal Waste","SVETA ANA","yes",4.31
2024,"PODRAVSKA","20 01 38","Non-hazardous Wood from Municipal Waste (20 01 38)","Municipal Waste","SVETA TROJICA V SLOVENSKIH GORICAH","no",0.24
2024,"PODRAVSKA","20 01 38","Non-hazardous Wood from Municipal Waste (20 01 38)","Municipal Waste","SVETA TROJICA V SLOVENSKIH GORICAH","yes",8.76
2024,"PODRAVSKA","20 01 38","Non-hazardous Wood from Municipal Waste (20 01 38)","Municipal Waste","SVETI JURIJ V SLOVENSKIH GORICAH","no",0.46
2024,"PODRAVSKA","20 01 38","Non-hazardous Wood from Municipal Waste (20 01 38)","Municipal Waste","SVETI JURIJ V SLOVENSKIH GORICAH","yes",5.78
2024,"PODRAVSKA","20 01 38","Non-hazardous Wood from Municipal Waste (20 01 38)","Municipal Waste","SVETI TOMAŽ","yes",0.208
2024,"PODRAVSKA","20 01 38","Non-hazardous Wood from Municipal Waste (20 01 38)","Municipal Waste","TRNOVSKA VAS","yes",32.02
2024,"PODRAVSKA","20 01 38","Non-hazardous Wood from Municipal Waste (20 01 38)","Municipal Waste","VIDEM","yes",65.66
2024,"PODRAVSKA","20 01 38","Non-hazardous Wood from Municipal Waste (20 01 38)","Municipal Waste","ŠENTILJ","no",1.48
2024,"PODRAVSKA","20 01 38","Non-hazardous Wood from Municipal Waste (20 01 38)","Municipal Waste","ŠENTILJ","yes",122.692
2024,"PODRAVSKA","20 01 38","Non-hazardous Wood from Municipal Waste (20 01 38)","Municipal Waste","ŽETALE","yes",13.68
2024,"PODRAVSKA","20 03 07","Bulky Municipal Waste (20 03 07)","Municipal Waste","BENEDIKT","yes",94.07
2024,"PODRAVSKA","20 03 07","Bulky Municipal Waste (20 03 07)","Municipal Waste","CERKVENJAK","yes",77.274
2024,"PODRAVSKA","20 03 07","Bulky Municipal Waste (20 03 07)","Municipal Waste","CIRKULANE","no",2.8
2024,"PODRAVSKA","20 03 07","Bulky Municipal Waste (20 03 07)","Municipal Waste","CIRKULANE","yes",4.804
2024,"PODRAVSKA","20 03 07","Bulky Municipal Waste (20 03 07)","Municipal Waste","DESTRNIK","yes",7.313
2024,"PODRAVSKA","20 03 07","Bulky Municipal Waste (20 03 07)","Municipal Waste","DORNAVA","yes",61.119
2024,"PODRAVSKA","20 03 07","Bulky Municipal Waste (20 03 07)","Municipal Waste","DUPLEK","no",10.265
2024,"PODRAVSKA","20 03 07","Bulky Municipal Waste (20 03 07)","Municipal Waste","DUPLEK","yes",301.805
2024,"PODRAVSKA","20 03 07","Bulky Municipal Waste (20 03 07)","Municipal Waste","GORIŠNICA","yes",229.8
2024,"PODRAVSKA","20 03 07","Bulky Municipal Waste (20 03 07)","Municipal Waste","HAJDINA","no",7.272
2024,"PODRAVSKA","20 03 07","Bulky Municipal Waste (20 03 07)","Municipal Waste","HAJDINA","yes",253.003
2024,"PODRAVSKA","20 03 07","Bulky Municipal Waste (20 03 07)","Municipal Waste","HOČE-SLIVNICA","no",2.89
2024,"PODRAVSKA","20 03 07","Bulky Municipal Waste (20 03 07)","Municipal Waste","HOČE-SLIVNICA","yes",165.47
2024,"PODRAVSKA","20 03 07","Bulky Municipal Waste (20 03 07)","Municipal Waste","JURŠINCI","yes",21.676
2024,"PODRAVSKA","20 03 07","Bulky Municipal Waste (20 03 07)","Municipal Waste","KIDRIČEVO","no",20.04
2024,"PODRAVSKA","20 03 07","Bulky Municipal Waste (20 03 07)","Municipal Waste","KIDRIČEVO","yes",289.936
2024,"PODRAVSKA","20 03 07","Bulky Municipal Waste (20 03 07)","Municipal Waste","KUNGOTA","no",0.59
2024,"PODRAVSKA","20 03 07","Bulky Municipal Waste (20 03 07)","Municipal Waste","KUNGOTA","yes",217.59
2024,"PODRAVSKA","20 03 07","Bulky Municipal Waste (20 03 07)","Municipal Waste","LENART","yes",836.747
2024,"PODRAVSKA","20 03 07","Bulky Municipal Waste (20 03 07)","Municipal Waste","LOVRENC NA POHORJU","yes",75.36
2024,"PODRAVSKA","20 03 07","Bulky Municipal Waste (20 03 07)","Municipal Waste","MAJŠPERK","no",11.58
2024,"PODRAVSKA","20 03 07","Bulky Municipal Waste (20 03 07)","Municipal Waste","MAJŠPERK","yes",159.367
2024,"PODRAVSKA","20 03 07","Bulky Municipal Waste (20 03 07)","Municipal Waste","MAKOLE","no",1.01
2024,"PODRAVSKA","20 03 07","Bulky Municipal Waste (20 03 07)","Municipal Waste","MAKOLE","yes",15.32
2024,"PODRAVSKA","20 03 07","Bulky Municipal Waste (20 03 07)","Municipal Waste","MARIBOR","no",72.878
2024,"PODRAVSKA","20 03 07","Bulky Municipal Waste (20 03 07)","Municipal Waste","MARIBOR","yes",1740.914
2024,"PODRAVSKA","20 03 07","Bulky Municipal Waste (20 03 07)","Municipal Waste","MARKOVCI","no",4.1
2024,"PODRAVSKA","20 03 07","Bulky Municipal Waste (20 03 07)","Municipal Waste","MARKOVCI","yes",248.12
2024,"PODRAVSKA","20 03 07","Bulky Municipal Waste (20 03 07)","Municipal Waste","MIKLAVŽ NA DRAVSKEM POLJU","no",4.68
2024,"PODRAVSKA","20 03 07","Bulky Municipal Waste (20 03 07)","Municipal Waste","MIKLAVŽ NA DRAVSKEM POLJU","yes",161.87
2024,"PODRAVSKA","20 03 07","Bulky Municipal Waste (20 03 07)","Municipal Waste","OPLOTNICA","yes",63.022
2024,"PODRAVSKA","20 03 07","Bulky Municipal Waste (20 03 07)","Municipal Waste","ORMOŽ","yes",396.05
2024,"PODRAVSKA","20 03 07","Bulky Municipal Waste (20 03 07)","Municipal Waste","PESNICA","yes",156.01
2024,"PODRAVSKA","20 03 07","Bulky Municipal Waste (20 03 07)","Municipal Waste","PODLEHNIK","no",0.4
2024,"PODRAVSKA","20 03 07","Bulky Municipal Waste (20 03 07)","Municipal Waste","PODLEHNIK","yes",3.052
2024,"PODRAVSKA","20 03 07","Bulky Municipal Waste (20 03 07)","Municipal Waste","POLJČANE","no",5.74
2024,"PODRAVSKA","20 03 07","Bulky Municipal Waste (20 03 07)","Municipal Waste","POLJČANE","yes",59.214
2024,"PODRAVSKA","20 03 07","Bulky Municipal Waste (20 03 07)","Municipal Waste","PTUJ","no",1.895
2024,"PODRAVSKA","20 03 07","Bulky Municipal Waste (20 03 07)","Municipal Waste","PTUJ","yes",766.546
2024,"PODRAVSKA","20 03 07","Bulky Municipal Waste (20 03 07)","Municipal Waste","RAČE-FRAM","no",8.19
2024,"PODRAVSKA","20 03 07","Bulky Municipal Waste (20 03 07)","Municipal Waste","RAČE-FRAM","yes",97.688
2024,"PODRAVSKA","20 03 07","Bulky Municipal Waste (20 03 07)","Municipal Waste","RUŠE","yes",244.82
2024,"PODRAVSKA","20 03 07","Bulky Municipal Waste (20 03 07)","Municipal Waste","SELNICA OB DRAVI","no",0.625
2024,"PODRAVSKA","20 03 07","Bulky Municipal Waste (20 03 07)","Municipal Waste","SELNICA OB DRAVI","yes",12.79
2024,"PODRAVSKA","20 03 07","Bulky Municipal Waste (20 03 07)","Municipal Waste","SLOVENSKA BISTRICA","no",32.955
2024,"PODRAVSKA","20 03 07","Bulky Municipal Waste (20 03 07)","Municipal Waste","SLOVENSKA BISTRICA","yes",235.48
2024,"PODRAVSKA","20 03 07","Bulky Municipal Waste (20 03 07)","Municipal Waste","SREDIŠČE OB DRAVI","yes",81.06
2024,"PODRAVSKA","20 03 07","Bulky Municipal Waste (20 03 07)","Municipal Waste","STARŠE","yes",96.3
2024,"PODRAVSKA","20 03 07","Bulky Municipal Waste (20 03 07)","Municipal Waste","SVETA ANA","yes",80.11
2024,"PODRAVSKA","20 03 07","Bulky Municipal Waste (20 03 07)","Municipal Waste","SVETA TROJICA V SLOVENSKIH GORICAH","yes",77.75
2024,"PODRAVSKA","20 03 07","Bulky Municipal Waste (20 03 07)","Municipal Waste","SVETI ANDRAŽ V SLOV. GORICAH","yes",2.568
2024,"PODRAVSKA","20 03 07","Bulky Municipal Waste (20 03 07)","Municipal Waste","SVETI JURIJ V SLOVENSKIH GORICAH","yes",60.615
2024,"PODRAVSKA","20 03 07","Bulky Municipal Waste (20 03 07)","Municipal Waste","SVETI TOMAŽ","yes",53.05
2024,"PODRAVSKA","20 03 07","Bulky Municipal Waste (20 03 07)","Municipal Waste","TRNOVSKA VAS","no",5.72
2024,"PODRAVSKA","20 03 07","Bulky Municipal Waste (20 03 07)","Municipal Waste","TRNOVSKA VAS","yes",94.13
2024,"PODRAVSKA","20 03 07","Bulky Municipal Waste (20 03 07)","Municipal Waste","VIDEM","no",0.36
2024,"PODRAVSKA","20 03 07","Bulky Municipal Waste (20 03 07)","Municipal Waste","VIDEM","yes",166.532
2024,"PODRAVSKA","20 03 07","Bulky Municipal Waste (20 03 07)","Municipal Waste","ZAVRČ","no",1.46
2024,"PODRAVSKA","20 03 07","Bulky Municipal Waste (20 03 07)","Municipal Waste","ZAVRČ","yes",4.108
2024,"PODRAVSKA","20 03 07","Bulky Municipal Waste (20 03 07)","Municipal Waste","ŠENTILJ","yes",606.922
2024,"PODRAVSKA","20 03 07","Bulky Municipal Waste (20 03 07)","Municipal Waste","ŽETALE","yes",62.31
2024,"POMURSKA","15 01 01","Paper and Cardboard Packaging (15 01 01)","Packaging Waste","APAČE","yes",60.3
2024,"POMURSKA","15 01 01","Paper and Cardboard Packaging (15 01 01)","Packaging Waste","BELTINCI","no",1.48
2024,"POMURSKA","15 01 01","Paper and Cardboard Packaging (15 01 01)","Packaging Waste","BELTINCI","yes",2.426
2024,"POMURSKA","15 01 01","Paper and Cardboard Packaging (15 01 01)","Packaging Waste","CANKOVA","yes",6.48
2024,"POMURSKA","15 01 01","Paper and Cardboard Packaging (15 01 01)","Packaging Waste","DOBROVNIK","no",0.16
2024,"POMURSKA","15 01 01","Paper and Cardboard Packaging (15 01 01)","Packaging Waste","DOBROVNIK","yes",3.129
2024,"POMURSKA","15 01 01","Paper and Cardboard Packaging (15 01 01)","Packaging Waste","GORNJA RADGONA","yes",48.59
2024,"POMURSKA","15 01 01","Paper and Cardboard Packaging (15 01 01)","Packaging Waste","GORNJI PETROVCI","yes",16.865
2024,"POMURSKA","15 01 01","Paper and Cardboard Packaging (15 01 01)","Packaging Waste","GRAD","yes",10.272
2024,"POMURSKA","15 01 01","Paper and Cardboard Packaging (15 01 01)","Packaging Waste","HODOŠ","yes",4.809
2024,"POMURSKA","15 01 01","Paper and Cardboard Packaging (15 01 01)","Packaging Waste","KOBILJE","yes",0.976
2024,"POMURSKA","15 01 01","Paper and Cardboard Packaging (15 01 01)","Packaging Waste","KRIŽEVCI","yes",5.27
2024,"POMURSKA","15 01 01","Paper and Cardboard Packaging (15 01 01)","Packaging Waste","KUZMA","yes",3.787
2024,"POMURSKA","15 01 01","Paper and Cardboard Packaging (15 01 01)","Packaging Waste","LENDAVA","no",470.296
2024,"POMURSKA","15 01 01","Paper and Cardboard Packaging (15 01 01)","Packaging Waste","LENDAVA","yes",155.16
2024,"POMURSKA","15 01 01","Paper and Cardboard Packaging (15 01 01)","Packaging Waste","LJUTOMER","yes",16.97
2024,"POMURSKA","15 01 01","Paper and Cardboard Packaging (15 01 01)","Packaging Waste","MORAVSKE TOPLICE","yes",33.933
2024,"POMURSKA","15 01 01","Paper and Cardboard Packaging (15 01 01)","Packaging Waste","MURSKA SOBOTA","no",0.208
2024,"POMURSKA","15 01 01","Paper and Cardboard Packaging (15 01 01)","Packaging Waste","MURSKA SOBOTA","yes",123.38
2024,"POMURSKA","15 01 01","Paper and Cardboard Packaging (15 01 01)","Packaging Waste","ODRANCI","yes",3.228
2024,"POMURSKA","15 01 01","Paper and Cardboard Packaging (15 01 01)","Packaging Waste","PUCONCI","yes",64.03
2024,"POMURSKA","15 01 01","Paper and Cardboard Packaging (15 01 01)","Packaging Waste","RADENCI","no",1.52
2024,"POMURSKA","15 01 01","Paper and Cardboard Packaging (15 01 01)","Packaging Waste","RADENCI","yes",20.375
2024,"POMURSKA","15 01 01","Paper and Cardboard Packaging (15 01 01)","Packaging Waste","RAZKRIŽJE","yes",1.08
2024,"POMURSKA","15 01 01","Paper and Cardboard Packaging (15 01 01)","Packaging Waste","ROGAŠOVCI","yes",19
2024,"POMURSKA","15 01 01","Paper and Cardboard Packaging (15 01 01)","Packaging Waste","SVETI JURIJ OB ŠČAVNICI","yes",11.62
2024,"POMURSKA","15 01 01","Paper and Cardboard Packaging (15 01 01)","Packaging Waste","TIŠINA","yes",57.86
2024,"POMURSKA","15 01 01","Paper and Cardboard Packaging (15 01 01)","Packaging Waste","TURNIŠČE","no",4.775
2024,"POMURSKA","15 01 01","Paper and Cardboard Packaging (15 01 01)","Packaging Waste","TURNIŠČE","yes",2.155
2024,"POMURSKA","15 01 01","Paper and Cardboard Packaging (15 01 01)","Packaging Waste","VELIKA POLANA","no",2.19
2024,"POMURSKA","15 01 01","Paper and Cardboard Packaging (15 01 01)","Packaging Waste","VERŽEJ","yes",1.8
2024,"POMURSKA","15 01 01","Paper and Cardboard Packaging (15 01 01)","Packaging Waste","ČRENŠOVCI","yes",9.55
2024,"POMURSKA","15 01 01","Paper and Cardboard Packaging (15 01 01)","Packaging Waste","ŠALOVCI","yes",10.42
2024,"POMURSKA","15 01 03","Wooden Packaging (15 01 03)","Packaging Waste","GORNJA RADGONA","no",3.3
2024,"POMURSKA","15 01 03","Wooden Packaging (15 01 03)","Packaging Waste","LENDAVA","no",189.115
2024,"POMURSKA","15 01 03","Wooden Packaging (15 01 03)","Packaging Waste","LJUTOMER","no",0.5
2024,"POMURSKA","15 01 03","Wooden Packaging (15 01 03)","Packaging Waste","RADENCI","no",82.5
2024,"POMURSKA","20 01 01","Paper and Cardboard from Municipal Waste (20 01 01)","Municipal Waste","APAČE","no",7.687
2024,"POMURSKA","20 01 01","Paper and Cardboard from Municipal Waste (20 01 01)","Municipal Waste","APAČE","yes",28.121
2024,"POMURSKA","20 01 01","Paper and Cardboard from Municipal Waste (20 01 01)","Municipal Waste","BELTINCI","no",7.136
2024,"POMURSKA","20 01 01","Paper and Cardboard from Municipal Waste (20 01 01)","Municipal Waste","BELTINCI","yes",217.984
2024,"POMURSKA","20 01 01","Paper and Cardboard from Municipal Waste (20 01 01)","Municipal Waste","CANKOVA","no",2.585
2024,"POMURSKA","20 01 01","Paper and Cardboard from Municipal Waste (20 01 01)","Municipal Waste","CANKOVA","yes",17.887
2024,"POMURSKA","20 01 01","Paper and Cardboard from Municipal Waste (20 01 01)","Municipal Waste","DOBROVNIK","no",28.248
2024,"POMURSKA","20 01 01","Paper and Cardboard from Municipal Waste (20 01 01)","Municipal Waste","DOBROVNIK","yes",25.844
2024,"POMURSKA","20 01 01","Paper and Cardboard from Municipal Waste (20 01 01)","Municipal Waste","GORNJA RADGONA","no",7.986
2024,"POMURSKA","20 01 01","Paper and Cardboard from Municipal Waste (20 01 01)","Municipal Waste","GORNJA RADGONA","yes",194.39
2024,"POMURSKA","20 01 01","Paper and Cardboard from Municipal Waste (20 01 01)","Municipal Waste","GORNJI PETROVCI","no",4.158
2024,"POMURSKA","20 01 01","Paper and Cardboard from Municipal Waste (20 01 01)","Municipal Waste","GORNJI PETROVCI","yes",4.652
2024,"POMURSKA","20 01 01","Paper and Cardboard from Municipal Waste (20 01 01)","Municipal Waste","GRAD","no",0.973
2024,"POMURSKA","20 01 01","Paper and Cardboard from Municipal Waste (20 01 01)","Municipal Waste","GRAD","yes",20.541
2024,"POMURSKA","20 01 01","Paper and Cardboard from Municipal Waste (20 01 01)","Municipal Waste","HODOŠ","yes",9.208
2024,"POMURSKA","20 01 01","Paper and Cardboard from Municipal Waste (20 01 01)","Municipal Waste","KOBILJE","yes",6.125
2024,"POMURSKA","20 01 01","Paper and Cardboard from Municipal Waste (20 01 01)","Municipal Waste","KRIŽEVCI","no",3.503
2024,"POMURSKA","20 01 01","Paper and Cardboard from Municipal Waste (20 01 01)","Municipal Waste","KRIŽEVCI","yes",30.66
2024,"POMURSKA","20 01 01","Paper and Cardboard from Municipal Waste (20 01 01)","Municipal Waste","KUZMA","no",0.155
2024,"POMURSKA","20 01 01","Paper and Cardboard from Municipal Waste (20 01 01)","Municipal Waste","KUZMA","yes",20.125
2024,"POMURSKA","20 01 01","Paper and Cardboard from Municipal Waste (20 01 01)","Municipal Waste","LENDAVA","no",58.723
2024,"POMURSKA","20 01 01","Paper and Cardboard from Municipal Waste (20 01 01)","Municipal Waste","LENDAVA","yes",73
2024,"POMURSKA","20 01 01","Paper and Cardboard from Municipal Waste (20 01 01)","Municipal Waste","LJUTOMER","no",21.307
2024,"POMURSKA","20 01 01","Paper and Cardboard from Municipal Waste (20 01 01)","Municipal Waste","LJUTOMER","yes",125.865
2024,"POMURSKA","20 01 01","Paper and Cardboard from Municipal Waste (20 01 01)","Municipal Waste","MORAVSKE TOPLICE","no",19.075
2024,"POMURSKA","20 01 01","Paper and Cardboard from Municipal Waste (20 01 01)","Municipal Waste","MORAVSKE TOPLICE","yes",102.206
2024,"POMURSKA","20 01 01","Paper and Cardboard from Municipal Waste (20 01 01)","Municipal Waste","MURSKA SOBOTA","no",117.337
2024,"POMURSKA","20 01 01","Paper and Cardboard from Municipal Waste (20 01 01)","Municipal Waste","MURSKA SOBOTA","yes",625.82
2024,"POMURSKA","20 01 01","Paper and Cardboard from Municipal Waste (20 01 01)","Municipal Waste","ODRANCI","no",9.387
2024,"POMURSKA","20 01 01","Paper and Cardboard from Municipal Waste (20 01 01)","Municipal Waste","ODRANCI","yes",40.86
2024,"POMURSKA","20 01 01","Paper and Cardboard from Municipal Waste (20 01 01)","Municipal Waste","PUCONCI","no",17.915
2024,"POMURSKA","20 01 01","Paper and Cardboard from Municipal Waste (20 01 01)","Municipal Waste","PUCONCI","yes",46.61
2024,"POMURSKA","20 01 01","Paper and Cardboard from Municipal Waste (20 01 01)","Municipal Waste","RADENCI","no",16.219
2024,"POMURSKA","20 01 01","Paper and Cardboard from Municipal Waste (20 01 01)","Municipal Waste","RADENCI","yes",108.31
2024,"POMURSKA","20 01 01","Paper and Cardboard from Municipal Waste (20 01 01)","Municipal Waste","RAZKRIŽJE","yes",10.782
2024,"POMURSKA","20 01 01","Paper and Cardboard from Municipal Waste (20 01 01)","Municipal Waste","ROGAŠOVCI","no",3.122
2024,"POMURSKA","20 01 01","Paper and Cardboard from Municipal Waste (20 01 01)","Municipal Waste","ROGAŠOVCI","yes",29.023
2024,"POMURSKA","20 01 01","Paper and Cardboard from Municipal Waste (20 01 01)","Municipal Waste","SVETI JURIJ OB ŠČAVNICI","no",22.805
2024,"POMURSKA","20 01 01","Paper and Cardboard from Municipal Waste (20 01 01)","Municipal Waste","SVETI JURIJ OB ŠČAVNICI","yes",43.78
2024,"POMURSKA","20 01 01","Paper and Cardboard from Municipal Waste (20 01 01)","Municipal Waste","TIŠINA","no",8.77
2024,"POMURSKA","20 01 01","Paper and Cardboard from Municipal Waste (20 01 01)","Municipal Waste","TIŠINA","yes",23.652
2024,"POMURSKA","20 01 01","Paper and Cardboard from Municipal Waste (20 01 01)","Municipal Waste","TURNIŠČE","no",4.055
2024,"POMURSKA","20 01 01","Paper and Cardboard from Municipal Waste (20 01 01)","Municipal Waste","TURNIŠČE","yes",36.288
2024,"POMURSKA","20 01 01","Paper and Cardboard from Municipal Waste (20 01 01)","Municipal Waste","VELIKA POLANA","no",1.71
2024,"POMURSKA","20 01 01","Paper and Cardboard from Municipal Waste (20 01 01)","Municipal Waste","VELIKA POLANA","yes",9.74
2024,"POMURSKA","20 01 01","Paper and Cardboard from Municipal Waste (20 01 01)","Municipal Waste","VERŽEJ","no",5.8
2024,"POMURSKA","20 01 01","Paper and Cardboard from Municipal Waste (20 01 01)","Municipal Waste","VERŽEJ","yes",16.5
2024,"POMURSKA","20 01 01","Paper and Cardboard from Municipal Waste (20 01 01)","Municipal Waste","ČRENŠOVCI","no",14.482
2024,"POMURSKA","20 01 01","Paper and Cardboard from Municipal Waste (20 01 01)","Municipal Waste","ČRENŠOVCI","yes",72.753
2024,"POMURSKA","20 01 01","Paper and Cardboard from Municipal Waste (20 01 01)","Municipal Waste","ŠALOVCI","no",0.538
2024,"POMURSKA","20 01 01","Paper and Cardboard from Municipal Waste (20 01 01)","Municipal Waste","ŠALOVCI","yes",4.641
2024,"POMURSKA","20 01 38","Non-hazardous Wood from Municipal Waste (20 01 38)","Municipal Waste","BELTINCI","yes",182.264
2024,"POMURSKA","20 01 38","Non-hazardous Wood from Municipal Waste (20 01 38)","Municipal Waste","CANKOVA","yes",31.57
2024,"POMURSKA","20 01 38","Non-hazardous Wood from Municipal Waste (20 01 38)","Municipal Waste","DOBROVNIK","yes",26.925
2024,"POMURSKA","20 01 38","Non-hazardous Wood from Municipal Waste (20 01 38)","Municipal Waste","GORNJA RADGONA","yes",97.04
2024,"POMURSKA","20 01 38","Non-hazardous Wood from Municipal Waste (20 01 38)","Municipal Waste","GORNJI PETROVCI","yes",6.805
2024,"POMURSKA","20 01 38","Non-hazardous Wood from Municipal Waste (20 01 38)","Municipal Waste","GRAD","yes",22.642
2024,"POMURSKA","20 01 38","Non-hazardous Wood from Municipal Waste (20 01 38)","Municipal Waste","HODOŠ","yes",2.669
2024,"POMURSKA","20 01 38","Non-hazardous Wood from Municipal Waste (20 01 38)","Municipal Waste","KOBILJE","yes",8.102
2024,"POMURSKA","20 01 38","Non-hazardous Wood from Municipal Waste (20 01 38)","Municipal Waste","KUZMA","yes",17.653
2024,"POMURSKA","20 01 38","Non-hazardous Wood from Municipal Waste (20 01 38)","Municipal Waste","MORAVSKE TOPLICE","yes",40.207
2024,"POMURSKA","20 01 38","Non-hazardous Wood from Municipal Waste (20 01 38)","Municipal Waste","MURSKA SOBOTA","yes",353.62
2024,"POMURSKA","20 01 38","Non-hazardous Wood from Municipal Waste (20 01 38)","Municipal Waste","ODRANCI","yes",22.62
2024,"POMURSKA","20 01 38","Non-hazardous Wood from Municipal Waste (20 01 38)","Municipal Waste","PUCONCI","no",9.46
2024,"POMURSKA","20 01 38","Non-hazardous Wood from Municipal Waste (20 01 38)","Municipal Waste","PUCONCI","yes",0.879
2024,"POMURSKA","20 01 38","Non-hazardous Wood from Municipal Waste (20 01 38)","Municipal Waste","RADENCI","yes",81.22
2024,"POMURSKA","20 01 38","Non-hazardous Wood from Municipal Waste (20 01 38)","Municipal Waste","ROGAŠOVCI","yes",20.44
2024,"POMURSKA","20 01 38","Non-hazardous Wood from Municipal Waste (20 01 38)","Municipal Waste","SVETI JURIJ OB ŠČAVNICI","yes",22.79
2024,"POMURSKA","20 01 38","Non-hazardous Wood from Municipal Waste (20 01 38)","Municipal Waste","TIŠINA","yes",54.5
2024,"POMURSKA","20 01 38","Non-hazardous Wood from Municipal Waste (20 01 38)","Municipal Waste","TURNIŠČE","yes",29.024
2024,"POMURSKA","20 01 38","Non-hazardous Wood from Municipal Waste (20 01 38)","Municipal Waste","VELIKA POLANA","yes",2.1
2024,"POMURSKA","20 01 38","Non-hazardous Wood from Municipal Waste (20 01 38)","Municipal Waste","ČRENŠOVCI","yes",59.694
2024,"POMURSKA","20 01 38","Non-hazardous Wood from Municipal Waste (20 01 38)","Municipal Waste","ŠALOVCI","yes",10.406
2024,"POMURSKA","20 03 07","Bulky Municipal Waste (20 03 07)","Municipal Waste","APAČE","yes",254.96
2024,"POMURSKA","20 03 07","Bulky Municipal Waste (20 03 07)","Municipal Waste","BELTINCI","yes",378.392
2024,"POMURSKA","20 03 07","Bulky Municipal Waste (20 03 07)","Municipal Waste","CANKOVA","yes",70.546
2024,"POMURSKA","20 03 07","Bulky Municipal Waste (20 03 07)","Municipal Waste","DOBROVNIK","yes",50.924
2024,"POMURSKA","20 03 07","Bulky Municipal Waste (20 03 07)","Municipal Waste","GORNJA RADGONA","yes",255.69
2024,"POMURSKA","20 03 07","Bulky Municipal Waste (20 03 07)","Municipal Waste","GORNJI PETROVCI","yes",43.192
2024,"POMURSKA","20 03 07","Bulky Municipal Waste (20 03 07)","Municipal Waste","GRAD","yes",59.844
2024,"POMURSKA","20 03 07","Bulky Municipal Waste (20 03 07)","Municipal Waste","HODOŠ","yes",12.084
2024,"POMURSKA","20 03 07","Bulky Municipal Waste (20 03 07)","Municipal Waste","KOBILJE","yes",21.921
2024,"POMURSKA","20 03 07","Bulky Municipal Waste (20 03 07)","Municipal Waste","KRIŽEVCI","yes",158.96
2024,"POMURSKA","20 03 07","Bulky Municipal Waste (20 03 07)","Municipal Waste","KUZMA","yes",58.316
2024,"POMURSKA","20 03 07","Bulky Municipal Waste (20 03 07)","Municipal Waste","LENDAVA","yes",240.42
2024,"POMURSKA","20 03 07","Bulky Municipal Waste (20 03 07)","Municipal Waste","LJUTOMER","no",0.46
2024,"POMURSKA","20 03 07","Bulky Municipal Waste (20 03 07)","Municipal Waste","LJUTOMER","yes",513.41
2024,"POMURSKA","20 03 07","Bulky Municipal Waste (20 03 07)","Municipal Waste","MORAVSKE TOPLICE","yes",213.869
2024,"POMURSKA","20 03 07","Bulky Municipal Waste (20 03 07)","Municipal Waste","MURSKA SOBOTA","yes",760.62
2024,"POMURSKA","20 03 07","Bulky Municipal Waste (20 03 07)","Municipal Waste","ODRANCI","yes",57.191
2024,"POMURSKA","20 03 07","Bulky Municipal Waste (20 03 07)","Municipal Waste","PUCONCI","no",10.46
2024,"POMURSKA","20 03 07","Bulky Municipal Waste (20 03 07)","Municipal Waste","PUCONCI","yes",121.554
2024,"POMURSKA","20 03 07","Bulky Municipal Waste (20 03 07)","Municipal Waste","RADENCI","no",6662.7
2024,"POMURSKA","20 03 07","Bulky Municipal Waste (20 03 07)","Municipal Waste","RADENCI","yes",407.797
2024,"POMURSKA","20 03 07","Bulky Municipal Waste (20 03 07)","Municipal Waste","RAZKRIŽJE","yes",55.11
2024,"POMURSKA","20 03 07","Bulky Municipal Waste (20 03 07)","Municipal Waste","ROGAŠOVCI","yes",79.03
2024,"POMURSKA","20 03 07","Bulky Municipal Waste (20 03 07)","Municipal Waste","SVETI JURIJ OB ŠČAVNICI","yes",107.76
2024,"POMURSKA","20 03 07","Bulky Municipal Waste (20 03 07)","Municipal Waste","TIŠINA","yes",127.113
2024,"POMURSKA","20 03 07","Bulky Municipal Waste (20 03 07)","Municipal Waste","TURNIŠČE","yes",103.721
2024,"POMURSKA","20 03 07","Bulky Municipal Waste (20 03 07)","Municipal Waste","VELIKA POLANA","yes",33.08
2024,"POMURSKA","20 03 07","Bulky Municipal Waste (20 03 07)","Municipal Waste","VERŽEJ","yes",59.08
2024,"POMURSKA","20 03 07","Bulky Municipal Waste (20 03 07)","Municipal Waste","ČRENŠOVCI","yes",145.599
2024,"POMURSKA","20 03 07","Bulky Municipal Waste (20 03 07)","Municipal Waste","ŠALOVCI","yes",36.364
2024,"POSAVSKA","15 01 01","Paper and Cardboard Packaging (15 01 01)","Packaging Waste","BISTRICA OB SOTLI","yes",8.941
2024,"POSAVSKA","15 01 01","Paper and Cardboard Packaging (15 01 01)","Packaging Waste","BREŽICE","no",291.833
2024,"POSAVSKA","15 01 01","Paper and Cardboard Packaging (15 01 01)","Packaging Waste","BREŽICE","yes",255.253
2024,"POSAVSKA","15 01 01","Paper and Cardboard Packaging (15 01 01)","Packaging Waste","KOSTANJEVICA NA KRKI","no",16.816
2024,"POSAVSKA","15 01 01","Paper and Cardboard Packaging (15 01 01)","Packaging Waste","KOSTANJEVICA NA KRKI","yes",10.1
2024,"POSAVSKA","15 01 01","Paper and Cardboard Packaging (15 01 01)","Packaging Waste","KRŠKO","no",429.925
2024,"POSAVSKA","15 01 01","Paper and Cardboard Packaging (15 01 01)","Packaging Waste","KRŠKO","yes",177.051
2024,"POSAVSKA","15 01 01","Paper and Cardboard Packaging (15 01 01)","Packaging Waste","RADEČE","no",51.676
2024,"POSAVSKA","15 01 01","Paper and Cardboard Packaging (15 01 01)","Packaging Waste","RADEČE","yes",50.109
2024,"POSAVSKA","15 01 01","Paper and Cardboard Packaging (15 01 01)","Packaging Waste","SEVNICA","no",132.694
2024,"POSAVSKA","15 01 01","Paper and Cardboard Packaging (15 01 01)","Packaging Waste","SEVNICA","yes",231.097
2024,"POSAVSKA","15 01 03","Wooden Packaging (15 01 03)","Packaging Waste","BREŽICE","no",88.52
2024,"POSAVSKA","15 01 03","Wooden Packaging (15 01 03)","Packaging Waste","KOSTANJEVICA NA KRKI","no",2.82
2024,"POSAVSKA","15 01 03","Wooden Packaging (15 01 03)","Packaging Waste","KRŠKO","no",70.356
2024,"POSAVSKA","15 01 03","Wooden Packaging (15 01 03)","Packaging Waste","RADEČE","no",0.1
2024,"POSAVSKA","15 01 03","Wooden Packaging (15 01 03)","Packaging Waste","SEVNICA","no",92.16
2024,"POSAVSKA","15 01 03","Wooden Packaging (15 01 03)","Packaging Waste","SEVNICA","yes",12.89
2024,"POSAVSKA","20 01 01","Paper and Cardboard from Municipal Waste (20 01 01)","Municipal Waste","BISTRICA OB SOTLI","no",4.509
2024,"POSAVSKA","20 01 01","Paper and Cardboard from Municipal Waste (20 01 01)","Municipal Waste","BISTRICA OB SOTLI","yes",6.945
2024,"POSAVSKA","20 01 01","Paper and Cardboard from Municipal Waste (20 01 01)","Municipal Waste","BREŽICE","no",201.777
2024,"POSAVSKA","20 01 01","Paper and Cardboard from Municipal Waste (20 01 01)","Municipal Waste","BREŽICE","yes",150.863
2024,"POSAVSKA","20 01 01","Paper and Cardboard from Municipal Waste (20 01 01)","Municipal Waste","KOSTANJEVICA NA KRKI","no",5.228
2024,"POSAVSKA","20 01 01","Paper and Cardboard from Municipal Waste (20 01 01)","Municipal Waste","KOSTANJEVICA NA KRKI","yes",10.92
2024,"POSAVSKA","20 01 01","Paper and Cardboard from Municipal Waste (20 01 01)","Municipal Waste","KRŠKO","no",343.899
2024,"POSAVSKA","20 01 01","Paper and Cardboard from Municipal Waste (20 01 01)","Municipal Waste","KRŠKO","yes",676.807
2024,"POSAVSKA","20 01 01","Paper and Cardboard from Municipal Waste (20 01 01)","Municipal Waste","RADEČE","no",12.357
2024,"POSAVSKA","20 01 01","Paper and Cardboard from Municipal Waste (20 01 01)","Municipal Waste","RADEČE","yes",42.195
2024,"POSAVSKA","20 01 01","Paper and Cardboard from Municipal Waste (20 01 01)","Municipal Waste","SEVNICA","no",60.426
2024,"POSAVSKA","20 01 01","Paper and Cardboard from Municipal Waste (20 01 01)","Municipal Waste","SEVNICA","yes",118.988
2024,"POSAVSKA","20 01 38","Non-hazardous Wood from Municipal Waste (20 01 38)","Municipal Waste","BISTRICA OB SOTLI","yes",4.783
2024,"POSAVSKA","20 01 38","Non-hazardous Wood from Municipal Waste (20 01 38)","Municipal Waste","BREŽICE","no",169.982
2024,"POSAVSKA","20 01 38","Non-hazardous Wood from Municipal Waste (20 01 38)","Municipal Waste","BREŽICE","yes",664.76
2024,"POSAVSKA","20 01 38","Non-hazardous Wood from Municipal Waste (20 01 38)","Municipal Waste","KOSTANJEVICA NA KRKI","yes",36.36
2024,"POSAVSKA","20 01 38","Non-hazardous Wood from Municipal Waste (20 01 38)","Municipal Waste","KRŠKO","no",117.02
2024,"POSAVSKA","20 01 38","Non-hazardous Wood from Municipal Waste (20 01 38)","Municipal Waste","KRŠKO","yes",1183.302
2024,"POSAVSKA","20 01 38","Non-hazardous Wood from Municipal Waste (20 01 38)","Municipal Waste","RADEČE","no",139.396
2024,"POSAVSKA","20 01 38","Non-hazardous Wood from Municipal Waste (20 01 38)","Municipal Waste","RADEČE","yes",94.06
2024,"POSAVSKA","20 01 38","Non-hazardous Wood from Municipal Waste (20 01 38)","Municipal Waste","SEVNICA","no",36.98
2024,"POSAVSKA","20 01 38","Non-hazardous Wood from Municipal Waste (20 01 38)","Municipal Waste","SEVNICA","yes",274.56
2024,"POSAVSKA","20 03 07","Bulky Municipal Waste (20 03 07)","Municipal Waste","BISTRICA OB SOTLI","yes",54.44
2024,"POSAVSKA","20 03 07","Bulky Municipal Waste (20 03 07)","Municipal Waste","BREŽICE","no",26.84
2024,"POSAVSKA","20 03 07","Bulky Municipal Waste (20 03 07)","Municipal Waste","BREŽICE","yes",1419.94
2024,"POSAVSKA","20 03 07","Bulky Municipal Waste (20 03 07)","Municipal Waste","KOSTANJEVICA NA KRKI","yes",33.9
2024,"POSAVSKA","20 03 07","Bulky Municipal Waste (20 03 07)","Municipal Waste","KRŠKO","yes",1447.4
2024,"POSAVSKA","20 03 07","Bulky Municipal Waste (20 03 07)","Municipal Waste","RADEČE","yes",50.46
2024,"POSAVSKA","20 03 07","Bulky Municipal Waste (20 03 07)","Municipal Waste","SEVNICA","yes",149.28
2024,"PRIMORSKONOTRANJSKA","15 01 01","Paper and Cardboard Packaging (15 01 01)","Packaging Waste","BLOKE","yes",68.631
2024,"PRIMORSKONOTRANJSKA","15 01 01","Paper and Cardboard Packaging (15 01 01)","Packaging Waste","CERKNICA","no",5.24
2024,"PRIMORSKONOTRANJSKA","15 01 01","Paper and Cardboard Packaging (15 01 01)","Packaging Waste","CERKNICA","yes",126.919
2024,"PRIMORSKONOTRANJSKA","15 01 01","Paper and Cardboard Packaging (15 01 01)","Packaging Waste","ILIRSKA BISTRICA","no",4.03
2024,"PRIMORSKONOTRANJSKA","15 01 01","Paper and Cardboard Packaging (15 01 01)","Packaging Waste","ILIRSKA BISTRICA","yes",121.066
2024,"PRIMORSKONOTRANJSKA","15 01 01","Paper and Cardboard Packaging (15 01 01)","Packaging Waste","LOŠKA DOLINA","yes",27.86
2024,"PRIMORSKONOTRANJSKA","15 01 01","Paper and Cardboard Packaging (15 01 01)","Packaging Waste","PIVKA","yes",39.516
2024,"PRIMORSKONOTRANJSKA","15 01 01","Paper and Cardboard Packaging (15 01 01)","Packaging Waste","POSTOJNA","no",5.14
2024,"PRIMORSKONOTRANJSKA","15 01 01","Paper and Cardboard Packaging (15 01 01)","Packaging Waste","POSTOJNA","yes",105.46
2024,"PRIMORSKONOTRANJSKA","15 01 03","Wooden Packaging (15 01 03)","Packaging Waste","BLOKE","no",43
2024,"PRIMORSKONOTRANJSKA","15 01 03","Wooden Packaging (15 01 03)","Packaging Waste","CERKNICA","no",123.065
2024,"PRIMORSKONOTRANJSKA","20 01 01","Paper and Cardboard from Municipal Waste (20 01 01)","Municipal Waste","BLOKE","yes",6.28
2024,"PRIMORSKONOTRANJSKA","20 01 01","Paper and Cardboard from Municipal Waste (20 01 01)","Municipal Waste","CERKNICA","no",116.84
2024,"PRIMORSKONOTRANJSKA","20 01 01","Paper and Cardboard from Municipal Waste (20 01 01)","Municipal Waste","CERKNICA","yes",125.32
2024,"PRIMORSKONOTRANJSKA","20 01 01","Paper and Cardboard from Municipal Waste (20 01 01)","Municipal Waste","ILIRSKA BISTRICA","no",0.694
2024,"PRIMORSKONOTRANJSKA","20 01 01","Paper and Cardboard from Municipal Waste (20 01 01)","Municipal Waste","ILIRSKA BISTRICA","yes",117.15
2024,"PRIMORSKONOTRANJSKA","20 01 01","Paper and Cardboard from Municipal Waste (20 01 01)","Municipal Waste","LOŠKA DOLINA","yes",27.509
2024,"PRIMORSKONOTRANJSKA","20 01 01","Paper and Cardboard from Municipal Waste (20 01 01)","Municipal Waste","PIVKA","no",12.27
2024,"PRIMORSKONOTRANJSKA","20 01 01","Paper and Cardboard from Municipal Waste (20 01 01)","Municipal Waste","PIVKA","yes",104.35
2024,"PRIMORSKONOTRANJSKA","20 01 01","Paper and Cardboard from Municipal Waste (20 01 01)","Municipal Waste","POSTOJNA","no",6.339
2024,"PRIMORSKONOTRANJSKA","20 01 01","Paper and Cardboard from Municipal Waste (20 01 01)","Municipal Waste","POSTOJNA","yes",276
2024,"PRIMORSKONOTRANJSKA","20 01 38","Non-hazardous Wood from Municipal Waste (20 01 38)","Municipal Waste","BLOKE","yes",36.88
2024,"PRIMORSKONOTRANJSKA","20 01 38","Non-hazardous Wood from Municipal Waste (20 01 38)","Municipal Waste","CERKNICA","no",0.41
2024,"PRIMORSKONOTRANJSKA","20 01 38","Non-hazardous Wood from Municipal Waste (20 01 38)","Municipal Waste","CERKNICA","yes",365.253
2024,"PRIMORSKONOTRANJSKA","20 01 38","Non-hazardous Wood from Municipal Waste (20 01 38)","Municipal Waste","ILIRSKA BISTRICA","yes",236.27
2024,"PRIMORSKONOTRANJSKA","20 01 38","Non-hazardous Wood from Municipal Waste (20 01 38)","Municipal Waste","LOŠKA DOLINA","yes",80.177
2024,"PRIMORSKONOTRANJSKA","20 01 38","Non-hazardous Wood from Municipal Waste (20 01 38)","Municipal Waste","PIVKA","yes",202.85
2024,"PRIMORSKONOTRANJSKA","20 01 38","Non-hazardous Wood from Municipal Waste (20 01 38)","Municipal Waste","POSTOJNA","no",4.72
2024,"PRIMORSKONOTRANJSKA","20 01 38","Non-hazardous Wood from Municipal Waste (20 01 38)","Municipal Waste","POSTOJNA","yes",484.91
2024,"PRIMORSKONOTRANJSKA","20 03 07","Bulky Municipal Waste (20 03 07)","Municipal Waste","BLOKE","yes",86.8
2024,"PRIMORSKONOTRANJSKA","20 03 07","Bulky Municipal Waste (20 03 07)","Municipal Waste","CERKNICA","no",0.02
2024,"PRIMORSKONOTRANJSKA","20 03 07","Bulky Municipal Waste (20 03 07)","Municipal Waste","CERKNICA","yes",629.76
2024,"PRIMORSKONOTRANJSKA","20 03 07","Bulky Municipal Waste (20 03 07)","Municipal Waste","ILIRSKA BISTRICA","yes",378.2
2024,"PRIMORSKONOTRANJSKA","20 03 07","Bulky Municipal Waste (20 03 07)","Municipal Waste","LOŠKA DOLINA","yes",138.24
2024,"PRIMORSKONOTRANJSKA","20 03 07","Bulky Municipal Waste (20 03 07)","Municipal Waste","PIVKA","yes",313.32
2024,"PRIMORSKONOTRANJSKA","20 03 07","Bulky Municipal Waste (20 03 07)","Municipal Waste","POSTOJNA","yes",623.47
2024,"SAVINJSKA","15 01 01","Paper and Cardboard Packaging (15 01 01)","Packaging Waste","BRASLOVČE","no",26.68
2024,"SAVINJSKA","15 01 01","Paper and Cardboard Packaging (15 01 01)","Packaging Waste","BRASLOVČE","yes",72.595
2024,"SAVINJSKA","15 01 01","Paper and Cardboard Packaging (15 01 01)","Packaging Waste","CELJE","no",534.738
2024,"SAVINJSKA","15 01 01","Paper and Cardboard Packaging (15 01 01)","Packaging Waste","CELJE","yes",847.514
2024,"SAVINJSKA","15 01 01","Paper and Cardboard Packaging (15 01 01)","Packaging Waste","DOBJE","yes",73.198
2024,"SAVINJSKA","15 01 01","Paper and Cardboard Packaging (15 01 01)","Packaging Waste","DOBRNA","yes",5.39
2024,"SAVINJSKA","15 01 01","Paper and Cardboard Packaging (15 01 01)","Packaging Waste","GORNJI GRAD","yes",30.598
2024,"SAVINJSKA","15 01 01","Paper and Cardboard Packaging (15 01 01)","Packaging Waste","KOZJE","yes",21.585
2024,"SAVINJSKA","15 01 01","Paper and Cardboard Packaging (15 01 01)","Packaging Waste","LAŠKO","no",12.28
2024,"SAVINJSKA","15 01 01","Paper and Cardboard Packaging (15 01 01)","Packaging Waste","LAŠKO","yes",173.7
2024,"SAVINJSKA","15 01 01","Paper and Cardboard Packaging (15 01 01)","Packaging Waste","LJUBNO","yes",15.445
2024,"SAVINJSKA","15 01 01","Paper and Cardboard Packaging (15 01 01)","Packaging Waste","LUČE","yes",3.623
2024,"SAVINJSKA","15 01 01","Paper and Cardboard Packaging (15 01 01)","Packaging Waste","MOZIRJE","yes",50.592
2024,"SAVINJSKA","15 01 01","Paper and Cardboard Packaging (15 01 01)","Packaging Waste","NAZARJE","yes",32.734
2024,"SAVINJSKA","15 01 01","Paper and Cardboard Packaging (15 01 01)","Packaging Waste","PODČETRTEK","no",60.12
2024,"SAVINJSKA","15 01 01","Paper and Cardboard Packaging (15 01 01)","Packaging Waste","PODČETRTEK","yes",33.033
2024,"SAVINJSKA","15 01 01","Paper and Cardboard Packaging (15 01 01)","Packaging Waste","POLZELA","yes",39.13
2024,"SAVINJSKA","15 01 01","Paper and Cardboard Packaging (15 01 01)","Packaging Waste","PREBOLD","yes",41.899
2024,"SAVINJSKA","15 01 01","Paper and Cardboard Packaging (15 01 01)","Packaging Waste","REČICA OB SAVINJI","yes",21.683
2024,"SAVINJSKA","15 01 01","Paper and Cardboard Packaging (15 01 01)","Packaging Waste","ROGATEC","no",18.954
2024,"SAVINJSKA","15 01 01","Paper and Cardboard Packaging (15 01 01)","Packaging Waste","ROGATEC","yes",15.893
2024,"SAVINJSKA","15 01 01","Paper and Cardboard Packaging (15 01 01)","Packaging Waste","ROGAŠKA SLATINA","yes",77.707
2024,"SAVINJSKA","15 01 01","Paper and Cardboard Packaging (15 01 01)","Packaging Waste","SLOVENSKE KONJICE","yes",144.12
2024,"SAVINJSKA","15 01 01","Paper and Cardboard Packaging (15 01 01)","Packaging Waste","SOLČAVA","yes",4.28
2024,"SAVINJSKA","15 01 01","Paper and Cardboard Packaging (15 01 01)","Packaging Waste","TABOR","yes",10.511
2024,"SAVINJSKA","15 01 01","Paper and Cardboard Packaging (15 01 01)","Packaging Waste","VELENJE","no",2257.578
2024,"SAVINJSKA","15 01 01","Paper and Cardboard Packaging (15 01 01)","Packaging Waste","VELENJE","yes",298.083
2024,"SAVINJSKA","15 01 01","Paper and Cardboard Packaging (15 01 01)","Packaging Waste","VITANJE","yes",8.735
2024,"SAVINJSKA","15 01 01","Paper and Cardboard Packaging (15 01 01)","Packaging Waste","VOJNIK","no",1.96
2024,"SAVINJSKA","15 01 01","Paper and Cardboard Packaging (15 01 01)","Packaging Waste","VOJNIK","yes",24.615
2024,"SAVINJSKA","15 01 01","Paper and Cardboard Packaging (15 01 01)","Packaging Waste","VRANSKO","yes",17.746
2024,"SAVINJSKA","15 01 01","Paper and Cardboard Packaging (15 01 01)","Packaging Waste","ZREČE","yes",25.375
2024,"SAVINJSKA","15 01 01","Paper and Cardboard Packaging (15 01 01)","Packaging Waste","ŠENTJUR","no",77.795
2024,"SAVINJSKA","15 01 01","Paper and Cardboard Packaging (15 01 01)","Packaging Waste","ŠENTJUR","yes",75.338
2024,"SAVINJSKA","15 01 01","Paper and Cardboard Packaging (15 01 01)","Packaging Waste","ŠMARJE PRI JELŠAH","no",24.4
2024,"SAVINJSKA","15 01 01","Paper and Cardboard Packaging (15 01 01)","Packaging Waste","ŠMARJE PRI JELŠAH","yes",85.371
2024,"SAVINJSKA","15 01 01","Paper and Cardboard Packaging (15 01 01)","Packaging Waste","ŠMARTNO OB PAKI","no",15.57
2024,"SAVINJSKA","15 01 01","Paper and Cardboard Packaging (15 01 01)","Packaging Waste","ŠMARTNO OB PAKI","yes",47.375
2024,"SAVINJSKA","15 01 01","Paper and Cardboard Packaging (15 01 01)","Packaging Waste","ŠOŠTANJ","no",27.785
2024,"SAVINJSKA","15 01 01","Paper and Cardboard Packaging (15 01 01)","Packaging Waste","ŠOŠTANJ","yes",76.406
2024,"SAVINJSKA","15 01 01","Paper and Cardboard Packaging (15 01 01)","Packaging Waste","ŠTORE","no",18.26
2024,"SAVINJSKA","15 01 01","Paper and Cardboard Packaging (15 01 01)","Packaging Waste","ŠTORE","yes",33.47
2024,"SAVINJSKA","15 01 01","Paper and Cardboard Packaging (15 01 01)","Packaging Waste","ŽALEC","yes",177.374
2024,"SAVINJSKA","15 01 03","Wooden Packaging (15 01 03)","Packaging Waste","BRASLOVČE","no",4.5
2024,"SAVINJSKA","15 01 03","Wooden Packaging (15 01 03)","Packaging Waste","CELJE","no",50.236
2024,"SAVINJSKA","15 01 03","Wooden Packaging (15 01 03)","Packaging Waste","CELJE","yes",5.58
2024,"SAVINJSKA","15 01 03","Wooden Packaging (15 01 03)","Packaging Waste","LAŠKO","no",0.12
2024,"SAVINJSKA","15 01 03","Wooden Packaging (15 01 03)","Packaging Waste","ROGATEC","no",46.34
2024,"SAVINJSKA","15 01 03","Wooden Packaging (15 01 03)","Packaging Waste","VELENJE","no",2570.205
2024,"SAVINJSKA","15 01 03","Wooden Packaging (15 01 03)","Packaging Waste","ŠMARJE PRI JELŠAH","no",18.6
2024,"SAVINJSKA","15 01 03","Wooden Packaging (15 01 03)","Packaging Waste","ŠMARTNO OB PAKI","no",4.48
2024,"SAVINJSKA","15 01 03","Wooden Packaging (15 01 03)","Packaging Waste","ŠOŠTANJ","no",30.975
2024,"SAVINJSKA","15 01 03","Wooden Packaging (15 01 03)","Packaging Waste","ŠTORE","no",23.44
2024,"SAVINJSKA","20 01 01","Paper and Cardboard from Municipal Waste (20 01 01)","Municipal Waste","BRASLOVČE","no",0.198
2024,"SAVINJSKA","20 01 01","Paper and Cardboard from Municipal Waste (20 01 01)","Municipal Waste","BRASLOVČE","yes",95.309
2024,"SAVINJSKA","20 01 01","Paper and Cardboard from Municipal Waste (20 01 01)","Municipal Waste","CELJE","no",128.672
2024,"SAVINJSKA","20 01 01","Paper and Cardboard from Municipal Waste (20 01 01)","Municipal Waste","CELJE","yes",783.606
2024,"SAVINJSKA","20 01 01","Paper and Cardboard from Municipal Waste (20 01 01)","Municipal Waste","DOBJE","no",0.61
2024,"SAVINJSKA","20 01 01","Paper and Cardboard from Municipal Waste (20 01 01)","Municipal Waste","DOBJE","yes",10.21
2024,"SAVINJSKA","20 01 01","Paper and Cardboard from Municipal Waste (20 01 01)","Municipal Waste","DOBRNA","yes",76.178
2024,"SAVINJSKA","20 01 01","Paper and Cardboard from Municipal Waste (20 01 01)","Municipal Waste","GORNJI GRAD","no",0.05
2024,"SAVINJSKA","20 01 01","Paper and Cardboard from Municipal Waste (20 01 01)","Municipal Waste","GORNJI GRAD","yes",42.136
2024,"SAVINJSKA","20 01 01","Paper and Cardboard from Municipal Waste (20 01 01)","Municipal Waste","KOZJE","no",1.527
2024,"SAVINJSKA","20 01 01","Paper and Cardboard from Municipal Waste (20 01 01)","Municipal Waste","KOZJE","yes",16.765
2024,"SAVINJSKA","20 01 01","Paper and Cardboard from Municipal Waste (20 01 01)","Municipal Waste","LAŠKO","no",5.171
2024,"SAVINJSKA","20 01 01","Paper and Cardboard from Municipal Waste (20 01 01)","Municipal Waste","LAŠKO","yes",2.84
2024,"SAVINJSKA","20 01 01","Paper and Cardboard from Municipal Waste (20 01 01)","Municipal Waste","LJUBNO","yes",12.655
2024,"SAVINJSKA","20 01 01","Paper and Cardboard from Municipal Waste (20 01 01)","Municipal Waste","LUČE","yes",4.263
2024,"SAVINJSKA","20 01 01","Paper and Cardboard from Municipal Waste (20 01 01)","Municipal Waste","MOZIRJE","no",0.36
2024,"SAVINJSKA","20 01 01","Paper and Cardboard from Municipal Waste (20 01 01)","Municipal Waste","MOZIRJE","yes",42.899
2024,"SAVINJSKA","20 01 01","Paper and Cardboard from Municipal Waste (20 01 01)","Municipal Waste","NAZARJE","yes",55.657
2024,"SAVINJSKA","20 01 01","Paper and Cardboard from Municipal Waste (20 01 01)","Municipal Waste","PODČETRTEK","yes",25.656
2024,"SAVINJSKA","20 01 01","Paper and Cardboard from Municipal Waste (20 01 01)","Municipal Waste","POLZELA","no",0.24
2024,"SAVINJSKA","20 01 01","Paper and Cardboard from Municipal Waste (20 01 01)","Municipal Waste","POLZELA","yes",87.932
2024,"SAVINJSKA","20 01 01","Paper and Cardboard from Municipal Waste (20 01 01)","Municipal Waste","PREBOLD","no",0.14
2024,"SAVINJSKA","20 01 01","Paper and Cardboard from Municipal Waste (20 01 01)","Municipal Waste","PREBOLD","yes",84.017
2024,"SAVINJSKA","20 01 01","Paper and Cardboard from Municipal Waste (20 01 01)","Municipal Waste","REČICA OB SAVINJI","yes",18.386
2024,"SAVINJSKA","20 01 01","Paper and Cardboard from Municipal Waste (20 01 01)","Municipal Waste","ROGATEC","no",0.17
2024,"SAVINJSKA","20 01 01","Paper and Cardboard from Municipal Waste (20 01 01)","Municipal Waste","ROGATEC","yes",12.344
2024,"SAVINJSKA","20 01 01","Paper and Cardboard from Municipal Waste (20 01 01)","Municipal Waste","ROGAŠKA SLATINA","yes",60.353
2024,"SAVINJSKA","20 01 01","Paper and Cardboard from Municipal Waste (20 01 01)","Municipal Waste","SLOVENSKE KONJICE","no",1.032
2024,"SAVINJSKA","20 01 01","Paper and Cardboard from Municipal Waste (20 01 01)","Municipal Waste","SLOVENSKE KONJICE","yes",274.237
2024,"SAVINJSKA","20 01 01","Paper and Cardboard from Municipal Waste (20 01 01)","Municipal Waste","SOLČAVA","yes",6.614
2024,"SAVINJSKA","20 01 01","Paper and Cardboard from Municipal Waste (20 01 01)","Municipal Waste","TABOR","yes",41.062
2024,"SAVINJSKA","20 01 01","Paper and Cardboard from Municipal Waste (20 01 01)","Municipal Waste","VELENJE","no",0.58
2024,"SAVINJSKA","20 01 01","Paper and Cardboard from Municipal Waste (20 01 01)","Municipal Waste","VELENJE","yes",542.994
2024,"SAVINJSKA","20 01 01","Paper and Cardboard from Municipal Waste (20 01 01)","Municipal Waste","VOJNIK","no",0.973
2024,"SAVINJSKA","20 01 01","Paper and Cardboard from Municipal Waste (20 01 01)","Municipal Waste","VOJNIK","yes",134.677
2024,"SAVINJSKA","20 01 01","Paper and Cardboard from Municipal Waste (20 01 01)","Municipal Waste","VRANSKO","yes",42.956
2024,"SAVINJSKA","20 01 01","Paper and Cardboard from Municipal Waste (20 01 01)","Municipal Waste","ZREČE","no",3.589
2024,"SAVINJSKA","20 01 01","Paper and Cardboard from Municipal Waste (20 01 01)","Municipal Waste","ŠENTJUR","yes",126.823
2024,"SAVINJSKA","20 01 01","Paper and Cardboard from Municipal Waste (20 01 01)","Municipal Waste","ŠMARJE PRI JELŠAH","no",106.77
2024,"SAVINJSKA","20 01 01","Paper and Cardboard from Municipal Waste (20 01 01)","Municipal Waste","ŠMARJE PRI JELŠAH","yes",66.306
2024,"SAVINJSKA","20 01 01","Paper and Cardboard from Municipal Waste (20 01 01)","Municipal Waste","ŠMARTNO OB PAKI","yes",60.008
2024,"SAVINJSKA","20 01 01","Paper and Cardboard from Municipal Waste (20 01 01)","Municipal Waste","ŠOŠTANJ","no",0.22
2024,"SAVINJSKA","20 01 01","Paper and Cardboard from Municipal Waste (20 01 01)","Municipal Waste","ŠOŠTANJ","yes",98.324
2024,"SAVINJSKA","20 01 01","Paper and Cardboard from Municipal Waste (20 01 01)","Municipal Waste","ŠTORE","no",28.239
2024,"SAVINJSKA","20 01 01","Paper and Cardboard from Municipal Waste (20 01 01)","Municipal Waste","ŠTORE","yes",66.63
2024,"SAVINJSKA","20 01 01","Paper and Cardboard from Municipal Waste (20 01 01)","Municipal Waste","ŽALEC","no",7.423
2024,"SAVINJSKA","20 01 01","Paper and Cardboard from Municipal Waste (20 01 01)","Municipal Waste","ŽALEC","yes",96.94
2024,"SAVINJSKA","20 01 38","Non-hazardous Wood from Municipal Waste (20 01 38)","Municipal Waste","BRASLOVČE","yes",83.436
2024,"SAVINJSKA","20 01 38","Non-hazardous Wood from Municipal Waste (20 01 38)","Municipal Waste","CELJE","yes",500.689
2024,"SAVINJSKA","20 01 38","Non-hazardous Wood from Municipal Waste (20 01 38)","Municipal Waste","DOBJE","yes",15.069
2024,"SAVINJSKA","20 01 38","Non-hazardous Wood from Municipal Waste (20 01 38)","Municipal Waste","DOBRNA","yes",33.826
2024,"SAVINJSKA","20 01 38","Non-hazardous Wood from Municipal Waste (20 01 38)","Municipal Waste","GORNJI GRAD","yes",295.71
2024,"SAVINJSKA","20 01 38","Non-hazardous Wood from Municipal Waste (20 01 38)","Municipal Waste","KOZJE","yes",11.545
2024,"SAVINJSKA","20 01 38","Non-hazardous Wood from Municipal Waste (20 01 38)","Municipal Waste","LAŠKO","yes",79.05
2024,"SAVINJSKA","20 01 38","Non-hazardous Wood from Municipal Waste (20 01 38)","Municipal Waste","LJUBNO","yes",106.173
2024,"SAVINJSKA","20 01 38","Non-hazardous Wood from Municipal Waste (20 01 38)","Municipal Waste","LUČE","yes",31.152
2024,"SAVINJSKA","20 01 38","Non-hazardous Wood from Municipal Waste (20 01 38)","Municipal Waste","MOZIRJE","yes",101.514
2024,"SAVINJSKA","20 01 38","Non-hazardous Wood from Municipal Waste (20 01 38)","Municipal Waste","NAZARJE","yes",107.047
2024,"SAVINJSKA","20 01 38","Non-hazardous Wood from Municipal Waste (20 01 38)","Municipal Waste","PODČETRTEK","no",1.68
2024,"SAVINJSKA","20 01 38","Non-hazardous Wood from Municipal Waste (20 01 38)","Municipal Waste","PODČETRTEK","yes",17.668
2024,"SAVINJSKA","20 01 38","Non-hazardous Wood from Municipal Waste (20 01 38)","Municipal Waste","POLZELA","yes",54.167
2024,"SAVINJSKA","20 01 38","Non-hazardous Wood from Municipal Waste (20 01 38)","Municipal Waste","PREBOLD","yes",81.84
2024,"SAVINJSKA","20 01 38","Non-hazardous Wood from Municipal Waste (20 01 38)","Municipal Waste","REČICA OB SAVINJI","yes",43.506
2024,"SAVINJSKA","20 01 38","Non-hazardous Wood from Municipal Waste (20 01 38)","Municipal Waste","ROGATEC","yes",8.501
2024,"SAVINJSKA","20 01 38","Non-hazardous Wood from Municipal Waste (20 01 38)","Municipal Waste","ROGAŠKA SLATINA","yes",41.562
2024,"SAVINJSKA","20 01 38","Non-hazardous Wood from Municipal Waste (20 01 38)","Municipal Waste","SLOVENSKE KONJICE","yes",657.11
2024,"SAVINJSKA","20 01 38","Non-hazardous Wood from Municipal Waste (20 01 38)","Municipal Waste","SOLČAVA","yes",15.963
2024,"SAVINJSKA","20 01 38","Non-hazardous Wood from Municipal Waste (20 01 38)","Municipal Waste","TABOR","yes",23.595
2024,"SAVINJSKA","20 01 38","Non-hazardous Wood from Municipal Waste (20 01 38)","Municipal Waste","VELENJE","yes",869.463
2024,"SAVINJSKA","20 01 38","Non-hazardous Wood from Municipal Waste (20 01 38)","Municipal Waste","VOJNIK","yes",135.304
2024,"SAVINJSKA","20 01 38","Non-hazardous Wood from Municipal Waste (20 01 38)","Municipal Waste","VRANSKO","yes",36.906
2024,"SAVINJSKA","20 01 38","Non-hazardous Wood from Municipal Waste (20 01 38)","Municipal Waste","ZREČE","yes",76.1
2024,"SAVINJSKA","20 01 38","Non-hazardous Wood from Municipal Waste (20 01 38)","Municipal Waste","ŠENTJUR","yes",196.916
2024,"SAVINJSKA","20 01 38","Non-hazardous Wood from Municipal Waste (20 01 38)","Municipal Waste","ŠMARJE PRI JELŠAH","yes",45.661
2024,"SAVINJSKA","20 01 38","Non-hazardous Wood from Municipal Waste (20 01 38)","Municipal Waste","ŠMARTNO OB PAKI","yes",117.311
2024,"SAVINJSKA","20 01 38","Non-hazardous Wood from Municipal Waste (20 01 38)","Municipal Waste","ŠOŠTANJ","yes",287.621
2024,"SAVINJSKA","20 01 38","Non-hazardous Wood from Municipal Waste (20 01 38)","Municipal Waste","ŠTORE","yes",45.207
2024,"SAVINJSKA","20 01 38","Non-hazardous Wood from Municipal Waste (20 01 38)","Municipal Waste","ŽALEC","yes",420.665
2024,"SAVINJSKA","20 03 07","Bulky Municipal Waste (20 03 07)","Municipal Waste","BRASLOVČE","yes",521.771
2024,"SAVINJSKA","20 03 07","Bulky Municipal Waste (20 03 07)","Municipal Waste","CELJE","no",0.03
2024,"SAVINJSKA","20 03 07","Bulky Municipal Waste (20 03 07)","Municipal Waste","CELJE","yes",4097.527
2024,"SAVINJSKA","20 03 07","Bulky Municipal Waste (20 03 07)","Municipal Waste","DOBJE","yes",7.897
2024,"SAVINJSKA","20 03 07","Bulky Municipal Waste (20 03 07)","Municipal Waste","DOBRNA","yes",32.81
2024,"SAVINJSKA","20 03 07","Bulky Municipal Waste (20 03 07)","Municipal Waste","GORNJI GRAD","yes",260.235
2024,"SAVINJSKA","20 03 07","Bulky Municipal Waste (20 03 07)","Municipal Waste","KOZJE","yes",131.413
2024,"SAVINJSKA","20 03 07","Bulky Municipal Waste (20 03 07)","Municipal Waste","LAŠKO","no",26.7
2024,"SAVINJSKA","20 03 07","Bulky Municipal Waste (20 03 07)","Municipal Waste","LAŠKO","yes",378.14
2024,"SAVINJSKA","20 03 07","Bulky Municipal Waste (20 03 07)","Municipal Waste","LJUBNO","yes",126.291
2024,"SAVINJSKA","20 03 07","Bulky Municipal Waste (20 03 07)","Municipal Waste","LUČE","yes",32.672
2024,"SAVINJSKA","20 03 07","Bulky Municipal Waste (20 03 07)","Municipal Waste","MOZIRJE","yes",231.462
2024,"SAVINJSKA","20 03 07","Bulky Municipal Waste (20 03 07)","Municipal Waste","NAZARJE","yes",94.757
2024,"SAVINJSKA","20 03 07","Bulky Municipal Waste (20 03 07)","Municipal Waste","PODČETRTEK","yes",201.106
2024,"SAVINJSKA","20 03 07","Bulky Municipal Waste (20 03 07)","Municipal Waste","POLZELA","yes",337.719
2024,"SAVINJSKA","20 03 07","Bulky Municipal Waste (20 03 07)","Municipal Waste","PREBOLD","no",136.22
2024,"SAVINJSKA","20 03 07","Bulky Municipal Waste (20 03 07)","Municipal Waste","PREBOLD","yes",216.947
2024,"SAVINJSKA","20 03 07","Bulky Municipal Waste (20 03 07)","Municipal Waste","REČICA OB SAVINJI","yes",99.198
2024,"SAVINJSKA","20 03 07","Bulky Municipal Waste (20 03 07)","Municipal Waste","ROGATEC","yes",96.758
2024,"SAVINJSKA","20 03 07","Bulky Municipal Waste (20 03 07)","Municipal Waste","ROGAŠKA SLATINA","no",3.62
2024,"SAVINJSKA","20 03 07","Bulky Municipal Waste (20 03 07)","Municipal Waste","ROGAŠKA SLATINA","yes",473.087
2024,"SAVINJSKA","20 03 07","Bulky Municipal Waste (20 03 07)","Municipal Waste","SLOVENSKE KONJICE","yes",287.323
2024,"SAVINJSKA","20 03 07","Bulky Municipal Waste (20 03 07)","Municipal Waste","SOLČAVA","yes",25.814
2024,"SAVINJSKA","20 03 07","Bulky Municipal Waste (20 03 07)","Municipal Waste","TABOR","yes",0.753
2024,"SAVINJSKA","20 03 07","Bulky Municipal Waste (20 03 07)","Municipal Waste","VELENJE","no",0.27
2024,"SAVINJSKA","20 03 07","Bulky Municipal Waste (20 03 07)","Municipal Waste","VELENJE","yes",502.155
2024,"SAVINJSKA","20 03 07","Bulky Municipal Waste (20 03 07)","Municipal Waste","VITANJE","yes",62.79
2024,"SAVINJSKA","20 03 07","Bulky Municipal Waste (20 03 07)","Municipal Waste","VOJNIK","yes",1146.846
2024,"SAVINJSKA","20 03 07","Bulky Municipal Waste (20 03 07)","Municipal Waste","VRANSKO","yes",337.149
2024,"SAVINJSKA","20 03 07","Bulky Municipal Waste (20 03 07)","Municipal Waste","ZREČE","no",0.035
2024,"SAVINJSKA","20 03 07","Bulky Municipal Waste (20 03 07)","Municipal Waste","ZREČE","yes",396.56
2024,"SAVINJSKA","20 03 07","Bulky Municipal Waste (20 03 07)","Municipal Waste","ŠENTJUR","yes",133.292
2024,"SAVINJSKA","20 03 07","Bulky Municipal Waste (20 03 07)","Municipal Waste","ŠMARJE PRI JELŠAH","yes",519.746
2024,"SAVINJSKA","20 03 07","Bulky Municipal Waste (20 03 07)","Municipal Waste","ŠMARTNO OB PAKI","yes",42.745
2024,"SAVINJSKA","20 03 07","Bulky Municipal Waste (20 03 07)","Municipal Waste","ŠOŠTANJ","yes",138.971
2024,"SAVINJSKA","20 03 07","Bulky Municipal Waste (20 03 07)","Municipal Waste","ŠTORE","yes",44.655
2024,"SAVINJSKA","20 03 07","Bulky Municipal Waste (20 03 07)","Municipal Waste","ŽALEC","yes",1795.774
2024,"ZASAVSKA","15 01 01","Paper and Cardboard Packaging (15 01 01)","Packaging Waste","HRASTNIK","no",127.095
2024,"ZASAVSKA","15 01 01","Paper and Cardboard Packaging (15 01 01)","Packaging Waste","HRASTNIK","yes",191.149
2024,"ZASAVSKA","15 01 01","Paper and Cardboard Packaging (15 01 01)","Packaging Waste","LITIJA","no",61.725
2024,"ZASAVSKA","15 01 01","Paper and Cardboard Packaging (15 01 01)","Packaging Waste","LITIJA","yes",207.497
2024,"ZASAVSKA","15 01 01","Paper and Cardboard Packaging (15 01 01)","Packaging Waste","TRBOVLJE","no",71.37
2024,"ZASAVSKA","15 01 01","Paper and Cardboard Packaging (15 01 01)","Packaging Waste","TRBOVLJE","yes",165.853
2024,"ZASAVSKA","15 01 01","Paper and Cardboard Packaging (15 01 01)","Packaging Waste","ZAGORJE OB SAVI","no",167.243
2024,"ZASAVSKA","15 01 01","Paper and Cardboard Packaging (15 01 01)","Packaging Waste","ZAGORJE OB SAVI","yes",203.07
2024,"ZASAVSKA","15 01 03","Wooden Packaging (15 01 03)","Packaging Waste","HRASTNIK","no",72.613
2024,"ZASAVSKA","15 01 03","Wooden Packaging (15 01 03)","Packaging Waste","LITIJA","no",0.89
2024,"ZASAVSKA","15 01 03","Wooden Packaging (15 01 03)","Packaging Waste","TRBOVLJE","no",12.62
2024,"ZASAVSKA","15 01 03","Wooden Packaging (15 01 03)","Packaging Waste","ZAGORJE OB SAVI","no",119.445
2024,"ZASAVSKA","20 01 01","Paper and Cardboard from Municipal Waste (20 01 01)","Municipal Waste","HRASTNIK","no",22.172
2024,"ZASAVSKA","20 01 01","Paper and Cardboard from Municipal Waste (20 01 01)","Municipal Waste","HRASTNIK","yes",4.86
2024,"ZASAVSKA","20 01 01","Paper and Cardboard from Municipal Waste (20 01 01)","Municipal Waste","LITIJA","no",21.912
2024,"ZASAVSKA","20 01 01","Paper and Cardboard from Municipal Waste (20 01 01)","Municipal Waste","LITIJA","yes",196.081
2024,"ZASAVSKA","20 01 01","Paper and Cardboard from Municipal Waste (20 01 01)","Municipal Waste","TRBOVLJE","no",204.258
2024,"ZASAVSKA","20 01 01","Paper and Cardboard from Municipal Waste (20 01 01)","Municipal Waste","ZAGORJE OB SAVI","no",50.634
2024,"ZASAVSKA","20 01 01","Paper and Cardboard from Municipal Waste (20 01 01)","Municipal Waste","ZAGORJE OB SAVI","yes",100.242
2024,"ZASAVSKA","20 01 38","Non-hazardous Wood from Municipal Waste (20 01 38)","Municipal Waste","LITIJA","no",75.586
2024,"ZASAVSKA","20 01 38","Non-hazardous Wood from Municipal Waste (20 01 38)","Municipal Waste","LITIJA","yes",398.419
2024,"ZASAVSKA","20 01 38","Non-hazardous Wood from Municipal Waste (20 01 38)","Municipal Waste","TRBOVLJE","no",745.9
2024,"ZASAVSKA","20 01 38","Non-hazardous Wood from Municipal Waste (20 01 38)","Municipal Waste","ZAGORJE OB SAVI","no",0.82
2024,"ZASAVSKA","20 01 38","Non-hazardous Wood from Municipal Waste (20 01 38)","Municipal Waste","ZAGORJE OB SAVI","yes",435.08
2024,"ZASAVSKA","20 03 07","Bulky Municipal Waste (20 03 07)","Municipal Waste","HRASTNIK","yes",298.62
2024,"ZASAVSKA","20 03 07","Bulky Municipal Waste (20 03 07)","Municipal Waste","LITIJA","no",1.58
2024,"ZASAVSKA","20 03 07","Bulky Municipal Waste (20 03 07)","Municipal Waste","LITIJA","yes",519.977
2024,"ZASAVSKA","20 03 07","Bulky Municipal Waste (20 03 07)","Municipal Waste","TRBOVLJE","no",220.57
2024,"ZASAVSKA","20 03 07","Bulky Municipal Waste (20 03 07)","Municipal Waste","ZAGORJE OB SAVI","no",1.32
2024,"ZASAVSKA","20 03 07","Bulky Municipal Waste (20 03 07)","Municipal Waste","ZAGORJE OB SAVI","yes",107.74
