year,statistical_region,name_of_municipality,type_of_waste,total_waste_collected
2018,GORENJSKA,BLED,Bulky Municipal Waste (20 03 07),218.78
2018,GORENJSKA,BLED,Non-hazardous Wood from Municipal Waste (20 01 38),372.34
2018,GORENJSKA,BLED,Paper and Cardboard Packaging (15 01 01),100.206
2018,GORENJSKA,BLED,Paper and Cardboard from Municipal Waste (20 01 01),425.685
2018,GORENJSKA,BOHINJSKA BISTRICA,Bulky Municipal Waste (20 03 07),226.98
2018,GORENJSKA,BOHINJSKA BISTRICA,Paper and Cardboard Packaging (15 01 01),44
2018,GORENJSKA,BOHINJSKA BISTRICA,Paper and Cardboard from Municipal Waste (20 01 01),46.564
2018,GORENJSKA,GORENJA VAS,Bulky Municipal Waste (20 03 07),141.22
2018,GORENJSKA,GORENJA VAS,Non-hazardous Wood from Municipal Waste (20 01 38),56.78
2018,GORENJSKA,GORENJA VAS,Paper and Cardboard Packaging (15 01 01),28.291
2018,GORENJSKA,GORENJA VAS,Paper and Cardboard from Municipal Waste (20 01 01),78.477
2018,GORENJSKA,GOZD MARTULJEK,Bulky Municipal Waste (20 03 07),252.576
2018,GORENJSKA,GOZD MARTULJEK,Paper and Cardboard Packaging (15 01 01),119.444
2018,GORENJSKA,GOZD MARTULJEK,Paper and Cardboard from Municipal Waste (20 01 01),55.521
2018,GORENJSKA,JESENICE,Bulky Municipal Waste (20 03 07),1181.58
2018,GORENJSKA,JESENICE,Non-hazardous Wood from Municipal Waste (20 01 38),355.2
2018,GORENJSKA,JESENICE,Paper and Cardboard Packaging (15 01 01),136.016
2018,GORENJSKA,JESENICE,Paper and Cardboard from Municipal Waste (20 01 01),362.55
2018,GORENJSKA,KRANJ,Bulky Municipal Waste (20 03 07),649.565
2018,GORENJSKA,KRANJ,Non-hazardous Wood from Municipal Waste (20 01 38),1251.99
2018,GORENJSKA,KRANJ,Paper and Cardboard Packaging (15 01 01),536.96
2018,GORENJSKA,KRANJ,Paper and Cardboard from Municipal Waste (20 01 01),752.682
2018,GORENJSKA,KRANJ,Wooden Packaging (15 01 03),26.46
2018,GORENJSKA,RADOVLJICA,Bulky Municipal Waste (20 03 07),544.84
2018,GORENJSKA,RADOVLJICA,Non-hazardous Wood from Municipal Waste (20 01 38),478.33
2018,GORENJSKA,RADOVLJICA,Paper and Cardboard Packaging (15 01 01),177.579
2018,GORENJSKA,RADOVLJICA,Paper and Cardboard from Municipal Waste (20 01 01),371.676
2018,GORENJSKA,TRŽIČ,Bulky Municipal Waste (20 03 07),301.86
2018,GORENJSKA,TRŽIČ,Non-hazardous Wood from Municipal Waste (20 01 38),153.8
2018,GORENJSKA,TRŽIČ,Paper and Cardboard Packaging (15 01 01),113.077
2018,GORENJSKA,TRŽIČ,Paper and Cardboard from Municipal Waste (20 01 01),120.726
2018,GORENJSKA,ŠKOFJA LOKA,Bulky Municipal Waste (20 03 07),379.22
2018,GORENJSKA,ŠKOFJA LOKA,Paper and Cardboard Packaging (15 01 01),369.287
2018,GORENJSKA,ŠKOFJA LOKA,Paper and Cardboard from Municipal Waste (20 01 01),451.024
2018,GORENJSKA,ŠKOFJA LOKA,Wooden Packaging (15 01 03),102.42
2018,GORENJSKA,ŽIRI,Bulky Municipal Waste (20 03 07),40.12
2018,GORENJSKA,ŽIRI,Non-hazardous Wood from Municipal Waste (20 01 38),91.14
2018,GORENJSKA,ŽIRI,Paper and Cardboard Packaging (15 01 01),24.623
2018,GORENJSKA,ŽIRI,Paper and Cardboard from Municipal Waste (20 01 01),117.033
2018,GORENJSKA,ŽIRI,Wooden Packaging (15 01 03),14.54
2018,GORIŠKA,AJDOVŠČINA,Bulky Municipal Waste (20 03 07),303.26
2018,GORIŠKA,AJDOVŠČINA,Non-hazardous Wood from Municipal Waste (20 01 38),142.35
2018,GORIŠKA,AJDOVŠČINA,Paper and Cardboard Packaging (15 01 01),229.544
2018,GORIŠKA,AJDOVŠČINA,Paper and Cardboard from Municipal Waste (20 01 01),467.795
2018,GORIŠKA,AJDOVŠČINA,Wooden Packaging (15 01 03),3
2018,GORIŠKA,IDRIJA,Bulky Municipal Waste (20 03 07),427.26
2018,GORIŠKA,IDRIJA,Non-hazardous Wood from Municipal Waste (20 01 38),442.29
2018,GORIŠKA,IDRIJA,Paper and Cardboard Packaging (15 01 01),249.322
2018,GORIŠKA,IDRIJA,Paper and Cardboard from Municipal Waste (20 01 01),299.619
2018,GORIŠKA,NOVA GORICA,Bulky Municipal Waste (20 03 07),1829.908
2018,GORIŠKA,NOVA GORICA,Non-hazardous Wood from Municipal Waste (20 01 38),1744.62
2018,GORIŠKA,NOVA GORICA,Paper and Cardboard Packaging (15 01 01),282.246
2018,GORIŠKA,NOVA GORICA,Paper and Cardboard from Municipal Waste (20 01 01),2230.296
2018,GORIŠKA,NOVA GORICA,Wooden Packaging (15 01 03),151.086
2018,GORIŠKA,TOLMIN,Bulky Municipal Waste (20 03 07),217.29
2018,GORIŠKA,TOLMIN,Non-hazardous Wood from Municipal Waste (20 01 38),475.54
2018,GORIŠKA,TOLMIN,Paper and Cardboard Packaging (15 01 01),418.504
2018,GORIŠKA,TOLMIN,Paper and Cardboard from Municipal Waste (20 01 01),103.99
2018,GORIŠKA,TOLMIN,Wooden Packaging (15 01 03),0.2
2018,JUGOVZHODNA SLOVENIJA,KOČEVJE,Bulky Municipal Waste (20 03 07),895.24
2018,JUGOVZHODNA SLOVENIJA,KOČEVJE,Non-hazardous Wood from Municipal Waste (20 01 38),647.48
2018,JUGOVZHODNA SLOVENIJA,KOČEVJE,Paper and Cardboard Packaging (15 01 01),168.893
2018,JUGOVZHODNA SLOVENIJA,KOČEVJE,Paper and Cardboard from Municipal Waste (20 01 01),88.015
2018,JUGOVZHODNA SLOVENIJA,METLIKA,Bulky Municipal Waste (20 03 07),119.54
2018,JUGOVZHODNA SLOVENIJA,METLIKA,Non-hazardous Wood from Municipal Waste (20 01 38),188.82
2018,JUGOVZHODNA SLOVENIJA,METLIKA,Paper and Cardboard Packaging (15 01 01),124.379
2018,JUGOVZHODNA SLOVENIJA,NOVO MESTO,Bulky Municipal Waste (20 03 07),606.1
2018,JUGOVZHODNA SLOVENIJA,NOVO MESTO,Non-hazardous Wood from Municipal Waste (20 01 38),1031.76
2018,JUGOVZHODNA SLOVENIJA,NOVO MESTO,Paper and Cardboard Packaging (15 01 01),419.143
2018,JUGOVZHODNA SLOVENIJA,NOVO MESTO,Paper and Cardboard from Municipal Waste (20 01 01),315.101
2018,JUGOVZHODNA SLOVENIJA,NOVO MESTO,Wooden Packaging (15 01 03),178.83
2018,JUGOVZHODNA SLOVENIJA,RIBNICA,Bulky Municipal Waste (20 03 07),293.9
2018,JUGOVZHODNA SLOVENIJA,RIBNICA,Non-hazardous Wood from Municipal Waste (20 01 38),177.914
2018,JUGOVZHODNA SLOVENIJA,RIBNICA,Paper and Cardboard Packaging (15 01 01),90.573
2018,JUGOVZHODNA SLOVENIJA,RIBNICA,Paper and Cardboard from Municipal Waste (20 01 01),58.887
2018,JUGOVZHODNA SLOVENIJA,TREBNJE,Bulky Municipal Waste (20 03 07),215.36
2018,JUGOVZHODNA SLOVENIJA,TREBNJE,Non-hazardous Wood from Municipal Waste (20 01 38),301.88
2018,JUGOVZHODNA SLOVENIJA,TREBNJE,Paper and Cardboard Packaging (15 01 01),126.953
2018,JUGOVZHODNA SLOVENIJA,TREBNJE,Paper and Cardboard from Municipal Waste (20 01 01),50.2
2018,JUGOVZHODNA SLOVENIJA,ČRNOMELJ,Bulky Municipal Waste (20 03 07),382.23
2018,JUGOVZHODNA SLOVENIJA,ČRNOMELJ,Non-hazardous Wood from Municipal Waste (20 01 38),25.32
2018,JUGOVZHODNA SLOVENIJA,ČRNOMELJ,Paper and Cardboard Packaging (15 01 01),172.591
2018,JUGOVZHODNA SLOVENIJA,ČRNOMELJ,Paper and Cardboard from Municipal Waste (20 01 01),67.185
2018,KOROŠKA,DRAVOGRAD,Bulky Municipal Waste (20 03 07),239.82
2018,KOROŠKA,DRAVOGRAD,Paper and Cardboard Packaging (15 01 01),81.124
2018,KOROŠKA,DRAVOGRAD,Paper and Cardboard from Municipal Waste (20 01 01),8.66
2018,KOROŠKA,RADLJE OB DRAVI,Bulky Municipal Waste (20 03 07),263.14
2018,KOROŠKA,RADLJE OB DRAVI,Paper and Cardboard Packaging (15 01 01),39.852
2018,KOROŠKA,RADLJE OB DRAVI,Paper and Cardboard from Municipal Waste (20 01 01),54.978
2018,KOROŠKA,RAVNE NA KOROŠKEM,Bulky Municipal Waste (20 03 07),607.7
2018,KOROŠKA,RAVNE NA KOROŠKEM,Paper and Cardboard Packaging (15 01 01),26.86
2018,KOROŠKA,RAVNE NA KOROŠKEM,Paper and Cardboard from Municipal Waste (20 01 01),146.02
2018,KOROŠKA,SLOVENJ GRADEC,Bulky Municipal Waste (20 03 07),712.45
2018,KOROŠKA,SLOVENJ GRADEC,Paper and Cardboard Packaging (15 01 01),136.362
2018,KOROŠKA,SLOVENJ GRADEC,Paper and Cardboard from Municipal Waste (20 01 01),6.7
2018,OBALNO-KRAŠKA,IZOLA,Bulky Municipal Waste (20 03 07),252.32
2018,OBALNO-KRAŠKA,IZOLA,Non-hazardous Wood from Municipal Waste (20 01 38),588.62
2018,OBALNO-KRAŠKA,IZOLA,Paper and Cardboard Packaging (15 01 01),159.779
2018,OBALNO-KRAŠKA,IZOLA,Paper and Cardboard from Municipal Waste (20 01 01),408.269
2018,OBALNO-KRAŠKA,IZOLA,Wooden Packaging (15 01 03),17.17
2018,OBALNO-KRAŠKA,KOPER,Bulky Municipal Waste (20 03 07),374.66
2018,OBALNO-KRAŠKA,KOPER,Non-hazardous Wood from Municipal Waste (20 01 38),1811.62
2018,OBALNO-KRAŠKA,KOPER,Paper and Cardboard Packaging (15 01 01),335.896
2018,OBALNO-KRAŠKA,KOPER,Paper and Cardboard from Municipal Waste (20 01 01),1312.966
2018,OBALNO-KRAŠKA,PIRAN,Bulky Municipal Waste (20 03 07),278.56
2018,OBALNO-KRAŠKA,PIRAN,Non-hazardous Wood from Municipal Waste (20 01 38),650.79
2018,OBALNO-KRAŠKA,PIRAN,Paper and Cardboard Packaging (15 01 01),566.171
2018,OBALNO-KRAŠKA,PIRAN,Paper and Cardboard from Municipal Waste (20 01 01),174.854
2018,OBALNO-KRAŠKA,SEŽANA,Bulky Municipal Waste (20 03 07),280.36
2018,OBALNO-KRAŠKA,SEŽANA,Non-hazardous Wood from Municipal Waste (20 01 38),434.06
2018,OBALNO-KRAŠKA,SEŽANA,Paper and Cardboard Packaging (15 01 01),214.214
2018,OBALNO-KRAŠKA,SEŽANA,Paper and Cardboard from Municipal Waste (20 01 01),807.648
2018,OSREDNJESLOVENSKA,DOMŽALE,Bulky Municipal Waste (20 03 07),1116.86
2018,OSREDNJESLOVENSKA,DOMŽALE,Non-hazardous Wood from Municipal Waste (20 01 38),1.71
2018,OSREDNJESLOVENSKA,DOMŽALE,Paper and Cardboard Packaging (15 01 01),636.404
2018,OSREDNJESLOVENSKA,DOMŽALE,Paper and Cardboard from Municipal Waste (20 01 01),1080.152
2018,OSREDNJESLOVENSKA,GROSUPLJE,Bulky Municipal Waste (20 03 07),459.16
2018,OSREDNJESLOVENSKA,GROSUPLJE,Non-hazardous Wood from Municipal Waste (20 01 38),542.55
2018,OSREDNJESLOVENSKA,GROSUPLJE,Paper and Cardboard Packaging (15 01 01),285.144
2018,OSREDNJESLOVENSKA,GROSUPLJE,Paper and Cardboard from Municipal Waste (20 01 01),910.666
2018,OSREDNJESLOVENSKA,GROSUPLJE,Wooden Packaging (15 01 03),52.36
2018,OSREDNJESLOVENSKA,LJUBLJANA,Bulky Municipal Waste (20 03 07),9901.119999999999
2018,OSREDNJESLOVENSKA,LJUBLJANA,Non-hazardous Wood from Municipal Waste (20 01 38),6191.34
2018,OSREDNJESLOVENSKA,LJUBLJANA,Paper and Cardboard Packaging (15 01 01),3643.709
2018,OSREDNJESLOVENSKA,LJUBLJANA,Paper and Cardboard from Municipal Waste (20 01 01),12521.181
2018,OSREDNJESLOVENSKA,LJUBLJANA,Wooden Packaging (15 01 03),290.95
2018,OSREDNJESLOVENSKA,LOGATEC,Bulky Municipal Waste (20 03 07),286.91
2018,OSREDNJESLOVENSKA,LOGATEC,Non-hazardous Wood from Municipal Waste (20 01 38),294.23
2018,OSREDNJESLOVENSKA,LOGATEC,Paper and Cardboard Packaging (15 01 01),123.826
2018,OSREDNJESLOVENSKA,LOGATEC,Paper and Cardboard from Municipal Waste (20 01 01),209.661
2018,OSREDNJESLOVENSKA,VRHNIKA,Bulky Municipal Waste (20 03 07),191.72
2018,OSREDNJESLOVENSKA,VRHNIKA,Non-hazardous Wood from Municipal Waste (20 01 38),664.62
2018,OSREDNJESLOVENSKA,VRHNIKA,Paper and Cardboard Packaging (15 01 01),143.281
2018,OSREDNJESLOVENSKA,VRHNIKA,Paper and Cardboard from Municipal Waste (20 01 01),793.715
2018,OSREDNJESLOVENSKA,VRHNIKA,Wooden Packaging (15 01 03),0.459
2018,PODRAVSKA,MARIBOR,Bulky Municipal Waste (20 03 07),2760.19
2018,PODRAVSKA,MARIBOR,Non-hazardous Wood from Municipal Waste (20 01 38),4700.491
2018,PODRAVSKA,MARIBOR,Paper and Cardboard Packaging (15 01 01),606.05
2018,PODRAVSKA,MARIBOR,Paper and Cardboard from Municipal Waste (20 01 01),3430.557
2018,PODRAVSKA,MARIBOR,Wooden Packaging (15 01 03),20.76
2018,PODRAVSKA,ORMOŽ,Bulky Municipal Waste (20 03 07),201.92
2018,PODRAVSKA,ORMOŽ,Non-hazardous Wood from Municipal Waste (20 01 38),62.42
2018,PODRAVSKA,ORMOŽ,Paper and Cardboard Packaging (15 01 01),113.394
2018,PODRAVSKA,ORMOŽ,Paper and Cardboard from Municipal Waste (20 01 01),114.806
2018,PODRAVSKA,PTUJ,Bulky Municipal Waste (20 03 07),2389.064
2018,PODRAVSKA,PTUJ,Non-hazardous Wood from Municipal Waste (20 01 38),657.586
2018,PODRAVSKA,PTUJ,Paper and Cardboard Packaging (15 01 01),653.961
2018,PODRAVSKA,PTUJ,Paper and Cardboard from Municipal Waste (20 01 01),1515.664
2018,PODRAVSKA,SLOVENSKA BISTRICA,Bulky Municipal Waste (20 03 07),14.17
2018,PODRAVSKA,SLOVENSKA BISTRICA,Non-hazardous Wood from Municipal Waste (20 01 38),1426.66
2018,PODRAVSKA,SLOVENSKA BISTRICA,Paper and Cardboard Packaging (15 01 01),358.77
2018,PODRAVSKA,SLOVENSKA BISTRICA,Paper and Cardboard from Municipal Waste (20 01 01),537.96
2018,POMURSKA,LENDAVA,Bulky Municipal Waste (20 03 07),183.78
2018,POMURSKA,LENDAVA,Non-hazardous Wood from Municipal Waste (20 01 38),2.6
2018,POMURSKA,LENDAVA,Paper and Cardboard Packaging (15 01 01),69.902
2018,POMURSKA,LENDAVA,Paper and Cardboard from Municipal Waste (20 01 01),165.738
2018,POMURSKA,LJUTOMER,Bulky Municipal Waste (20 03 07),1281.96
2018,POMURSKA,LJUTOMER,Non-hazardous Wood from Municipal Waste (20 01 38),30.22
2018,POMURSKA,LJUTOMER,Paper and Cardboard Packaging (15 01 01),111.02
2018,POMURSKA,LJUTOMER,Paper and Cardboard from Municipal Waste (20 01 01),197.777
2018,POMURSKA,MURSKA SOBOTA,Bulky Municipal Waste (20 03 07),4048.636
2018,POMURSKA,MURSKA SOBOTA,Non-hazardous Wood from Municipal Waste (20 01 38),773.003
2018,POMURSKA,MURSKA SOBOTA,Paper and Cardboard Packaging (15 01 01),836.9590000000001
2018,POMURSKA,MURSKA SOBOTA,Paper and Cardboard from Municipal Waste (20 01 01),2445.777
2018,POMURSKA,MURSKA SOBOTA,Wooden Packaging (15 01 03),863.884
2018,POMURSKA,PUCONCI,Bulky Municipal Waste (20 03 07),158.848
2018,POMURSKA,PUCONCI,Non-hazardous Wood from Municipal Waste (20 01 38),4.72
2018,POMURSKA,PUCONCI,Paper and Cardboard Packaging (15 01 01),28.96
2018,POMURSKA,PUCONCI,Paper and Cardboard from Municipal Waste (20 01 01),31.62
2018,POMURSKA,VELIKA POLANA,Bulky Municipal Waste (20 03 07),14.88
2018,POMURSKA,VELIKA POLANA,Non-hazardous Wood from Municipal Waste (20 01 38),3.02
2018,POMURSKA,VELIKA POLANA,Paper and Cardboard from Municipal Waste (20 01 01),6.86
2018,POSAVSKA,BREŽICE,Paper and Cardboard Packaging (15 01 01),142.996
2018,POSAVSKA,BREŽICE,Paper and Cardboard from Municipal Waste (20 01 01),205.784
2018,POSAVSKA,KRŠKO,Bulky Municipal Waste (20 03 07),226.265
2018,POSAVSKA,KRŠKO,Non-hazardous Wood from Municipal Waste (20 01 38),699.46
2018,POSAVSKA,KRŠKO,Paper and Cardboard Packaging (15 01 01),526.6
2018,POSAVSKA,KRŠKO,Paper and Cardboard from Municipal Waste (20 01 01),133.3
2018,POSAVSKA,KRŠKO,Wooden Packaging (15 01 03),137.48
2018,POSAVSKA,RADEČE,Bulky Municipal Waste (20 03 07),64.62
2018,POSAVSKA,RADEČE,Non-hazardous Wood from Municipal Waste (20 01 38),62.8
2018,POSAVSKA,RADEČE,Paper and Cardboard Packaging (15 01 01),29.45
2018,POSAVSKA,RADEČE,Paper and Cardboard from Municipal Waste (20 01 01),34.69
2018,POSAVSKA,SEVNICA,Bulky Municipal Waste (20 03 07),111.7
2018,POSAVSKA,SEVNICA,Non-hazardous Wood from Municipal Waste (20 01 38),236.33
2018,POSAVSKA,SEVNICA,Paper and Cardboard Packaging (15 01 01),117.43
2018,POSAVSKA,SEVNICA,Paper and Cardboard from Municipal Waste (20 01 01),242.54
2018,POSAVSKA,SEVNICA,Wooden Packaging (15 01 03),5.86
2018,PRIMORSKO-NOTRANJSKA,CERKNICA,Bulky Municipal Waste (20 03 07),207.62
2018,PRIMORSKO-NOTRANJSKA,CERKNICA,Non-hazardous Wood from Municipal Waste (20 01 38),386.77
2018,PRIMORSKO-NOTRANJSKA,CERKNICA,Paper and Cardboard Packaging (15 01 01),71.405
2018,PRIMORSKO-NOTRANJSKA,CERKNICA,Paper and Cardboard from Municipal Waste (20 01 01),257.049
2018,PRIMORSKO-NOTRANJSKA,ILIRSKA BISTRICA,Bulky Municipal Waste (20 03 07),669
2018,PRIMORSKO-NOTRANJSKA,ILIRSKA BISTRICA,Non-hazardous Wood from Municipal Waste (20 01 38),207.22
2018,PRIMORSKO-NOTRANJSKA,ILIRSKA BISTRICA,Paper and Cardboard Packaging (15 01 01),116.44
2018,PRIMORSKO-NOTRANJSKA,ILIRSKA BISTRICA,Paper and Cardboard from Municipal Waste (20 01 01),160.044
2018,PRIMORSKO-NOTRANJSKA,NOVA VAS,Bulky Municipal Waste (20 03 07),1.12
2018,PRIMORSKO-NOTRANJSKA,NOVA VAS,Paper and Cardboard Packaging (15 01 01),9.005
2018,SAVINJSKA,CELJE,Bulky Municipal Waste (20 03 07),6784.81
2018,SAVINJSKA,CELJE,Non-hazardous Wood from Municipal Waste (20 01 38),673.469
2018,SAVINJSKA,CELJE,Paper and Cardboard Packaging (15 01 01),501.02
2018,SAVINJSKA,CELJE,Paper and Cardboard from Municipal Waste (20 01 01),3072.97
2018,SAVINJSKA,LAŠKO,Bulky Municipal Waste (20 03 07),339.98
2018,SAVINJSKA,LAŠKO,Paper and Cardboard Packaging (15 01 01),139.078
2018,SAVINJSKA,MOZIRJE,Bulky Municipal Waste (20 03 07),199.86
2018,SAVINJSKA,MOZIRJE,Paper and Cardboard Packaging (15 01 01),27.776
2018,SAVINJSKA,MOZIRJE,Paper and Cardboard from Municipal Waste (20 01 01),64.128
2018,SAVINJSKA,ROGAŠKA SLATINA,Bulky Municipal Waste (20 03 07),649.36
2018,SAVINJSKA,ROGAŠKA SLATINA,Non-hazardous Wood from Municipal Waste (20 01 38),52.3
2018,SAVINJSKA,ROGAŠKA SLATINA,Paper and Cardboard Packaging (15 01 01),164.397
2018,SAVINJSKA,ROGAŠKA SLATINA,Paper and Cardboard from Municipal Waste (20 01 01),249.483
2018,SAVINJSKA,ROGAŠKA SLATINA,Wooden Packaging (15 01 03),0.12
2018,SAVINJSKA,SLOVENSKE KONJICE,Bulky Municipal Waste (20 03 07),203.06
2018,SAVINJSKA,SLOVENSKE KONJICE,Non-hazardous Wood from Municipal Waste (20 01 38),210.58
2018,SAVINJSKA,SLOVENSKE KONJICE,Paper and Cardboard Packaging (15 01 01),147.9
2018,SAVINJSKA,SLOVENSKE KONJICE,Paper and Cardboard from Municipal Waste (20 01 01),267.12
2018,SAVINJSKA,VELENJE,Bulky Municipal Waste (20 03 07),637.39
2018,SAVINJSKA,VELENJE,Non-hazardous Wood from Municipal Waste (20 01 38),1296.498
2018,SAVINJSKA,VELENJE,Paper and Cardboard Packaging (15 01 01),274.765
2018,SAVINJSKA,VELENJE,Paper and Cardboard from Municipal Waste (20 01 01),889.02
2018,ZASAVSKA,HRASTNIK,Bulky Municipal Waste (20 03 07),241.58
2018,ZASAVSKA,HRASTNIK,Paper and Cardboard Packaging (15 01 01),39.38
2018,ZASAVSKA,HRASTNIK,Paper and Cardboard from Municipal Waste (20 01 01),54.15
2018,ZASAVSKA,LITIJA,Bulky Municipal Waste (20 03 07),550.23
2018,ZASAVSKA,LITIJA,Non-hazardous Wood from Municipal Waste (20 01 38),258.5
2018,ZASAVSKA,LITIJA,Paper and Cardboard Packaging (15 01 01),140.774
2018,ZASAVSKA,LITIJA,Paper and Cardboard from Municipal Waste (20 01 01),145.13
2018,ZASAVSKA,TRBOVLJE,Bulky Municipal Waste (20 03 07),165.54
2018,ZASAVSKA,TRBOVLJE,Non-hazardous Wood from Municipal Waste (20 01 38),442.84
2018,ZASAVSKA,TRBOVLJE,Paper and Cardboard Packaging (15 01 01),103.28
2018,ZASAVSKA,TRBOVLJE,Paper and Cardboard from Municipal Waste (20 01 01),54.86
2018,ZASAVSKA,TRBOVLJE,Wooden Packaging (15 01 03),0.38
2018,ZASAVSKA,ZAGORJE OB SAVI,Bulky Municipal Waste (20 03 07),111.7
2018,ZASAVSKA,ZAGORJE OB SAVI,Non-hazardous Wood from Municipal Waste (20 01 38),303.38
2018,ZASAVSKA,ZAGORJE OB SAVI,Paper and Cardboard Packaging (15 01 01),84.02
2018,ZASAVSKA,ZAGORJE OB SAVI,Paper and Cardboard from Municipal Waste (20 01 01),173.847
2019,GORENJSKA,BLED,Bulky Municipal Waste (20 03 07),245.09
2019,GORENJSKA,BLED,Non-hazardous Wood from Municipal Waste (20 01 38),540.58
2019,GORENJSKA,BLED,Paper and Cardboard Packaging (15 01 01),127.947
2019,GORENJSKA,BLED,Paper and Cardboard from Municipal Waste (20 01 01),258.87
2019,GORENJSKA,BOHINJSKA BISTRICA,Bulky Municipal Waste (20 03 07),292.9
2019,GORENJSKA,BOHINJSKA BISTRICA,Paper and Cardboard Packaging (15 01 01),50
2019,GORENJSKA,BOHINJSKA BISTRICA,Paper and Cardboard from Municipal Waste (20 01 01),93.797
2019,GORENJSKA,GORENJA VAS,Bulky Municipal Waste (20 03 07),143.94
2019,GORENJSKA,GORENJA VAS,Non-hazardous Wood from Municipal Waste (20 01 38),78.58
2019,GORENJSKA,GORENJA VAS,Paper and Cardboard Packaging (15 01 01),32.814
2019,GORENJSKA,GORENJA VAS,Paper and Cardboard from Municipal Waste (20 01 01),88.44
2019,GORENJSKA,GOZD MARTULJEK,Bulky Municipal Waste (20 03 07),293.54
2019,GORENJSKA,GOZD MARTULJEK,Non-hazardous Wood from Municipal Waste (20 01 38),9.34
2019,GORENJSKA,GOZD MARTULJEK,Paper and Cardboard Packaging (15 01 01),121.205
2019,GORENJSKA,GOZD MARTULJEK,Paper and Cardboard from Municipal Waste (20 01 01),54.662
2019,GORENJSKA,GOZD MARTULJEK,Wooden Packaging (15 01 03),84.19
2019,GORENJSKA,JESENICE,Bulky Municipal Waste (20 03 07),1401.16
2019,GORENJSKA,JESENICE,Non-hazardous Wood from Municipal Waste (20 01 38),474.61
2019,GORENJSKA,JESENICE,Paper and Cardboard Packaging (15 01 01),114.25
2019,GORENJSKA,JESENICE,Paper and Cardboard from Municipal Waste (20 01 01),383.467
2019,GORENJSKA,JESENICE,Wooden Packaging (15 01 03),23.32
2019,GORENJSKA,KRANJ,Bulky Municipal Waste (20 03 07),825.947
2019,GORENJSKA,KRANJ,Non-hazardous Wood from Municipal Waste (20 01 38),1233.19
2019,GORENJSKA,KRANJ,Paper and Cardboard Packaging (15 01 01),683.354
2019,GORENJSKA,KRANJ,Paper and Cardboard from Municipal Waste (20 01 01),662.871
2019,GORENJSKA,KRANJ,Wooden Packaging (15 01 03),30.229
2019,GORENJSKA,RADOVLJICA,Bulky Municipal Waste (20 03 07),640.86
2019,GORENJSKA,RADOVLJICA,Non-hazardous Wood from Municipal Waste (20 01 38),569.03
2019,GORENJSKA,RADOVLJICA,Paper and Cardboard Packaging (15 01 01),160.21
2019,GORENJSKA,RADOVLJICA,Paper and Cardboard from Municipal Waste (20 01 01),412.064
2019,GORENJSKA,TRŽIČ,Bulky Municipal Waste (20 03 07),494.14
2019,GORENJSKA,TRŽIČ,Non-hazardous Wood from Municipal Waste (20 01 38),225.9
2019,GORENJSKA,TRŽIČ,Paper and Cardboard Packaging (15 01 01),121.78
2019,GORENJSKA,TRŽIČ,Paper and Cardboard from Municipal Waste (20 01 01),97.442
2019,GORENJSKA,ŠKOFJA LOKA,Bulky Municipal Waste (20 03 07),430.86
2019,GORENJSKA,ŠKOFJA LOKA,Paper and Cardboard Packaging (15 01 01),359.42
2019,GORENJSKA,ŠKOFJA LOKA,Paper and Cardboard from Municipal Waste (20 01 01),447.779
2019,GORENJSKA,ŠKOFJA LOKA,Wooden Packaging (15 01 03),281.91
2019,GORENJSKA,ŽIRI,Bulky Municipal Waste (20 03 07),156.46
2019,GORENJSKA,ŽIRI,Non-hazardous Wood from Municipal Waste (20 01 38),101.66
2019,GORENJSKA,ŽIRI,Paper and Cardboard Packaging (15 01 01),29.394
2019,GORENJSKA,ŽIRI,Paper and Cardboard from Municipal Waste (20 01 01),103.59
2019,GORIŠKA,AJDOVŠČINA,Bulky Municipal Waste (20 03 07),344.669
2019,GORIŠKA,AJDOVŠČINA,Non-hazardous Wood from Municipal Waste (20 01 38),124.07
2019,GORIŠKA,AJDOVŠČINA,Paper and Cardboard Packaging (15 01 01),241.305
2019,GORIŠKA,AJDOVŠČINA,Paper and Cardboard from Municipal Waste (20 01 01),484.385
2019,GORIŠKA,IDRIJA,Bulky Municipal Waste (20 03 07),381.26
2019,GORIŠKA,IDRIJA,Non-hazardous Wood from Municipal Waste (20 01 38),496.71
2019,GORIŠKA,IDRIJA,Paper and Cardboard Packaging (15 01 01),304.32
2019,GORIŠKA,IDRIJA,Paper and Cardboard from Municipal Waste (20 01 01),235.067
2019,GORIŠKA,NOVA GORICA,Bulky Municipal Waste (20 03 07),1842.05
2019,GORIŠKA,NOVA GORICA,Non-hazardous Wood from Municipal Waste (20 01 38),1435.8
2019,GORIŠKA,NOVA GORICA,Paper and Cardboard Packaging (15 01 01),356.073
2019,GORIŠKA,NOVA GORICA,Paper and Cardboard from Municipal Waste (20 01 01),1642.029
2019,GORIŠKA,NOVA GORICA,Wooden Packaging (15 01 03),17.328
2019,GORIŠKA,TOLMIN,Bulky Municipal Waste (20 03 07),227.03
2019,GORIŠKA,TOLMIN,Non-hazardous Wood from Municipal Waste (20 01 38),523.22
2019,GORIŠKA,TOLMIN,Paper and Cardboard Packaging (15 01 01),316.378
2019,GORIŠKA,TOLMIN,Paper and Cardboard from Municipal Waste (20 01 01),267.478
2019,JUGOVZHODNA SLOVENIJA,KOČEVJE,Bulky Municipal Waste (20 03 07),523.9
2019,JUGOVZHODNA SLOVENIJA,KOČEVJE,Non-hazardous Wood from Municipal Waste (20 01 38),533.01
2019,JUGOVZHODNA SLOVENIJA,KOČEVJE,Paper and Cardboard Packaging (15 01 01),196.26
2019,JUGOVZHODNA SLOVENIJA,KOČEVJE,Paper and Cardboard from Municipal Waste (20 01 01),97.786
2019,JUGOVZHODNA SLOVENIJA,METLIKA,Bulky Municipal Waste (20 03 07),304.57
2019,JUGOVZHODNA SLOVENIJA,METLIKA,Non-hazardous Wood from Municipal Waste (20 01 38),303.68
2019,JUGOVZHODNA SLOVENIJA,METLIKA,Paper and Cardboard Packaging (15 01 01),145.26
2019,JUGOVZHODNA SLOVENIJA,METLIKA,Paper and Cardboard from Municipal Waste (20 01 01),11.14
2019,JUGOVZHODNA SLOVENIJA,NOVO MESTO,Bulky Municipal Waste (20 03 07),913.73
2019,JUGOVZHODNA SLOVENIJA,NOVO MESTO,Non-hazardous Wood from Municipal Waste (20 01 38),1283.46
2019,JUGOVZHODNA SLOVENIJA,NOVO MESTO,Paper and Cardboard Packaging (15 01 01),690.317
2019,JUGOVZHODNA SLOVENIJA,NOVO MESTO,Paper and Cardboard from Municipal Waste (20 01 01),212.407
2019,JUGOVZHODNA SLOVENIJA,NOVO MESTO,Wooden Packaging (15 01 03),61.58
2019,JUGOVZHODNA SLOVENIJA,RIBNICA,Bulky Municipal Waste (20 03 07),409.82
2019,JUGOVZHODNA SLOVENIJA,RIBNICA,Non-hazardous Wood from Municipal Waste (20 01 38),293.3
2019,JUGOVZHODNA SLOVENIJA,RIBNICA,Paper and Cardboard Packaging (15 01 01),88.965
2019,JUGOVZHODNA SLOVENIJA,RIBNICA,Paper and Cardboard from Municipal Waste (20 01 01),92.053
2019,JUGOVZHODNA SLOVENIJA,TREBNJE,Bulky Municipal Waste (20 03 07),210.86
2019,JUGOVZHODNA SLOVENIJA,TREBNJE,Non-hazardous Wood from Municipal Waste (20 01 38),386.34
2019,JUGOVZHODNA SLOVENIJA,TREBNJE,Paper and Cardboard Packaging (15 01 01),114.12
2019,JUGOVZHODNA SLOVENIJA,TREBNJE,Paper and Cardboard from Municipal Waste (20 01 01),86.28
2019,JUGOVZHODNA SLOVENIJA,ČRNOMELJ,Bulky Municipal Waste (20 03 07),376.11
2019,JUGOVZHODNA SLOVENIJA,ČRNOMELJ,Paper and Cardboard Packaging (15 01 01),182.72
2019,JUGOVZHODNA SLOVENIJA,ČRNOMELJ,Paper and Cardboard from Municipal Waste (20 01 01),37.16
2019,KOROŠKA,DRAVOGRAD,Bulky Municipal Waste (20 03 07),272.14
2019,KOROŠKA,DRAVOGRAD,Paper and Cardboard Packaging (15 01 01),119.63
2019,KOROŠKA,DRAVOGRAD,Paper and Cardboard from Municipal Waste (20 01 01),30.526
2019,KOROŠKA,RADLJE OB DRAVI,Bulky Municipal Waste (20 03 07),318.58
2019,KOROŠKA,RADLJE OB DRAVI,Paper and Cardboard Packaging (15 01 01),46.752
2019,KOROŠKA,RADLJE OB DRAVI,Paper and Cardboard from Municipal Waste (20 01 01),104.208
2019,KOROŠKA,RAVNE NA KOROŠKEM,Bulky Municipal Waste (20 03 07),706.7
2019,KOROŠKA,RAVNE NA KOROŠKEM,Paper and Cardboard Packaging (15 01 01),47.682
2019,KOROŠKA,RAVNE NA KOROŠKEM,Paper and Cardboard from Municipal Waste (20 01 01),235.067
2019,KOROŠKA,SLOVENJ GRADEC,Bulky Municipal Waste (20 03 07),893.13
2019,KOROŠKA,SLOVENJ GRADEC,Paper and Cardboard Packaging (15 01 01),182.26
2019,KOROŠKA,SLOVENJ GRADEC,Paper and Cardboard from Municipal Waste (20 01 01),6.42
2019,OBALNO-KRAŠKA,IZOLA,Bulky Municipal Waste (20 03 07),377.7
2019,OBALNO-KRAŠKA,IZOLA,Non-hazardous Wood from Municipal Waste (20 01 38),754.88
2019,OBALNO-KRAŠKA,IZOLA,Paper and Cardboard Packaging (15 01 01),256.102
2019,OBALNO-KRAŠKA,IZOLA,Paper and Cardboard from Municipal Waste (20 01 01),285.756
2019,OBALNO-KRAŠKA,IZOLA,Wooden Packaging (15 01 03),11
2019,OBALNO-KRAŠKA,KOPER,Bulky Municipal Waste (20 03 07),386.27
2019,OBALNO-KRAŠKA,KOPER,Non-hazardous Wood from Municipal Waste (20 01 38),2003.48
2019,OBALNO-KRAŠKA,KOPER,Paper and Cardboard Packaging (15 01 01),389.832
2019,OBALNO-KRAŠKA,KOPER,Paper and Cardboard from Municipal Waste (20 01 01),1125.506
2019,OBALNO-KRAŠKA,PIRAN,Bulky Municipal Waste (20 03 07),334.78
2019,OBALNO-KRAŠKA,PIRAN,Non-hazardous Wood from Municipal Waste (20 01 38),591.47
2019,OBALNO-KRAŠKA,PIRAN,Paper and Cardboard Packaging (15 01 01),586.066
2019,OBALNO-KRAŠKA,PIRAN,Paper and Cardboard from Municipal Waste (20 01 01),139.114
2019,OBALNO-KRAŠKA,SEŽANA,Bulky Municipal Waste (20 03 07),217.38
2019,OBALNO-KRAŠKA,SEŽANA,Non-hazardous Wood from Municipal Waste (20 01 38),277.08
2019,OBALNO-KRAŠKA,SEŽANA,Paper and Cardboard Packaging (15 01 01),257.992
2019,OBALNO-KRAŠKA,SEŽANA,Paper and Cardboard from Municipal Waste (20 01 01),674.212
2019,OSREDNJESLOVENSKA,DOMŽALE,Bulky Municipal Waste (20 03 07),1683.26
2019,OSREDNJESLOVENSKA,DOMŽALE,Non-hazardous Wood from Municipal Waste (20 01 38),1394.163
2019,OSREDNJESLOVENSKA,DOMŽALE,Paper and Cardboard Packaging (15 01 01),607.03
2019,OSREDNJESLOVENSKA,DOMŽALE,Paper and Cardboard from Municipal Waste (20 01 01),1154.892
2019,OSREDNJESLOVENSKA,GROSUPLJE,Bulky Municipal Waste (20 03 07),543.8
2019,OSREDNJESLOVENSKA,GROSUPLJE,Non-hazardous Wood from Municipal Waste (20 01 38),608.83
2019,OSREDNJESLOVENSKA,GROSUPLJE,Paper and Cardboard Packaging (15 01 01),295.266
2019,OSREDNJESLOVENSKA,GROSUPLJE,Paper and Cardboard from Municipal Waste (20 01 01),949.8
2019,OSREDNJESLOVENSKA,GROSUPLJE,Wooden Packaging (15 01 03),59.92
2019,OSREDNJESLOVENSKA,LJUBLJANA,Bulky Municipal Waste (20 03 07),10538.07
2019,OSREDNJESLOVENSKA,LJUBLJANA,Non-hazardous Wood from Municipal Waste (20 01 38),7018.3499999999995
2019,OSREDNJESLOVENSKA,LJUBLJANA,Paper and Cardboard Packaging (15 01 01),3340.148
2019,OSREDNJESLOVENSKA,LJUBLJANA,Paper and Cardboard from Municipal Waste (20 01 01),12299.958999999999
2019,OSREDNJESLOVENSKA,LJUBLJANA,Wooden Packaging (15 01 03),288.31
2019,OSREDNJESLOVENSKA,LOGATEC,Bulky Municipal Waste (20 03 07),140.77
2019,OSREDNJESLOVENSKA,LOGATEC,Non-hazardous Wood from Municipal Waste (20 01 38),322.67
2019,OSREDNJESLOVENSKA,LOGATEC,Paper and Cardboard Packaging (15 01 01),134.5
2019,OSREDNJESLOVENSKA,LOGATEC,Paper and Cardboard from Municipal Waste (20 01 01),201.392
2019,OSREDNJESLOVENSKA,VRHNIKA,Bulky Municipal Waste (20 03 07),239.58
2019,OSREDNJESLOVENSKA,VRHNIKA,Non-hazardous Wood from Municipal Waste (20 01 38),597.45
2019,OSREDNJESLOVENSKA,VRHNIKA,Paper and Cardboard Packaging (15 01 01),164.319
2019,OSREDNJESLOVENSKA,VRHNIKA,Paper and Cardboard from Municipal Waste (20 01 01),786.966
2019,PODRAVSKA,MARIBOR,Bulky Municipal Waste (20 03 07),3086.11
2019,PODRAVSKA,MARIBOR,Non-hazardous Wood from Municipal Waste (20 01 38),5386.28
2019,PODRAVSKA,MARIBOR,Paper and Cardboard Packaging (15 01 01),649.668
2019,PODRAVSKA,MARIBOR,Paper and Cardboard from Municipal Waste (20 01 01),3353.598
2019,PODRAVSKA,MARIBOR,Wooden Packaging (15 01 03),16.24
2019,PODRAVSKA,ORMOŽ,Bulky Municipal Waste (20 03 07),262.48
2019,PODRAVSKA,ORMOŽ,Non-hazardous Wood from Municipal Waste (20 01 38),6.16
2019,PODRAVSKA,ORMOŽ,Paper and Cardboard Packaging (15 01 01),118.974
2019,PODRAVSKA,ORMOŽ,Paper and Cardboard from Municipal Waste (20 01 01),116.326
2019,PODRAVSKA,PTUJ,Bulky Municipal Waste (20 03 07),2718.4889999999996
2019,PODRAVSKA,PTUJ,Non-hazardous Wood from Municipal Waste (20 01 38),1756.775
2019,PODRAVSKA,PTUJ,Paper and Cardboard Packaging (15 01 01),639.698
2019,PODRAVSKA,PTUJ,Paper and Cardboard from Municipal Waste (20 01 01),1697.1299999999999
2019,PODRAVSKA,SLOVENSKA BISTRICA,Bulky Municipal Waste (20 03 07),25.95
2019,PODRAVSKA,SLOVENSKA BISTRICA,Non-hazardous Wood from Municipal Waste (20 01 38),600.82
2019,PODRAVSKA,SLOVENSKA BISTRICA,Paper and Cardboard Packaging (15 01 01),358.365
2019,PODRAVSKA,SLOVENSKA BISTRICA,Paper and Cardboard from Municipal Waste (20 01 01),473.39
2019,POMURSKA,GORNJA RADGONA,Bulky Municipal Waste (20 03 07),245.55
2019,POMURSKA,GORNJA RADGONA,Non-hazardous Wood from Municipal Waste (20 01 38),75.38
2019,POMURSKA,GORNJA RADGONA,Paper and Cardboard Packaging (15 01 01),52.87
2019,POMURSKA,GORNJA RADGONA,Paper and Cardboard from Municipal Waste (20 01 01),211.98
2019,POMURSKA,LENDAVA,Bulky Municipal Waste (20 03 07),158.5
2019,POMURSKA,LENDAVA,Paper and Cardboard Packaging (15 01 01),89.849
2019,POMURSKA,LENDAVA,Paper and Cardboard from Municipal Waste (20 01 01),135.06
2019,POMURSKA,LJUTOMER,Bulky Municipal Waste (20 03 07),1297.56
2019,POMURSKA,LJUTOMER,Non-hazardous Wood from Municipal Waste (20 01 38),107.89
2019,POMURSKA,LJUTOMER,Paper and Cardboard Packaging (15 01 01),131.4
2019,POMURSKA,LJUTOMER,Paper and Cardboard from Municipal Waste (20 01 01),170.227
2019,POMURSKA,MURSKA SOBOTA,Bulky Municipal Waste (20 03 07),4550.23
2019,POMURSKA,MURSKA SOBOTA,Non-hazardous Wood from Municipal Waste (20 01 38),1338.208
2019,POMURSKA,MURSKA SOBOTA,Paper and Cardboard Packaging (15 01 01),833.855
2019,POMURSKA,MURSKA SOBOTA,Paper and Cardboard from Municipal Waste (20 01 01),1414.2930000000001
2019,POMURSKA,MURSKA SOBOTA,Wooden Packaging (15 01 03),860.2
2019,POMURSKA,PUCONCI,Bulky Municipal Waste (20 03 07),153.62
2019,POMURSKA,PUCONCI,Non-hazardous Wood from Municipal Waste (20 01 38),5.76
2019,POMURSKA,PUCONCI,Paper and Cardboard Packaging (15 01 01),31.32
2019,POMURSKA,PUCONCI,Paper and Cardboard from Municipal Waste (20 01 01),24.18
2019,POMURSKA,VELIKA POLANA,Bulky Municipal Waste (20 03 07),10.56
2019,POMURSKA,VELIKA POLANA,Non-hazardous Wood from Municipal Waste (20 01 38),4.28
2019,POMURSKA,VELIKA POLANA,Paper and Cardboard from Municipal Waste (20 01 01),14.06
2019,POSAVSKA,BREŽICE,Paper and Cardboard Packaging (15 01 01),201.98
2019,POSAVSKA,BREŽICE,Paper and Cardboard from Municipal Waste (20 01 01),177.05
2019,POSAVSKA,KRŠKO,Bulky Municipal Waste (20 03 07),340.64
2019,POSAVSKA,KRŠKO,Non-hazardous Wood from Municipal Waste (20 01 38),906.103
2019,POSAVSKA,KRŠKO,Paper and Cardboard Packaging (15 01 01),610.1
2019,POSAVSKA,KRŠKO,Paper and Cardboard from Municipal Waste (20 01 01),113.36
2019,POSAVSKA,RADEČE,Bulky Municipal Waste (20 03 07),57.76
2019,POSAVSKA,RADEČE,Non-hazardous Wood from Municipal Waste (20 01 38),67.3
2019,POSAVSKA,RADEČE,Paper and Cardboard Packaging (15 01 01),28.6
2019,POSAVSKA,RADEČE,Paper and Cardboard from Municipal Waste (20 01 01),37
2019,POSAVSKA,SEVNICA,Bulky Municipal Waste (20 03 07),127.2
2019,POSAVSKA,SEVNICA,Non-hazardous Wood from Municipal Waste (20 01 38),244.12
2019,POSAVSKA,SEVNICA,Paper and Cardboard Packaging (15 01 01),117.65
2019,POSAVSKA,SEVNICA,Paper and Cardboard from Municipal Waste (20 01 01),223.73
2019,POSAVSKA,SEVNICA,Wooden Packaging (15 01 03),5.76
2019,PRIMORSKO-NOTRANJSKA,CERKNICA,Bulky Municipal Waste (20 03 07),255.46
2019,PRIMORSKO-NOTRANJSKA,CERKNICA,Non-hazardous Wood from Municipal Waste (20 01 38),434.48
2019,PRIMORSKO-NOTRANJSKA,CERKNICA,Paper and Cardboard Packaging (15 01 01),76.272
2019,PRIMORSKO-NOTRANJSKA,CERKNICA,Paper and Cardboard from Municipal Waste (20 01 01),240.463
2019,PRIMORSKO-NOTRANJSKA,CERKNICA,Wooden Packaging (15 01 03),55.32
2019,PRIMORSKO-NOTRANJSKA,ILIRSKA BISTRICA,Bulky Municipal Waste (20 03 07),440.19
2019,PRIMORSKO-NOTRANJSKA,ILIRSKA BISTRICA,Non-hazardous Wood from Municipal Waste (20 01 38),205.68
2019,PRIMORSKO-NOTRANJSKA,ILIRSKA BISTRICA,Paper and Cardboard Packaging (15 01 01),160.904
2019,PRIMORSKO-NOTRANJSKA,ILIRSKA BISTRICA,Paper and Cardboard from Municipal Waste (20 01 01),130.397
2019,PRIMORSKO-NOTRANJSKA,NOVA VAS,Paper and Cardboard Packaging (15 01 01),8.423
2019,SAVINJSKA,CELJE,Bulky Municipal Waste (20 03 07),7092.546
2019,SAVINJSKA,CELJE,Non-hazardous Wood from Municipal Waste (20 01 38),958.957
2019,SAVINJSKA,CELJE,Paper and Cardboard Packaging (15 01 01),626.909
2019,SAVINJSKA,CELJE,Paper and Cardboard from Municipal Waste (20 01 01),1942.451
2019,SAVINJSKA,LAŠKO,Bulky Municipal Waste (20 03 07),424.7
2019,SAVINJSKA,LAŠKO,Non-hazardous Wood from Municipal Waste (20 01 38),27.06
2019,SAVINJSKA,LAŠKO,Paper and Cardboard Packaging (15 01 01),162.553
2019,SAVINJSKA,MOZIRJE,Bulky Municipal Waste (20 03 07),224
2019,SAVINJSKA,MOZIRJE,Paper and Cardboard Packaging (15 01 01),50.024
2019,SAVINJSKA,MOZIRJE,Paper and Cardboard from Municipal Waste (20 01 01),48.48
2019,SAVINJSKA,ROGAŠKA SLATINA,Bulky Municipal Waste (20 03 07),892.14
2019,SAVINJSKA,ROGAŠKA SLATINA,Non-hazardous Wood from Municipal Waste (20 01 38),61.23
2019,SAVINJSKA,ROGAŠKA SLATINA,Paper and Cardboard Packaging (15 01 01),163.408
2019,SAVINJSKA,ROGAŠKA SLATINA,Paper and Cardboard from Municipal Waste (20 01 01),245.789
2019,SAVINJSKA,ROGAŠKA SLATINA,Wooden Packaging (15 01 03),0.14
2019,SAVINJSKA,SLOVENSKE KONJICE,Bulky Municipal Waste (20 03 07),213.52
2019,SAVINJSKA,SLOVENSKE KONJICE,Non-hazardous Wood from Municipal Waste (20 01 38),204.44
2019,SAVINJSKA,SLOVENSKE KONJICE,Paper and Cardboard Packaging (15 01 01),136.16
2019,SAVINJSKA,SLOVENSKE KONJICE,Paper and Cardboard from Municipal Waste (20 01 01),285.068
2019,SAVINJSKA,VELENJE,Bulky Municipal Waste (20 03 07),798.25
2019,SAVINJSKA,VELENJE,Non-hazardous Wood from Municipal Waste (20 01 38),1222.822
2019,SAVINJSKA,VELENJE,Paper and Cardboard Packaging (15 01 01),306.5
2019,SAVINJSKA,VELENJE,Paper and Cardboard from Municipal Waste (20 01 01),896.955
2019,ZASAVSKA,HRASTNIK,Paper and Cardboard Packaging (15 01 01),71.89
2019,ZASAVSKA,HRASTNIK,Paper and Cardboard from Municipal Waste (20 01 01),52.42
2019,ZASAVSKA,LITIJA,Bulky Municipal Waste (20 03 07),614.63
2019,ZASAVSKA,LITIJA,Non-hazardous Wood from Municipal Waste (20 01 38),281.75
2019,ZASAVSKA,LITIJA,Paper and Cardboard Packaging (15 01 01),166.008
2019,ZASAVSKA,LITIJA,Paper and Cardboard from Municipal Waste (20 01 01),71.802
2019,ZASAVSKA,TRBOVLJE,Bulky Municipal Waste (20 03 07),172.3
2019,ZASAVSKA,TRBOVLJE,Non-hazardous Wood from Municipal Waste (20 01 38),500.1
2019,ZASAVSKA,TRBOVLJE,Paper and Cardboard Packaging (15 01 01),113.77
2019,ZASAVSKA,TRBOVLJE,Paper and Cardboard from Municipal Waste (20 01 01),63.33
2019,ZASAVSKA,TRBOVLJE,Wooden Packaging (15 01 03),1.1
2019,ZASAVSKA,ZAGORJE OB SAVI,Bulky Municipal Waste (20 03 07),148.98
2019,ZASAVSKA,ZAGORJE OB SAVI,Non-hazardous Wood from Municipal Waste (20 01 38),386
2019,ZASAVSKA,ZAGORJE OB SAVI,Paper and Cardboard Packaging (15 01 01),133.97
2019,ZASAVSKA,ZAGORJE OB SAVI,Paper and Cardboard from Municipal Waste (20 01 01),224.68
2020,GORENJSKA,BLED,Bulky Municipal Waste (20 03 07),163.78
2020,GORENJSKA,BLED,Non-hazardous Wood from Municipal Waste (20 01 38),367.054
2020,GORENJSKA,BLED,Paper and Cardboard Packaging (15 01 01),95.413
2020,GORENJSKA,BLED,Paper and Cardboard from Municipal Waste (20 01 01),283.276
2020,GORENJSKA,BOHINJ,Bulky Municipal Waste (20 03 07),263.038
2020,GORENJSKA,BOHINJ,Non-hazardous Wood from Municipal Waste (20 01 38),176.33
2020,GORENJSKA,BOHINJ,Paper and Cardboard Packaging (15 01 01),62
2020,GORENJSKA,BOHINJ,Paper and Cardboard from Municipal Waste (20 01 01),84.8
2020,GORENJSKA,CERKLJE NA GORENJSKEM,Bulky Municipal Waste (20 03 07),102.72
2020,GORENJSKA,CERKLJE NA GORENJSKEM,Non-hazardous Wood from Municipal Waste (20 01 38),187.48
2020,GORENJSKA,CERKLJE NA GORENJSKEM,Paper and Cardboard Packaging (15 01 01),28.643
2020,GORENJSKA,CERKLJE NA GORENJSKEM,Paper and Cardboard from Municipal Waste (20 01 01),127.156
2020,GORENJSKA,GORENJA VAS-POLJANE,Bulky Municipal Waste (20 03 07),147.781
2020,GORENJSKA,GORENJA VAS-POLJANE,Non-hazardous Wood from Municipal Waste (20 01 38),108.18
2020,GORENJSKA,GORENJA VAS-POLJANE,Paper and Cardboard Packaging (15 01 01),51.348
2020,GORENJSKA,GORENJA VAS-POLJANE,Paper and Cardboard from Municipal Waste (20 01 01),108.469
2020,GORENJSKA,GORJE,Bulky Municipal Waste (20 03 07),56.782
2020,GORENJSKA,GORJE,Non-hazardous Wood from Municipal Waste (20 01 38),84.816
2020,GORENJSKA,GORJE,Paper and Cardboard Packaging (15 01 01),18.329
2020,GORENJSKA,GORJE,Paper and Cardboard from Municipal Waste (20 01 01),54.207
2020,GORENJSKA,JESENICE,Bulky Municipal Waste (20 03 07),1050.832
2020,GORENJSKA,JESENICE,Non-hazardous Wood from Municipal Waste (20 01 38),464.72
2020,GORENJSKA,JESENICE,Paper and Cardboard Packaging (15 01 01),160.806
2020,GORENJSKA,JESENICE,Paper and Cardboard from Municipal Waste (20 01 01),396.558
2020,GORENJSKA,JEZERSKO,Non-hazardous Wood from Municipal Waste (20 01 38),40.6
2020,GORENJSKA,JEZERSKO,Paper and Cardboard Packaging (15 01 01),4.098
2020,GORENJSKA,JEZERSKO,Paper and Cardboard from Municipal Waste (20 01 01),9.562
2020,GORENJSKA,KRANJ,Bulky Municipal Waste (20 03 07),621.438
2020,GORENJSKA,KRANJ,Non-hazardous Wood from Municipal Waste (20 01 38),1059.24
2020,GORENJSKA,KRANJ,Paper and Cardboard Packaging (15 01 01),640.072
2020,GORENJSKA,KRANJ,Paper and Cardboard from Municipal Waste (20 01 01),691.961
2020,GORENJSKA,KRANJ,Wooden Packaging (15 01 03),20.9
2020,GORENJSKA,KRANJSKA GORA,Bulky Municipal Waste (20 03 07),272.324
2020,GORENJSKA,KRANJSKA GORA,Non-hazardous Wood from Municipal Waste (20 01 38),154.76
2020,GORENJSKA,KRANJSKA GORA,Paper and Cardboard Packaging (15 01 01),159.22
2020,GORENJSKA,KRANJSKA GORA,Paper and Cardboard from Municipal Waste (20 01 01),4.28
2020,GORENJSKA,KRANJSKA GORA,Wooden Packaging (15 01 03),7.28
2020,GORENJSKA,NAKLO,Bulky Municipal Waste (20 03 07),30.08
2020,GORENJSKA,NAKLO,Non-hazardous Wood from Municipal Waste (20 01 38),74.45
2020,GORENJSKA,NAKLO,Paper and Cardboard Packaging (15 01 01),25.467
2020,GORENJSKA,NAKLO,Paper and Cardboard from Municipal Waste (20 01 01),70.735
2020,GORENJSKA,PREDDVOR,Bulky Municipal Waste (20 03 07),12.592
2020,GORENJSKA,PREDDVOR,Paper and Cardboard Packaging (15 01 01),17.898
2020,GORENJSKA,PREDDVOR,Paper and Cardboard from Municipal Waste (20 01 01),56.022
2020,GORENJSKA,RADOVLJICA,Bulky Municipal Waste (20 03 07),660.542
2020,GORENJSKA,RADOVLJICA,Non-hazardous Wood from Municipal Waste (20 01 38),513.11
2020,GORENJSKA,RADOVLJICA,Paper and Cardboard Packaging (15 01 01),201.727
2020,GORENJSKA,RADOVLJICA,Paper and Cardboard from Municipal Waste (20 01 01),476.463
2020,GORENJSKA,TRŽIČ,Bulky Municipal Waste (20 03 07),228.55
2020,GORENJSKA,TRŽIČ,Non-hazardous Wood from Municipal Waste (20 01 38),78.1
2020,GORENJSKA,TRŽIČ,Paper and Cardboard Packaging (15 01 01),203.653
2020,GORENJSKA,TRŽIČ,Paper and Cardboard from Municipal Waste (20 01 01),42.639
2020,GORENJSKA,TRŽIČ,Wooden Packaging (15 01 03),56.2
2020,GORENJSKA,ŠENČUR,Bulky Municipal Waste (20 03 07),53.165
2020,GORENJSKA,ŠENČUR,Non-hazardous Wood from Municipal Waste (20 01 38),175.4
2020,GORENJSKA,ŠENČUR,Paper and Cardboard Packaging (15 01 01),70.108
2020,GORENJSKA,ŠENČUR,Paper and Cardboard from Municipal Waste (20 01 01),116.888
2020,GORENJSKA,ŠENČUR,Wooden Packaging (15 01 03),2.14
2020,GORENJSKA,ŠKOFJA LOKA,Bulky Municipal Waste (20 03 07),507.62
2020,GORENJSKA,ŠKOFJA LOKA,Paper and Cardboard Packaging (15 01 01),294.083
2020,GORENJSKA,ŠKOFJA LOKA,Paper and Cardboard from Municipal Waste (20 01 01),1409.015
2020,GORENJSKA,ŠKOFJA LOKA,Wooden Packaging (15 01 03),37.575
2020,GORENJSKA,ŽELEZNIKI,Bulky Municipal Waste (20 03 07),97.64
2020,GORENJSKA,ŽELEZNIKI,Paper and Cardboard Packaging (15 01 01),58.135
2020,GORENJSKA,ŽELEZNIKI,Paper and Cardboard from Municipal Waste (20 01 01),37.771
2020,GORENJSKA,ŽIRI,Bulky Municipal Waste (20 03 07),87.92
2020,GORENJSKA,ŽIRI,Non-hazardous Wood from Municipal Waste (20 01 38),141.81
2020,GORENJSKA,ŽIRI,Paper and Cardboard Packaging (15 01 01),12.886
2020,GORENJSKA,ŽIRI,Paper and Cardboard from Municipal Waste (20 01 01),335.32
2020,GORENJSKA,ŽIROVNICA,Bulky Municipal Waste (20 03 07),350.278
2020,GORENJSKA,ŽIROVNICA,Non-hazardous Wood from Municipal Waste (20 01 38),309.81
2020,GORENJSKA,ŽIROVNICA,Paper and Cardboard Packaging (15 01 01),33.922
2020,GORENJSKA,ŽIROVNICA,Paper and Cardboard from Municipal Waste (20 01 01),106.899
2020,GORIŠKA,AJDOVŠČINA,Bulky Municipal Waste (20 03 07),351.524
2020,GORIŠKA,AJDOVŠČINA,Non-hazardous Wood from Municipal Waste (20 01 38),235.786
2020,GORIŠKA,AJDOVŠČINA,Paper and Cardboard Packaging (15 01 01),293.942
2020,GORIŠKA,AJDOVŠČINA,Paper and Cardboard from Municipal Waste (20 01 01),363.233
2020,GORIŠKA,AJDOVŠČINA,Wooden Packaging (15 01 03),16.904
2020,GORIŠKA,BOVEC,Bulky Municipal Waste (20 03 07),58.021
2020,GORIŠKA,BOVEC,Non-hazardous Wood from Municipal Waste (20 01 38),126.843
2020,GORIŠKA,BOVEC,Paper and Cardboard Packaging (15 01 01),72.356
2020,GORIŠKA,BOVEC,Paper and Cardboard from Municipal Waste (20 01 01),62.878
2020,GORIŠKA,BRDA,Bulky Municipal Waste (20 03 07),318.177
2020,GORIŠKA,BRDA,Non-hazardous Wood from Municipal Waste (20 01 38),284.386
2020,GORIŠKA,BRDA,Paper and Cardboard Packaging (15 01 01),60.938
2020,GORIŠKA,BRDA,Paper and Cardboard from Municipal Waste (20 01 01),154.327
2020,GORIŠKA,BRDA,Wooden Packaging (15 01 03),6.56
2020,GORIŠKA,CERKNO,Bulky Municipal Waste (20 03 07),119.76
2020,GORIŠKA,CERKNO,Non-hazardous Wood from Municipal Waste (20 01 38),67.56
2020,GORIŠKA,CERKNO,Paper and Cardboard Packaging (15 01 01),68.274
2020,GORIŠKA,CERKNO,Paper and Cardboard from Municipal Waste (20 01 01),56.191
2020,GORIŠKA,IDRIJA,Bulky Municipal Waste (20 03 07),242.58
2020,GORIŠKA,IDRIJA,Non-hazardous Wood from Municipal Waste (20 01 38),338.94
2020,GORIŠKA,IDRIJA,Paper and Cardboard Packaging (15 01 01),335.89
2020,GORIŠKA,IDRIJA,Paper and Cardboard from Municipal Waste (20 01 01),187.104
2020,GORIŠKA,IDRIJA,Wooden Packaging (15 01 03),157.348
2020,GORIŠKA,KANAL,Bulky Municipal Waste (20 03 07),305.557
2020,GORIŠKA,KANAL,Non-hazardous Wood from Municipal Waste (20 01 38),258.496
2020,GORIŠKA,KANAL,Paper and Cardboard Packaging (15 01 01),11.701
2020,GORIŠKA,KANAL,Paper and Cardboard from Municipal Waste (20 01 01),131.266
2020,GORIŠKA,KANAL,Wooden Packaging (15 01 03),8.74
2020,GORIŠKA,KOBARID,Bulky Municipal Waste (20 03 07),51.327
2020,GORIŠKA,KOBARID,Non-hazardous Wood from Municipal Waste (20 01 38),112.208
2020,GORIŠKA,KOBARID,Paper and Cardboard Packaging (15 01 01),63.688
2020,GORIŠKA,KOBARID,Paper and Cardboard from Municipal Waste (20 01 01),55.622
2020,GORIŠKA,MIREN-KOSTANJEVICA,Bulky Municipal Waste (20 03 07),267.58
2020,GORIŠKA,MIREN-KOSTANJEVICA,Non-hazardous Wood from Municipal Waste (20 01 38),219.723
2020,GORIŠKA,MIREN-KOSTANJEVICA,Paper and Cardboard Packaging (15 01 01),20.392
2020,GORIŠKA,MIREN-KOSTANJEVICA,Paper and Cardboard from Municipal Waste (20 01 01),191.854
2020,GORIŠKA,MIREN-KOSTANJEVICA,Wooden Packaging (15 01 03),0.577
2020,GORIŠKA,NOVA GORICA,Bulky Municipal Waste (20 03 07),775.945
2020,GORIŠKA,NOVA GORICA,Non-hazardous Wood from Municipal Waste (20 01 38),621.644
2020,GORIŠKA,NOVA GORICA,Paper and Cardboard Packaging (15 01 01),471.96
2020,GORIŠKA,NOVA GORICA,Paper and Cardboard from Municipal Waste (20 01 01),1120.501
2020,GORIŠKA,NOVA GORICA,Wooden Packaging (15 01 03),91.129
2020,GORIŠKA,RENČE-VOGRSKO,Bulky Municipal Waste (20 03 07),165.18
2020,GORIŠKA,RENČE-VOGRSKO,Non-hazardous Wood from Municipal Waste (20 01 38),129.665
2020,GORIŠKA,RENČE-VOGRSKO,Paper and Cardboard Packaging (15 01 01),17.593
2020,GORIŠKA,RENČE-VOGRSKO,Paper and Cardboard from Municipal Waste (20 01 01),101.995
2020,GORIŠKA,RENČE-VOGRSKO,Wooden Packaging (15 01 03),10.08
2020,GORIŠKA,TOLMIN,Bulky Municipal Waste (20 03 07),113.812
2020,GORIŠKA,TOLMIN,Non-hazardous Wood from Municipal Waste (20 01 38),248.809
2020,GORIŠKA,TOLMIN,Paper and Cardboard Packaging (15 01 01),228.166
2020,GORIŠKA,TOLMIN,Paper and Cardboard from Municipal Waste (20 01 01),123.336
2020,GORIŠKA,VIPAVA,Bulky Municipal Waste (20 03 07),102.039
2020,GORIŠKA,VIPAVA,Non-hazardous Wood from Municipal Waste (20 01 38),49.224
2020,GORIŠKA,VIPAVA,Paper and Cardboard Packaging (15 01 01),61.949
2020,GORIŠKA,VIPAVA,Paper and Cardboard from Municipal Waste (20 01 01),116.88
2020,GORIŠKA,VIPAVA,Wooden Packaging (15 01 03),1.206
2020,GORIŠKA,ŠEMPETER-VRTOJBA,Bulky Municipal Waste (20 03 07),359.361
2020,GORIŠKA,ŠEMPETER-VRTOJBA,Non-hazardous Wood from Municipal Waste (20 01 38),155.851
2020,GORIŠKA,ŠEMPETER-VRTOJBA,Paper and Cardboard Packaging (15 01 01),224.195
2020,GORIŠKA,ŠEMPETER-VRTOJBA,Paper and Cardboard from Municipal Waste (20 01 01),202.746
2020,GORIŠKA,ŠEMPETER-VRTOJBA,Wooden Packaging (15 01 03),19.168
2020,JUGOVZHODNA SLOVENIJA,DOLENJSKE TOPLICE,Bulky Municipal Waste (20 03 07),38.15
2020,JUGOVZHODNA SLOVENIJA,DOLENJSKE TOPLICE,Non-hazardous Wood from Municipal Waste (20 01 38),60.565
2020,JUGOVZHODNA SLOVENIJA,DOLENJSKE TOPLICE,Paper and Cardboard Packaging (15 01 01),49.62
2020,JUGOVZHODNA SLOVENIJA,DOLENJSKE TOPLICE,Paper and Cardboard from Municipal Waste (20 01 01),2.206
2020,JUGOVZHODNA SLOVENIJA,KOSTEL,Bulky Municipal Waste (20 03 07),14.1
2020,JUGOVZHODNA SLOVENIJA,KOSTEL,Non-hazardous Wood from Municipal Waste (20 01 38),16.3
2020,JUGOVZHODNA SLOVENIJA,KOSTEL,Paper and Cardboard Packaging (15 01 01),15.2
2020,JUGOVZHODNA SLOVENIJA,KOSTEL,Paper and Cardboard from Municipal Waste (20 01 01),6.4
2020,JUGOVZHODNA SLOVENIJA,KOČEVJE,Bulky Municipal Waste (20 03 07),455.48
2020,JUGOVZHODNA SLOVENIJA,KOČEVJE,Non-hazardous Wood from Municipal Waste (20 01 38),338.26
2020,JUGOVZHODNA SLOVENIJA,KOČEVJE,Paper and Cardboard Packaging (15 01 01),224.442
2020,JUGOVZHODNA SLOVENIJA,KOČEVJE,Paper and Cardboard from Municipal Waste (20 01 01),332.196
2020,JUGOVZHODNA SLOVENIJA,LOŠKI POTOK,Bulky Municipal Waste (20 03 07),45.65
2020,JUGOVZHODNA SLOVENIJA,LOŠKI POTOK,Non-hazardous Wood from Municipal Waste (20 01 38),53.018
2020,JUGOVZHODNA SLOVENIJA,LOŠKI POTOK,Paper and Cardboard Packaging (15 01 01),18.36
2020,JUGOVZHODNA SLOVENIJA,LOŠKI POTOK,Paper and Cardboard from Municipal Waste (20 01 01),19.58
2020,JUGOVZHODNA SLOVENIJA,METLIKA,Bulky Municipal Waste (20 03 07),388.01
2020,JUGOVZHODNA SLOVENIJA,METLIKA,Non-hazardous Wood from Municipal Waste (20 01 38),259.38
2020,JUGOVZHODNA SLOVENIJA,METLIKA,Paper and Cardboard Packaging (15 01 01),170.53
2020,JUGOVZHODNA SLOVENIJA,METLIKA,Paper and Cardboard from Municipal Waste (20 01 01),8.891
2020,JUGOVZHODNA SLOVENIJA,MIRNA,Bulky Municipal Waste (20 03 07),28.808
2020,JUGOVZHODNA SLOVENIJA,MIRNA,Non-hazardous Wood from Municipal Waste (20 01 38),57.411
2020,JUGOVZHODNA SLOVENIJA,MIRNA,Paper and Cardboard Packaging (15 01 01),28.664
2020,JUGOVZHODNA SLOVENIJA,MIRNA,Paper and Cardboard from Municipal Waste (20 01 01),21.314
2020,JUGOVZHODNA SLOVENIJA,MIRNA,Wooden Packaging (15 01 03),24.76
2020,JUGOVZHODNA SLOVENIJA,MIRNA PEČ,Bulky Municipal Waste (20 03 07),0.08
2020,JUGOVZHODNA SLOVENIJA,MIRNA PEČ,Non-hazardous Wood from Municipal Waste (20 01 38),51.344
2020,JUGOVZHODNA SLOVENIJA,MIRNA PEČ,Paper and Cardboard Packaging (15 01 01),42.851
2020,JUGOVZHODNA SLOVENIJA,MIRNA PEČ,Paper and Cardboard from Municipal Waste (20 01 01),1.905
2020,JUGOVZHODNA SLOVENIJA,MOKRONOG-TREBELNO,Bulky Municipal Waste (20 03 07),35.302
2020,JUGOVZHODNA SLOVENIJA,MOKRONOG-TREBELNO,Non-hazardous Wood from Municipal Waste (20 01 38),70.352
2020,JUGOVZHODNA SLOVENIJA,MOKRONOG-TREBELNO,Paper and Cardboard Packaging (15 01 01),53.965
2020,JUGOVZHODNA SLOVENIJA,MOKRONOG-TREBELNO,Paper and Cardboard from Municipal Waste (20 01 01),13.546
2020,JUGOVZHODNA SLOVENIJA,NOVO MESTO,Bulky Municipal Waste (20 03 07),695.81
2020,JUGOVZHODNA SLOVENIJA,NOVO MESTO,Non-hazardous Wood from Municipal Waste (20 01 38),641.294
2020,JUGOVZHODNA SLOVENIJA,NOVO MESTO,Paper and Cardboard Packaging (15 01 01),373.852
2020,JUGOVZHODNA SLOVENIJA,NOVO MESTO,Paper and Cardboard from Municipal Waste (20 01 01),339.752
2020,JUGOVZHODNA SLOVENIJA,NOVO MESTO,Wooden Packaging (15 01 03),2.72
2020,JUGOVZHODNA SLOVENIJA,RIBNICA,Bulky Municipal Waste (20 03 07),323.632
2020,JUGOVZHODNA SLOVENIJA,RIBNICA,Non-hazardous Wood from Municipal Waste (20 01 38),226.913
2020,JUGOVZHODNA SLOVENIJA,RIBNICA,Paper and Cardboard Packaging (15 01 01),110.893
2020,JUGOVZHODNA SLOVENIJA,RIBNICA,Paper and Cardboard from Municipal Waste (20 01 01),87.638
2020,JUGOVZHODNA SLOVENIJA,RIBNICA,Wooden Packaging (15 01 03),0.27
2020,JUGOVZHODNA SLOVENIJA,SEMIČ,Bulky Municipal Waste (20 03 07),111.097
2020,JUGOVZHODNA SLOVENIJA,SEMIČ,Non-hazardous Wood from Municipal Waste (20 01 38),47.388
2020,JUGOVZHODNA SLOVENIJA,SEMIČ,Paper and Cardboard Packaging (15 01 01),61.467
2020,JUGOVZHODNA SLOVENIJA,SEMIČ,Paper and Cardboard from Municipal Waste (20 01 01),11.754
2020,JUGOVZHODNA SLOVENIJA,SODRAŽICA,Bulky Municipal Waste (20 03 07),56.19
2020,JUGOVZHODNA SLOVENIJA,SODRAŽICA,Non-hazardous Wood from Municipal Waste (20 01 38),53.519
2020,JUGOVZHODNA SLOVENIJA,SODRAŽICA,Paper and Cardboard Packaging (15 01 01),18.534
2020,JUGOVZHODNA SLOVENIJA,SODRAŽICA,Paper and Cardboard from Municipal Waste (20 01 01),19.764
2020,JUGOVZHODNA SLOVENIJA,STRAŽA,Bulky Municipal Waste (20 03 07),5.6
2020,JUGOVZHODNA SLOVENIJA,STRAŽA,Non-hazardous Wood from Municipal Waste (20 01 38),67.282
2020,JUGOVZHODNA SLOVENIJA,STRAŽA,Paper and Cardboard Packaging (15 01 01),52.76
2020,JUGOVZHODNA SLOVENIJA,STRAŽA,Paper and Cardboard from Municipal Waste (20 01 01),2.345
2020,JUGOVZHODNA SLOVENIJA,TREBNJE,Bulky Municipal Waste (20 03 07),119.555
2020,JUGOVZHODNA SLOVENIJA,TREBNJE,Non-hazardous Wood from Municipal Waste (20 01 38),238.256
2020,JUGOVZHODNA SLOVENIJA,TREBNJE,Paper and Cardboard Packaging (15 01 01),117.413
2020,JUGOVZHODNA SLOVENIJA,TREBNJE,Paper and Cardboard from Municipal Waste (20 01 01),45.875
2020,JUGOVZHODNA SLOVENIJA,ČRNOMELJ,Bulky Municipal Waste (20 03 07),348.553
2020,JUGOVZHODNA SLOVENIJA,ČRNOMELJ,Non-hazardous Wood from Municipal Waste (20 01 38),148.672
2020,JUGOVZHODNA SLOVENIJA,ČRNOMELJ,Paper and Cardboard Packaging (15 01 01),198.463
2020,JUGOVZHODNA SLOVENIJA,ČRNOMELJ,Paper and Cardboard from Municipal Waste (20 01 01),29.346
2020,JUGOVZHODNA SLOVENIJA,ČRNOMELJ,Wooden Packaging (15 01 03),11.34
2020,JUGOVZHODNA SLOVENIJA,ŠENTJERNEJ,Bulky Municipal Waste (20 03 07),81.05
2020,JUGOVZHODNA SLOVENIJA,ŠENTJERNEJ,Non-hazardous Wood from Municipal Waste (20 01 38),123.065
2020,JUGOVZHODNA SLOVENIJA,ŠENTJERNEJ,Paper and Cardboard Packaging (15 01 01),109.745
2020,JUGOVZHODNA SLOVENIJA,ŠENTJERNEJ,Paper and Cardboard from Municipal Waste (20 01 01),4.878
2020,JUGOVZHODNA SLOVENIJA,ŠENTRUPERT,Bulky Municipal Waste (20 03 07),29.255
2020,JUGOVZHODNA SLOVENIJA,ŠENTRUPERT,Non-hazardous Wood from Municipal Waste (20 01 38),58.301
2020,JUGOVZHODNA SLOVENIJA,ŠENTRUPERT,Paper and Cardboard Packaging (15 01 01),28.683
2020,JUGOVZHODNA SLOVENIJA,ŠENTRUPERT,Paper and Cardboard from Municipal Waste (20 01 01),11.225
2020,JUGOVZHODNA SLOVENIJA,ŠKOCJAN,Bulky Municipal Waste (20 03 07),9.34
2020,JUGOVZHODNA SLOVENIJA,ŠKOCJAN,Non-hazardous Wood from Municipal Waste (20 01 38),57.15
2020,JUGOVZHODNA SLOVENIJA,ŠKOCJAN,Paper and Cardboard Packaging (15 01 01),46.298
2020,JUGOVZHODNA SLOVENIJA,ŠKOCJAN,Paper and Cardboard from Municipal Waste (20 01 01),2.058
2020,JUGOVZHODNA SLOVENIJA,ŠMARJEŠKE TOPLICE,Bulky Municipal Waste (20 03 07),2.46
2020,JUGOVZHODNA SLOVENIJA,ŠMARJEŠKE TOPLICE,Non-hazardous Wood from Municipal Waste (20 01 38),58.402
2020,JUGOVZHODNA SLOVENIJA,ŠMARJEŠKE TOPLICE,Paper and Cardboard Packaging (15 01 01),48.825
2020,JUGOVZHODNA SLOVENIJA,ŠMARJEŠKE TOPLICE,Paper and Cardboard from Municipal Waste (20 01 01),2.17
2020,JUGOVZHODNA SLOVENIJA,ŽUŽEMBERK,Bulky Municipal Waste (20 03 07),51.06
2020,JUGOVZHODNA SLOVENIJA,ŽUŽEMBERK,Non-hazardous Wood from Municipal Waste (20 01 38),79.918
2020,JUGOVZHODNA SLOVENIJA,ŽUŽEMBERK,Paper and Cardboard Packaging (15 01 01),68.494
2020,JUGOVZHODNA SLOVENIJA,ŽUŽEMBERK,Paper and Cardboard from Municipal Waste (20 01 01),2.975
2020,KOROŠKA,DRAVOGRAD,Bulky Municipal Waste (20 03 07),310.02
2020,KOROŠKA,DRAVOGRAD,Paper and Cardboard Packaging (15 01 01),212.962
2020,KOROŠKA,DRAVOGRAD,Paper and Cardboard from Municipal Waste (20 01 01),133.325
2020,KOROŠKA,MEŽICA,Bulky Municipal Waste (20 03 07),79.754
2020,KOROŠKA,MEŽICA,Paper and Cardboard Packaging (15 01 01),7.277
2020,KOROŠKA,MEŽICA,Paper and Cardboard from Municipal Waste (20 01 01),38.008
2020,KOROŠKA,MISLINJA,Bulky Municipal Waste (20 03 07),184.776
2020,KOROŠKA,MISLINJA,Paper and Cardboard Packaging (15 01 01),51.988
2020,KOROŠKA,MISLINJA,Paper and Cardboard from Municipal Waste (20 01 01),8.32
2020,KOROŠKA,MUTA,Bulky Municipal Waste (20 03 07),57.36
2020,KOROŠKA,MUTA,Paper and Cardboard Packaging (15 01 01),19.483
2020,KOROŠKA,MUTA,Paper and Cardboard from Municipal Waste (20 01 01),15.665
2020,KOROŠKA,MUTA,Wooden Packaging (15 01 03),45.92
2020,KOROŠKA,PODVELKA,Bulky Municipal Waste (20 03 07),56.03
2020,KOROŠKA,PODVELKA,Non-hazardous Wood from Municipal Waste (20 01 38),10.95
2020,KOROŠKA,PODVELKA,Paper and Cardboard Packaging (15 01 01),6.936
2020,KOROŠKA,PODVELKA,Paper and Cardboard from Municipal Waste (20 01 01),26.364
2020,KOROŠKA,PREVALJE,Bulky Municipal Waste (20 03 07),186.094
2020,KOROŠKA,PREVALJE,Paper and Cardboard Packaging (15 01 01),59.723
2020,KOROŠKA,PREVALJE,Paper and Cardboard from Municipal Waste (20 01 01),78.525
2020,KOROŠKA,PREVALJE,Wooden Packaging (15 01 03),17.944
2020,KOROŠKA,RADLJE OB DRAVI,Bulky Municipal Waste (20 03 07),130.99
2020,KOROŠKA,RADLJE OB DRAVI,Non-hazardous Wood from Municipal Waste (20 01 38),4.8
2020,KOROŠKA,RADLJE OB DRAVI,Paper and Cardboard Packaging (15 01 01),149.845
2020,KOROŠKA,RADLJE OB DRAVI,Paper and Cardboard from Municipal Waste (20 01 01),64.529
2020,KOROŠKA,RAVNE NA KOROŠKEM,Bulky Municipal Waste (20 03 07),338.956
2020,KOROŠKA,RAVNE NA KOROŠKEM,Paper and Cardboard Packaging (15 01 01),154.041
2020,KOROŠKA,RAVNE NA KOROŠKEM,Paper and Cardboard from Municipal Waste (20 01 01),133.472
2020,KOROŠKA,RAVNE NA KOROŠKEM,Wooden Packaging (15 01 03),53.28
2020,KOROŠKA,RIBNICA NA POHORJU,Bulky Municipal Waste (20 03 07),17.21
2020,KOROŠKA,RIBNICA NA POHORJU,Paper and Cardboard Packaging (15 01 01),3.743
2020,KOROŠKA,RIBNICA NA POHORJU,Paper and Cardboard from Municipal Waste (20 01 01),5.844
2020,KOROŠKA,SLOVENJ GRADEC,Bulky Municipal Waste (20 03 07),739.104
2020,KOROŠKA,SLOVENJ GRADEC,Paper and Cardboard Packaging (15 01 01),388.394
2020,KOROŠKA,SLOVENJ GRADEC,Paper and Cardboard from Municipal Waste (20 01 01),33.28
2020,KOROŠKA,VUZENICA,Bulky Municipal Waste (20 03 07),49.33
2020,KOROŠKA,VUZENICA,Non-hazardous Wood from Municipal Waste (20 01 38),6.3
2020,KOROŠKA,VUZENICA,Paper and Cardboard Packaging (15 01 01),6.417
2020,KOROŠKA,VUZENICA,Paper and Cardboard from Municipal Waste (20 01 01),15.898
2020,KOROŠKA,ČRNA NA KOROŠKEM,Bulky Municipal Waste (20 03 07),59.816
2020,KOROŠKA,ČRNA NA KOROŠKEM,Paper and Cardboard Packaging (15 01 01),382.683
2020,KOROŠKA,ČRNA NA KOROŠKEM,Paper and Cardboard from Municipal Waste (20 01 01),34.104
2020,KOROŠKA,ČRNA NA KOROŠKEM,Wooden Packaging (15 01 03),220.86
2020,OBALNO-KRAŠKA,ANKARAN,Bulky Municipal Waste (20 03 07),14.98
2020,OBALNO-KRAŠKA,ANKARAN,Non-hazardous Wood from Municipal Waste (20 01 38),89.57
2020,OBALNO-KRAŠKA,ANKARAN,Paper and Cardboard Packaging (15 01 01),33.728
2020,OBALNO-KRAŠKA,ANKARAN,Paper and Cardboard from Municipal Waste (20 01 01),104.52
2020,OBALNO-KRAŠKA,DIVAČA,Bulky Municipal Waste (20 03 07),33.962
2020,OBALNO-KRAŠKA,DIVAČA,Non-hazardous Wood from Municipal Waste (20 01 38),90.99
2020,OBALNO-KRAŠKA,DIVAČA,Paper and Cardboard Packaging (15 01 01),52.242
2020,OBALNO-KRAŠKA,DIVAČA,Paper and Cardboard from Municipal Waste (20 01 01),92.276
2020,OBALNO-KRAŠKA,HRPELJE-KOZINA,Bulky Municipal Waste (20 03 07),37.55
2020,OBALNO-KRAŠKA,HRPELJE-KOZINA,Non-hazardous Wood from Municipal Waste (20 01 38),100.606
2020,OBALNO-KRAŠKA,HRPELJE-KOZINA,Paper and Cardboard Packaging (15 01 01),57.088
2020,OBALNO-KRAŠKA,HRPELJE-KOZINA,Paper and Cardboard from Municipal Waste (20 01 01),102.027
2020,OBALNO-KRAŠKA,IZOLA,Bulky Municipal Waste (20 03 07),271.6
2020,OBALNO-KRAŠKA,IZOLA,Non-hazardous Wood from Municipal Waste (20 01 38),637.12
2020,OBALNO-KRAŠKA,IZOLA,Paper and Cardboard Packaging (15 01 01),462.493
2020,OBALNO-KRAŠKA,IZOLA,Paper and Cardboard from Municipal Waste (20 01 01),173.841
2020,OBALNO-KRAŠKA,KOMEN,Bulky Municipal Waste (20 03 07),30.415
2020,OBALNO-KRAŠKA,KOMEN,Non-hazardous Wood from Municipal Waste (20 01 38),81.486
2020,OBALNO-KRAŠKA,KOMEN,Paper and Cardboard Packaging (15 01 01),46.35
2020,OBALNO-KRAŠKA,KOMEN,Paper and Cardboard from Municipal Waste (20 01 01),82.637
2020,OBALNO-KRAŠKA,KOPER,Bulky Municipal Waste (20 03 07),403.886
2020,OBALNO-KRAŠKA,KOPER,Non-hazardous Wood from Municipal Waste (20 01 38),2149.51
2020,OBALNO-KRAŠKA,KOPER,Paper and Cardboard Packaging (15 01 01),705.935
2020,OBALNO-KRAŠKA,KOPER,Paper and Cardboard from Municipal Waste (20 01 01),1062.883
2020,OBALNO-KRAŠKA,KOPER,Wooden Packaging (15 01 03),1239.69
2020,OBALNO-KRAŠKA,PIRAN,Bulky Municipal Waste (20 03 07),1000.06
2020,OBALNO-KRAŠKA,PIRAN,Non-hazardous Wood from Municipal Waste (20 01 38),220.46
2020,OBALNO-KRAŠKA,PIRAN,Paper and Cardboard Packaging (15 01 01),548.582
2020,OBALNO-KRAŠKA,PIRAN,Paper and Cardboard from Municipal Waste (20 01 01),58.942
2020,OBALNO-KRAŠKA,SEŽANA,Bulky Municipal Waste (20 03 07),107.973
2020,OBALNO-KRAŠKA,SEŽANA,Non-hazardous Wood from Municipal Waste (20 01 38),289.278
2020,OBALNO-KRAŠKA,SEŽANA,Paper and Cardboard Packaging (15 01 01),244.389
2020,OBALNO-KRAŠKA,SEŽANA,Paper and Cardboard from Municipal Waste (20 01 01),293.364
2020,OBALNO-KRAŠKA,SEŽANA,Wooden Packaging (15 01 03),10.4
2020,OSREDNJESLOVENSKA,BOROVNICA,Bulky Municipal Waste (20 03 07),39.701
2020,OSREDNJESLOVENSKA,BOROVNICA,Non-hazardous Wood from Municipal Waste (20 01 38),120.58
2020,OSREDNJESLOVENSKA,BOROVNICA,Paper and Cardboard Packaging (15 01 01),26.242
2020,OSREDNJESLOVENSKA,BOROVNICA,Paper and Cardboard from Municipal Waste (20 01 01),158.496
2020,OSREDNJESLOVENSKA,BREZOVICA,Bulky Municipal Waste (20 03 07),197
2020,OSREDNJESLOVENSKA,BREZOVICA,Non-hazardous Wood from Municipal Waste (20 01 38),83.3
2020,OSREDNJESLOVENSKA,BREZOVICA,Paper and Cardboard Packaging (15 01 01),46.349
2020,OSREDNJESLOVENSKA,BREZOVICA,Paper and Cardboard from Municipal Waste (20 01 01),238.179
2020,OSREDNJESLOVENSKA,BREZOVICA,Wooden Packaging (15 01 03),3
2020,OSREDNJESLOVENSKA,DOBREPOLJE,Bulky Municipal Waste (20 03 07),43.61
2020,OSREDNJESLOVENSKA,DOBREPOLJE,Non-hazardous Wood from Municipal Waste (20 01 38),17.25
2020,OSREDNJESLOVENSKA,DOBREPOLJE,Paper and Cardboard Packaging (15 01 01),27.705
2020,OSREDNJESLOVENSKA,DOBREPOLJE,Paper and Cardboard from Municipal Waste (20 01 01),71.286
2020,OSREDNJESLOVENSKA,DOBREPOLJE,Wooden Packaging (15 01 03),1.849
2020,OSREDNJESLOVENSKA,DOBROVA-POLHOV GRADEC,Bulky Municipal Waste (20 03 07),52.08
2020,OSREDNJESLOVENSKA,DOBROVA-POLHOV GRADEC,Paper and Cardboard Packaging (15 01 01),18.063
2020,OSREDNJESLOVENSKA,DOBROVA-POLHOV GRADEC,Paper and Cardboard from Municipal Waste (20 01 01),78.538
2020,OSREDNJESLOVENSKA,DOL PRI LJUBLJANI,Bulky Municipal Waste (20 03 07),82.22
2020,OSREDNJESLOVENSKA,DOL PRI LJUBLJANI,Paper and Cardboard Packaging (15 01 01),25.801
2020,OSREDNJESLOVENSKA,DOL PRI LJUBLJANI,Paper and Cardboard from Municipal Waste (20 01 01),72.24
2020,OSREDNJESLOVENSKA,DOMŽALE,Bulky Municipal Waste (20 03 07),1502.174
2020,OSREDNJESLOVENSKA,DOMŽALE,Non-hazardous Wood from Municipal Waste (20 01 38),519.149
2020,OSREDNJESLOVENSKA,DOMŽALE,Paper and Cardboard Packaging (15 01 01),844.442
2020,OSREDNJESLOVENSKA,DOMŽALE,Paper and Cardboard from Municipal Waste (20 01 01),1619.632
2020,OSREDNJESLOVENSKA,DOMŽALE,Wooden Packaging (15 01 03),178.654
2020,OSREDNJESLOVENSKA,GROSUPLJE,Bulky Municipal Waste (20 03 07),367.758
2020,OSREDNJESLOVENSKA,GROSUPLJE,Non-hazardous Wood from Municipal Waste (20 01 38),481.911
2020,OSREDNJESLOVENSKA,GROSUPLJE,Paper and Cardboard Packaging (15 01 01),231.46
2020,OSREDNJESLOVENSKA,GROSUPLJE,Paper and Cardboard from Municipal Waste (20 01 01),550.067
2020,OSREDNJESLOVENSKA,GROSUPLJE,Wooden Packaging (15 01 03),70.08
2020,OSREDNJESLOVENSKA,HORJUL,Bulky Municipal Waste (20 03 07),54.56
2020,OSREDNJESLOVENSKA,HORJUL,Non-hazardous Wood from Municipal Waste (20 01 38),1.64
2020,OSREDNJESLOVENSKA,HORJUL,Paper and Cardboard Packaging (15 01 01),25.604
2020,OSREDNJESLOVENSKA,HORJUL,Paper and Cardboard from Municipal Waste (20 01 01),37.201
2020,OSREDNJESLOVENSKA,HORJUL,Wooden Packaging (15 01 03),0.4
2020,OSREDNJESLOVENSKA,IG,Bulky Municipal Waste (20 03 07),218.46
2020,OSREDNJESLOVENSKA,IG,Non-hazardous Wood from Municipal Waste (20 01 38),106.36
2020,OSREDNJESLOVENSKA,IG,Paper and Cardboard Packaging (15 01 01),47.058
2020,OSREDNJESLOVENSKA,IG,Paper and Cardboard from Municipal Waste (20 01 01),172.064
2020,OSREDNJESLOVENSKA,IG,Wooden Packaging (15 01 03),10.18
2020,OSREDNJESLOVENSKA,IVANČNA GORICA,Bulky Municipal Waste (20 03 07),225.582
2020,OSREDNJESLOVENSKA,IVANČNA GORICA,Non-hazardous Wood from Municipal Waste (20 01 38),204.529
2020,OSREDNJESLOVENSKA,IVANČNA GORICA,Paper and Cardboard Packaging (15 01 01),143.721
2020,OSREDNJESLOVENSKA,IVANČNA GORICA,Paper and Cardboard from Municipal Waste (20 01 01),374.192
2020,OSREDNJESLOVENSKA,IVANČNA GORICA,Wooden Packaging (15 01 03),54.069
2020,OSREDNJESLOVENSKA,KAMNIK,Bulky Municipal Waste (20 03 07),697.8
2020,OSREDNJESLOVENSKA,KAMNIK,Non-hazardous Wood from Municipal Waste (20 01 38),78.17
2020,OSREDNJESLOVENSKA,KAMNIK,Paper and Cardboard Packaging (15 01 01),551.77
2020,OSREDNJESLOVENSKA,KAMNIK,Paper and Cardboard from Municipal Waste (20 01 01),432.688
2020,OSREDNJESLOVENSKA,KAMNIK,Wooden Packaging (15 01 03),127.886
2020,OSREDNJESLOVENSKA,KOMENDA,Bulky Municipal Waste (20 03 07),111.7
2020,OSREDNJESLOVENSKA,KOMENDA,Non-hazardous Wood from Municipal Waste (20 01 38),25.81
2020,OSREDNJESLOVENSKA,KOMENDA,Paper and Cardboard Packaging (15 01 01),105.716
2020,OSREDNJESLOVENSKA,KOMENDA,Paper and Cardboard from Municipal Waste (20 01 01),189.89
2020,OSREDNJESLOVENSKA,KOMENDA,Wooden Packaging (15 01 03),48.8
2020,OSREDNJESLOVENSKA,LJUBLJANA,Bulky Municipal Waste (20 03 07),7629.974
2020,OSREDNJESLOVENSKA,LJUBLJANA,Non-hazardous Wood from Municipal Waste (20 01 38),5413.936
2020,OSREDNJESLOVENSKA,LJUBLJANA,Paper and Cardboard Packaging (15 01 01),4766.252
2020,OSREDNJESLOVENSKA,LJUBLJANA,Paper and Cardboard from Municipal Waste (20 01 01),45545.819
2020,OSREDNJESLOVENSKA,LJUBLJANA,Wooden Packaging (15 01 03),2619.749
2020,OSREDNJESLOVENSKA,LOG-DRAGOMER,Bulky Municipal Waste (20 03 07),30.878
2020,OSREDNJESLOVENSKA,LOG-DRAGOMER,Non-hazardous Wood from Municipal Waste (20 01 38),93.784
2020,OSREDNJESLOVENSKA,LOG-DRAGOMER,Paper and Cardboard Packaging (15 01 01),20.627
2020,OSREDNJESLOVENSKA,LOG-DRAGOMER,Paper and Cardboard from Municipal Waste (20 01 01),102.763
2020,OSREDNJESLOVENSKA,LOGATEC,Bulky Municipal Waste (20 03 07),132.36
2020,OSREDNJESLOVENSKA,LOGATEC,Non-hazardous Wood from Municipal Waste (20 01 38),704.93
2020,OSREDNJESLOVENSKA,LOGATEC,Paper and Cardboard Packaging (15 01 01),211.706
2020,OSREDNJESLOVENSKA,LOGATEC,Paper and Cardboard from Municipal Waste (20 01 01),310.76
2020,OSREDNJESLOVENSKA,LOGATEC,Wooden Packaging (15 01 03),101.554
2020,OSREDNJESLOVENSKA,LUKOVICA,Bulky Municipal Waste (20 03 07),200.289
2020,OSREDNJESLOVENSKA,LUKOVICA,Non-hazardous Wood from Municipal Waste (20 01 38),69.219
2020,OSREDNJESLOVENSKA,LUKOVICA,Paper and Cardboard Packaging (15 01 01),51.464
2020,OSREDNJESLOVENSKA,LUKOVICA,Paper and Cardboard from Municipal Waste (20 01 01),102.009
2020,OSREDNJESLOVENSKA,LUKOVICA,Wooden Packaging (15 01 03),89.46
2020,OSREDNJESLOVENSKA,MEDVODE,Bulky Municipal Waste (20 03 07),347.64
2020,OSREDNJESLOVENSKA,MEDVODE,Non-hazardous Wood from Municipal Waste (20 01 38),230.24
2020,OSREDNJESLOVENSKA,MEDVODE,Paper and Cardboard Packaging (15 01 01),93.644
2020,OSREDNJESLOVENSKA,MEDVODE,Paper and Cardboard from Municipal Waste (20 01 01),598.387
2020,OSREDNJESLOVENSKA,MEDVODE,Wooden Packaging (15 01 03),142.6
2020,OSREDNJESLOVENSKA,MENGEŠ,Bulky Municipal Waste (20 03 07),300.434
2020,OSREDNJESLOVENSKA,MENGEŠ,Non-hazardous Wood from Municipal Waste (20 01 38),103.829
2020,OSREDNJESLOVENSKA,MENGEŠ,Paper and Cardboard Packaging (15 01 01),93.261
2020,OSREDNJESLOVENSKA,MENGEŠ,Paper and Cardboard from Municipal Waste (20 01 01),147.041
2020,OSREDNJESLOVENSKA,MENGEŠ,Wooden Packaging (15 01 03),38.644
2020,OSREDNJESLOVENSKA,MORAVČE,Bulky Municipal Waste (20 03 07),200.289
2020,OSREDNJESLOVENSKA,MORAVČE,Non-hazardous Wood from Municipal Waste (20 01 38),69.219
2020,OSREDNJESLOVENSKA,MORAVČE,Paper and Cardboard Packaging (15 01 01),56.1
2020,OSREDNJESLOVENSKA,MORAVČE,Paper and Cardboard from Municipal Waste (20 01 01),99.807
2020,OSREDNJESLOVENSKA,TRZIN,Bulky Municipal Waste (20 03 07),300.434
2020,OSREDNJESLOVENSKA,TRZIN,Non-hazardous Wood from Municipal Waste (20 01 38),103.829
2020,OSREDNJESLOVENSKA,TRZIN,Paper and Cardboard Packaging (15 01 01),143.039
2020,OSREDNJESLOVENSKA,TRZIN,Paper and Cardboard from Municipal Waste (20 01 01),177.15
2020,OSREDNJESLOVENSKA,TRZIN,Wooden Packaging (15 01 03),6.322
2020,OSREDNJESLOVENSKA,VELIKE LAŠČE,Bulky Municipal Waste (20 03 07),145.72
2020,OSREDNJESLOVENSKA,VELIKE LAŠČE,Non-hazardous Wood from Municipal Waste (20 01 38),56.84
2020,OSREDNJESLOVENSKA,VELIKE LAŠČE,Paper and Cardboard Packaging (15 01 01),12.189
2020,OSREDNJESLOVENSKA,VELIKE LAŠČE,Paper and Cardboard from Municipal Waste (20 01 01),52.567
2020,OSREDNJESLOVENSKA,VODICE,Bulky Municipal Waste (20 03 07),141.96
2020,OSREDNJESLOVENSKA,VODICE,Non-hazardous Wood from Municipal Waste (20 01 38),84.46
2020,OSREDNJESLOVENSKA,VODICE,Paper and Cardboard Packaging (15 01 01),14.395
2020,OSREDNJESLOVENSKA,VODICE,Paper and Cardboard from Municipal Waste (20 01 01),68.403
2020,OSREDNJESLOVENSKA,VRHNIKA,Bulky Municipal Waste (20 03 07),149.981
2020,OSREDNJESLOVENSKA,VRHNIKA,Non-hazardous Wood from Municipal Waste (20 01 38),455.524
2020,OSREDNJESLOVENSKA,VRHNIKA,Paper and Cardboard Packaging (15 01 01),271.774
2020,OSREDNJESLOVENSKA,VRHNIKA,Paper and Cardboard from Municipal Waste (20 01 01),693.145
2020,OSREDNJESLOVENSKA,VRHNIKA,Wooden Packaging (15 01 03),4.48
2020,OSREDNJESLOVENSKA,ŠKOFLJICA,Bulky Municipal Waste (20 03 07),124.5
2020,OSREDNJESLOVENSKA,ŠKOFLJICA,Non-hazardous Wood from Municipal Waste (20 01 38),133.14
2020,OSREDNJESLOVENSKA,ŠKOFLJICA,Paper and Cardboard Packaging (15 01 01),40.203
2020,OSREDNJESLOVENSKA,ŠKOFLJICA,Paper and Cardboard from Municipal Waste (20 01 01),150.854
2020,OSREDNJESLOVENSKA,ŠMARTNO PRI LITIJI,Bulky Municipal Waste (20 03 07),221.9
2020,OSREDNJESLOVENSKA,ŠMARTNO PRI LITIJI,Non-hazardous Wood from Municipal Waste (20 01 38),84.37
2020,OSREDNJESLOVENSKA,ŠMARTNO PRI LITIJI,Paper and Cardboard Packaging (15 01 01),87.816
2020,OSREDNJESLOVENSKA,ŠMARTNO PRI LITIJI,Paper and Cardboard from Municipal Waste (20 01 01),60.336
2020,PODRAVSKA,BENEDIKT,Bulky Municipal Waste (20 03 07),74.749
2020,PODRAVSKA,BENEDIKT,Non-hazardous Wood from Municipal Waste (20 01 38),0.626
2020,PODRAVSKA,BENEDIKT,Paper and Cardboard from Municipal Waste (20 01 01),31.966
2020,PODRAVSKA,CERKVENJAK,Bulky Municipal Waste (20 03 07),33.227
2020,PODRAVSKA,CERKVENJAK,Non-hazardous Wood from Municipal Waste (20 01 38),1.248
2020,PODRAVSKA,CERKVENJAK,Paper and Cardboard from Municipal Waste (20 01 01),30.027
2020,PODRAVSKA,CERKVENJAK,Wooden Packaging (15 01 03),0.2
2020,PODRAVSKA,CIRKULANE,Bulky Municipal Waste (20 03 07),29.807
2020,PODRAVSKA,CIRKULANE,Paper and Cardboard Packaging (15 01 01),13.07
2020,PODRAVSKA,CIRKULANE,Paper and Cardboard from Municipal Waste (20 01 01),33.312
2020,PODRAVSKA,DESTRNIK,Bulky Municipal Waste (20 03 07),39.602
2020,PODRAVSKA,DESTRNIK,Paper and Cardboard Packaging (15 01 01),16.786
2020,PODRAVSKA,DESTRNIK,Paper and Cardboard from Municipal Waste (20 01 01),39.74
2020,PODRAVSKA,DORNAVA,Bulky Municipal Waste (20 03 07),53.342
2020,PODRAVSKA,DORNAVA,Non-hazardous Wood from Municipal Waste (20 01 38),35.926
2020,PODRAVSKA,DORNAVA,Paper and Cardboard Packaging (15 01 01),20.754
2020,PODRAVSKA,DORNAVA,Paper and Cardboard from Municipal Waste (20 01 01),62.622
2020,PODRAVSKA,DUPLEK,Bulky Municipal Waste (20 03 07),242.953
2020,PODRAVSKA,DUPLEK,Non-hazardous Wood from Municipal Waste (20 01 38),28.134
2020,PODRAVSKA,DUPLEK,Paper and Cardboard Packaging (15 01 01),64.116
2020,PODRAVSKA,DUPLEK,Paper and Cardboard from Municipal Waste (20 01 01),150.177
2020,PODRAVSKA,GORIŠNICA,Bulky Municipal Waste (20 03 07),136.155
2020,PODRAVSKA,GORIŠNICA,Non-hazardous Wood from Municipal Waste (20 01 38),95.629
2020,PODRAVSKA,GORIŠNICA,Paper and Cardboard Packaging (15 01 01),30.45
2020,PODRAVSKA,GORIŠNICA,Paper and Cardboard from Municipal Waste (20 01 01),82.385
2020,PODRAVSKA,HAJDINA,Bulky Municipal Waste (20 03 07),147.754
2020,PODRAVSKA,HAJDINA,Non-hazardous Wood from Municipal Waste (20 01 38),83.413
2020,PODRAVSKA,HAJDINA,Paper and Cardboard Packaging (15 01 01),34.614
2020,PODRAVSKA,HAJDINA,Paper and Cardboard from Municipal Waste (20 01 01),92.777
2020,PODRAVSKA,HOČE-SLIVNICA,Bulky Municipal Waste (20 03 07),260.295
2020,PODRAVSKA,HOČE-SLIVNICA,Non-hazardous Wood from Municipal Waste (20 01 38),32.027
2020,PODRAVSKA,HOČE-SLIVNICA,Paper and Cardboard Packaging (15 01 01),6.22
2020,PODRAVSKA,HOČE-SLIVNICA,Paper and Cardboard from Municipal Waste (20 01 01),204.016
2020,PODRAVSKA,HOČE-SLIVNICA,Wooden Packaging (15 01 03),3.516
2020,PODRAVSKA,JURŠINCI,Bulky Municipal Waste (20 03 07),50.615
2020,PODRAVSKA,JURŠINCI,Non-hazardous Wood from Municipal Waste (20 01 38),25.716
2020,PODRAVSKA,JURŠINCI,Paper and Cardboard Packaging (15 01 01),18
2020,PODRAVSKA,JURŠINCI,Paper and Cardboard from Municipal Waste (20 01 01),51.676
2020,PODRAVSKA,KIDRIČEVO,Bulky Municipal Waste (20 03 07),212.604
2020,PODRAVSKA,KIDRIČEVO,Non-hazardous Wood from Municipal Waste (20 01 38),52.398
2020,PODRAVSKA,KIDRIČEVO,Paper and Cardboard Packaging (15 01 01),61.346
2020,PODRAVSKA,KIDRIČEVO,Paper and Cardboard from Municipal Waste (20 01 01),154.873
2020,PODRAVSKA,KIDRIČEVO,Wooden Packaging (15 01 03),0.34
2020,PODRAVSKA,KUNGOTA,Bulky Municipal Waste (20 03 07),129.24
2020,PODRAVSKA,KUNGOTA,Non-hazardous Wood from Municipal Waste (20 01 38),98.18
2020,PODRAVSKA,KUNGOTA,Paper and Cardboard Packaging (15 01 01),17.828
2020,PODRAVSKA,KUNGOTA,Paper and Cardboard from Municipal Waste (20 01 01),89.138
2020,PODRAVSKA,LENART,Bulky Municipal Waste (20 03 07),406.372
2020,PODRAVSKA,LENART,Non-hazardous Wood from Municipal Waste (20 01 38),115.767
2020,PODRAVSKA,LENART,Paper and Cardboard from Municipal Waste (20 01 01),241.976
2020,PODRAVSKA,LENART,Wooden Packaging (15 01 03),3.38
2020,PODRAVSKA,LOVRENC NA POHORJU,Bulky Municipal Waste (20 03 07),60.598
2020,PODRAVSKA,LOVRENC NA POHORJU,Non-hazardous Wood from Municipal Waste (20 01 38),86.74
2020,PODRAVSKA,LOVRENC NA POHORJU,Paper and Cardboard Packaging (15 01 01),15.902
2020,PODRAVSKA,LOVRENC NA POHORJU,Paper and Cardboard from Municipal Waste (20 01 01),43.78
2020,PODRAVSKA,MAJŠPERK,Bulky Municipal Waste (20 03 07),72.018
2020,PODRAVSKA,MAJŠPERK,Non-hazardous Wood from Municipal Waste (20 01 38),9.884
2020,PODRAVSKA,MAJŠPERK,Paper and Cardboard Packaging (15 01 01),31.554
2020,PODRAVSKA,MAJŠPERK,Paper and Cardboard from Municipal Waste (20 01 01),81.08
2020,PODRAVSKA,MAKOLE,Bulky Municipal Waste (20 03 07),11.36
2020,PODRAVSKA,MAKOLE,Non-hazardous Wood from Municipal Waste (20 01 38),35.192
2020,PODRAVSKA,MAKOLE,Paper and Cardboard Packaging (15 01 01),14.897
2020,PODRAVSKA,MAKOLE,Paper and Cardboard from Municipal Waste (20 01 01),21.539
2020,PODRAVSKA,MARIBOR,Bulky Municipal Waste (20 03 07),2033.831
2020,PODRAVSKA,MARIBOR,Non-hazardous Wood from Municipal Waste (20 01 38),4549.29
2020,PODRAVSKA,MARIBOR,Paper and Cardboard Packaging (15 01 01),537.212
2020,PODRAVSKA,MARIBOR,Paper and Cardboard from Municipal Waste (20 01 01),4033.521
2020,PODRAVSKA,MARIBOR,Wooden Packaging (15 01 03),397
2020,PODRAVSKA,MARKOVCI,Bulky Municipal Waste (20 03 07),105.86
2020,PODRAVSKA,MARKOVCI,Non-hazardous Wood from Municipal Waste (20 01 38),54.516
2020,PODRAVSKA,MARKOVCI,Paper and Cardboard Packaging (15 01 01),30.318
2020,PODRAVSKA,MARKOVCI,Paper and Cardboard from Municipal Waste (20 01 01),79.574
2020,PODRAVSKA,MIKLAVŽ NA DRAVSKEM POLJU,Bulky Municipal Waste (20 03 07),122.525
2020,PODRAVSKA,MIKLAVŽ NA DRAVSKEM POLJU,Non-hazardous Wood from Municipal Waste (20 01 38),158.38
2020,PODRAVSKA,MIKLAVŽ NA DRAVSKEM POLJU,Paper and Cardboard Packaging (15 01 01),35.82
2020,PODRAVSKA,MIKLAVŽ NA DRAVSKEM POLJU,Paper and Cardboard from Municipal Waste (20 01 01),160.72
2020,PODRAVSKA,MIKLAVŽ NA DRAVSKEM POLJU,Wooden Packaging (15 01 03),0.134
2020,PODRAVSKA,OPLOTNICA,Bulky Municipal Waste (20 03 07),41.652
2020,PODRAVSKA,OPLOTNICA,Non-hazardous Wood from Municipal Waste (20 01 38),129.037
2020,PODRAVSKA,OPLOTNICA,Paper and Cardboard Packaging (15 01 01),54.624
2020,PODRAVSKA,OPLOTNICA,Paper and Cardboard from Municipal Waste (20 01 01),78.977
2020,PODRAVSKA,ORMOŽ,Bulky Municipal Waste (20 03 07),355.28
2020,PODRAVSKA,ORMOŽ,Non-hazardous Wood from Municipal Waste (20 01 38),75.44
2020,PODRAVSKA,ORMOŽ,Paper and Cardboard Packaging (15 01 01),102.562
2020,PODRAVSKA,ORMOŽ,Paper and Cardboard from Municipal Waste (20 01 01),78.892
2020,PODRAVSKA,ORMOŽ,Wooden Packaging (15 01 03),1.95
2020,PODRAVSKA,PESNICA,Bulky Municipal Waste (20 03 07),131.542
2020,PODRAVSKA,PESNICA,Non-hazardous Wood from Municipal Waste (20 01 38),242.28
2020,PODRAVSKA,PESNICA,Paper and Cardboard Packaging (15 01 01),26.446
2020,PODRAVSKA,PESNICA,Paper and Cardboard from Municipal Waste (20 01 01),92.362
2020,PODRAVSKA,PODLEHNIK,Bulky Municipal Waste (20 03 07),24.344
2020,PODRAVSKA,PODLEHNIK,Paper and Cardboard Packaging (15 01 01),9.67
2020,PODRAVSKA,PODLEHNIK,Paper and Cardboard from Municipal Waste (20 01 01),23.136
2020,PODRAVSKA,POLJČANE,Bulky Municipal Waste (20 03 07),37.865
2020,PODRAVSKA,POLJČANE,Non-hazardous Wood from Municipal Waste (20 01 38),117.306
2020,PODRAVSKA,POLJČANE,Paper and Cardboard Packaging (15 01 01),49.658
2020,PODRAVSKA,POLJČANE,Paper and Cardboard from Municipal Waste (20 01 01),71.797
2020,PODRAVSKA,PTUJ,Bulky Municipal Waste (20 03 07),755.619
2020,PODRAVSKA,PTUJ,Non-hazardous Wood from Municipal Waste (20 01 38),385.567
2020,PODRAVSKA,PTUJ,Paper and Cardboard Packaging (15 01 01),245.819
2020,PODRAVSKA,PTUJ,Paper and Cardboard from Municipal Waste (20 01 01),863.597
2020,PODRAVSKA,PTUJ,Wooden Packaging (15 01 03),92.37
2020,PODRAVSKA,RAČE-FRAM,Bulky Municipal Waste (20 03 07),87.09
2020,PODRAVSKA,RAČE-FRAM,Non-hazardous Wood from Municipal Waste (20 01 38),269.804
2020,PODRAVSKA,RAČE-FRAM,Paper and Cardboard Packaging (15 01 01),114.213
2020,PODRAVSKA,RAČE-FRAM,Paper and Cardboard from Municipal Waste (20 01 01),165.133
2020,PODRAVSKA,RUŠE,Bulky Municipal Waste (20 03 07),121.652
2020,PODRAVSKA,RUŠE,Non-hazardous Wood from Municipal Waste (20 01 38),281.165
2020,PODRAVSKA,RUŠE,Paper and Cardboard Packaging (15 01 01),38.588
2020,PODRAVSKA,RUŠE,Paper and Cardboard from Municipal Waste (20 01 01),185.835
2020,PODRAVSKA,RUŠE,Wooden Packaging (15 01 03),0.059
2020,PODRAVSKA,SELNICA OB DRAVI,Bulky Municipal Waste (20 03 07),84.89
2020,PODRAVSKA,SELNICA OB DRAVI,Non-hazardous Wood from Municipal Waste (20 01 38),187.245
2020,PODRAVSKA,SELNICA OB DRAVI,Paper and Cardboard Packaging (15 01 01),15.5
2020,PODRAVSKA,SELNICA OB DRAVI,Paper and Cardboard from Municipal Waste (20 01 01),78.31
2020,PODRAVSKA,SLOVENSKA BISTRICA,Bulky Municipal Waste (20 03 07),200.683
2020,PODRAVSKA,SLOVENSKA BISTRICA,Non-hazardous Wood from Municipal Waste (20 01 38),621.721
2020,PODRAVSKA,SLOVENSKA BISTRICA,Paper and Cardboard Packaging (15 01 01),277.959
2020,PODRAVSKA,SLOVENSKA BISTRICA,Paper and Cardboard from Municipal Waste (20 01 01),383.054
2020,PODRAVSKA,SREDIŠČE OB DRAVI,Bulky Municipal Waste (20 03 07),68.34
2020,PODRAVSKA,SREDIŠČE OB DRAVI,Paper and Cardboard Packaging (15 01 01),20.513
2020,PODRAVSKA,SREDIŠČE OB DRAVI,Paper and Cardboard from Municipal Waste (20 01 01),15.779
2020,PODRAVSKA,SREDIŠČE OB DRAVI,Wooden Packaging (15 01 03),0.39
2020,PODRAVSKA,STARŠE,Bulky Municipal Waste (20 03 07),102.527
2020,PODRAVSKA,STARŠE,Non-hazardous Wood from Municipal Waste (20 01 38),635.02
2020,PODRAVSKA,STARŠE,Paper and Cardboard Packaging (15 01 01),23.32
2020,PODRAVSKA,STARŠE,Paper and Cardboard from Municipal Waste (20 01 01),75.588
2020,PODRAVSKA,SV. TROJICA V SLOV. GORICAH,Bulky Municipal Waste (20 03 07),81.679
2020,PODRAVSKA,SV. TROJICA V SLOV. GORICAH,Non-hazardous Wood from Municipal Waste (20 01 38),0.794
2020,PODRAVSKA,SV. TROJICA V SLOV. GORICAH,Paper and Cardboard from Municipal Waste (20 01 01),30.368
2020,PODRAVSKA,SVETA ANA,Bulky Municipal Waste (20 03 07),58.123
2020,PODRAVSKA,SVETA ANA,Non-hazardous Wood from Municipal Waste (20 01 38),0.267
2020,PODRAVSKA,SVETA ANA,Paper and Cardboard from Municipal Waste (20 01 01),28.938
2020,PODRAVSKA,SVETI ANDRAŽ V SLOV. GORICAH,Bulky Municipal Waste (20 03 07),21.213
2020,PODRAVSKA,SVETI ANDRAŽ V SLOV. GORICAH,Paper and Cardboard Packaging (15 01 01),7.882
2020,PODRAVSKA,SVETI ANDRAŽ V SLOV. GORICAH,Paper and Cardboard from Municipal Waste (20 01 01),18.964
2020,PODRAVSKA,SVETI JURIJ V SLOV. GORICAH,Bulky Municipal Waste (20 03 07),47.732
2020,PODRAVSKA,SVETI JURIJ V SLOV. GORICAH,Non-hazardous Wood from Municipal Waste (20 01 38),0.338
2020,PODRAVSKA,SVETI JURIJ V SLOV. GORICAH,Paper and Cardboard from Municipal Waste (20 01 01),26.726
2020,PODRAVSKA,SVETI TOMAŽ,Bulky Municipal Waste (20 03 07),49.24
2020,PODRAVSKA,SVETI TOMAŽ,Paper and Cardboard Packaging (15 01 01),13.675
2020,PODRAVSKA,SVETI TOMAŽ,Paper and Cardboard from Municipal Waste (20 01 01),10.519
2020,PODRAVSKA,SVETI TOMAŽ,Wooden Packaging (15 01 03),0.26
2020,PODRAVSKA,TRNOVSKA VAS,Bulky Municipal Waste (20 03 07),44.934
2020,PODRAVSKA,TRNOVSKA VAS,Non-hazardous Wood from Municipal Waste (20 01 38),10.884
2020,PODRAVSKA,TRNOVSKA VAS,Paper and Cardboard Packaging (15 01 01),7.576
2020,PODRAVSKA,TRNOVSKA VAS,Paper and Cardboard from Municipal Waste (20 01 01),24.407
2020,PODRAVSKA,VIDEM,Bulky Municipal Waste (20 03 07),92.562
2020,PODRAVSKA,VIDEM,Non-hazardous Wood from Municipal Waste (20 01 38),13.906
2020,PODRAVSKA,VIDEM,Paper and Cardboard Packaging (15 01 01),31.551
2020,PODRAVSKA,VIDEM,Paper and Cardboard from Municipal Waste (20 01 01),92.632
2020,PODRAVSKA,ZAVRČ,Bulky Municipal Waste (20 03 07),26.621
2020,PODRAVSKA,ZAVRČ,Paper and Cardboard Packaging (15 01 01),5.267
2020,PODRAVSKA,ZAVRČ,Paper and Cardboard from Municipal Waste (20 01 01),20.35
2020,PODRAVSKA,ŠENTILJ,Bulky Municipal Waste (20 03 07),384.117
2020,PODRAVSKA,ŠENTILJ,Non-hazardous Wood from Municipal Waste (20 01 38),18.898
2020,PODRAVSKA,ŠENTILJ,Paper and Cardboard from Municipal Waste (20 01 01),138.273
2020,PODRAVSKA,ŠENTILJ,Wooden Packaging (15 01 03),3.64
2020,PODRAVSKA,ŽETALE,Bulky Municipal Waste (20 03 07),42.116
2020,PODRAVSKA,ŽETALE,Non-hazardous Wood from Municipal Waste (20 01 38),7.504
2020,PODRAVSKA,ŽETALE,Paper and Cardboard Packaging (15 01 01),5.964
2020,PODRAVSKA,ŽETALE,Paper and Cardboard from Municipal Waste (20 01 01),17.628
2020,POMURSKA,APAČE,Bulky Municipal Waste (20 03 07),457.58
2020,POMURSKA,APAČE,Non-hazardous Wood from Municipal Waste (20 01 38),2.2
2020,POMURSKA,APAČE,Paper and Cardboard Packaging (15 01 01),83.12
2020,POMURSKA,APAČE,Paper and Cardboard from Municipal Waste (20 01 01),3.46
2020,POMURSKA,BELTINCI,Bulky Municipal Waste (20 03 07),304.153
2020,POMURSKA,BELTINCI,Non-hazardous Wood from Municipal Waste (20 01 38),125.958
2020,POMURSKA,BELTINCI,Paper and Cardboard Packaging (15 01 01),62.663
2020,POMURSKA,BELTINCI,Paper and Cardboard from Municipal Waste (20 01 01),144.379
2020,POMURSKA,CANKOVA,Bulky Municipal Waste (20 03 07),56.883
2020,POMURSKA,CANKOVA,Non-hazardous Wood from Municipal Waste (20 01 38),22.914
2020,POMURSKA,CANKOVA,Paper and Cardboard Packaging (15 01 01),1.007
2020,POMURSKA,CANKOVA,Paper and Cardboard from Municipal Waste (20 01 01),27.388
2020,POMURSKA,DOBROVNIK,Bulky Municipal Waste (20 03 07),35.97
2020,POMURSKA,DOBROVNIK,Non-hazardous Wood from Municipal Waste (20 01 38),18.38
2020,POMURSKA,DOBROVNIK,Paper and Cardboard Packaging (15 01 01),0.905
2020,POMURSKA,DOBROVNIK,Paper and Cardboard from Municipal Waste (20 01 01),26.3
2020,POMURSKA,GORNJA RADGONA,Bulky Municipal Waste (20 03 07),215.13
2020,POMURSKA,GORNJA RADGONA,Non-hazardous Wood from Municipal Waste (20 01 38),87.18
2020,POMURSKA,GORNJA RADGONA,Paper and Cardboard Packaging (15 01 01),53.47
2020,POMURSKA,GORNJA RADGONA,Paper and Cardboard from Municipal Waste (20 01 01),198.03
2020,POMURSKA,GORNJI PETROVCI,Bulky Municipal Waste (20 03 07),31.347
2020,POMURSKA,GORNJI PETROVCI,Non-hazardous Wood from Municipal Waste (20 01 38),4.192
2020,POMURSKA,GORNJI PETROVCI,Paper and Cardboard Packaging (15 01 01),0.32
2020,POMURSKA,GORNJI PETROVCI,Paper and Cardboard from Municipal Waste (20 01 01),22.042
2020,POMURSKA,GRAD,Bulky Municipal Waste (20 03 07),58.14
2020,POMURSKA,GRAD,Non-hazardous Wood from Municipal Waste (20 01 38),16.38
2020,POMURSKA,GRAD,Paper and Cardboard Packaging (15 01 01),0.762
2020,POMURSKA,GRAD,Paper and Cardboard from Municipal Waste (20 01 01),30.665
2020,POMURSKA,HODOŠ,Bulky Municipal Waste (20 03 07),5.65
2020,POMURSKA,HODOŠ,Non-hazardous Wood from Municipal Waste (20 01 38),1.61
2020,POMURSKA,HODOŠ,Paper and Cardboard Packaging (15 01 01),0.03
2020,POMURSKA,HODOŠ,Paper and Cardboard from Municipal Waste (20 01 01),15.319
2020,POMURSKA,KOBILJE,Bulky Municipal Waste (20 03 07),21.84
2020,POMURSKA,KOBILJE,Non-hazardous Wood from Municipal Waste (20 01 38),9.5
2020,POMURSKA,KOBILJE,Paper and Cardboard Packaging (15 01 01),0.4
2020,POMURSKA,KOBILJE,Paper and Cardboard from Municipal Waste (20 01 01),5.563
2020,POMURSKA,KRIŽEVCI,Bulky Municipal Waste (20 03 07),251.97
2020,POMURSKA,KRIŽEVCI,Non-hazardous Wood from Municipal Waste (20 01 38),16.32
2020,POMURSKA,KRIŽEVCI,Paper and Cardboard Packaging (15 01 01),5.9
2020,POMURSKA,KRIŽEVCI,Paper and Cardboard from Municipal Waste (20 01 01),33.04
2020,POMURSKA,KUZMA,Bulky Municipal Waste (20 03 07),26.397
2020,POMURSKA,KUZMA,Non-hazardous Wood from Municipal Waste (20 01 38),8.186
2020,POMURSKA,KUZMA,Paper and Cardboard Packaging (15 01 01),5.42
2020,POMURSKA,KUZMA,Paper and Cardboard from Municipal Waste (20 01 01),16.398
2020,POMURSKA,LENDAVA,Bulky Municipal Waste (20 03 07),213.67
2020,POMURSKA,LENDAVA,Paper and Cardboard Packaging (15 01 01),247.405
2020,POMURSKA,LENDAVA,Paper and Cardboard from Municipal Waste (20 01 01),333.041
2020,POMURSKA,LENDAVA,Wooden Packaging (15 01 03),117.411
2020,POMURSKA,LJUTOMER,Bulky Municipal Waste (20 03 07),689.7
2020,POMURSKA,LJUTOMER,Non-hazardous Wood from Municipal Waste (20 01 38),76.93
2020,POMURSKA,LJUTOMER,Paper and Cardboard Packaging (15 01 01),16.77
2020,POMURSKA,LJUTOMER,Paper and Cardboard from Municipal Waste (20 01 01),134.26
2020,POMURSKA,MORAVSKE TOPLICE,Bulky Municipal Waste (20 03 07),160.821
2020,POMURSKA,MORAVSKE TOPLICE,Non-hazardous Wood from Municipal Waste (20 01 38),28.720000000000002
2020,POMURSKA,MORAVSKE TOPLICE,Paper and Cardboard Packaging (15 01 01),8.845
2020,POMURSKA,MORAVSKE TOPLICE,Paper and Cardboard from Municipal Waste (20 01 01),97.678
2020,POMURSKA,MURSKA SOBOTA,Bulky Municipal Waste (20 03 07),693.802
2020,POMURSKA,MURSKA SOBOTA,Non-hazardous Wood from Municipal Waste (20 01 38),353.988
2020,POMURSKA,MURSKA SOBOTA,Paper and Cardboard Packaging (15 01 01),178.412
2020,POMURSKA,MURSKA SOBOTA,Paper and Cardboard from Municipal Waste (20 01 01),790.621
2020,POMURSKA,MURSKA SOBOTA,Wooden Packaging (15 01 03),31.2
2020,POMURSKA,ODRANCI,Bulky Municipal Waste (20 03 07),59.533
2020,POMURSKA,ODRANCI,Non-hazardous Wood from Municipal Waste (20 01 38),20.477
2020,POMURSKA,ODRANCI,Paper and Cardboard Packaging (15 01 01),2.421
2020,POMURSKA,ODRANCI,Paper and Cardboard from Municipal Waste (20 01 01),39.015
2020,POMURSKA,PUCONCI,Bulky Municipal Waste (20 03 07),179.472
2020,POMURSKA,PUCONCI,Non-hazardous Wood from Municipal Waste (20 01 38),9.416
2020,POMURSKA,PUCONCI,Paper and Cardboard Packaging (15 01 01),32.352000000000004
2020,POMURSKA,PUCONCI,Paper and Cardboard from Municipal Waste (20 01 01),62.611
2020,POMURSKA,RADENCI,Bulky Municipal Waste (20 03 07),240.367
2020,POMURSKA,RADENCI,Non-hazardous Wood from Municipal Waste (20 01 38),63.137
2020,POMURSKA,RADENCI,Paper and Cardboard Packaging (15 01 01),0.08
2020,POMURSKA,RADENCI,Paper and Cardboard from Municipal Waste (20 01 01),55.747
2020,POMURSKA,RADENCI,Wooden Packaging (15 01 03),18.52
2020,POMURSKA,RAZKRIŽJE,Bulky Municipal Waste (20 03 07),88.52
2020,POMURSKA,RAZKRIŽJE,Non-hazardous Wood from Municipal Waste (20 01 38),1.85
2020,POMURSKA,RAZKRIŽJE,Paper and Cardboard Packaging (15 01 01),2
2020,POMURSKA,RAZKRIŽJE,Paper and Cardboard from Municipal Waste (20 01 01),14.98
2020,POMURSKA,RAZKRIŽJE,Wooden Packaging (15 01 03),0.1
2020,POMURSKA,ROGAŠOVCI,Bulky Municipal Waste (20 03 07),63.934
2020,POMURSKA,ROGAŠOVCI,Non-hazardous Wood from Municipal Waste (20 01 38),14.424
2020,POMURSKA,ROGAŠOVCI,Paper and Cardboard Packaging (15 01 01),15.92
2020,POMURSKA,ROGAŠOVCI,Paper and Cardboard from Municipal Waste (20 01 01),29.297
2020,POMURSKA,SVETI JURIJ OB ŠČAVNICI,Bulky Municipal Waste (20 03 07),58.434
2020,POMURSKA,SVETI JURIJ OB ŠČAVNICI,Non-hazardous Wood from Municipal Waste (20 01 38),23.815
2020,POMURSKA,SVETI JURIJ OB ŠČAVNICI,Paper and Cardboard from Municipal Waste (20 01 01),21.054
2020,POMURSKA,TIŠINA,Bulky Municipal Waste (20 03 07),121.129
2020,POMURSKA,TIŠINA,Non-hazardous Wood from Municipal Waste (20 01 38),60.182
2020,POMURSKA,TIŠINA,Paper and Cardboard Packaging (15 01 01),18.72
2020,POMURSKA,TIŠINA,Paper and Cardboard from Municipal Waste (20 01 01),51.599
2020,POMURSKA,TURNIŠČE,Bulky Municipal Waste (20 03 07),97.62
2020,POMURSKA,TURNIŠČE,Non-hazardous Wood from Municipal Waste (20 01 38),25.703
2020,POMURSKA,TURNIŠČE,Paper and Cardboard Packaging (15 01 01),5.842
2020,POMURSKA,TURNIŠČE,Paper and Cardboard from Municipal Waste (20 01 01),51.551
2020,POMURSKA,VELIKA POLANA,Bulky Municipal Waste (20 03 07),17.52
2020,POMURSKA,VELIKA POLANA,Non-hazardous Wood from Municipal Waste (20 01 38),5.02
2020,POMURSKA,VELIKA POLANA,Paper and Cardboard Packaging (15 01 01),2.58
2020,POMURSKA,VELIKA POLANA,Paper and Cardboard from Municipal Waste (20 01 01),12.76
2020,POMURSKA,VERŽEJ,Bulky Municipal Waste (20 03 07),87.37
2020,POMURSKA,VERŽEJ,Non-hazardous Wood from Municipal Waste (20 01 38),2.95
2020,POMURSKA,VERŽEJ,Paper and Cardboard Packaging (15 01 01),1.95
2020,POMURSKA,VERŽEJ,Paper and Cardboard from Municipal Waste (20 01 01),15.45
2020,POMURSKA,ČRENŠOVCI,Bulky Municipal Waste (20 03 07),145.971
2020,POMURSKA,ČRENŠOVCI,Non-hazardous Wood from Municipal Waste (20 01 38),46.396
2020,POMURSKA,ČRENŠOVCI,Paper and Cardboard Packaging (15 01 01),0.352
2020,POMURSKA,ČRENŠOVCI,Paper and Cardboard from Municipal Waste (20 01 01),81.197
2020,POMURSKA,ŠALOVCI,Bulky Municipal Waste (20 03 07),25.698
2020,POMURSKA,ŠALOVCI,Non-hazardous Wood from Municipal Waste (20 01 38),7.794
2020,POMURSKA,ŠALOVCI,Paper and Cardboard Packaging (15 01 01),0.36
2020,POMURSKA,ŠALOVCI,Paper and Cardboard from Municipal Waste (20 01 01),14.147
2020,POSAVSKA,BISTRICA OB SOTLI,Bulky Municipal Waste (20 03 07),44.359
2020,POSAVSKA,BISTRICA OB SOTLI,Non-hazardous Wood from Municipal Waste (20 01 38),2.633
2020,POSAVSKA,BISTRICA OB SOTLI,Paper and Cardboard Packaging (15 01 01),6.8
2020,POSAVSKA,BISTRICA OB SOTLI,Paper and Cardboard from Municipal Waste (20 01 01),11.38
2020,POSAVSKA,BISTRICA OB SOTLI,Wooden Packaging (15 01 03),0.005
2020,POSAVSKA,BREŽICE,Bulky Municipal Waste (20 03 07),3.34
2020,POSAVSKA,BREŽICE,Non-hazardous Wood from Municipal Waste (20 01 38),19.554
2020,POSAVSKA,BREŽICE,Paper and Cardboard Packaging (15 01 01),569.633
2020,POSAVSKA,BREŽICE,Paper and Cardboard from Municipal Waste (20 01 01),358.464
2020,POSAVSKA,BREŽICE,Wooden Packaging (15 01 03),90.618
2020,POSAVSKA,KOSTANJEVICA NA KRKI,Bulky Municipal Waste (20 03 07),5.68
2020,POSAVSKA,KOSTANJEVICA NA KRKI,Non-hazardous Wood from Municipal Waste (20 01 38),29.12
2020,POSAVSKA,KOSTANJEVICA NA KRKI,Paper and Cardboard Packaging (15 01 01),59.013
2020,POSAVSKA,KRŠKO,Bulky Municipal Waste (20 03 07),279.2
2020,POSAVSKA,KRŠKO,Non-hazardous Wood from Municipal Waste (20 01 38),975.42
2020,POSAVSKA,KRŠKO,Paper and Cardboard Packaging (15 01 01),943.195
2020,POSAVSKA,KRŠKO,Paper and Cardboard from Municipal Waste (20 01 01),1023.918
2020,POSAVSKA,KRŠKO,Wooden Packaging (15 01 03),54.609
2020,POSAVSKA,RADEČE,Bulky Municipal Waste (20 03 07),93.4
2020,POSAVSKA,RADEČE,Non-hazardous Wood from Municipal Waste (20 01 38),81.5
2020,POSAVSKA,RADEČE,Paper and Cardboard Packaging (15 01 01),242.394
2020,POSAVSKA,RADEČE,Paper and Cardboard from Municipal Waste (20 01 01),89.791
2020,POSAVSKA,RADEČE,Wooden Packaging (15 01 03),0.45
2020,POSAVSKA,SEVNICA,Bulky Municipal Waste (20 03 07),140.4
2020,POSAVSKA,SEVNICA,Non-hazardous Wood from Municipal Waste (20 01 38),262.64
2020,POSAVSKA,SEVNICA,Paper and Cardboard Packaging (15 01 01),367.135
2020,POSAVSKA,SEVNICA,Paper and Cardboard from Municipal Waste (20 01 01),190.841
2020,POSAVSKA,SEVNICA,Wooden Packaging (15 01 03),48.268
2020,PRIMORSKO-NOTRANJSKA,BLOKE,Bulky Municipal Waste (20 03 07),45.62
2020,PRIMORSKO-NOTRANJSKA,BLOKE,Non-hazardous Wood from Municipal Waste (20 01 38),7.72
2020,PRIMORSKO-NOTRANJSKA,BLOKE,Paper and Cardboard Packaging (15 01 01),22.427
2020,PRIMORSKO-NOTRANJSKA,CERKNICA,Bulky Municipal Waste (20 03 07),278.994
2020,PRIMORSKO-NOTRANJSKA,CERKNICA,Non-hazardous Wood from Municipal Waste (20 01 38),427.862
2020,PRIMORSKO-NOTRANJSKA,CERKNICA,Paper and Cardboard Packaging (15 01 01),84.267
2020,PRIMORSKO-NOTRANJSKA,CERKNICA,Paper and Cardboard from Municipal Waste (20 01 01),231.815
2020,PRIMORSKO-NOTRANJSKA,CERKNICA,Wooden Packaging (15 01 03),93.38
2020,PRIMORSKO-NOTRANJSKA,ILIRSKA BISTRICA,Bulky Municipal Waste (20 03 07),439.61
2020,PRIMORSKO-NOTRANJSKA,ILIRSKA BISTRICA,Non-hazardous Wood from Municipal Waste (20 01 38),159.75
2020,PRIMORSKO-NOTRANJSKA,ILIRSKA BISTRICA,Paper and Cardboard Packaging (15 01 01),179.133
2020,PRIMORSKO-NOTRANJSKA,ILIRSKA BISTRICA,Paper and Cardboard from Municipal Waste (20 01 01),120.455
2020,PRIMORSKO-NOTRANJSKA,ILIRSKA BISTRICA,Wooden Packaging (15 01 03),2.9
2020,PRIMORSKO-NOTRANJSKA,LOŠKA DOLINA,Bulky Municipal Waste (20 03 07),92.998
2020,PRIMORSKO-NOTRANJSKA,LOŠKA DOLINA,Non-hazardous Wood from Municipal Waste (20 01 38),142.622
2020,PRIMORSKO-NOTRANJSKA,LOŠKA DOLINA,Paper and Cardboard Packaging (15 01 01),59.511
2020,PRIMORSKO-NOTRANJSKA,LOŠKA DOLINA,Paper and Cardboard from Municipal Waste (20 01 01),55.249
2020,PRIMORSKO-NOTRANJSKA,LOŠKA DOLINA,Wooden Packaging (15 01 03),22.56
2020,PRIMORSKO-NOTRANJSKA,PIVKA,Bulky Municipal Waste (20 03 07),278.506
2020,PRIMORSKO-NOTRANJSKA,PIVKA,Non-hazardous Wood from Municipal Waste (20 01 38),112.45
2020,PRIMORSKO-NOTRANJSKA,PIVKA,Paper and Cardboard Packaging (15 01 01),183.12
2020,PRIMORSKO-NOTRANJSKA,PIVKA,Paper and Cardboard from Municipal Waste (20 01 01),70.06
2020,PRIMORSKO-NOTRANJSKA,PIVKA,Wooden Packaging (15 01 03),8.47
2020,PRIMORSKO-NOTRANJSKA,POSTOJNA,Bulky Municipal Waste (20 03 07),625.01
2020,PRIMORSKO-NOTRANJSKA,POSTOJNA,Non-hazardous Wood from Municipal Waste (20 01 38),397.98
2020,PRIMORSKO-NOTRANJSKA,POSTOJNA,Paper and Cardboard Packaging (15 01 01),316.88
2020,PRIMORSKO-NOTRANJSKA,POSTOJNA,Paper and Cardboard from Municipal Waste (20 01 01),197.645
2020,PRIMORSKO-NOTRANJSKA,POSTOJNA,Wooden Packaging (15 01 03),1.78
2020,SAVINJSKA,BRASLOVČE,Bulky Municipal Waste (20 03 07),369.645
2020,SAVINJSKA,BRASLOVČE,Non-hazardous Wood from Municipal Waste (20 01 38),56.792
2020,SAVINJSKA,BRASLOVČE,Paper and Cardboard Packaging (15 01 01),21.398
2020,SAVINJSKA,BRASLOVČE,Paper and Cardboard from Municipal Waste (20 01 01),91.435
2020,SAVINJSKA,CELJE,Bulky Municipal Waste (20 03 07),2763.069
2020,SAVINJSKA,CELJE,Non-hazardous Wood from Municipal Waste (20 01 38),586.192
2020,SAVINJSKA,CELJE,Paper and Cardboard Packaging (15 01 01),853.0250000000001
2020,SAVINJSKA,CELJE,Paper and Cardboard from Municipal Waste (20 01 01),1470.257
2020,SAVINJSKA,CELJE,Wooden Packaging (15 01 03),64.88
2020,SAVINJSKA,DOBJE,Bulky Municipal Waste (20 03 07),41.216
2020,SAVINJSKA,DOBJE,Non-hazardous Wood from Municipal Waste (20 01 38),7.251
2020,SAVINJSKA,DOBJE,Paper and Cardboard Packaging (15 01 01),30.255
2020,SAVINJSKA,DOBJE,Paper and Cardboard from Municipal Waste (20 01 01),0.358
2020,SAVINJSKA,DOBRNA,Bulky Municipal Waste (20 03 07),228.306
2020,SAVINJSKA,DOBRNA,Non-hazardous Wood from Municipal Waste (20 01 38),28.958
2020,SAVINJSKA,DOBRNA,Paper and Cardboard Packaging (15 01 01),11.218
2020,SAVINJSKA,DOBRNA,Paper and Cardboard from Municipal Waste (20 01 01),57.445
2020,SAVINJSKA,GORNJI GRAD,Bulky Municipal Waste (20 03 07),49.008
2020,SAVINJSKA,GORNJI GRAD,Non-hazardous Wood from Municipal Waste (20 01 38),26.52
2020,SAVINJSKA,GORNJI GRAD,Paper and Cardboard Packaging (15 01 01),15.876
2020,SAVINJSKA,GORNJI GRAD,Paper and Cardboard from Municipal Waste (20 01 01),52.317
2020,SAVINJSKA,KOZJE,Bulky Municipal Waste (20 03 07),98.477
2020,SAVINJSKA,KOZJE,Non-hazardous Wood from Municipal Waste (20 01 38),5.846
2020,SAVINJSKA,KOZJE,Paper and Cardboard Packaging (15 01 01),15.37
2020,SAVINJSKA,KOZJE,Paper and Cardboard from Municipal Waste (20 01 01),22.366
2020,SAVINJSKA,KOZJE,Wooden Packaging (15 01 03),0.011
2020,SAVINJSKA,LAŠKO,Bulky Municipal Waste (20 03 07),329.98
2020,SAVINJSKA,LAŠKO,Non-hazardous Wood from Municipal Waste (20 01 38),53.56
2020,SAVINJSKA,LAŠKO,Paper and Cardboard Packaging (15 01 01),167.323
2020,SAVINJSKA,LAŠKO,Paper and Cardboard from Municipal Waste (20 01 01),7.141
2020,SAVINJSKA,LJUBNO,Bulky Municipal Waste (20 03 07),37.402
2020,SAVINJSKA,LJUBNO,Non-hazardous Wood from Municipal Waste (20 01 38),11.728
2020,SAVINJSKA,LJUBNO,Paper and Cardboard Packaging (15 01 01),5.345
2020,SAVINJSKA,LJUBNO,Paper and Cardboard from Municipal Waste (20 01 01),20.706
2020,SAVINJSKA,LUČE,Bulky Municipal Waste (20 03 07),20.478
2020,SAVINJSKA,LUČE,Non-hazardous Wood from Municipal Waste (20 01 38),7.859
2020,SAVINJSKA,LUČE,Paper and Cardboard Packaging (15 01 01),3.849
2020,SAVINJSKA,LUČE,Paper and Cardboard from Municipal Waste (20 01 01),14.626
2020,SAVINJSKA,MOZIRJE,Bulky Municipal Waste (20 03 07),163.61
2020,SAVINJSKA,MOZIRJE,Paper and Cardboard Packaging (15 01 01),105.191
2020,SAVINJSKA,MOZIRJE,Paper and Cardboard from Municipal Waste (20 01 01),37.12
2020,SAVINJSKA,NAZARJE,Bulky Municipal Waste (20 03 07),41.041
2020,SAVINJSKA,NAZARJE,Non-hazardous Wood from Municipal Waste (20 01 38),26.79
2020,SAVINJSKA,NAZARJE,Paper and Cardboard Packaging (15 01 01),18.103
2020,SAVINJSKA,NAZARJE,Paper and Cardboard from Municipal Waste (20 01 01),67.416
2020,SAVINJSKA,PODČETRTEK,Bulky Municipal Waste (20 03 07),99.365
2020,SAVINJSKA,PODČETRTEK,Non-hazardous Wood from Municipal Waste (20 01 38),5.898
2020,SAVINJSKA,PODČETRTEK,Paper and Cardboard Packaging (15 01 01),15.231
2020,SAVINJSKA,PODČETRTEK,Paper and Cardboard from Municipal Waste (20 01 01),22.447
2020,SAVINJSKA,PODČETRTEK,Wooden Packaging (15 01 03),0.011
2020,SAVINJSKA,POLZELA,Bulky Municipal Waste (20 03 07),395.984
2020,SAVINJSKA,POLZELA,Non-hazardous Wood from Municipal Waste (20 01 38),44.147
2020,SAVINJSKA,POLZELA,Paper and Cardboard Packaging (15 01 01),22.602
2020,SAVINJSKA,POLZELA,Paper and Cardboard from Municipal Waste (20 01 01),122.517
2020,SAVINJSKA,PREBOLD,Bulky Municipal Waste (20 03 07),362.174
2020,SAVINJSKA,PREBOLD,Non-hazardous Wood from Municipal Waste (20 01 38),79.144
2020,SAVINJSKA,PREBOLD,Paper and Cardboard Packaging (15 01 01),32.434
2020,SAVINJSKA,PREBOLD,Paper and Cardboard from Municipal Waste (20 01 01),88.515
2020,SAVINJSKA,PREBOLD,Wooden Packaging (15 01 03),178.44
2020,SAVINJSKA,REČICA OB SAVINJI,Bulky Municipal Waste (20 03 07),92.03
2020,SAVINJSKA,REČICA OB SAVINJI,Paper and Cardboard Packaging (15 01 01),24.509
2020,SAVINJSKA,REČICA OB SAVINJI,Paper and Cardboard from Municipal Waste (20 01 01),20.88
2020,SAVINJSKA,ROGATEC,Bulky Municipal Waste (20 03 07),85.17
2020,SAVINJSKA,ROGATEC,Non-hazardous Wood from Municipal Waste (20 01 38),5.056
2020,SAVINJSKA,ROGATEC,Paper and Cardboard Packaging (15 01 01),13.055
2020,SAVINJSKA,ROGATEC,Paper and Cardboard from Municipal Waste (20 01 01),19.24
2020,SAVINJSKA,ROGATEC,Wooden Packaging (15 01 03),0.009
2020,SAVINJSKA,ROGAŠKA SLATINA,Bulky Municipal Waste (20 03 07),405.776
2020,SAVINJSKA,ROGAŠKA SLATINA,Non-hazardous Wood from Municipal Waste (20 01 38),24.087
2020,SAVINJSKA,ROGAŠKA SLATINA,Paper and Cardboard Packaging (15 01 01),126.319
2020,SAVINJSKA,ROGAŠKA SLATINA,Paper and Cardboard from Municipal Waste (20 01 01),91.665
2020,SAVINJSKA,ROGAŠKA SLATINA,Wooden Packaging (15 01 03),0.043
2020,SAVINJSKA,SLOVENSKE KONJICE,Bulky Municipal Waste (20 03 07),229.63
2020,SAVINJSKA,SLOVENSKE KONJICE,Non-hazardous Wood from Municipal Waste (20 01 38),359.5
2020,SAVINJSKA,SLOVENSKE KONJICE,Paper and Cardboard Packaging (15 01 01),166.92
2020,SAVINJSKA,SLOVENSKE KONJICE,Paper and Cardboard from Municipal Waste (20 01 01),700.663
2020,SAVINJSKA,SOLČAVA,Bulky Municipal Waste (20 03 07),19.471
2020,SAVINJSKA,SOLČAVA,Non-hazardous Wood from Municipal Waste (20 01 38),2.629
2020,SAVINJSKA,SOLČAVA,Paper and Cardboard Packaging (15 01 01),2.073
2020,SAVINJSKA,SOLČAVA,Paper and Cardboard from Municipal Waste (20 01 01),9.102
2020,SAVINJSKA,TABOR,Bulky Municipal Waste (20 03 07),132.956
2020,SAVINJSKA,TABOR,Non-hazardous Wood from Municipal Waste (20 01 38),19.394
2020,SAVINJSKA,TABOR,Paper and Cardboard Packaging (15 01 01),8.992
2020,SAVINJSKA,TABOR,Paper and Cardboard from Municipal Waste (20 01 01),35.967
2020,SAVINJSKA,VELENJE,Bulky Municipal Waste (20 03 07),724.239
2020,SAVINJSKA,VELENJE,Non-hazardous Wood from Municipal Waste (20 01 38),818.925
2020,SAVINJSKA,VELENJE,Paper and Cardboard Packaging (15 01 01),2498.269
2020,SAVINJSKA,VELENJE,Paper and Cardboard from Municipal Waste (20 01 01),897.362
2020,SAVINJSKA,VELENJE,Wooden Packaging (15 01 03),2342.254
2020,SAVINJSKA,VITANJE,Bulky Municipal Waste (20 03 07),66.63
2020,SAVINJSKA,VITANJE,Paper and Cardboard from Municipal Waste (20 01 01),11.861
2020,SAVINJSKA,VOJNIK,Bulky Municipal Waste (20 03 07),892.047
2020,SAVINJSKA,VOJNIK,Non-hazardous Wood from Municipal Waste (20 01 38),116.037
2020,SAVINJSKA,VOJNIK,Paper and Cardboard Packaging (15 01 01),50.579
2020,SAVINJSKA,VOJNIK,Paper and Cardboard from Municipal Waste (20 01 01),154.978
2020,SAVINJSKA,VRANSKO,Bulky Municipal Waste (20 03 07),207.077
2020,SAVINJSKA,VRANSKO,Non-hazardous Wood from Municipal Waste (20 01 38),30.737
2020,SAVINJSKA,VRANSKO,Paper and Cardboard Packaging (15 01 01),15.853
2020,SAVINJSKA,VRANSKO,Paper and Cardboard from Municipal Waste (20 01 01),54.674
2020,SAVINJSKA,ZREČE,Bulky Municipal Waste (20 03 07),319.961
2020,SAVINJSKA,ZREČE,Non-hazardous Wood from Municipal Waste (20 01 38),13.072
2020,SAVINJSKA,ZREČE,Paper and Cardboard from Municipal Waste (20 01 01),83.384
2020,SAVINJSKA,ŠENTJUR,Bulky Municipal Waste (20 03 07),789.092
2020,SAVINJSKA,ŠENTJUR,Non-hazardous Wood from Municipal Waste (20 01 38),148.83
2020,SAVINJSKA,ŠENTJUR,Paper and Cardboard Packaging (15 01 01),174.444
2020,SAVINJSKA,ŠENTJUR,Paper and Cardboard from Municipal Waste (20 01 01),247.745
2020,SAVINJSKA,ŠMARJE PRI JELŠAH,Bulky Municipal Waste (20 03 07),375.833
2020,SAVINJSKA,ŠMARJE PRI JELŠAH,Non-hazardous Wood from Municipal Waste (20 01 38),22.31
2020,SAVINJSKA,ŠMARJE PRI JELŠAH,Paper and Cardboard Packaging (15 01 01),87.61
2020,SAVINJSKA,ŠMARJE PRI JELŠAH,Paper and Cardboard from Municipal Waste (20 01 01),84.901
2020,SAVINJSKA,ŠMARJE PRI JELŠAH,Wooden Packaging (15 01 03),0.041
2020,SAVINJSKA,ŠMARTNO OB PAKI,Bulky Municipal Waste (20 03 07),72.525
2020,SAVINJSKA,ŠMARTNO OB PAKI,Non-hazardous Wood from Municipal Waste (20 01 38),54.402
2020,SAVINJSKA,ŠMARTNO OB PAKI,Paper and Cardboard Packaging (15 01 01),23.61
2020,SAVINJSKA,ŠMARTNO OB PAKI,Paper and Cardboard from Municipal Waste (20 01 01),62.317
2020,SAVINJSKA,ŠOŠTANJ,Bulky Municipal Waste (20 03 07),142.236
2020,SAVINJSKA,ŠOŠTANJ,Non-hazardous Wood from Municipal Waste (20 01 38),188.527
2020,SAVINJSKA,ŠOŠTANJ,Paper and Cardboard Packaging (15 01 01),56.662
2020,SAVINJSKA,ŠOŠTANJ,Paper and Cardboard from Municipal Waste (20 01 01),123.028
2020,SAVINJSKA,ŠTORE,Bulky Municipal Waste (20 03 07),198.053
2020,SAVINJSKA,ŠTORE,Non-hazardous Wood from Municipal Waste (20 01 38),34.727
2020,SAVINJSKA,ŠTORE,Paper and Cardboard Packaging (15 01 01),27.429
2020,SAVINJSKA,ŠTORE,Paper and Cardboard from Municipal Waste (20 01 01),95.082
2020,SAVINJSKA,ŠTORE,Wooden Packaging (15 01 03),29.34
2020,SAVINJSKA,ŽALEC,Bulky Municipal Waste (20 03 07),1306.626
2020,SAVINJSKA,ŽALEC,Non-hazardous Wood from Municipal Waste (20 01 38),423.795
2020,SAVINJSKA,ŽALEC,Paper and Cardboard Packaging (15 01 01),206.625
2020,SAVINJSKA,ŽALEC,Paper and Cardboard from Municipal Waste (20 01 01),301.483
2020,ZASAVSKA,HRASTNIK,Bulky Municipal Waste (20 03 07),245.28
2020,ZASAVSKA,HRASTNIK,Paper and Cardboard Packaging (15 01 01),425.895
2020,ZASAVSKA,HRASTNIK,Paper and Cardboard from Municipal Waste (20 01 01),21.48
2020,ZASAVSKA,HRASTNIK,Wooden Packaging (15 01 03),213.23
2020,ZASAVSKA,LITIJA,Bulky Municipal Waste (20 03 07),527.04
2020,ZASAVSKA,LITIJA,Non-hazardous Wood from Municipal Waste (20 01 38),235.37
2020,ZASAVSKA,LITIJA,Paper and Cardboard Packaging (15 01 01),387.603
2020,ZASAVSKA,LITIJA,Paper and Cardboard from Municipal Waste (20 01 01),180.844
2020,ZASAVSKA,LITIJA,Wooden Packaging (15 01 03),10.87
2020,ZASAVSKA,TRBOVLJE,Bulky Municipal Waste (20 03 07),189.24
2020,ZASAVSKA,TRBOVLJE,Non-hazardous Wood from Municipal Waste (20 01 38),570.08
2020,ZASAVSKA,TRBOVLJE,Paper and Cardboard Packaging (15 01 01),240.501
2020,ZASAVSKA,TRBOVLJE,Paper and Cardboard from Municipal Waste (20 01 01),302.524
2020,ZASAVSKA,TRBOVLJE,Wooden Packaging (15 01 03),23.13
2020,ZASAVSKA,ZAGORJE OB SAVI,Bulky Municipal Waste (20 03 07),113.34
2020,ZASAVSKA,ZAGORJE OB SAVI,Non-hazardous Wood from Municipal Waste (20 01 38),349.04
2020,ZASAVSKA,ZAGORJE OB SAVI,Paper and Cardboard Packaging (15 01 01),381.86
2020,ZASAVSKA,ZAGORJE OB SAVI,Paper and Cardboard from Municipal Waste (20 01 01),177.939
2020,ZASAVSKA,ZAGORJE OB SAVI,Wooden Packaging (15 01 03),100.71
2021,GORENJSKA,BLED,Bulky Municipal Waste (20 03 07),182.1
2021,GORENJSKA,BLED,Non-hazardous Wood from Municipal Waste (20 01 38),299.678
2021,GORENJSKA,BLED,Paper and Cardboard Packaging (15 01 01),100.438
2021,GORENJSKA,BLED,Paper and Cardboard from Municipal Waste (20 01 01),312.818
2021,GORENJSKA,BOHINJ,Bulky Municipal Waste (20 03 07),222.46
2021,GORENJSKA,BOHINJ,Non-hazardous Wood from Municipal Waste (20 01 38),228.66
2021,GORENJSKA,BOHINJ,Paper and Cardboard Packaging (15 01 01),64
2021,GORENJSKA,BOHINJ,Paper and Cardboard from Municipal Waste (20 01 01),71.01
2021,GORENJSKA,CERKLJE NA GORENJSKEM,Bulky Municipal Waste (20 03 07),97.26
2021,GORENJSKA,CERKLJE NA GORENJSKEM,Non-hazardous Wood from Municipal Waste (20 01 38),220.12
2021,GORENJSKA,CERKLJE NA GORENJSKEM,Paper and Cardboard Packaging (15 01 01),50.34
2021,GORENJSKA,CERKLJE NA GORENJSKEM,Paper and Cardboard from Municipal Waste (20 01 01),131.422
2021,GORENJSKA,GORENJA VAS-POLJANE,Bulky Municipal Waste (20 03 07),152.84
2021,GORENJSKA,GORENJA VAS-POLJANE,Non-hazardous Wood from Municipal Waste (20 01 38),96.26
2021,GORENJSKA,GORENJA VAS-POLJANE,Paper and Cardboard Packaging (15 01 01),38.624
2021,GORENJSKA,GORENJA VAS-POLJANE,Paper and Cardboard from Municipal Waste (20 01 01),103.021
2021,GORENJSKA,GORJE,Bulky Municipal Waste (20 03 07),39.58
2021,GORENJSKA,GORJE,Non-hazardous Wood from Municipal Waste (20 01 38),99.892
2021,GORENJSKA,GORJE,Paper and Cardboard Packaging (15 01 01),14.988
2021,GORENJSKA,GORJE,Paper and Cardboard from Municipal Waste (20 01 01),46.28
2021,GORENJSKA,JESENICE,Bulky Municipal Waste (20 03 07),1165.32
2021,GORENJSKA,JESENICE,Non-hazardous Wood from Municipal Waste (20 01 38),980
2021,GORENJSKA,JESENICE,Paper and Cardboard Packaging (15 01 01),150.87
2021,GORENJSKA,JESENICE,Paper and Cardboard from Municipal Waste (20 01 01),398.759
2021,GORENJSKA,JEZERSKO,Non-hazardous Wood from Municipal Waste (20 01 38),43.78
2021,GORENJSKA,JEZERSKO,Paper and Cardboard Packaging (15 01 01),15.82
2021,GORENJSKA,KRANJ,Bulky Municipal Waste (20 03 07),644.331
2021,GORENJSKA,KRANJ,Non-hazardous Wood from Municipal Waste (20 01 38),1212.82
2021,GORENJSKA,KRANJ,Paper and Cardboard Packaging (15 01 01),511.007
2021,GORENJSKA,KRANJ,Paper and Cardboard from Municipal Waste (20 01 01),942.682
2021,GORENJSKA,KRANJ,Wooden Packaging (15 01 03),19.15
2021,GORENJSKA,KRANJSKA GORA,Bulky Municipal Waste (20 03 07),245.41
2021,GORENJSKA,KRANJSKA GORA,Non-hazardous Wood from Municipal Waste (20 01 38),211.91
2021,GORENJSKA,KRANJSKA GORA,Paper and Cardboard Packaging (15 01 01),126.596
2021,GORENJSKA,KRANJSKA GORA,Paper and Cardboard from Municipal Waste (20 01 01),21.228
2021,GORENJSKA,NAKLO,Bulky Municipal Waste (20 03 07),30.777
2021,GORENJSKA,NAKLO,Non-hazardous Wood from Municipal Waste (20 01 38),81.48
2021,GORENJSKA,NAKLO,Paper and Cardboard Packaging (15 01 01),52.234
2021,GORENJSKA,NAKLO,Paper and Cardboard from Municipal Waste (20 01 01),27.528
2021,GORENJSKA,NAKLO,Wooden Packaging (15 01 03),3.12
2021,GORENJSKA,PREDDVOR,Bulky Municipal Waste (20 03 07),12.883
2021,GORENJSKA,PREDDVOR,Paper and Cardboard Packaging (15 01 01),31.187
2021,GORENJSKA,PREDDVOR,Paper and Cardboard from Municipal Waste (20 01 01),2.66
2021,GORENJSKA,RADOVLJICA,Bulky Municipal Waste (20 03 07),626.82
2021,GORENJSKA,RADOVLJICA,Non-hazardous Wood from Municipal Waste (20 01 38),482.33
2021,GORENJSKA,RADOVLJICA,Paper and Cardboard Packaging (15 01 01),246.597
2021,GORENJSKA,RADOVLJICA,Paper and Cardboard from Municipal Waste (20 01 01),383.346
2021,GORENJSKA,RADOVLJICA,Wooden Packaging (15 01 03),0.46
2021,GORENJSKA,TRŽIČ,Bulky Municipal Waste (20 03 07),360.55
2021,GORENJSKA,TRŽIČ,Non-hazardous Wood from Municipal Waste (20 01 38),272.42
2021,GORENJSKA,TRŽIČ,Paper and Cardboard Packaging (15 01 01),191.915
2021,GORENJSKA,TRŽIČ,Paper and Cardboard from Municipal Waste (20 01 01),76.57
2021,GORENJSKA,ŠENČUR,Bulky Municipal Waste (20 03 07),54.396
2021,GORENJSKA,ŠENČUR,Non-hazardous Wood from Municipal Waste (20 01 38),147.28
2021,GORENJSKA,ŠENČUR,Paper and Cardboard Packaging (15 01 01),107.91
2021,GORENJSKA,ŠENČUR,Paper and Cardboard from Municipal Waste (20 01 01),19.857
2021,GORENJSKA,ŠENČUR,Wooden Packaging (15 01 03),2.86
2021,GORENJSKA,ŠKOFJA LOKA,Bulky Municipal Waste (20 03 07),587.39
2021,GORENJSKA,ŠKOFJA LOKA,Paper and Cardboard Packaging (15 01 01),276.915
2021,GORENJSKA,ŠKOFJA LOKA,Paper and Cardboard from Municipal Waste (20 01 01),3492.419
2021,GORENJSKA,ŠKOFJA LOKA,Wooden Packaging (15 01 03),55.048
2021,GORENJSKA,ŽELEZNIKI,Bulky Municipal Waste (20 03 07),107.62
2021,GORENJSKA,ŽELEZNIKI,Paper and Cardboard Packaging (15 01 01),51.943
2021,GORENJSKA,ŽELEZNIKI,Paper and Cardboard from Municipal Waste (20 01 01),39.051
2021,GORENJSKA,ŽIRI,Bulky Municipal Waste (20 03 07),49.22
2021,GORENJSKA,ŽIRI,Paper and Cardboard Packaging (15 01 01),5.614
2021,GORENJSKA,ŽIRI,Paper and Cardboard from Municipal Waste (20 01 01),241.945
2021,GORENJSKA,ŽIROVNICA,Bulky Municipal Waste (20 03 07),391.401
2021,GORENJSKA,ŽIROVNICA,Non-hazardous Wood from Municipal Waste (20 01 38),185.05
2021,GORENJSKA,ŽIROVNICA,Paper and Cardboard Packaging (15 01 01),44.93
2021,GORENJSKA,ŽIROVNICA,Paper and Cardboard from Municipal Waste (20 01 01),97.611
2021,GORIŠKA,AJDOVŠČINA,Bulky Municipal Waste (20 03 07),363.753
2021,GORIŠKA,AJDOVŠČINA,Non-hazardous Wood from Municipal Waste (20 01 38),376.298
2021,GORIŠKA,AJDOVŠČINA,Paper and Cardboard Packaging (15 01 01),263.233
2021,GORIŠKA,AJDOVŠČINA,Paper and Cardboard from Municipal Waste (20 01 01),430.344
2021,GORIŠKA,AJDOVŠČINA,Wooden Packaging (15 01 03),7.22
2021,GORIŠKA,BOVEC,Bulky Municipal Waste (20 03 07),68.255
2021,GORIŠKA,BOVEC,Non-hazardous Wood from Municipal Waste (20 01 38),141.359
2021,GORIŠKA,BOVEC,Paper and Cardboard Packaging (15 01 01),92.124
2021,GORIŠKA,BOVEC,Paper and Cardboard from Municipal Waste (20 01 01),57.242
2021,GORIŠKA,BRDA,Bulky Municipal Waste (20 03 07),297.933
2021,GORIŠKA,BRDA,Non-hazardous Wood from Municipal Waste (20 01 38),321.534
2021,GORIŠKA,BRDA,Paper and Cardboard Packaging (15 01 01),61.432
2021,GORIŠKA,BRDA,Paper and Cardboard from Municipal Waste (20 01 01),137.568
2021,GORIŠKA,BRDA,Wooden Packaging (15 01 03),0.325
2021,GORIŠKA,CERKNO,Bulky Municipal Waste (20 03 07),138.165
2021,GORIŠKA,CERKNO,Non-hazardous Wood from Municipal Waste (20 01 38),87.05
2021,GORIŠKA,CERKNO,Paper and Cardboard Packaging (15 01 01),17.987
2021,GORIŠKA,CERKNO,Paper and Cardboard from Municipal Waste (20 01 01),104.888
2021,GORIŠKA,IDRIJA,Bulky Municipal Waste (20 03 07),321.466
2021,GORIŠKA,IDRIJA,Non-hazardous Wood from Municipal Waste (20 01 38),329.77
2021,GORIŠKA,IDRIJA,Paper and Cardboard Packaging (15 01 01),228.209
2021,GORIŠKA,IDRIJA,Paper and Cardboard from Municipal Waste (20 01 01),414.265
2021,GORIŠKA,IDRIJA,Wooden Packaging (15 01 03),165.34
2021,GORIŠKA,KANAL,Bulky Municipal Waste (20 03 07),278.133
2021,GORIŠKA,KANAL,Non-hazardous Wood from Municipal Waste (20 01 38),278.276
2021,GORIŠKA,KANAL,Paper and Cardboard Packaging (15 01 01),16.114
2021,GORIŠKA,KANAL,Paper and Cardboard from Municipal Waste (20 01 01),115.54
2021,GORIŠKA,KANAL,Wooden Packaging (15 01 03),1.081
2021,GORIŠKA,KOBARID,Bulky Municipal Waste (20 03 07),60.38
2021,GORIŠKA,KOBARID,Non-hazardous Wood from Municipal Waste (20 01 38),125.049
2021,GORIŠKA,KOBARID,Paper and Cardboard Packaging (15 01 01),81.494
2021,GORIŠKA,KOBARID,Paper and Cardboard from Municipal Waste (20 01 01),50.637
2021,GORIŠKA,MIREN-KOSTANJEVICA,Bulky Municipal Waste (20 03 07),221.41
2021,GORIŠKA,MIREN-KOSTANJEVICA,Non-hazardous Wood from Municipal Waste (20 01 38),242.499
2021,GORIŠKA,MIREN-KOSTANJEVICA,Paper and Cardboard Packaging (15 01 01),71.606
2021,GORIŠKA,MIREN-KOSTANJEVICA,Paper and Cardboard from Municipal Waste (20 01 01),194.438
2021,GORIŠKA,NOVA GORICA,Bulky Municipal Waste (20 03 07),866.602
2021,GORIŠKA,NOVA GORICA,Non-hazardous Wood from Municipal Waste (20 01 38),820.615
2021,GORIŠKA,NOVA GORICA,Paper and Cardboard Packaging (15 01 01),335.408
2021,GORIŠKA,NOVA GORICA,Paper and Cardboard from Municipal Waste (20 01 01),1011.635
2021,GORIŠKA,NOVA GORICA,Wooden Packaging (15 01 03),0.319
2021,GORIŠKA,RENČE-VOGRSKO,Bulky Municipal Waste (20 03 07),143.632
2021,GORIŠKA,RENČE-VOGRSKO,Non-hazardous Wood from Municipal Waste (20 01 38),157.878
2021,GORIŠKA,RENČE-VOGRSKO,Paper and Cardboard Packaging (15 01 01),28.65
2021,GORIŠKA,RENČE-VOGRSKO,Paper and Cardboard from Municipal Waste (20 01 01),87.529
2021,GORIŠKA,RENČE-VOGRSKO,Wooden Packaging (15 01 03),0.685
2021,GORIŠKA,TOLMIN,Bulky Municipal Waste (20 03 07),133.885
2021,GORIŠKA,TOLMIN,Non-hazardous Wood from Municipal Waste (20 01 38),277.282
2021,GORIŠKA,TOLMIN,Paper and Cardboard Packaging (15 01 01),244.144
2021,GORIŠKA,TOLMIN,Paper and Cardboard from Municipal Waste (20 01 01),112.284
2021,GORIŠKA,TOLMIN,Wooden Packaging (15 01 03),26.68
2021,GORIŠKA,VIPAVA,Bulky Municipal Waste (20 03 07),103.322
2021,GORIŠKA,VIPAVA,Non-hazardous Wood from Municipal Waste (20 01 38),88.462
2021,GORIŠKA,VIPAVA,Paper and Cardboard Packaging (15 01 01),56.085
2021,GORIŠKA,VIPAVA,Paper and Cardboard from Municipal Waste (20 01 01),129.695
2021,GORIŠKA,VIPAVA,Wooden Packaging (15 01 03),2.28
2021,GORIŠKA,ŠEMPETER-VRTOJBA,Bulky Municipal Waste (20 03 07),76.23
2021,GORIŠKA,ŠEMPETER-VRTOJBA,Non-hazardous Wood from Municipal Waste (20 01 38),79.08
2021,GORIŠKA,ŠEMPETER-VRTOJBA,Paper and Cardboard Packaging (15 01 01),186.382
2021,GORIŠKA,ŠEMPETER-VRTOJBA,Paper and Cardboard from Municipal Waste (20 01 01),87.36
2021,JUGOVZHODNA SLOVENIJA,DOLENJSKE TOPLICE,Bulky Municipal Waste (20 03 07),69.082
2021,JUGOVZHODNA SLOVENIJA,DOLENJSKE TOPLICE,Non-hazardous Wood from Municipal Waste (20 01 38),83.784
2021,JUGOVZHODNA SLOVENIJA,DOLENJSKE TOPLICE,Paper and Cardboard Packaging (15 01 01),27.606
2021,JUGOVZHODNA SLOVENIJA,DOLENJSKE TOPLICE,Paper and Cardboard from Municipal Waste (20 01 01),10.649
2021,JUGOVZHODNA SLOVENIJA,KOSTEL,Bulky Municipal Waste (20 03 07),21.28
2021,JUGOVZHODNA SLOVENIJA,KOSTEL,Non-hazardous Wood from Municipal Waste (20 01 38),6.4
2021,JUGOVZHODNA SLOVENIJA,KOSTEL,Paper and Cardboard Packaging (15 01 01),13.72
2021,JUGOVZHODNA SLOVENIJA,KOSTEL,Paper and Cardboard from Municipal Waste (20 01 01),5.93
2021,JUGOVZHODNA SLOVENIJA,KOČEVJE,Bulky Municipal Waste (20 03 07),525.16
2021,JUGOVZHODNA SLOVENIJA,KOČEVJE,Non-hazardous Wood from Municipal Waste (20 01 38),371.978
2021,JUGOVZHODNA SLOVENIJA,KOČEVJE,Paper and Cardboard Packaging (15 01 01),193.584
2021,JUGOVZHODNA SLOVENIJA,KOČEVJE,Paper and Cardboard from Municipal Waste (20 01 01),894.754
2021,JUGOVZHODNA SLOVENIJA,LOŠKI POTOK,Bulky Municipal Waste (20 03 07),73.261
2021,JUGOVZHODNA SLOVENIJA,LOŠKI POTOK,Non-hazardous Wood from Municipal Waste (20 01 38),60.425
2021,JUGOVZHODNA SLOVENIJA,LOŠKI POTOK,Paper and Cardboard Packaging (15 01 01),21.963
2021,JUGOVZHODNA SLOVENIJA,LOŠKI POTOK,Paper and Cardboard from Municipal Waste (20 01 01),11.197
2021,JUGOVZHODNA SLOVENIJA,METLIKA,Bulky Municipal Waste (20 03 07),388.15
2021,JUGOVZHODNA SLOVENIJA,METLIKA,Non-hazardous Wood from Municipal Waste (20 01 38),247.87
2021,JUGOVZHODNA SLOVENIJA,METLIKA,Paper and Cardboard Packaging (15 01 01),159.61
2021,JUGOVZHODNA SLOVENIJA,METLIKA,Paper and Cardboard from Municipal Waste (20 01 01),18.496
2021,JUGOVZHODNA SLOVENIJA,MIRNA,Bulky Municipal Waste (20 03 07),29.111
2021,JUGOVZHODNA SLOVENIJA,MIRNA,Non-hazardous Wood from Municipal Waste (20 01 38),52.25
2021,JUGOVZHODNA SLOVENIJA,MIRNA,Paper and Cardboard Packaging (15 01 01),28.429
2021,JUGOVZHODNA SLOVENIJA,MIRNA,Paper and Cardboard from Municipal Waste (20 01 01),19.627
2021,JUGOVZHODNA SLOVENIJA,MIRNA,Wooden Packaging (15 01 03),29.08
2021,JUGOVZHODNA SLOVENIJA,MIRNA PEČ,Bulky Municipal Waste (20 03 07),58.296
2021,JUGOVZHODNA SLOVENIJA,MIRNA PEČ,Non-hazardous Wood from Municipal Waste (20 01 38),70.703
2021,JUGOVZHODNA SLOVENIJA,MIRNA PEČ,Paper and Cardboard Packaging (15 01 01),21.928
2021,JUGOVZHODNA SLOVENIJA,MIRNA PEČ,Paper and Cardboard from Municipal Waste (20 01 01),8.459
2021,JUGOVZHODNA SLOVENIJA,MOKRONOG-TREBELNO,Bulky Municipal Waste (20 03 07),35.674
2021,JUGOVZHODNA SLOVENIJA,MOKRONOG-TREBELNO,Non-hazardous Wood from Municipal Waste (20 01 38),64.029
2021,JUGOVZHODNA SLOVENIJA,MOKRONOG-TREBELNO,Paper and Cardboard Packaging (15 01 01),65.988
2021,JUGOVZHODNA SLOVENIJA,MOKRONOG-TREBELNO,Paper and Cardboard from Municipal Waste (20 01 01),10.89
2021,JUGOVZHODNA SLOVENIJA,NOVO MESTO,Bulky Municipal Waste (20 03 07),718.683
2021,JUGOVZHODNA SLOVENIJA,NOVO MESTO,Non-hazardous Wood from Municipal Waste (20 01 38),1191.882
2021,JUGOVZHODNA SLOVENIJA,NOVO MESTO,Paper and Cardboard Packaging (15 01 01),457.374
2021,JUGOVZHODNA SLOVENIJA,NOVO MESTO,Paper and Cardboard from Municipal Waste (20 01 01),876.126
2021,JUGOVZHODNA SLOVENIJA,NOVO MESTO,Wooden Packaging (15 01 03),19.93
2021,JUGOVZHODNA SLOVENIJA,RIBNICA,Bulky Municipal Waste (20 03 07),313.547
2021,JUGOVZHODNA SLOVENIJA,RIBNICA,Non-hazardous Wood from Municipal Waste (20 01 38),258.61
2021,JUGOVZHODNA SLOVENIJA,RIBNICA,Paper and Cardboard Packaging (15 01 01),107.67
2021,JUGOVZHODNA SLOVENIJA,RIBNICA,Paper and Cardboard from Municipal Waste (20 01 01),161.091
2021,JUGOVZHODNA SLOVENIJA,RIBNICA,Wooden Packaging (15 01 03),1.405
2021,JUGOVZHODNA SLOVENIJA,SEMIČ,Bulky Municipal Waste (20 03 07),126.228
2021,JUGOVZHODNA SLOVENIJA,SEMIČ,Non-hazardous Wood from Municipal Waste (20 01 38),64.152
2021,JUGOVZHODNA SLOVENIJA,SEMIČ,Paper and Cardboard Packaging (15 01 01),34.756
2021,JUGOVZHODNA SLOVENIJA,SEMIČ,Paper and Cardboard from Municipal Waste (20 01 01),28.472
2021,JUGOVZHODNA SLOVENIJA,SODRAŽICA,Bulky Municipal Waste (20 03 07),73.952
2021,JUGOVZHODNA SLOVENIJA,SODRAŽICA,Non-hazardous Wood from Municipal Waste (20 01 38),60.995
2021,JUGOVZHODNA SLOVENIJA,SODRAŽICA,Paper and Cardboard Packaging (15 01 01),23.915
2021,JUGOVZHODNA SLOVENIJA,SODRAŽICA,Paper and Cardboard from Municipal Waste (20 01 01),33.211
2021,JUGOVZHODNA SLOVENIJA,SODRAŽICA,Wooden Packaging (15 01 03),1.56
2021,JUGOVZHODNA SLOVENIJA,STRAŽA,Bulky Municipal Waste (20 03 07),74.603
2021,JUGOVZHODNA SLOVENIJA,STRAŽA,Non-hazardous Wood from Municipal Waste (20 01 38),90.481
2021,JUGOVZHODNA SLOVENIJA,STRAŽA,Paper and Cardboard Packaging (15 01 01),27.732
2021,JUGOVZHODNA SLOVENIJA,STRAŽA,Paper and Cardboard from Municipal Waste (20 01 01),10.698
2021,JUGOVZHODNA SLOVENIJA,TREBNJE,Bulky Municipal Waste (20 03 07),120.812
2021,JUGOVZHODNA SLOVENIJA,TREBNJE,Non-hazardous Wood from Municipal Waste (20 01 38),230
2021,JUGOVZHODNA SLOVENIJA,TREBNJE,Paper and Cardboard Packaging (15 01 01),118.799
2021,JUGOVZHODNA SLOVENIJA,TREBNJE,Paper and Cardboard from Municipal Waste (20 01 01),36.911
2021,JUGOVZHODNA SLOVENIJA,ČRNOMELJ,Bulky Municipal Waste (20 03 07),396.022
2021,JUGOVZHODNA SLOVENIJA,ČRNOMELJ,Non-hazardous Wood from Municipal Waste (20 01 38),201.268
2021,JUGOVZHODNA SLOVENIJA,ČRNOMELJ,Paper and Cardboard Packaging (15 01 01),111.204
2021,JUGOVZHODNA SLOVENIJA,ČRNOMELJ,Paper and Cardboard from Municipal Waste (20 01 01),89.528
2021,JUGOVZHODNA SLOVENIJA,ČRNOMELJ,Wooden Packaging (15 01 03),6.96
2021,JUGOVZHODNA SLOVENIJA,ŠENTJERNEJ,Bulky Municipal Waste (20 03 07),138.806
2021,JUGOVZHODNA SLOVENIJA,ŠENTJERNEJ,Non-hazardous Wood from Municipal Waste (20 01 38),168.347
2021,JUGOVZHODNA SLOVENIJA,ŠENTJERNEJ,Paper and Cardboard Packaging (15 01 01),56.938
2021,JUGOVZHODNA SLOVENIJA,ŠENTJERNEJ,Paper and Cardboard from Municipal Waste (20 01 01),22.184
2021,JUGOVZHODNA SLOVENIJA,ŠENTRUPERT,Bulky Municipal Waste (20 03 07),29.563
2021,JUGOVZHODNA SLOVENIJA,ŠENTRUPERT,Non-hazardous Wood from Municipal Waste (20 01 38),53.061
2021,JUGOVZHODNA SLOVENIJA,ŠENTRUPERT,Paper and Cardboard Packaging (15 01 01),28.871
2021,JUGOVZHODNA SLOVENIJA,ŠENTRUPERT,Paper and Cardboard from Municipal Waste (20 01 01),9.024
2021,JUGOVZHODNA SLOVENIJA,ŠKOCJAN,Bulky Municipal Waste (20 03 07),65.872
2021,JUGOVZHODNA SLOVENIJA,ŠKOCJAN,Non-hazardous Wood from Municipal Waste (20 01 38),79.891
2021,JUGOVZHODNA SLOVENIJA,ŠKOCJAN,Paper and Cardboard Packaging (15 01 01),23.355
2021,JUGOVZHODNA SLOVENIJA,ŠKOCJAN,Paper and Cardboard from Municipal Waste (20 01 01),8.539
2021,JUGOVZHODNA SLOVENIJA,ŠMARJEŠKE TOPLICE,Bulky Municipal Waste (20 03 07),67.669
2021,JUGOVZHODNA SLOVENIJA,ŠMARJEŠKE TOPLICE,Non-hazardous Wood from Municipal Waste (20 01 38),82.071
2021,JUGOVZHODNA SLOVENIJA,ŠMARJEŠKE TOPLICE,Paper and Cardboard Packaging (15 01 01),24.986
2021,JUGOVZHODNA SLOVENIJA,ŠMARJEŠKE TOPLICE,Paper and Cardboard from Municipal Waste (20 01 01),9.638
2021,JUGOVZHODNA SLOVENIJA,ŽUŽEMBERK,Bulky Municipal Waste (20 03 07),91.039
2021,JUGOVZHODNA SLOVENIJA,ŽUŽEMBERK,Non-hazardous Wood from Municipal Waste (20 01 38),110.415
2021,JUGOVZHODNA SLOVENIJA,ŽUŽEMBERK,Paper and Cardboard Packaging (15 01 01),34.13
2021,JUGOVZHODNA SLOVENIJA,ŽUŽEMBERK,Paper and Cardboard from Municipal Waste (20 01 01),12.647
2021,KOROŠKA,DRAVOGRAD,Bulky Municipal Waste (20 03 07),296.42
2021,KOROŠKA,DRAVOGRAD,Paper and Cardboard Packaging (15 01 01),190.5
2021,KOROŠKA,DRAVOGRAD,Paper and Cardboard from Municipal Waste (20 01 01),275.704
2021,KOROŠKA,MEŽICA,Bulky Municipal Waste (20 03 07),125.778
2021,KOROŠKA,MEŽICA,Paper and Cardboard Packaging (15 01 01),15.706
2021,KOROŠKA,MEŽICA,Paper and Cardboard from Municipal Waste (20 01 01),39.893
2021,KOROŠKA,MISLINJA,Bulky Municipal Waste (20 03 07),175.412
2021,KOROŠKA,MISLINJA,Paper and Cardboard Packaging (15 01 01),52.223
2021,KOROŠKA,MISLINJA,Paper and Cardboard from Municipal Waste (20 01 01),29.259
2021,KOROŠKA,MUTA,Bulky Municipal Waste (20 03 07),65.871
2021,KOROŠKA,MUTA,Paper and Cardboard Packaging (15 01 01),25.564
2021,KOROŠKA,MUTA,Paper and Cardboard from Municipal Waste (20 01 01),15.151
2021,KOROŠKA,MUTA,Wooden Packaging (15 01 03),57.882
2021,KOROŠKA,PODVELKA,Bulky Municipal Waste (20 03 07),49.805
2021,KOROŠKA,PODVELKA,Paper and Cardboard Packaging (15 01 01),11.216
2021,KOROŠKA,PODVELKA,Paper and Cardboard from Municipal Waste (20 01 01),26.508
2021,KOROŠKA,PREVALJE,Bulky Municipal Waste (20 03 07),240.362
2021,KOROŠKA,PREVALJE,Paper and Cardboard Packaging (15 01 01),259.261
2021,KOROŠKA,PREVALJE,Paper and Cardboard from Municipal Waste (20 01 01),76.238
2021,KOROŠKA,PREVALJE,Wooden Packaging (15 01 03),100.66
2021,KOROŠKA,RADLJE OB DRAVI,Bulky Municipal Waste (20 03 07),139.934
2021,KOROŠKA,RADLJE OB DRAVI,Paper and Cardboard Packaging (15 01 01),115.785
2021,KOROŠKA,RADLJE OB DRAVI,Paper and Cardboard from Municipal Waste (20 01 01),60.578
2021,KOROŠKA,RAVNE NA KOROŠKEM,Bulky Municipal Waste (20 03 07),393.725
2021,KOROŠKA,RAVNE NA KOROŠKEM,Paper and Cardboard Packaging (15 01 01),127.419
2021,KOROŠKA,RAVNE NA KOROŠKEM,Paper and Cardboard from Municipal Waste (20 01 01),126.99
2021,KOROŠKA,RAVNE NA KOROŠKEM,Wooden Packaging (15 01 03),85.62
2021,KOROŠKA,RIBNICA NA POHORJU,Bulky Municipal Waste (20 03 07),19.279
2021,KOROŠKA,RIBNICA NA POHORJU,Paper and Cardboard Packaging (15 01 01),2.366
2021,KOROŠKA,RIBNICA NA POHORJU,Paper and Cardboard from Municipal Waste (20 01 01),3.399
2021,KOROŠKA,SLOVENJ GRADEC,Bulky Municipal Waste (20 03 07),701.648
2021,KOROŠKA,SLOVENJ GRADEC,Paper and Cardboard Packaging (15 01 01),387.551
2021,KOROŠKA,SLOVENJ GRADEC,Paper and Cardboard from Municipal Waste (20 01 01),68.143
2021,KOROŠKA,VUZENICA,Bulky Municipal Waste (20 03 07),46.591
2021,KOROŠKA,VUZENICA,Paper and Cardboard Packaging (15 01 01),10.409
2021,KOROŠKA,VUZENICA,Paper and Cardboard from Municipal Waste (20 01 01),14.91
2021,KOROŠKA,ČRNA NA KOROŠKEM,Bulky Municipal Waste (20 03 07),112.695
2021,KOROŠKA,ČRNA NA KOROŠKEM,Paper and Cardboard Packaging (15 01 01),401.8
2021,KOROŠKA,ČRNA NA KOROŠKEM,Paper and Cardboard from Municipal Waste (20 01 01),35.741
2021,KOROŠKA,ČRNA NA KOROŠKEM,Wooden Packaging (15 01 03),193.98
2021,OBALNO-KRAŠKA,ANKARAN,Bulky Municipal Waste (20 03 07),27.881
2021,OBALNO-KRAŠKA,ANKARAN,Non-hazardous Wood from Municipal Waste (20 01 38),71.702
2021,OBALNO-KRAŠKA,ANKARAN,Paper and Cardboard Packaging (15 01 01),33.305
2021,OBALNO-KRAŠKA,ANKARAN,Paper and Cardboard from Municipal Waste (20 01 01),113.25
2021,OBALNO-KRAŠKA,DIVAČA,Bulky Municipal Waste (20 03 07),33.635
2021,OBALNO-KRAŠKA,DIVAČA,Non-hazardous Wood from Municipal Waste (20 01 38),109.193
2021,OBALNO-KRAŠKA,DIVAČA,Paper and Cardboard Packaging (15 01 01),46.802
2021,OBALNO-KRAŠKA,DIVAČA,Paper and Cardboard from Municipal Waste (20 01 01),118.392
2021,OBALNO-KRAŠKA,HRPELJE-KOZINA,Bulky Municipal Waste (20 03 07),37.813
2021,OBALNO-KRAŠKA,HRPELJE-KOZINA,Non-hazardous Wood from Municipal Waste (20 01 38),122.758
2021,OBALNO-KRAŠKA,HRPELJE-KOZINA,Paper and Cardboard Packaging (15 01 01),53.842
2021,OBALNO-KRAŠKA,HRPELJE-KOZINA,Paper and Cardboard from Municipal Waste (20 01 01),133.1
2021,OBALNO-KRAŠKA,IZOLA,Bulky Municipal Waste (20 03 07),290.02
2021,OBALNO-KRAŠKA,IZOLA,Non-hazardous Wood from Municipal Waste (20 01 38),646.12
2021,OBALNO-KRAŠKA,IZOLA,Paper and Cardboard Packaging (15 01 01),185.373
2021,OBALNO-KRAŠKA,IZOLA,Paper and Cardboard from Municipal Waste (20 01 01),401.389
2021,OBALNO-KRAŠKA,KOMEN,Bulky Municipal Waste (20 03 07),29.313
2021,OBALNO-KRAŠKA,KOMEN,Non-hazardous Wood from Municipal Waste (20 01 38),95.162
2021,OBALNO-KRAŠKA,KOMEN,Paper and Cardboard Packaging (15 01 01),40.093
2021,OBALNO-KRAŠKA,KOMEN,Paper and Cardboard from Municipal Waste (20 01 01),103.178
2021,OBALNO-KRAŠKA,KOPER,Bulky Municipal Waste (20 03 07),582.742
2021,OBALNO-KRAŠKA,KOPER,Non-hazardous Wood from Municipal Waste (20 01 38),1720.835
2021,OBALNO-KRAŠKA,KOPER,Paper and Cardboard Packaging (15 01 01),479.4
2021,OBALNO-KRAŠKA,KOPER,Paper and Cardboard from Municipal Waste (20 01 01),1350.121
2021,OBALNO-KRAŠKA,KOPER,Wooden Packaging (15 01 03),1490.52
2021,OBALNO-KRAŠKA,PIRAN,Bulky Municipal Waste (20 03 07),1101.02
2021,OBALNO-KRAŠKA,PIRAN,Non-hazardous Wood from Municipal Waste (20 01 38),738.25
2021,OBALNO-KRAŠKA,PIRAN,Paper and Cardboard Packaging (15 01 01),619.255
2021,OBALNO-KRAŠKA,PIRAN,Paper and Cardboard from Municipal Waste (20 01 01),45.886
2021,OBALNO-KRAŠKA,SEŽANA,Bulky Municipal Waste (20 03 07),104.329
2021,OBALNO-KRAŠKA,SEŽANA,Non-hazardous Wood from Municipal Waste (20 01 38),339.307
2021,OBALNO-KRAŠKA,SEŽANA,Paper and Cardboard Packaging (15 01 01),147.34
2021,OBALNO-KRAŠKA,SEŽANA,Paper and Cardboard from Municipal Waste (20 01 01),366.35
2021,OSREDNJESLOVENSKA,BOROVNICA,Bulky Municipal Waste (20 03 07),73.985
2021,OSREDNJESLOVENSKA,BOROVNICA,Non-hazardous Wood from Municipal Waste (20 01 38),129.238
2021,OSREDNJESLOVENSKA,BOROVNICA,Paper and Cardboard Packaging (15 01 01),27.648
2021,OSREDNJESLOVENSKA,BOROVNICA,Paper and Cardboard from Municipal Waste (20 01 01),158.388
2021,OSREDNJESLOVENSKA,BREZOVICA,Bulky Municipal Waste (20 03 07),251.595
2021,OSREDNJESLOVENSKA,BREZOVICA,Non-hazardous Wood from Municipal Waste (20 01 38),91.54
2021,OSREDNJESLOVENSKA,BREZOVICA,Paper and Cardboard Packaging (15 01 01),57.189
2021,OSREDNJESLOVENSKA,BREZOVICA,Paper and Cardboard from Municipal Waste (20 01 01),198.491
2021,OSREDNJESLOVENSKA,BREZOVICA,Wooden Packaging (15 01 03),2.36
2021,OSREDNJESLOVENSKA,DOBREPOLJE,Bulky Municipal Waste (20 03 07),31.691
2021,OSREDNJESLOVENSKA,DOBREPOLJE,Non-hazardous Wood from Municipal Waste (20 01 38),17.723
2021,OSREDNJESLOVENSKA,DOBREPOLJE,Paper and Cardboard Packaging (15 01 01),19.869
2021,OSREDNJESLOVENSKA,DOBREPOLJE,Paper and Cardboard from Municipal Waste (20 01 01),60.191
2021,OSREDNJESLOVENSKA,DOBREPOLJE,Wooden Packaging (15 01 03),1.852
2021,OSREDNJESLOVENSKA,DOBROVA-POLHOV GRADEC,Bulky Municipal Waste (20 03 07),71.64
2021,OSREDNJESLOVENSKA,DOBROVA-POLHOV GRADEC,Paper and Cardboard Packaging (15 01 01),23.633
2021,OSREDNJESLOVENSKA,DOBROVA-POLHOV GRADEC,Paper and Cardboard from Municipal Waste (20 01 01),61.271
2021,OSREDNJESLOVENSKA,DOL PRI LJUBLJANI,Bulky Municipal Waste (20 03 07),94.18
2021,OSREDNJESLOVENSKA,DOL PRI LJUBLJANI,Paper and Cardboard Packaging (15 01 01),30.947
2021,OSREDNJESLOVENSKA,DOL PRI LJUBLJANI,Paper and Cardboard from Municipal Waste (20 01 01),65.806
2021,OSREDNJESLOVENSKA,DOL PRI LJUBLJANI,Wooden Packaging (15 01 03),3.4
2021,OSREDNJESLOVENSKA,DOMŽALE,Bulky Municipal Waste (20 03 07),1208.81
2021,OSREDNJESLOVENSKA,DOMŽALE,Non-hazardous Wood from Municipal Waste (20 01 38),1237.32
2021,OSREDNJESLOVENSKA,DOMŽALE,Paper and Cardboard Packaging (15 01 01),592.684
2021,OSREDNJESLOVENSKA,DOMŽALE,Paper and Cardboard from Municipal Waste (20 01 01),1764.467
2021,OSREDNJESLOVENSKA,DOMŽALE,Wooden Packaging (15 01 03),99.388
2021,OSREDNJESLOVENSKA,GROSUPLJE,Bulky Municipal Waste (20 03 07),222.056
2021,OSREDNJESLOVENSKA,GROSUPLJE,Non-hazardous Wood from Municipal Waste (20 01 38),495.144
2021,OSREDNJESLOVENSKA,GROSUPLJE,Paper and Cardboard Packaging (15 01 01),193.867
2021,OSREDNJESLOVENSKA,GROSUPLJE,Paper and Cardboard from Municipal Waste (20 01 01),540.47
2021,OSREDNJESLOVENSKA,GROSUPLJE,Wooden Packaging (15 01 03),56.318
2021,OSREDNJESLOVENSKA,HORJUL,Bulky Municipal Waste (20 03 07),41.01
2021,OSREDNJESLOVENSKA,HORJUL,Paper and Cardboard Packaging (15 01 01),36.393
2021,OSREDNJESLOVENSKA,HORJUL,Paper and Cardboard from Municipal Waste (20 01 01),26.487
2021,OSREDNJESLOVENSKA,HORJUL,Wooden Packaging (15 01 03),0.536
2021,OSREDNJESLOVENSKA,IG,Bulky Municipal Waste (20 03 07),228.26
2021,OSREDNJESLOVENSKA,IG,Non-hazardous Wood from Municipal Waste (20 01 38),112.54
2021,OSREDNJESLOVENSKA,IG,Paper and Cardboard Packaging (15 01 01),58.528
2021,OSREDNJESLOVENSKA,IG,Paper and Cardboard from Municipal Waste (20 01 01),142.934
2021,OSREDNJESLOVENSKA,IG,Wooden Packaging (15 01 03),11.9
2021,OSREDNJESLOVENSKA,IVANČNA GORICA,Bulky Municipal Waste (20 03 07),150.533
2021,OSREDNJESLOVENSKA,IVANČNA GORICA,Non-hazardous Wood from Municipal Waste (20 01 38),210.143
2021,OSREDNJESLOVENSKA,IVANČNA GORICA,Paper and Cardboard Packaging (15 01 01),139.87
2021,OSREDNJESLOVENSKA,IVANČNA GORICA,Paper and Cardboard from Municipal Waste (20 01 01),346.797
2021,OSREDNJESLOVENSKA,IVANČNA GORICA,Wooden Packaging (15 01 03),24.39
2021,OSREDNJESLOVENSKA,KAMNIK,Bulky Municipal Waste (20 03 07),782.68
2021,OSREDNJESLOVENSKA,KAMNIK,Non-hazardous Wood from Municipal Waste (20 01 38),163.24
2021,OSREDNJESLOVENSKA,KAMNIK,Paper and Cardboard Packaging (15 01 01),519.919
2021,OSREDNJESLOVENSKA,KAMNIK,Paper and Cardboard from Municipal Waste (20 01 01),455.73
2021,OSREDNJESLOVENSKA,KAMNIK,Wooden Packaging (15 01 03),99.108
2021,OSREDNJESLOVENSKA,KOMENDA,Bulky Municipal Waste (20 03 07),119.16
2021,OSREDNJESLOVENSKA,KOMENDA,Non-hazardous Wood from Municipal Waste (20 01 38),45.19
2021,OSREDNJESLOVENSKA,KOMENDA,Paper and Cardboard Packaging (15 01 01),135.42
2021,OSREDNJESLOVENSKA,KOMENDA,Paper and Cardboard from Municipal Waste (20 01 01),228.79
2021,OSREDNJESLOVENSKA,KOMENDA,Wooden Packaging (15 01 03),31.09
2021,OSREDNJESLOVENSKA,LJUBLJANA,Bulky Municipal Waste (20 03 07),8726.595
2021,OSREDNJESLOVENSKA,LJUBLJANA,Non-hazardous Wood from Municipal Waste (20 01 38),7114.556
2021,OSREDNJESLOVENSKA,LJUBLJANA,Paper and Cardboard Packaging (15 01 01),5050.614
2021,OSREDNJESLOVENSKA,LJUBLJANA,Paper and Cardboard from Municipal Waste (20 01 01),29770.079
2021,OSREDNJESLOVENSKA,LJUBLJANA,Wooden Packaging (15 01 03),2975.833
2021,OSREDNJESLOVENSKA,LOG-DRAGOMER,Bulky Municipal Waste (20 03 07),63.025
2021,OSREDNJESLOVENSKA,LOG-DRAGOMER,Non-hazardous Wood from Municipal Waste (20 01 38),100.519
2021,OSREDNJESLOVENSKA,LOG-DRAGOMER,Paper and Cardboard Packaging (15 01 01),25.213
2021,OSREDNJESLOVENSKA,LOG-DRAGOMER,Paper and Cardboard from Municipal Waste (20 01 01),127.174
2021,OSREDNJESLOVENSKA,LOGATEC,Bulky Municipal Waste (20 03 07),155.02
2021,OSREDNJESLOVENSKA,LOGATEC,Non-hazardous Wood from Municipal Waste (20 01 38),323.7
2021,OSREDNJESLOVENSKA,LOGATEC,Paper and Cardboard Packaging (15 01 01),391.756
2021,OSREDNJESLOVENSKA,LOGATEC,Paper and Cardboard from Municipal Waste (20 01 01),305.465
2021,OSREDNJESLOVENSKA,LOGATEC,Wooden Packaging (15 01 03),129.123
2021,OSREDNJESLOVENSKA,LUKOVICA,Bulky Municipal Waste (20 03 07),169.111
2021,OSREDNJESLOVENSKA,LUKOVICA,Non-hazardous Wood from Municipal Waste (20 01 38),173.15
2021,OSREDNJESLOVENSKA,LUKOVICA,Paper and Cardboard Packaging (15 01 01),54.73
2021,OSREDNJESLOVENSKA,LUKOVICA,Paper and Cardboard from Municipal Waste (20 01 01),108.293
2021,OSREDNJESLOVENSKA,LUKOVICA,Wooden Packaging (15 01 03),54.6
2021,OSREDNJESLOVENSKA,MEDVODE,Bulky Municipal Waste (20 03 07),445.5
2021,OSREDNJESLOVENSKA,MEDVODE,Non-hazardous Wood from Municipal Waste (20 01 38),268.96
2021,OSREDNJESLOVENSKA,MEDVODE,Paper and Cardboard Packaging (15 01 01),104.114
2021,OSREDNJESLOVENSKA,MEDVODE,Paper and Cardboard from Municipal Waste (20 01 01),608.067
2021,OSREDNJESLOVENSKA,MEDVODE,Wooden Packaging (15 01 03),149.92
2021,OSREDNJESLOVENSKA,MENGEŠ,Bulky Municipal Waste (20 03 07),269.477
2021,OSREDNJESLOVENSKA,MENGEŠ,Non-hazardous Wood from Municipal Waste (20 01 38),275.913
2021,OSREDNJESLOVENSKA,MENGEŠ,Paper and Cardboard Packaging (15 01 01),108.797
2021,OSREDNJESLOVENSKA,MENGEŠ,Paper and Cardboard from Municipal Waste (20 01 01),269.433
2021,OSREDNJESLOVENSKA,MENGEŠ,Wooden Packaging (15 01 03),32.461
2021,OSREDNJESLOVENSKA,MORAVČE,Bulky Municipal Waste (20 03 07),153.152
2021,OSREDNJESLOVENSKA,MORAVČE,Non-hazardous Wood from Municipal Waste (20 01 38),156.81
2021,OSREDNJESLOVENSKA,MORAVČE,Paper and Cardboard Packaging (15 01 01),48.061
2021,OSREDNJESLOVENSKA,MORAVČE,Paper and Cardboard from Municipal Waste (20 01 01),2.04
2021,OSREDNJESLOVENSKA,TRZIN,Bulky Municipal Waste (20 03 07),230.4
2021,OSREDNJESLOVENSKA,TRZIN,Non-hazardous Wood from Municipal Waste (20 01 38),235.903
2021,OSREDNJESLOVENSKA,TRZIN,Paper and Cardboard Packaging (15 01 01),186.553
2021,OSREDNJESLOVENSKA,TRZIN,Paper and Cardboard from Municipal Waste (20 01 01),194.859
2021,OSREDNJESLOVENSKA,TRZIN,Wooden Packaging (15 01 03),11.474
2021,OSREDNJESLOVENSKA,VELIKE LAŠČE,Bulky Municipal Waste (20 03 07),155.52
2021,OSREDNJESLOVENSKA,VELIKE LAŠČE,Non-hazardous Wood from Municipal Waste (20 01 38),58.02
2021,OSREDNJESLOVENSKA,VELIKE LAŠČE,Paper and Cardboard Packaging (15 01 01),12.99
2021,OSREDNJESLOVENSKA,VELIKE LAŠČE,Paper and Cardboard from Municipal Waste (20 01 01),44.391
2021,OSREDNJESLOVENSKA,VODICE,Bulky Municipal Waste (20 03 07),165.42
2021,OSREDNJESLOVENSKA,VODICE,Non-hazardous Wood from Municipal Waste (20 01 38),118.88
2021,OSREDNJESLOVENSKA,VODICE,Paper and Cardboard Packaging (15 01 01),17.808
2021,OSREDNJESLOVENSKA,VODICE,Paper and Cardboard from Municipal Waste (20 01 01),57.706
2021,OSREDNJESLOVENSKA,VRHNIKA,Bulky Municipal Waste (20 03 07),137.01
2021,OSREDNJESLOVENSKA,VRHNIKA,Non-hazardous Wood from Municipal Waste (20 01 38),489.493
2021,OSREDNJESLOVENSKA,VRHNIKA,Paper and Cardboard Packaging (15 01 01),224.423
2021,OSREDNJESLOVENSKA,VRHNIKA,Paper and Cardboard from Municipal Waste (20 01 01),683.336
2021,OSREDNJESLOVENSKA,VRHNIKA,Wooden Packaging (15 01 03),33.66
2021,OSREDNJESLOVENSKA,ŠKOFLJICA,Bulky Municipal Waste (20 03 07),137.2
2021,OSREDNJESLOVENSKA,ŠKOFLJICA,Non-hazardous Wood from Municipal Waste (20 01 38),139.44
2021,OSREDNJESLOVENSKA,ŠKOFLJICA,Paper and Cardboard Packaging (15 01 01),63.389
2021,OSREDNJESLOVENSKA,ŠKOFLJICA,Paper and Cardboard from Municipal Waste (20 01 01),120.79
2021,OSREDNJESLOVENSKA,ŠKOFLJICA,Wooden Packaging (15 01 03),2.05
2021,OSREDNJESLOVENSKA,ŠMARTNO PRI LITIJI,Bulky Municipal Waste (20 03 07),250.78
2021,OSREDNJESLOVENSKA,ŠMARTNO PRI LITIJI,Non-hazardous Wood from Municipal Waste (20 01 38),108.77
2021,OSREDNJESLOVENSKA,ŠMARTNO PRI LITIJI,Paper and Cardboard Packaging (15 01 01),153.381
2021,OSREDNJESLOVENSKA,ŠMARTNO PRI LITIJI,Paper and Cardboard from Municipal Waste (20 01 01),153.632
2021,PODRAVSKA,BENEDIKT,Bulky Municipal Waste (20 03 07),72.73
2021,PODRAVSKA,BENEDIKT,Paper and Cardboard from Municipal Waste (20 01 01),5.511
2021,PODRAVSKA,CERKVENJAK,Bulky Municipal Waste (20 03 07),57.005
2021,PODRAVSKA,CERKVENJAK,Paper and Cardboard Packaging (15 01 01),1.202
2021,PODRAVSKA,CERKVENJAK,Paper and Cardboard from Municipal Waste (20 01 01),5.267
2021,PODRAVSKA,CIRKULANE,Bulky Municipal Waste (20 03 07),34.735
2021,PODRAVSKA,CIRKULANE,Paper and Cardboard Packaging (15 01 01),13.385
2021,PODRAVSKA,CIRKULANE,Paper and Cardboard from Municipal Waste (20 01 01),31.231
2021,PODRAVSKA,DESTRNIK,Bulky Municipal Waste (20 03 07),30.062
2021,PODRAVSKA,DESTRNIK,Paper and Cardboard Packaging (15 01 01),17.1
2021,PODRAVSKA,DESTRNIK,Paper and Cardboard from Municipal Waste (20 01 01),39.9
2021,PODRAVSKA,DORNAVA,Bulky Municipal Waste (20 03 07),48.134
2021,PODRAVSKA,DORNAVA,Non-hazardous Wood from Municipal Waste (20 01 38),36.978
2021,PODRAVSKA,DORNAVA,Paper and Cardboard Packaging (15 01 01),41.454
2021,PODRAVSKA,DORNAVA,Paper and Cardboard from Municipal Waste (20 01 01),132.642
2021,PODRAVSKA,DUPLEK,Bulky Municipal Waste (20 03 07),214.98
2021,PODRAVSKA,DUPLEK,Non-hazardous Wood from Municipal Waste (20 01 38),61.82
2021,PODRAVSKA,DUPLEK,Paper and Cardboard Packaging (15 01 01),63.011
2021,PODRAVSKA,DUPLEK,Paper and Cardboard from Municipal Waste (20 01 01),141.665
2021,PODRAVSKA,DUPLEK,Wooden Packaging (15 01 03),0.614
2021,PODRAVSKA,GORIŠNICA,Bulky Municipal Waste (20 03 07),125.79
2021,PODRAVSKA,GORIŠNICA,Non-hazardous Wood from Municipal Waste (20 01 38),85.362
2021,PODRAVSKA,GORIŠNICA,Paper and Cardboard Packaging (15 01 01),40.128
2021,PODRAVSKA,GORIŠNICA,Paper and Cardboard from Municipal Waste (20 01 01),85.252
2021,PODRAVSKA,GORIŠNICA,Wooden Packaging (15 01 03),0.736
2021,PODRAVSKA,HAJDINA,Bulky Municipal Waste (20 03 07),122.537
2021,PODRAVSKA,HAJDINA,Non-hazardous Wood from Municipal Waste (20 01 38),79.705
2021,PODRAVSKA,HAJDINA,Paper and Cardboard Packaging (15 01 01),42.315
2021,PODRAVSKA,HAJDINA,Paper and Cardboard from Municipal Waste (20 01 01),95.19
2021,PODRAVSKA,HAJDINA,Wooden Packaging (15 01 03),0.292
2021,PODRAVSKA,HOČE-SLIVNICA,Bulky Municipal Waste (20 03 07),378.652
2021,PODRAVSKA,HOČE-SLIVNICA,Non-hazardous Wood from Municipal Waste (20 01 38),189.743
2021,PODRAVSKA,HOČE-SLIVNICA,Paper and Cardboard Packaging (15 01 01),45.481
2021,PODRAVSKA,HOČE-SLIVNICA,Paper and Cardboard from Municipal Waste (20 01 01),148.664
2021,PODRAVSKA,HOČE-SLIVNICA,Wooden Packaging (15 01 03),1.945
2021,PODRAVSKA,JURŠINCI,Bulky Municipal Waste (20 03 07),7.623
2021,PODRAVSKA,JURŠINCI,Non-hazardous Wood from Municipal Waste (20 01 38),9.096
2021,PODRAVSKA,JURŠINCI,Paper and Cardboard Packaging (15 01 01),19.812
2021,PODRAVSKA,JURŠINCI,Paper and Cardboard from Municipal Waste (20 01 01),50.402
2021,PODRAVSKA,JURŠINCI,Wooden Packaging (15 01 03),0.32
2021,PODRAVSKA,KIDRIČEVO,Bulky Municipal Waste (20 03 07),244.24
2021,PODRAVSKA,KIDRIČEVO,Non-hazardous Wood from Municipal Waste (20 01 38),97.12
2021,PODRAVSKA,KIDRIČEVO,Paper and Cardboard Packaging (15 01 01),67.31
2021,PODRAVSKA,KIDRIČEVO,Paper and Cardboard from Municipal Waste (20 01 01),162.705
2021,PODRAVSKA,KIDRIČEVO,Wooden Packaging (15 01 03),0.828
2021,PODRAVSKA,KUNGOTA,Bulky Municipal Waste (20 03 07),175.675
2021,PODRAVSKA,KUNGOTA,Non-hazardous Wood from Municipal Waste (20 01 38),127.64
2021,PODRAVSKA,KUNGOTA,Paper and Cardboard Packaging (15 01 01),23.045
2021,PODRAVSKA,KUNGOTA,Paper and Cardboard from Municipal Waste (20 01 01),84.948
2021,PODRAVSKA,LENART,Bulky Municipal Waste (20 03 07),396.36
2021,PODRAVSKA,LENART,Non-hazardous Wood from Municipal Waste (20 01 38),117.721
2021,PODRAVSKA,LENART,Paper and Cardboard Packaging (15 01 01),37.659
2021,PODRAVSKA,LENART,Paper and Cardboard from Municipal Waste (20 01 01),71.516
2021,PODRAVSKA,LENART,Wooden Packaging (15 01 03),264.793
2021,PODRAVSKA,LOVRENC NA POHORJU,Bulky Municipal Waste (20 03 07),59.522
2021,PODRAVSKA,LOVRENC NA POHORJU,Non-hazardous Wood from Municipal Waste (20 01 38),163.2
2021,PODRAVSKA,LOVRENC NA POHORJU,Paper and Cardboard Packaging (15 01 01),18.4
2021,PODRAVSKA,LOVRENC NA POHORJU,Paper and Cardboard from Municipal Waste (20 01 01),49.136
2021,PODRAVSKA,MAJŠPERK,Bulky Municipal Waste (20 03 07),106.07
2021,PODRAVSKA,MAJŠPERK,Non-hazardous Wood from Municipal Waste (20 01 38),27.88
2021,PODRAVSKA,MAJŠPERK,Paper and Cardboard Packaging (15 01 01),28.968
2021,PODRAVSKA,MAJŠPERK,Paper and Cardboard from Municipal Waste (20 01 01),67.593
2021,PODRAVSKA,MAJŠPERK,Wooden Packaging (15 01 03),0.412
2021,PODRAVSKA,MAKOLE,Bulky Municipal Waste (20 03 07),21.21
2021,PODRAVSKA,MAKOLE,Non-hazardous Wood from Municipal Waste (20 01 38),57.704
2021,PODRAVSKA,MAKOLE,Paper and Cardboard Packaging (15 01 01),15.152
2021,PODRAVSKA,MAKOLE,Paper and Cardboard from Municipal Waste (20 01 01),26
2021,PODRAVSKA,MARIBOR,Bulky Municipal Waste (20 03 07),2217.005
2021,PODRAVSKA,MARIBOR,Non-hazardous Wood from Municipal Waste (20 01 38),4825.56
2021,PODRAVSKA,MARIBOR,Paper and Cardboard Packaging (15 01 01),573.594
2021,PODRAVSKA,MARIBOR,Paper and Cardboard from Municipal Waste (20 01 01),3883.881
2021,PODRAVSKA,MARIBOR,Wooden Packaging (15 01 03),122.12
2021,PODRAVSKA,MARKOVCI,Bulky Municipal Waste (20 03 07),116.26
2021,PODRAVSKA,MARKOVCI,Non-hazardous Wood from Municipal Waste (20 01 38),65.337
2021,PODRAVSKA,MARKOVCI,Paper and Cardboard Packaging (15 01 01),27.336
2021,PODRAVSKA,MARKOVCI,Paper and Cardboard from Municipal Waste (20 01 01),70.209
2021,PODRAVSKA,MARKOVCI,Wooden Packaging (15 01 03),0.412
2021,PODRAVSKA,MIKLAVŽ NA DRAVSKEM POLJU,Bulky Municipal Waste (20 03 07),127.754
2021,PODRAVSKA,MIKLAVŽ NA DRAVSKEM POLJU,Paper and Cardboard Packaging (15 01 01),6.04
2021,PODRAVSKA,MIKLAVŽ NA DRAVSKEM POLJU,Paper and Cardboard from Municipal Waste (20 01 01),159.31
2021,PODRAVSKA,OPLOTNICA,Bulky Municipal Waste (20 03 07),43.738
2021,PODRAVSKA,OPLOTNICA,Non-hazardous Wood from Municipal Waste (20 01 38),118.996
2021,PODRAVSKA,OPLOTNICA,Paper and Cardboard Packaging (15 01 01),31.247
2021,PODRAVSKA,OPLOTNICA,Paper and Cardboard from Municipal Waste (20 01 01),53.616
2021,PODRAVSKA,ORMOŽ,Bulky Municipal Waste (20 03 07),351.59
2021,PODRAVSKA,ORMOŽ,Non-hazardous Wood from Municipal Waste (20 01 38),1.88
2021,PODRAVSKA,ORMOŽ,Paper and Cardboard Packaging (15 01 01),113.703
2021,PODRAVSKA,ORMOŽ,Paper and Cardboard from Municipal Waste (20 01 01),72.042
2021,PODRAVSKA,ORMOŽ,Wooden Packaging (15 01 03),0.18
2021,PODRAVSKA,PESNICA,Bulky Municipal Waste (20 03 07),143.519
2021,PODRAVSKA,PESNICA,Non-hazardous Wood from Municipal Waste (20 01 38),245.7
2021,PODRAVSKA,PESNICA,Paper and Cardboard Packaging (15 01 01),34.12
2021,PODRAVSKA,PESNICA,Paper and Cardboard from Municipal Waste (20 01 01),88.448
2021,PODRAVSKA,PODLEHNIK,Bulky Municipal Waste (20 03 07),19.18
2021,PODRAVSKA,PODLEHNIK,Paper and Cardboard Packaging (15 01 01),9.984
2021,PODRAVSKA,PODLEHNIK,Paper and Cardboard from Municipal Waste (20 01 01),23.296
2021,PODRAVSKA,POLJČANE,Bulky Municipal Waste (20 03 07),52.601
2021,PODRAVSKA,POLJČANE,Non-hazardous Wood from Municipal Waste (20 01 38),947.451
2021,PODRAVSKA,POLJČANE,Paper and Cardboard Packaging (15 01 01),37.578
2021,PODRAVSKA,POLJČANE,Paper and Cardboard from Municipal Waste (20 01 01),64.481
2021,PODRAVSKA,PTUJ,Bulky Municipal Waste (20 03 07),595.332
2021,PODRAVSKA,PTUJ,Non-hazardous Wood from Municipal Waste (20 01 38),472.412
2021,PODRAVSKA,PTUJ,Paper and Cardboard Packaging (15 01 01),299.633
2021,PODRAVSKA,PTUJ,Paper and Cardboard from Municipal Waste (20 01 01),1224.09
2021,PODRAVSKA,PTUJ,Wooden Packaging (15 01 03),102.301
2021,PODRAVSKA,RAČE-FRAM,Bulky Municipal Waste (20 03 07),114.16
2021,PODRAVSKA,RAČE-FRAM,Non-hazardous Wood from Municipal Waste (20 01 38),309.289
2021,PODRAVSKA,RAČE-FRAM,Paper and Cardboard Packaging (15 01 01),81.215
2021,PODRAVSKA,RAČE-FRAM,Paper and Cardboard from Municipal Waste (20 01 01),139.357
2021,PODRAVSKA,RUŠE,Bulky Municipal Waste (20 03 07),141.162
2021,PODRAVSKA,RUŠE,Non-hazardous Wood from Municipal Waste (20 01 38),344.745
2021,PODRAVSKA,RUŠE,Paper and Cardboard Packaging (15 01 01),30.479
2021,PODRAVSKA,RUŠE,Paper and Cardboard from Municipal Waste (20 01 01),171.951
2021,PODRAVSKA,RUŠE,Wooden Packaging (15 01 03),46.82
2021,PODRAVSKA,SELNICA OB DRAVI,Bulky Municipal Waste (20 03 07),93.93
2021,PODRAVSKA,SELNICA OB DRAVI,Non-hazardous Wood from Municipal Waste (20 01 38),201.195
2021,PODRAVSKA,SELNICA OB DRAVI,Paper and Cardboard Packaging (15 01 01),20.431
2021,PODRAVSKA,SELNICA OB DRAVI,Paper and Cardboard from Municipal Waste (20 01 01),70.766
2021,PODRAVSKA,SELNICA OB DRAVI,Wooden Packaging (15 01 03),0.48
2021,PODRAVSKA,SLOVENSKA BISTRICA,Bulky Municipal Waste (20 03 07),297.258
2021,PODRAVSKA,SLOVENSKA BISTRICA,Paper and Cardboard Packaging (15 01 01),217.904
2021,PODRAVSKA,SLOVENSKA BISTRICA,Paper and Cardboard from Municipal Waste (20 01 01),368.903
2021,PODRAVSKA,SREDIŠČE OB DRAVI,Bulky Municipal Waste (20 03 07),68.15
2021,PODRAVSKA,SREDIŠČE OB DRAVI,Paper and Cardboard Packaging (15 01 01),22.741
2021,PODRAVSKA,SREDIŠČE OB DRAVI,Paper and Cardboard from Municipal Waste (20 01 01),14.408
2021,PODRAVSKA,STARŠE,Bulky Municipal Waste (20 03 07),87.543
2021,PODRAVSKA,STARŠE,Non-hazardous Wood from Municipal Waste (20 01 38),221.14
2021,PODRAVSKA,STARŠE,Paper and Cardboard Packaging (15 01 01),23.76
2021,PODRAVSKA,STARŠE,Paper and Cardboard from Municipal Waste (20 01 01),59.704
2021,PODRAVSKA,SV. TROJICA V SLOV. GORICAH,Bulky Municipal Waste (20 03 07),85.411
2021,PODRAVSKA,SV. TROJICA V SLOV. GORICAH,Non-hazardous Wood from Municipal Waste (20 01 38),79.669
2021,PODRAVSKA,SV. TROJICA V SLOV. GORICAH,Paper and Cardboard from Municipal Waste (20 01 01),5.255
2021,PODRAVSKA,SVETA ANA,Bulky Municipal Waste (20 03 07),89.926
2021,PODRAVSKA,SVETA ANA,Non-hazardous Wood from Municipal Waste (20 01 38),120.525
2021,PODRAVSKA,SVETA ANA,Paper and Cardboard from Municipal Waste (20 01 01),4.755
2021,PODRAVSKA,SVETA ANA,Wooden Packaging (15 01 03),1.443
2021,PODRAVSKA,SVETI ANDRAŽ V SLOV. GORICAH,Bulky Municipal Waste (20 03 07),13.07
2021,PODRAVSKA,SVETI ANDRAŽ V SLOV. GORICAH,Paper and Cardboard Packaging (15 01 01),8.196
2021,PODRAVSKA,SVETI ANDRAŽ V SLOV. GORICAH,Paper and Cardboard from Municipal Waste (20 01 01),19.124
2021,PODRAVSKA,SVETI JURIJ V SLOV. GORICAH,Bulky Municipal Waste (20 03 07),52.614
2021,PODRAVSKA,SVETI JURIJ V SLOV. GORICAH,Non-hazardous Wood from Municipal Waste (20 01 38),3.28
2021,PODRAVSKA,SVETI JURIJ V SLOV. GORICAH,Paper and Cardboard from Municipal Waste (20 01 01),4.555
2021,PODRAVSKA,SVETI TOMAŽ,Bulky Municipal Waste (20 03 07),45.3
2021,PODRAVSKA,SVETI TOMAŽ,Paper and Cardboard Packaging (15 01 01),15.16
2021,PODRAVSKA,SVETI TOMAŽ,Paper and Cardboard from Municipal Waste (20 01 01),9.606
2021,PODRAVSKA,TRNOVSKA VAS,Bulky Municipal Waste (20 03 07),71.058
2021,PODRAVSKA,TRNOVSKA VAS,Non-hazardous Wood from Municipal Waste (20 01 38),14.91
2021,PODRAVSKA,TRNOVSKA VAS,Paper and Cardboard Packaging (15 01 01),7.89
2021,PODRAVSKA,TRNOVSKA VAS,Paper and Cardboard from Municipal Waste (20 01 01),18.41
2021,PODRAVSKA,TRNOVSKA VAS,Wooden Packaging (15 01 03),0.391
2021,PODRAVSKA,VIDEM,Bulky Municipal Waste (20 03 07),122.716
2021,PODRAVSKA,VIDEM,Non-hazardous Wood from Municipal Waste (20 01 38),18.704
2021,PODRAVSKA,VIDEM,Paper and Cardboard Packaging (15 01 01),31.672
2021,PODRAVSKA,VIDEM,Paper and Cardboard from Municipal Waste (20 01 01),97.206
2021,PODRAVSKA,VIDEM,Wooden Packaging (15 01 03),0.408
2021,PODRAVSKA,ZAVRČ,Bulky Municipal Waste (20 03 07),27.102
2021,PODRAVSKA,ZAVRČ,Paper and Cardboard Packaging (15 01 01),4.868
2021,PODRAVSKA,ZAVRČ,Paper and Cardboard from Municipal Waste (20 01 01),13.023
2021,PODRAVSKA,ŠENTILJ,Bulky Municipal Waste (20 03 07),408.979
2021,PODRAVSKA,ŠENTILJ,Non-hazardous Wood from Municipal Waste (20 01 38),96.58
2021,PODRAVSKA,ŠENTILJ,Paper and Cardboard Packaging (15 01 01),19.596
2021,PODRAVSKA,ŠENTILJ,Paper and Cardboard from Municipal Waste (20 01 01),23.647
2021,PODRAVSKA,ŠENTILJ,Wooden Packaging (15 01 03),0.7
2021,PODRAVSKA,ŽETALE,Bulky Municipal Waste (20 03 07),59.147
2021,PODRAVSKA,ŽETALE,Non-hazardous Wood from Municipal Waste (20 01 38),7.946
2021,PODRAVSKA,ŽETALE,Paper and Cardboard Packaging (15 01 01),6.283
2021,PODRAVSKA,ŽETALE,Paper and Cardboard from Municipal Waste (20 01 01),14.657
2021,PODRAVSKA,ŽETALE,Wooden Packaging (15 01 03),0.308
2021,POMURSKA,APAČE,Bulky Municipal Waste (20 03 07),317.14
2021,POMURSKA,APAČE,Paper and Cardboard Packaging (15 01 01),72.62
2021,POMURSKA,APAČE,Paper and Cardboard from Municipal Waste (20 01 01),20.316
2021,POMURSKA,BELTINCI,Bulky Municipal Waste (20 03 07),308.544
2021,POMURSKA,BELTINCI,Non-hazardous Wood from Municipal Waste (20 01 38),151.06
2021,POMURSKA,BELTINCI,Paper and Cardboard Packaging (15 01 01),54.107
2021,POMURSKA,BELTINCI,Paper and Cardboard from Municipal Waste (20 01 01),162.954
2021,POMURSKA,CANKOVA,Bulky Municipal Waste (20 03 07),75.82
2021,POMURSKA,CANKOVA,Non-hazardous Wood from Municipal Waste (20 01 38),23.96
2021,POMURSKA,CANKOVA,Paper and Cardboard Packaging (15 01 01),9.571
2021,POMURSKA,CANKOVA,Paper and Cardboard from Municipal Waste (20 01 01),17.216
2021,POMURSKA,DOBROVNIK,Bulky Municipal Waste (20 03 07),43.8
2021,POMURSKA,DOBROVNIK,Non-hazardous Wood from Municipal Waste (20 01 38),19.38
2021,POMURSKA,DOBROVNIK,Paper and Cardboard Packaging (15 01 01),1.17
2021,POMURSKA,DOBROVNIK,Paper and Cardboard from Municipal Waste (20 01 01),27.676
2021,POMURSKA,GORNJA RADGONA,Bulky Municipal Waste (20 03 07),499.284
2021,POMURSKA,GORNJA RADGONA,Non-hazardous Wood from Municipal Waste (20 01 38),88.7
2021,POMURSKA,GORNJA RADGONA,Paper and Cardboard Packaging (15 01 01),118.017
2021,POMURSKA,GORNJA RADGONA,Paper and Cardboard from Municipal Waste (20 01 01),217.493
2021,POMURSKA,GORNJA RADGONA,Wooden Packaging (15 01 03),0.98
2021,POMURSKA,GORNJI PETROVCI,Bulky Municipal Waste (20 03 07),43.45
2021,POMURSKA,GORNJI PETROVCI,Non-hazardous Wood from Municipal Waste (20 01 38),6.247
2021,POMURSKA,GORNJI PETROVCI,Paper and Cardboard Packaging (15 01 01),3.096
2021,POMURSKA,GORNJI PETROVCI,Paper and Cardboard from Municipal Waste (20 01 01),19.639
2021,POMURSKA,GRAD,Bulky Municipal Waste (20 03 07),73.23
2021,POMURSKA,GRAD,Non-hazardous Wood from Municipal Waste (20 01 38),20.18
2021,POMURSKA,GRAD,Paper and Cardboard Packaging (15 01 01),3.858
2021,POMURSKA,GRAD,Paper and Cardboard from Municipal Waste (20 01 01),29.002
2021,POMURSKA,HODOŠ,Bulky Municipal Waste (20 03 07),8.299
2021,POMURSKA,HODOŠ,Non-hazardous Wood from Municipal Waste (20 01 38),2.199
2021,POMURSKA,HODOŠ,Paper and Cardboard Packaging (15 01 01),0.777
2021,POMURSKA,HODOŠ,Paper and Cardboard from Municipal Waste (20 01 01),13.867
2021,POMURSKA,KOBILJE,Bulky Municipal Waste (20 03 07),16.74
2021,POMURSKA,KOBILJE,Non-hazardous Wood from Municipal Waste (20 01 38),12.24
2021,POMURSKA,KOBILJE,Paper and Cardboard Packaging (15 01 01),0.55
2021,POMURSKA,KOBILJE,Paper and Cardboard from Municipal Waste (20 01 01),5.83
2021,POMURSKA,KRIŽEVCI,Bulky Municipal Waste (20 03 07),219.54
2021,POMURSKA,KRIŽEVCI,Paper and Cardboard Packaging (15 01 01),4.302
2021,POMURSKA,KRIŽEVCI,Paper and Cardboard from Municipal Waste (20 01 01),44.88
2021,POMURSKA,KUZMA,Bulky Municipal Waste (20 03 07),35.68
2021,POMURSKA,KUZMA,Non-hazardous Wood from Municipal Waste (20 01 38),13.3
2021,POMURSKA,KUZMA,Paper and Cardboard Packaging (15 01 01),9.746
2021,POMURSKA,KUZMA,Paper and Cardboard from Municipal Waste (20 01 01),13.056
2021,POMURSKA,LENDAVA,Bulky Municipal Waste (20 03 07),277.15
2021,POMURSKA,LENDAVA,Non-hazardous Wood from Municipal Waste (20 01 38),7.6
2021,POMURSKA,LENDAVA,Paper and Cardboard Packaging (15 01 01),665.521
2021,POMURSKA,LENDAVA,Paper and Cardboard from Municipal Waste (20 01 01),315.714
2021,POMURSKA,LENDAVA,Wooden Packaging (15 01 03),189.901
2021,POMURSKA,LJUTOMER,Bulky Municipal Waste (20 03 07),681.88
2021,POMURSKA,LJUTOMER,Non-hazardous Wood from Municipal Waste (20 01 38),5.06
2021,POMURSKA,LJUTOMER,Paper and Cardboard Packaging (15 01 01),14.447
2021,POMURSKA,LJUTOMER,Paper and Cardboard from Municipal Waste (20 01 01),144.78
2021,POMURSKA,MORAVSKE TOPLICE,Bulky Municipal Waste (20 03 07),181.746
2021,POMURSKA,MORAVSKE TOPLICE,Non-hazardous Wood from Municipal Waste (20 01 38),28.127
2021,POMURSKA,MORAVSKE TOPLICE,Paper and Cardboard Packaging (15 01 01),20.018
2021,POMURSKA,MORAVSKE TOPLICE,Paper and Cardboard from Municipal Waste (20 01 01),98.555
2021,POMURSKA,MURSKA SOBOTA,Bulky Municipal Waste (20 03 07),708.871
2021,POMURSKA,MURSKA SOBOTA,Non-hazardous Wood from Municipal Waste (20 01 38),488.64
2021,POMURSKA,MURSKA SOBOTA,Paper and Cardboard Packaging (15 01 01),211.568
2021,POMURSKA,MURSKA SOBOTA,Paper and Cardboard from Municipal Waste (20 01 01),902.782
2021,POMURSKA,MURSKA SOBOTA,Wooden Packaging (15 01 03),22.44
2021,POMURSKA,ODRANCI,Bulky Municipal Waste (20 03 07),51.625
2021,POMURSKA,ODRANCI,Non-hazardous Wood from Municipal Waste (20 01 38),18.214
2021,POMURSKA,ODRANCI,Paper and Cardboard Packaging (15 01 01),0.278
2021,POMURSKA,ODRANCI,Paper and Cardboard from Municipal Waste (20 01 01),42.583
2021,POMURSKA,PUCONCI,Bulky Municipal Waste (20 03 07),258.515
2021,POMURSKA,PUCONCI,Non-hazardous Wood from Municipal Waste (20 01 38),11.287
2021,POMURSKA,PUCONCI,Paper and Cardboard Packaging (15 01 01),32.471
2021,POMURSKA,PUCONCI,Paper and Cardboard from Municipal Waste (20 01 01),146.42
2021,POMURSKA,RADENCI,Bulky Municipal Waste (20 03 07),276.754
2021,POMURSKA,RADENCI,Paper and Cardboard Packaging (15 01 01),37.997
2021,POMURSKA,RADENCI,Paper and Cardboard from Municipal Waste (20 01 01),9.829
2021,POMURSKA,RADENCI,Wooden Packaging (15 01 03),49.96
2021,POMURSKA,RAZKRIŽJE,Bulky Municipal Waste (20 03 07),71.83
2021,POMURSKA,RAZKRIŽJE,Paper and Cardboard Packaging (15 01 01),1.41
2021,POMURSKA,RAZKRIŽJE,Paper and Cardboard from Municipal Waste (20 01 01),18.21
2021,POMURSKA,RAZKRIŽJE,Wooden Packaging (15 01 03),0.04
2021,POMURSKA,ROGAŠOVCI,Bulky Municipal Waste (20 03 07),60.94
2021,POMURSKA,ROGAŠOVCI,Non-hazardous Wood from Municipal Waste (20 01 38),19.66
2021,POMURSKA,ROGAŠOVCI,Paper and Cardboard Packaging (15 01 01),5.021
2021,POMURSKA,ROGAŠOVCI,Paper and Cardboard from Municipal Waste (20 01 01),43.235
2021,POMURSKA,SVETI JURIJ OB ŠČAVNICI,Bulky Municipal Waste (20 03 07),89.617
2021,POMURSKA,SVETI JURIJ OB ŠČAVNICI,Paper and Cardboard Packaging (15 01 01),10.367
2021,POMURSKA,SVETI JURIJ OB ŠČAVNICI,Paper and Cardboard from Municipal Waste (20 01 01),3.75
2021,POMURSKA,TIŠINA,Bulky Municipal Waste (20 03 07),105.958
2021,POMURSKA,TIŠINA,Non-hazardous Wood from Municipal Waste (20 01 38),56.83
2021,POMURSKA,TIŠINA,Paper and Cardboard Packaging (15 01 01),6.19
2021,POMURSKA,TIŠINA,Paper and Cardboard from Municipal Waste (20 01 01),70.549
2021,POMURSKA,TURNIŠČE,Bulky Municipal Waste (20 03 07),86.29
2021,POMURSKA,TURNIŠČE,Non-hazardous Wood from Municipal Waste (20 01 38),26.12
2021,POMURSKA,TURNIŠČE,Paper and Cardboard Packaging (15 01 01),0.362
2021,POMURSKA,TURNIŠČE,Paper and Cardboard from Municipal Waste (20 01 01),39.381
2021,POMURSKA,VELIKA POLANA,Bulky Municipal Waste (20 03 07),18.76
2021,POMURSKA,VELIKA POLANA,Non-hazardous Wood from Municipal Waste (20 01 38),6.44
2021,POMURSKA,VELIKA POLANA,Paper and Cardboard Packaging (15 01 01),2.74
2021,POMURSKA,VELIKA POLANA,Paper and Cardboard from Municipal Waste (20 01 01),14.34
2021,POMURSKA,VERŽEJ,Bulky Municipal Waste (20 03 07),83.41
2021,POMURSKA,VERŽEJ,Paper and Cardboard Packaging (15 01 01),2.28
2021,POMURSKA,VERŽEJ,Paper and Cardboard from Municipal Waste (20 01 01),18.23
2021,POMURSKA,ČRENŠOVCI,Bulky Municipal Waste (20 03 07),139.161
2021,POMURSKA,ČRENŠOVCI,Non-hazardous Wood from Municipal Waste (20 01 38),49.922
2021,POMURSKA,ČRENŠOVCI,Paper and Cardboard Packaging (15 01 01),1.184
2021,POMURSKA,ČRENŠOVCI,Paper and Cardboard from Municipal Waste (20 01 01),83.125
2021,POMURSKA,ŠALOVCI,Bulky Municipal Waste (20 03 07),34.341
2021,POMURSKA,ŠALOVCI,Non-hazardous Wood from Municipal Waste (20 01 38),13.574
2021,POMURSKA,ŠALOVCI,Paper and Cardboard Packaging (15 01 01),1.601
2021,POMURSKA,ŠALOVCI,Paper and Cardboard from Municipal Waste (20 01 01),12.944
2021,POSAVSKA,BISTRICA OB SOTLI,Bulky Municipal Waste (20 03 07),50.902
2021,POSAVSKA,BISTRICA OB SOTLI,Non-hazardous Wood from Municipal Waste (20 01 38),2.779
2021,POSAVSKA,BISTRICA OB SOTLI,Paper and Cardboard Packaging (15 01 01),5.01
2021,POSAVSKA,BISTRICA OB SOTLI,Paper and Cardboard from Municipal Waste (20 01 01),9.31
2021,POSAVSKA,BISTRICA OB SOTLI,Wooden Packaging (15 01 03),0.005
2021,POSAVSKA,BREŽICE,Non-hazardous Wood from Municipal Waste (20 01 38),265.236
2021,POSAVSKA,BREŽICE,Paper and Cardboard Packaging (15 01 01),208.518
2021,POSAVSKA,BREŽICE,Paper and Cardboard from Municipal Waste (20 01 01),663.009
2021,POSAVSKA,BREŽICE,Wooden Packaging (15 01 03),49.11
2021,POSAVSKA,KOSTANJEVICA NA KRKI,Bulky Municipal Waste (20 03 07),21.66
2021,POSAVSKA,KOSTANJEVICA NA KRKI,Non-hazardous Wood from Municipal Waste (20 01 38),18
2021,POSAVSKA,KOSTANJEVICA NA KRKI,Paper and Cardboard Packaging (15 01 01),57.674
2021,POSAVSKA,KOSTANJEVICA NA KRKI,Paper and Cardboard from Municipal Waste (20 01 01),20.4
2021,POSAVSKA,KOSTANJEVICA NA KRKI,Wooden Packaging (15 01 03),25.298
2021,POSAVSKA,KRŠKO,Bulky Municipal Waste (20 03 07),312.12
2021,POSAVSKA,KRŠKO,Non-hazardous Wood from Municipal Waste (20 01 38),1341
2021,POSAVSKA,KRŠKO,Paper and Cardboard Packaging (15 01 01),1055.943
2021,POSAVSKA,KRŠKO,Paper and Cardboard from Municipal Waste (20 01 01),387.8
2021,POSAVSKA,KRŠKO,Wooden Packaging (15 01 03),93.919
2021,POSAVSKA,RADEČE,Bulky Municipal Waste (20 03 07),53.84
2021,POSAVSKA,RADEČE,Non-hazardous Wood from Municipal Waste (20 01 38),93.16
2021,POSAVSKA,RADEČE,Paper and Cardboard Packaging (15 01 01),91.568
2021,POSAVSKA,RADEČE,Paper and Cardboard from Municipal Waste (20 01 01),70.7
2021,POSAVSKA,RADEČE,Wooden Packaging (15 01 03),2.6
2021,POSAVSKA,SEVNICA,Bulky Municipal Waste (20 03 07),166.03
2021,POSAVSKA,SEVNICA,Non-hazardous Wood from Municipal Waste (20 01 38),272.76
2021,POSAVSKA,SEVNICA,Paper and Cardboard Packaging (15 01 01),358.258
2021,POSAVSKA,SEVNICA,Paper and Cardboard from Municipal Waste (20 01 01),422.844
2021,POSAVSKA,SEVNICA,Wooden Packaging (15 01 03),84.03
2021,PRIMORSKO-NOTRANJSKA,BLOKE,Bulky Municipal Waste (20 03 07),71.41
2021,PRIMORSKO-NOTRANJSKA,BLOKE,Non-hazardous Wood from Municipal Waste (20 01 38),39.72
2021,PRIMORSKO-NOTRANJSKA,BLOKE,Paper and Cardboard Packaging (15 01 01),27.994
2021,PRIMORSKO-NOTRANJSKA,BLOKE,Paper and Cardboard from Municipal Waste (20 01 01),6.7
2021,PRIMORSKO-NOTRANJSKA,CERKNICA,Bulky Municipal Waste (20 03 07),0.98
2021,PRIMORSKO-NOTRANJSKA,CERKNICA,Paper and Cardboard Packaging (15 01 01),149.195
2021,PRIMORSKO-NOTRANJSKA,CERKNICA,Paper and Cardboard from Municipal Waste (20 01 01),56.27
2021,PRIMORSKO-NOTRANJSKA,CERKNICA,Wooden Packaging (15 01 03),107.809
2021,PRIMORSKO-NOTRANJSKA,ILIRSKA BISTRICA,Bulky Municipal Waste (20 03 07),456.05
2021,PRIMORSKO-NOTRANJSKA,ILIRSKA BISTRICA,Non-hazardous Wood from Municipal Waste (20 01 38),297.06
2021,PRIMORSKO-NOTRANJSKA,ILIRSKA BISTRICA,Paper and Cardboard Packaging (15 01 01),133.871
2021,PRIMORSKO-NOTRANJSKA,ILIRSKA BISTRICA,Paper and Cardboard from Municipal Waste (20 01 01),167.234
2021,PRIMORSKO-NOTRANJSKA,ILIRSKA BISTRICA,Wooden Packaging (15 01 03),3.36
2021,PRIMORSKO-NOTRANJSKA,LOŠKA DOLINA,Paper and Cardboard Packaging (15 01 01),20.525
2021,PRIMORSKO-NOTRANJSKA,LOŠKA DOLINA,Paper and Cardboard from Municipal Waste (20 01 01),2.52
2021,PRIMORSKO-NOTRANJSKA,PIVKA,Bulky Municipal Waste (20 03 07),319.42
2021,PRIMORSKO-NOTRANJSKA,PIVKA,Non-hazardous Wood from Municipal Waste (20 01 38),147.5
2021,PRIMORSKO-NOTRANJSKA,PIVKA,Paper and Cardboard Packaging (15 01 01),141.71
2021,PRIMORSKO-NOTRANJSKA,PIVKA,Paper and Cardboard from Municipal Waste (20 01 01),93.72
2021,PRIMORSKO-NOTRANJSKA,PIVKA,Wooden Packaging (15 01 03),12.99
2021,PRIMORSKO-NOTRANJSKA,POSTOJNA,Bulky Municipal Waste (20 03 07),662.04
2021,PRIMORSKO-NOTRANJSKA,POSTOJNA,Non-hazardous Wood from Municipal Waste (20 01 38),228.83
2021,PRIMORSKO-NOTRANJSKA,POSTOJNA,Paper and Cardboard Packaging (15 01 01),115.2
2021,PRIMORSKO-NOTRANJSKA,POSTOJNA,Paper and Cardboard from Municipal Waste (20 01 01),401.406
2021,PRIMORSKO-NOTRANJSKA,POSTOJNA,Wooden Packaging (15 01 03),2.17
2021,SAVINJSKA,BRASLOVČE,Bulky Municipal Waste (20 03 07),497.179
2021,SAVINJSKA,BRASLOVČE,Non-hazardous Wood from Municipal Waste (20 01 38),76.929
2021,SAVINJSKA,BRASLOVČE,Paper and Cardboard Packaging (15 01 01),25.769
2021,SAVINJSKA,BRASLOVČE,Paper and Cardboard from Municipal Waste (20 01 01),57.074
2021,SAVINJSKA,CELJE,Bulky Municipal Waste (20 03 07),2240.341
2021,SAVINJSKA,CELJE,Non-hazardous Wood from Municipal Waste (20 01 38),17.237
2021,SAVINJSKA,CELJE,Paper and Cardboard Packaging (15 01 01),770.435
2021,SAVINJSKA,CELJE,Paper and Cardboard from Municipal Waste (20 01 01),1618.924
2021,SAVINJSKA,CELJE,Wooden Packaging (15 01 03),90.766
2021,SAVINJSKA,DOBJE,Bulky Municipal Waste (20 03 07),39.618
2021,SAVINJSKA,DOBJE,Non-hazardous Wood from Municipal Waste (20 01 38),0.522
2021,SAVINJSKA,DOBJE,Paper and Cardboard Packaging (15 01 01),59.609
2021,SAVINJSKA,DOBJE,Paper and Cardboard from Municipal Waste (20 01 01),2.132
2021,SAVINJSKA,DOBRNA,Bulky Municipal Waste (20 03 07),262.209
2021,SAVINJSKA,DOBRNA,Non-hazardous Wood from Municipal Waste (20 01 38),40.514
2021,SAVINJSKA,DOBRNA,Paper and Cardboard Packaging (15 01 01),12.351
2021,SAVINJSKA,DOBRNA,Paper and Cardboard from Municipal Waste (20 01 01),86.75
2021,SAVINJSKA,GORNJI GRAD,Bulky Municipal Waste (20 03 07),54.145
2021,SAVINJSKA,GORNJI GRAD,Non-hazardous Wood from Municipal Waste (20 01 38),43.291
2021,SAVINJSKA,GORNJI GRAD,Paper and Cardboard Packaging (15 01 01),21.949
2021,SAVINJSKA,GORNJI GRAD,Paper and Cardboard from Municipal Waste (20 01 01),45.642
2021,SAVINJSKA,KOZJE,Bulky Municipal Waste (20 03 07),111.983
2021,SAVINJSKA,KOZJE,Non-hazardous Wood from Municipal Waste (20 01 38),6.115
2021,SAVINJSKA,KOZJE,Paper and Cardboard Packaging (15 01 01),21.18
2021,SAVINJSKA,KOZJE,Paper and Cardboard from Municipal Waste (20 01 01),20.483
2021,SAVINJSKA,KOZJE,Wooden Packaging (15 01 03),0.011
2021,SAVINJSKA,LAŠKO,Bulky Municipal Waste (20 03 07),291.76
2021,SAVINJSKA,LAŠKO,Non-hazardous Wood from Municipal Waste (20 01 38),28.714
2021,SAVINJSKA,LAŠKO,Paper and Cardboard Packaging (15 01 01),179.777
2021,SAVINJSKA,LAŠKO,Paper and Cardboard from Municipal Waste (20 01 01),20.29
2021,SAVINJSKA,LAŠKO,Wooden Packaging (15 01 03),0.27
2021,SAVINJSKA,LJUBNO,Bulky Municipal Waste (20 03 07),42.171
2021,SAVINJSKA,LJUBNO,Non-hazardous Wood from Municipal Waste (20 01 38),24.721
2021,SAVINJSKA,LJUBNO,Paper and Cardboard Packaging (15 01 01),23.998
2021,SAVINJSKA,LJUBNO,Paper and Cardboard from Municipal Waste (20 01 01),21.614
2021,SAVINJSKA,LJUBNO,Wooden Packaging (15 01 03),9.54
2021,SAVINJSKA,LUČE,Bulky Municipal Waste (20 03 07),18.853
2021,SAVINJSKA,LUČE,Non-hazardous Wood from Municipal Waste (20 01 38),9.945
2021,SAVINJSKA,LUČE,Paper and Cardboard Packaging (15 01 01),4.31
2021,SAVINJSKA,LUČE,Paper and Cardboard from Municipal Waste (20 01 01),40.991
2021,SAVINJSKA,MOZIRJE,Bulky Municipal Waste (20 03 07),177.168
2021,SAVINJSKA,MOZIRJE,Paper and Cardboard Packaging (15 01 01),49.035
2021,SAVINJSKA,MOZIRJE,Paper and Cardboard from Municipal Waste (20 01 01),34.324
2021,SAVINJSKA,MOZIRJE,Wooden Packaging (15 01 03),13.877
2021,SAVINJSKA,NAZARJE,Bulky Municipal Waste (20 03 07),51.633
2021,SAVINJSKA,NAZARJE,Non-hazardous Wood from Municipal Waste (20 01 38),53.076
2021,SAVINJSKA,NAZARJE,Paper and Cardboard Packaging (15 01 01),20.664
2021,SAVINJSKA,NAZARJE,Paper and Cardboard from Municipal Waste (20 01 01),63.866
2021,SAVINJSKA,PODČETRTEK,Bulky Municipal Waste (20 03 07),117.57
2021,SAVINJSKA,PODČETRTEK,Non-hazardous Wood from Municipal Waste (20 01 38),6.42
2021,SAVINJSKA,PODČETRTEK,Paper and Cardboard Packaging (15 01 01),24.45
2021,SAVINJSKA,PODČETRTEK,Paper and Cardboard from Municipal Waste (20 01 01),21.505
2021,SAVINJSKA,PODČETRTEK,Wooden Packaging (15 01 03),0.011
2021,SAVINJSKA,POLZELA,Bulky Municipal Waste (20 03 07),502.045
2021,SAVINJSKA,POLZELA,Non-hazardous Wood from Municipal Waste (20 01 38),69.176
2021,SAVINJSKA,POLZELA,Paper and Cardboard Packaging (15 01 01),24.817
2021,SAVINJSKA,POLZELA,Paper and Cardboard from Municipal Waste (20 01 01),37.156
2021,SAVINJSKA,PREBOLD,Bulky Municipal Waste (20 03 07),485.116
2021,SAVINJSKA,PREBOLD,Non-hazardous Wood from Municipal Waste (20 01 38),107.831
2021,SAVINJSKA,PREBOLD,Paper and Cardboard Packaging (15 01 01),32.122
2021,SAVINJSKA,PREBOLD,Paper and Cardboard from Municipal Waste (20 01 01),0.6
2021,SAVINJSKA,PREBOLD,Wooden Packaging (15 01 03),147.4
2021,SAVINJSKA,REČICA OB SAVINJI,Bulky Municipal Waste (20 03 07),99.657
2021,SAVINJSKA,REČICA OB SAVINJI,Paper and Cardboard Packaging (15 01 01),27.583
2021,SAVINJSKA,REČICA OB SAVINJI,Paper and Cardboard from Municipal Waste (20 01 01),19.218
2021,SAVINJSKA,REČICA OB SAVINJI,Wooden Packaging (15 01 03),7.806
2021,SAVINJSKA,ROGATEC,Bulky Municipal Waste (20 03 07),84.67
2021,SAVINJSKA,ROGATEC,Non-hazardous Wood from Municipal Waste (20 01 38),4.623
2021,SAVINJSKA,ROGATEC,Paper and Cardboard Packaging (15 01 01),29.46
2021,SAVINJSKA,ROGATEC,Paper and Cardboard from Municipal Waste (20 01 01),15.487
2021,SAVINJSKA,ROGATEC,Wooden Packaging (15 01 03),12.708
2021,SAVINJSKA,ROGAŠKA SLATINA,Bulky Municipal Waste (20 03 07),413.916
2021,SAVINJSKA,ROGAŠKA SLATINA,Non-hazardous Wood from Municipal Waste (20 01 38),22.601
2021,SAVINJSKA,ROGAŠKA SLATINA,Paper and Cardboard Packaging (15 01 01),75.98
2021,SAVINJSKA,ROGAŠKA SLATINA,Paper and Cardboard from Municipal Waste (20 01 01),75.709
2021,SAVINJSKA,ROGAŠKA SLATINA,Wooden Packaging (15 01 03),3.28
2021,SAVINJSKA,SLOVENSKE KONJICE,Bulky Municipal Waste (20 03 07),237.67
2021,SAVINJSKA,SLOVENSKE KONJICE,Non-hazardous Wood from Municipal Waste (20 01 38),545.45
2021,SAVINJSKA,SLOVENSKE KONJICE,Paper and Cardboard Packaging (15 01 01),119.616
2021,SAVINJSKA,SLOVENSKE KONJICE,Paper and Cardboard from Municipal Waste (20 01 01),472.143
2021,SAVINJSKA,SOLČAVA,Bulky Municipal Waste (20 03 07),10.319
2021,SAVINJSKA,SOLČAVA,Non-hazardous Wood from Municipal Waste (20 01 38),2.494
2021,SAVINJSKA,SOLČAVA,Paper and Cardboard Packaging (15 01 01),2.432
2021,SAVINJSKA,SOLČAVA,Paper and Cardboard from Municipal Waste (20 01 01),7.153
2021,SAVINJSKA,TABOR,Bulky Municipal Waste (20 03 07),135.355
2021,SAVINJSKA,TABOR,Non-hazardous Wood from Municipal Waste (20 01 38),30.151
2021,SAVINJSKA,TABOR,Paper and Cardboard Packaging (15 01 01),9.154
2021,SAVINJSKA,TABOR,Paper and Cardboard from Municipal Waste (20 01 01),0
2021,SAVINJSKA,VELENJE,Bulky Municipal Waste (20 03 07),690.002
2021,SAVINJSKA,VELENJE,Non-hazardous Wood from Municipal Waste (20 01 38),751.254
2021,SAVINJSKA,VELENJE,Paper and Cardboard Packaging (15 01 01),4937.927
2021,SAVINJSKA,VELENJE,Paper and Cardboard from Municipal Waste (20 01 01),1052.921
2021,SAVINJSKA,VELENJE,Wooden Packaging (15 01 03),3772.62
2021,SAVINJSKA,VITANJE,Bulky Municipal Waste (20 03 07),64.773
2021,SAVINJSKA,VITANJE,Paper and Cardboard from Municipal Waste (20 01 01),3.63
2021,SAVINJSKA,VOJNIK,Bulky Municipal Waste (20 03 07),1006.083
2021,SAVINJSKA,VOJNIK,Non-hazardous Wood from Municipal Waste (20 01 38),165.874
2021,SAVINJSKA,VOJNIK,Paper and Cardboard Packaging (15 01 01),55.016
2021,SAVINJSKA,VOJNIK,Paper and Cardboard from Municipal Waste (20 01 01),324.257
2021,SAVINJSKA,VRANSKO,Bulky Municipal Waste (20 03 07),224.675
2021,SAVINJSKA,VRANSKO,Non-hazardous Wood from Municipal Waste (20 01 38),47.16
2021,SAVINJSKA,VRANSKO,Paper and Cardboard Packaging (15 01 01),15.527
2021,SAVINJSKA,VRANSKO,Paper and Cardboard from Municipal Waste (20 01 01),0
2021,SAVINJSKA,ZREČE,Bulky Municipal Waste (20 03 07),336.09
2021,SAVINJSKA,ZREČE,Paper and Cardboard from Municipal Waste (20 01 01),10.978
2021,SAVINJSKA,ŠENTJUR,Bulky Municipal Waste (20 03 07),579.957
2021,SAVINJSKA,ŠENTJUR,Non-hazardous Wood from Municipal Waste (20 01 38),7.755
2021,SAVINJSKA,ŠENTJUR,Paper and Cardboard Packaging (15 01 01),103.075
2021,SAVINJSKA,ŠENTJUR,Paper and Cardboard from Municipal Waste (20 01 01),403.381
2021,SAVINJSKA,ŠENTJUR,Wooden Packaging (15 01 03),2.8
2021,SAVINJSKA,ŠMARJE PRI JELŠAH,Bulky Municipal Waste (20 03 07),462.459
2021,SAVINJSKA,ŠMARJE PRI JELŠAH,Non-hazardous Wood from Municipal Waste (20 01 38),25.252
2021,SAVINJSKA,ŠMARJE PRI JELŠAH,Paper and Cardboard Packaging (15 01 01),80.4
2021,SAVINJSKA,ŠMARJE PRI JELŠAH,Paper and Cardboard from Municipal Waste (20 01 01),106.288
2021,SAVINJSKA,ŠMARJE PRI JELŠAH,Wooden Packaging (15 01 03),0.045
2021,SAVINJSKA,ŠMARTNO OB PAKI,Bulky Municipal Waste (20 03 07),62.376
2021,SAVINJSKA,ŠMARTNO OB PAKI,Non-hazardous Wood from Municipal Waste (20 01 38),33.337
2021,SAVINJSKA,ŠMARTNO OB PAKI,Paper and Cardboard Packaging (15 01 01),37.71
2021,SAVINJSKA,ŠMARTNO OB PAKI,Paper and Cardboard from Municipal Waste (20 01 01),62.257
2021,SAVINJSKA,ŠOŠTANJ,Bulky Municipal Waste (20 03 07),153.941
2021,SAVINJSKA,ŠOŠTANJ,Non-hazardous Wood from Municipal Waste (20 01 38),128.422
2021,SAVINJSKA,ŠOŠTANJ,Paper and Cardboard Packaging (15 01 01),166.459
2021,SAVINJSKA,ŠOŠTANJ,Paper and Cardboard from Municipal Waste (20 01 01),122.505
2021,SAVINJSKA,ŠOŠTANJ,Wooden Packaging (15 01 03),61.62
2021,SAVINJSKA,ŠTORE,Bulky Municipal Waste (20 03 07),154.706
2021,SAVINJSKA,ŠTORE,Non-hazardous Wood from Municipal Waste (20 01 38),1.567
2021,SAVINJSKA,ŠTORE,Paper and Cardboard Packaging (15 01 01),20.81
2021,SAVINJSKA,ŠTORE,Paper and Cardboard from Municipal Waste (20 01 01),101.771
2021,SAVINJSKA,ŠTORE,Wooden Packaging (15 01 03),13.7
2021,SAVINJSKA,ŽALEC,Bulky Municipal Waste (20 03 07),1797.047
2021,SAVINJSKA,ŽALEC,Non-hazardous Wood from Municipal Waste (20 01 38),548.494
2021,SAVINJSKA,ŽALEC,Paper and Cardboard Packaging (15 01 01),158.732
2021,SAVINJSKA,ŽALEC,Paper and Cardboard from Municipal Waste (20 01 01),134.714
2021,SAVINJSKA,ŽALEC,Wooden Packaging (15 01 03),43.86
2021,ZASAVSKA,HRASTNIK,Bulky Municipal Waste (20 03 07),333.46
2021,ZASAVSKA,HRASTNIK,Paper and Cardboard Packaging (15 01 01),328.463
2021,ZASAVSKA,HRASTNIK,Paper and Cardboard from Municipal Waste (20 01 01),28.931
2021,ZASAVSKA,HRASTNIK,Wooden Packaging (15 01 03),155.33
2021,ZASAVSKA,LITIJA,Bulky Municipal Waste (20 03 07),326.31
2021,ZASAVSKA,LITIJA,Non-hazardous Wood from Municipal Waste (20 01 38),293.23
2021,ZASAVSKA,LITIJA,Paper and Cardboard Packaging (15 01 01),210.584
2021,ZASAVSKA,LITIJA,Paper and Cardboard from Municipal Waste (20 01 01),282.559
2021,ZASAVSKA,LITIJA,Wooden Packaging (15 01 03),2.62
2021,ZASAVSKA,TRBOVLJE,Bulky Municipal Waste (20 03 07),189
2021,ZASAVSKA,TRBOVLJE,Non-hazardous Wood from Municipal Waste (20 01 38),601.44
2021,ZASAVSKA,TRBOVLJE,Paper and Cardboard Packaging (15 01 01),212.026
2021,ZASAVSKA,TRBOVLJE,Paper and Cardboard from Municipal Waste (20 01 01),396.711
2021,ZASAVSKA,TRBOVLJE,Wooden Packaging (15 01 03),16.05
2021,ZASAVSKA,ZAGORJE OB SAVI,Bulky Municipal Waste (20 03 07),126.68
2021,ZASAVSKA,ZAGORJE OB SAVI,Non-hazardous Wood from Municipal Waste (20 01 38),466.205
2021,ZASAVSKA,ZAGORJE OB SAVI,Paper and Cardboard Packaging (15 01 01),405.573
2021,ZASAVSKA,ZAGORJE OB SAVI,Paper and Cardboard from Municipal Waste (20 01 01),207.256
2021,ZASAVSKA,ZAGORJE OB SAVI,Wooden Packaging (15 01 03),110.53
2022,GORENJSKA,BLED,Bulky Municipal Waste (20 03 07),202.54
2022,GORENJSKA,BLED,Non-hazardous Wood from Municipal Waste (20 01 38),367.93
2022,GORENJSKA,BLED,Paper and Cardboard Packaging (15 01 01),163.32
2022,GORENJSKA,BLED,Paper and Cardboard from Municipal Waste (20 01 01),364.153
2022,GORENJSKA,BOHINJ,Bulky Municipal Waste (20 03 07),212.75
2022,GORENJSKA,BOHINJ,Non-hazardous Wood from Municipal Waste (20 01 38),225.46
2022,GORENJSKA,BOHINJ,Paper and Cardboard Packaging (15 01 01),47
2022,GORENJSKA,BOHINJ,Paper and Cardboard from Municipal Waste (20 01 01),150.858
2022,GORENJSKA,CERKLJE NA GORENJSKEM,Bulky Municipal Waste (20 03 07),78.9
2022,GORENJSKA,CERKLJE NA GORENJSKEM,Non-hazardous Wood from Municipal Waste (20 01 38),201.64
2022,GORENJSKA,CERKLJE NA GORENJSKEM,Paper and Cardboard Packaging (15 01 01),56.714
2022,GORENJSKA,CERKLJE NA GORENJSKEM,Paper and Cardboard from Municipal Waste (20 01 01),23.814
2022,GORENJSKA,GORENJA VAS-POLJANE,Bulky Municipal Waste (20 03 07),156.28
2022,GORENJSKA,GORENJA VAS-POLJANE,Non-hazardous Wood from Municipal Waste (20 01 38),90.7
2022,GORENJSKA,GORENJA VAS-POLJANE,Paper and Cardboard Packaging (15 01 01),34.631
2022,GORENJSKA,GORENJA VAS-POLJANE,Paper and Cardboard from Municipal Waste (20 01 01),101.665
2022,GORENJSKA,GORENJA VAS-POLJANE,Wooden Packaging (15 01 03),0.095
2022,GORENJSKA,GORJE,Bulky Municipal Waste (20 03 07),31.99
2022,GORENJSKA,GORJE,Non-hazardous Wood from Municipal Waste (20 01 38),122.59
2022,GORENJSKA,GORJE,Paper and Cardboard Packaging (15 01 01),16.503
2022,GORENJSKA,GORJE,Paper and Cardboard from Municipal Waste (20 01 01),47.01
2022,GORENJSKA,JESENICE,Bulky Municipal Waste (20 03 07),673.72
2022,GORENJSKA,JESENICE,Non-hazardous Wood from Municipal Waste (20 01 38),898.12
2022,GORENJSKA,JESENICE,Paper and Cardboard Packaging (15 01 01),124.5
2022,GORENJSKA,JESENICE,Paper and Cardboard from Municipal Waste (20 01 01),297.908
2022,GORENJSKA,JEZERSKO,Bulky Municipal Waste (20 03 07),18.402
2022,GORENJSKA,JEZERSKO,Non-hazardous Wood from Municipal Waste (20 01 38),23.06
2022,GORENJSKA,JEZERSKO,Paper and Cardboard Packaging (15 01 01),9.04
2022,GORENJSKA,JEZERSKO,Paper and Cardboard from Municipal Waste (20 01 01),4.36
2022,GORENJSKA,KRANJ,Bulky Municipal Waste (20 03 07),630.438
2022,GORENJSKA,KRANJ,Non-hazardous Wood from Municipal Waste (20 01 38),1132.36
2022,GORENJSKA,KRANJ,Paper and Cardboard Packaging (15 01 01),561.287
2022,GORENJSKA,KRANJ,Paper and Cardboard from Municipal Waste (20 01 01),554.139
2022,GORENJSKA,KRANJ,Wooden Packaging (15 01 03),16.36
2022,GORENJSKA,KRANJSKA GORA,Bulky Municipal Waste (20 03 07),136.76
2022,GORENJSKA,KRANJSKA GORA,Non-hazardous Wood from Municipal Waste (20 01 38),183.14
2022,GORENJSKA,KRANJSKA GORA,Paper and Cardboard Packaging (15 01 01),159.682
2022,GORENJSKA,KRANJSKA GORA,Paper and Cardboard from Municipal Waste (20 01 01),45.863
2022,GORENJSKA,NAKLO,Bulky Municipal Waste (20 03 07),31.849
2022,GORENJSKA,NAKLO,Non-hazardous Wood from Municipal Waste (20 01 38),93.22
2022,GORENJSKA,NAKLO,Paper and Cardboard Packaging (15 01 01),68.123
2022,GORENJSKA,NAKLO,Paper and Cardboard from Municipal Waste (20 01 01),57.211
2022,GORENJSKA,PREDDVOR,Paper and Cardboard Packaging (15 01 01),36.26
2022,GORENJSKA,PREDDVOR,Paper and Cardboard from Municipal Waste (20 01 01),44.937
2022,GORENJSKA,RADOVLJICA,Bulky Municipal Waste (20 03 07),613.34
2022,GORENJSKA,RADOVLJICA,Non-hazardous Wood from Municipal Waste (20 01 38),538.2
2022,GORENJSKA,RADOVLJICA,Paper and Cardboard Packaging (15 01 01),306.644
2022,GORENJSKA,RADOVLJICA,Paper and Cardboard from Municipal Waste (20 01 01),385.98
2022,GORENJSKA,RADOVLJICA,Wooden Packaging (15 01 03),1.34
2022,GORENJSKA,TRŽIČ,Bulky Municipal Waste (20 03 07),354.8
2022,GORENJSKA,TRŽIČ,Non-hazardous Wood from Municipal Waste (20 01 38),245.16
2022,GORENJSKA,TRŽIČ,Paper and Cardboard Packaging (15 01 01),214.547
2022,GORENJSKA,TRŽIČ,Paper and Cardboard from Municipal Waste (20 01 01),39.143
2022,GORENJSKA,ŠENČUR,Bulky Municipal Waste (20 03 07),52.374
2022,GORENJSKA,ŠENČUR,Non-hazardous Wood from Municipal Waste (20 01 38),135.68
2022,GORENJSKA,ŠENČUR,Paper and Cardboard Packaging (15 01 01),91.08
2022,GORENJSKA,ŠENČUR,Paper and Cardboard from Municipal Waste (20 01 01),72.827
2022,GORENJSKA,ŠENČUR,Wooden Packaging (15 01 03),3.74
2022,GORENJSKA,ŠKOFJA LOKA,Bulky Municipal Waste (20 03 07),432.45
2022,GORENJSKA,ŠKOFJA LOKA,Non-hazardous Wood from Municipal Waste (20 01 38),135.86
2022,GORENJSKA,ŠKOFJA LOKA,Paper and Cardboard Packaging (15 01 01),313.546
2022,GORENJSKA,ŠKOFJA LOKA,Paper and Cardboard from Municipal Waste (20 01 01),2333.104
2022,GORENJSKA,ŠKOFJA LOKA,Wooden Packaging (15 01 03),16.7
2022,GORENJSKA,ŽELEZNIKI,Bulky Municipal Waste (20 03 07),100.86
2022,GORENJSKA,ŽELEZNIKI,Paper and Cardboard Packaging (15 01 01),47.335
2022,GORENJSKA,ŽELEZNIKI,Paper and Cardboard from Municipal Waste (20 01 01),45.959
2022,GORENJSKA,ŽIRI,Bulky Municipal Waste (20 03 07),57.72
2022,GORENJSKA,ŽIRI,Non-hazardous Wood from Municipal Waste (20 01 38),60.54
2022,GORENJSKA,ŽIRI,Paper and Cardboard Packaging (15 01 01),24.8
2022,GORENJSKA,ŽIRI,Paper and Cardboard from Municipal Waste (20 01 01),196.455
2022,GORENJSKA,ŽIROVNICA,Bulky Municipal Waste (20 03 07),221.16
2022,GORENJSKA,ŽIROVNICA,Non-hazardous Wood from Municipal Waste (20 01 38),310.04
2022,GORENJSKA,ŽIROVNICA,Paper and Cardboard Packaging (15 01 01),32.599
2022,GORENJSKA,ŽIROVNICA,Paper and Cardboard from Municipal Waste (20 01 01),128.756
2022,GORIŠKA,AJDOVŠČINA,Bulky Municipal Waste (20 03 07),102.16
2022,GORIŠKA,AJDOVŠČINA,Non-hazardous Wood from Municipal Waste (20 01 38),750.342
2022,GORIŠKA,AJDOVŠČINA,Paper and Cardboard Packaging (15 01 01),149.481
2022,GORIŠKA,AJDOVŠČINA,Paper and Cardboard from Municipal Waste (20 01 01),286.397
2022,GORIŠKA,AJDOVŠČINA,Wooden Packaging (15 01 03),10.127
2022,GORIŠKA,BOVEC,Bulky Municipal Waste (20 03 07),65.873
2022,GORIŠKA,BOVEC,Non-hazardous Wood from Municipal Waste (20 01 38),124.644
2022,GORIŠKA,BOVEC,Paper and Cardboard Packaging (15 01 01),63.78
2022,GORIŠKA,BOVEC,Paper and Cardboard from Municipal Waste (20 01 01),98.593
2022,GORIŠKA,BRDA,Bulky Municipal Waste (20 03 07),310.284
2022,GORIŠKA,BRDA,Non-hazardous Wood from Municipal Waste (20 01 38),277.074
2022,GORIŠKA,BRDA,Paper and Cardboard Packaging (15 01 01),69.541
2022,GORIŠKA,BRDA,Paper and Cardboard from Municipal Waste (20 01 01),141.011
2022,GORIŠKA,BRDA,Wooden Packaging (15 01 03),3.1
2022,GORIŠKA,CERKNO,Bulky Municipal Waste (20 03 07),117.512
2022,GORIŠKA,CERKNO,Non-hazardous Wood from Municipal Waste (20 01 38),74.418
2022,GORIŠKA,CERKNO,Paper and Cardboard Packaging (15 01 01),18.213
2022,GORIŠKA,CERKNO,Paper and Cardboard from Municipal Waste (20 01 01),109.992
2022,GORIŠKA,IDRIJA,Bulky Municipal Waste (20 03 07),358.588
2022,GORIŠKA,IDRIJA,Non-hazardous Wood from Municipal Waste (20 01 38),283.047
2022,GORIŠKA,IDRIJA,Paper and Cardboard Packaging (15 01 01),187.176
2022,GORIŠKA,IDRIJA,Paper and Cardboard from Municipal Waste (20 01 01),349.776
2022,GORIŠKA,IDRIJA,Wooden Packaging (15 01 03),48.71
2022,GORIŠKA,KANAL,Bulky Municipal Waste (20 03 07),272.577
2022,GORIŠKA,KANAL,Non-hazardous Wood from Municipal Waste (20 01 38),236.459
2022,GORIŠKA,KANAL,Paper and Cardboard Packaging (15 01 01),19.323
2022,GORIŠKA,KANAL,Paper and Cardboard from Municipal Waste (20 01 01),116.586
2022,GORIŠKA,KANAL,Wooden Packaging (15 01 03),182
2022,GORIŠKA,KOBARID,Bulky Municipal Waste (20 03 07),58.273
2022,GORIŠKA,KOBARID,Non-hazardous Wood from Municipal Waste (20 01 38),110.262
2022,GORIŠKA,KOBARID,Paper and Cardboard Packaging (15 01 01),56.176
2022,GORIŠKA,KOBARID,Paper and Cardboard from Municipal Waste (20 01 01),94.214
2022,GORIŠKA,MIREN-KOSTANJEVICA,Bulky Municipal Waste (20 03 07),247.062
2022,GORIŠKA,MIREN-KOSTANJEVICA,Non-hazardous Wood from Municipal Waste (20 01 38),211.078
2022,GORIŠKA,MIREN-KOSTANJEVICA,Paper and Cardboard Packaging (15 01 01),140.739
2022,GORIŠKA,MIREN-KOSTANJEVICA,Paper and Cardboard from Municipal Waste (20 01 01),194.369
2022,GORIŠKA,MIREN-KOSTANJEVICA,Wooden Packaging (15 01 03),0.1
2022,GORIŠKA,NOVA GORICA,Bulky Municipal Waste (20 03 07),804.8
2022,GORIŠKA,NOVA GORICA,Non-hazardous Wood from Municipal Waste (20 01 38),825.27
2022,GORIŠKA,NOVA GORICA,Paper and Cardboard Packaging (15 01 01),640.078
2022,GORIŠKA,NOVA GORICA,Paper and Cardboard from Municipal Waste (20 01 01),1023.494
2022,GORIŠKA,NOVA GORICA,Wooden Packaging (15 01 03),96.266
2022,GORIŠKA,RENČE-VOGRSKO,Bulky Municipal Waste (20 03 07),131.037
2022,GORIŠKA,RENČE-VOGRSKO,Non-hazardous Wood from Municipal Waste (20 01 38),121.299
2022,GORIŠKA,RENČE-VOGRSKO,Paper and Cardboard Packaging (15 01 01),24.158
2022,GORIŠKA,RENČE-VOGRSKO,Paper and Cardboard from Municipal Waste (20 01 01),89.538
2022,GORIŠKA,RENČE-VOGRSKO,Wooden Packaging (15 01 03),15.484
2022,GORIŠKA,TOLMIN,Bulky Municipal Waste (20 03 07),129.214
2022,GORIŠKA,TOLMIN,Non-hazardous Wood from Municipal Waste (20 01 38),259.694
2022,GORIŠKA,TOLMIN,Paper and Cardboard Packaging (15 01 01),155.302
2022,GORIŠKA,TOLMIN,Paper and Cardboard from Municipal Waste (20 01 01),154.256
2022,GORIŠKA,TOLMIN,Wooden Packaging (15 01 03),55.74
2022,GORIŠKA,VIPAVA,Bulky Municipal Waste (20 03 07),27.23
2022,GORIŠKA,VIPAVA,Non-hazardous Wood from Municipal Waste (20 01 38),173.608
2022,GORIŠKA,VIPAVA,Paper and Cardboard Packaging (15 01 01),153.129
2022,GORIŠKA,VIPAVA,Paper and Cardboard from Municipal Waste (20 01 01),290.696
2022,GORIŠKA,VIPAVA,Wooden Packaging (15 01 03),1.473
2022,GORIŠKA,ŠEMPETER-VRTOJBA,Bulky Municipal Waste (20 03 07),67.4
2022,GORIŠKA,ŠEMPETER-VRTOJBA,Non-hazardous Wood from Municipal Waste (20 01 38),179.84
2022,GORIŠKA,ŠEMPETER-VRTOJBA,Paper and Cardboard Packaging (15 01 01),236.455
2022,GORIŠKA,ŠEMPETER-VRTOJBA,Paper and Cardboard from Municipal Waste (20 01 01),146.417
2022,GORIŠKA,ŠEMPETER-VRTOJBA,Wooden Packaging (15 01 03),9.54
2022,JUGOVZHODNA SLOVENIJA,DOLENJSKE TOPLICE,Bulky Municipal Waste (20 03 07),71.195
2022,JUGOVZHODNA SLOVENIJA,DOLENJSKE TOPLICE,Non-hazardous Wood from Municipal Waste (20 01 38),56.728
2022,JUGOVZHODNA SLOVENIJA,DOLENJSKE TOPLICE,Paper and Cardboard Packaging (15 01 01),36.533
2022,JUGOVZHODNA SLOVENIJA,DOLENJSKE TOPLICE,Paper and Cardboard from Municipal Waste (20 01 01),19.189
2022,JUGOVZHODNA SLOVENIJA,KOSTEL,Bulky Municipal Waste (20 03 07),22.8
2022,JUGOVZHODNA SLOVENIJA,KOSTEL,Non-hazardous Wood from Municipal Waste (20 01 38),7.16
2022,JUGOVZHODNA SLOVENIJA,KOSTEL,Paper and Cardboard Packaging (15 01 01),16.8
2022,JUGOVZHODNA SLOVENIJA,KOSTEL,Paper and Cardboard from Municipal Waste (20 01 01),8.08
2022,JUGOVZHODNA SLOVENIJA,KOČEVJE,Bulky Municipal Waste (20 03 07),622.57
2022,JUGOVZHODNA SLOVENIJA,KOČEVJE,Non-hazardous Wood from Municipal Waste (20 01 38),391.64
2022,JUGOVZHODNA SLOVENIJA,KOČEVJE,Paper and Cardboard Packaging (15 01 01),227.68
2022,JUGOVZHODNA SLOVENIJA,KOČEVJE,Paper and Cardboard from Municipal Waste (20 01 01),491.659
2022,JUGOVZHODNA SLOVENIJA,LOŠKI POTOK,Bulky Municipal Waste (20 03 07),43.731
2022,JUGOVZHODNA SLOVENIJA,LOŠKI POTOK,Non-hazardous Wood from Municipal Waste (20 01 38),51.876
2022,JUGOVZHODNA SLOVENIJA,LOŠKI POTOK,Paper and Cardboard Packaging (15 01 01),16.895
2022,JUGOVZHODNA SLOVENIJA,LOŠKI POTOK,Paper and Cardboard from Municipal Waste (20 01 01),17.498
2022,JUGOVZHODNA SLOVENIJA,LOŠKI POTOK,Wooden Packaging (15 01 03),0.68
2022,JUGOVZHODNA SLOVENIJA,METLIKA,Bulky Municipal Waste (20 03 07),283.6
2022,JUGOVZHODNA SLOVENIJA,METLIKA,Non-hazardous Wood from Municipal Waste (20 01 38),309.12
2022,JUGOVZHODNA SLOVENIJA,METLIKA,Paper and Cardboard Packaging (15 01 01),143.55
2022,JUGOVZHODNA SLOVENIJA,METLIKA,Paper and Cardboard from Municipal Waste (20 01 01),65.587
2022,JUGOVZHODNA SLOVENIJA,METLIKA,Wooden Packaging (15 01 03),3.94
2022,JUGOVZHODNA SLOVENIJA,MIRNA,Bulky Municipal Waste (20 03 07),30.012
2022,JUGOVZHODNA SLOVENIJA,MIRNA,Non-hazardous Wood from Municipal Waste (20 01 38),52.058
2022,JUGOVZHODNA SLOVENIJA,MIRNA,Paper and Cardboard Packaging (15 01 01),39.457
2022,JUGOVZHODNA SLOVENIJA,MIRNA,Paper and Cardboard from Municipal Waste (20 01 01),18.781
2022,JUGOVZHODNA SLOVENIJA,MIRNA PEČ,Bulky Municipal Waste (20 03 07),61.039
2022,JUGOVZHODNA SLOVENIJA,MIRNA PEČ,Non-hazardous Wood from Municipal Waste (20 01 38),48.635
2022,JUGOVZHODNA SLOVENIJA,MIRNA PEČ,Paper and Cardboard Packaging (15 01 01),29.704
2022,JUGOVZHODNA SLOVENIJA,MIRNA PEČ,Paper and Cardboard from Municipal Waste (20 01 01),27.257
2022,JUGOVZHODNA SLOVENIJA,MOKRONOG-TREBELNO,Bulky Municipal Waste (20 03 07),36.778
2022,JUGOVZHODNA SLOVENIJA,MOKRONOG-TREBELNO,Non-hazardous Wood from Municipal Waste (20 01 38),63.793
2022,JUGOVZHODNA SLOVENIJA,MOKRONOG-TREBELNO,Paper and Cardboard Packaging (15 01 01),69.372
2022,JUGOVZHODNA SLOVENIJA,MOKRONOG-TREBELNO,Paper and Cardboard from Municipal Waste (20 01 01),12.071
2022,JUGOVZHODNA SLOVENIJA,NOVO MESTO,Bulky Municipal Waste (20 03 07),746.169
2022,JUGOVZHODNA SLOVENIJA,NOVO MESTO,Non-hazardous Wood from Municipal Waste (20 01 38),594.547
2022,JUGOVZHODNA SLOVENIJA,NOVO MESTO,Paper and Cardboard Packaging (15 01 01),535.344
2022,JUGOVZHODNA SLOVENIJA,NOVO MESTO,Paper and Cardboard from Municipal Waste (20 01 01),548.294
2022,JUGOVZHODNA SLOVENIJA,OSILNICA,Bulky Municipal Waste (20 03 07),9.92
2022,JUGOVZHODNA SLOVENIJA,OSILNICA,Paper and Cardboard Packaging (15 01 01),0.56
2022,JUGOVZHODNA SLOVENIJA,OSILNICA,Paper and Cardboard from Municipal Waste (20 01 01),1.097
2022,JUGOVZHODNA SLOVENIJA,RIBNICA,Bulky Municipal Waste (20 03 07),309.62
2022,JUGOVZHODNA SLOVENIJA,RIBNICA,Non-hazardous Wood from Municipal Waste (20 01 38),222.02
2022,JUGOVZHODNA SLOVENIJA,RIBNICA,Paper and Cardboard Packaging (15 01 01),181.175
2022,JUGOVZHODNA SLOVENIJA,RIBNICA,Paper and Cardboard from Municipal Waste (20 01 01),166.193
2022,JUGOVZHODNA SLOVENIJA,RIBNICA,Wooden Packaging (15 01 03),6.687
2022,JUGOVZHODNA SLOVENIJA,SEMIČ,Bulky Municipal Waste (20 03 07),131.821
2022,JUGOVZHODNA SLOVENIJA,SEMIČ,Non-hazardous Wood from Municipal Waste (20 01 38),73.656
2022,JUGOVZHODNA SLOVENIJA,SEMIČ,Paper and Cardboard Packaging (15 01 01),39.532
2022,JUGOVZHODNA SLOVENIJA,SEMIČ,Paper and Cardboard from Municipal Waste (20 01 01),50.059
2022,JUGOVZHODNA SLOVENIJA,SODRAŽICA,Bulky Municipal Waste (20 03 07),53.829
2022,JUGOVZHODNA SLOVENIJA,SODRAŽICA,Non-hazardous Wood from Municipal Waste (20 01 38),52.364
2022,JUGOVZHODNA SLOVENIJA,SODRAŽICA,Paper and Cardboard Packaging (15 01 01),16.911
2022,JUGOVZHODNA SLOVENIJA,SODRAŽICA,Paper and Cardboard from Municipal Waste (20 01 01),24.558
2022,JUGOVZHODNA SLOVENIJA,STRAŽA,Bulky Municipal Waste (20 03 07),76.988
2022,JUGOVZHODNA SLOVENIJA,STRAŽA,Non-hazardous Wood from Municipal Waste (20 01 38),61.344
2022,JUGOVZHODNA SLOVENIJA,STRAŽA,Paper and Cardboard Packaging (15 01 01),35.099
2022,JUGOVZHODNA SLOVENIJA,STRAŽA,Paper and Cardboard from Municipal Waste (20 01 01),29.953
2022,JUGOVZHODNA SLOVENIJA,TREBNJE,Bulky Municipal Waste (20 03 07),124.552
2022,JUGOVZHODNA SLOVENIJA,TREBNJE,Non-hazardous Wood from Municipal Waste (20 01 38),217.503
2022,JUGOVZHODNA SLOVENIJA,TREBNJE,Paper and Cardboard Packaging (15 01 01),156.311
2022,JUGOVZHODNA SLOVENIJA,TREBNJE,Paper and Cardboard from Municipal Waste (20 01 01),103.023
2022,JUGOVZHODNA SLOVENIJA,ČRNOMELJ,Bulky Municipal Waste (20 03 07),413.569
2022,JUGOVZHODNA SLOVENIJA,ČRNOMELJ,Non-hazardous Wood from Municipal Waste (20 01 38),231.084
2022,JUGOVZHODNA SLOVENIJA,ČRNOMELJ,Paper and Cardboard Packaging (15 01 01),125.888
2022,JUGOVZHODNA SLOVENIJA,ČRNOMELJ,Paper and Cardboard from Municipal Waste (20 01 01),129.297
2022,JUGOVZHODNA SLOVENIJA,ČRNOMELJ,Wooden Packaging (15 01 03),140.02
2022,JUGOVZHODNA SLOVENIJA,ŠENTJERNEJ,Bulky Municipal Waste (20 03 07),143.759
2022,JUGOVZHODNA SLOVENIJA,ŠENTJERNEJ,Non-hazardous Wood from Municipal Waste (20 01 38),114.547
2022,JUGOVZHODNA SLOVENIJA,ŠENTJERNEJ,Paper and Cardboard Packaging (15 01 01),72.315
2022,JUGOVZHODNA SLOVENIJA,ŠENTJERNEJ,Paper and Cardboard from Municipal Waste (20 01 01),66.627
2022,JUGOVZHODNA SLOVENIJA,ŠENTRUPERT,Bulky Municipal Waste (20 03 07),30.478
2022,JUGOVZHODNA SLOVENIJA,ŠENTRUPERT,Non-hazardous Wood from Municipal Waste (20 01 38),52.866
2022,JUGOVZHODNA SLOVENIJA,ŠENTRUPERT,Paper and Cardboard Packaging (15 01 01),46.884
2022,JUGOVZHODNA SLOVENIJA,ŠENTRUPERT,Paper and Cardboard from Municipal Waste (20 01 01),7.913
2022,JUGOVZHODNA SLOVENIJA,ŠKOCJAN,Bulky Municipal Waste (20 03 07),67.823
2022,JUGOVZHODNA SLOVENIJA,ŠKOCJAN,Non-hazardous Wood from Municipal Waste (20 01 38),54.041
2022,JUGOVZHODNA SLOVENIJA,ŠKOCJAN,Paper and Cardboard Packaging (15 01 01),51.516
2022,JUGOVZHODNA SLOVENIJA,ŠKOCJAN,Paper and Cardboard from Municipal Waste (20 01 01),106.601
2022,JUGOVZHODNA SLOVENIJA,ŠMARJEŠKE TOPLICE,Bulky Municipal Waste (20 03 07),69.866
2022,JUGOVZHODNA SLOVENIJA,ŠMARJEŠKE TOPLICE,Non-hazardous Wood from Municipal Waste (20 01 38),55.669
2022,JUGOVZHODNA SLOVENIJA,ŠMARJEŠKE TOPLICE,Paper and Cardboard Packaging (15 01 01),36.481
2022,JUGOVZHODNA SLOVENIJA,ŠMARJEŠKE TOPLICE,Paper and Cardboard from Municipal Waste (20 01 01),21.473
2022,JUGOVZHODNA SLOVENIJA,ŽUŽEMBERK,Bulky Municipal Waste (20 03 07),93.611
2022,JUGOVZHODNA SLOVENIJA,ŽUŽEMBERK,Non-hazardous Wood from Municipal Waste (20 01 38),74.589
2022,JUGOVZHODNA SLOVENIJA,ŽUŽEMBERK,Paper and Cardboard Packaging (15 01 01),48.067
2022,JUGOVZHODNA SLOVENIJA,ŽUŽEMBERK,Paper and Cardboard from Municipal Waste (20 01 01),23.417
2022,KOROŠKA,DRAVOGRAD,Bulky Municipal Waste (20 03 07),230.44
2022,KOROŠKA,DRAVOGRAD,Non-hazardous Wood from Municipal Waste (20 01 38),48.56
2022,KOROŠKA,DRAVOGRAD,Paper and Cardboard Packaging (15 01 01),182.198
2022,KOROŠKA,DRAVOGRAD,Paper and Cardboard from Municipal Waste (20 01 01),99.901
2022,KOROŠKA,MEŽICA,Bulky Municipal Waste (20 03 07),108.885
2022,KOROŠKA,MEŽICA,Paper and Cardboard Packaging (15 01 01),24.204
2022,KOROŠKA,MEŽICA,Paper and Cardboard from Municipal Waste (20 01 01),48.273
2022,KOROŠKA,MISLINJA,Bulky Municipal Waste (20 03 07),181.327
2022,KOROŠKA,MISLINJA,Paper and Cardboard Packaging (15 01 01),147.775
2022,KOROŠKA,MISLINJA,Paper and Cardboard from Municipal Waste (20 01 01),56.711
2022,KOROŠKA,MUTA,Bulky Municipal Waste (20 03 07),68.912
2022,KOROŠKA,MUTA,Paper and Cardboard Packaging (15 01 01),27.378
2022,KOROŠKA,MUTA,Paper and Cardboard from Municipal Waste (20 01 01),6.664
2022,KOROŠKA,MUTA,Wooden Packaging (15 01 03),42.18
2022,KOROŠKA,PODVELKA,Bulky Municipal Waste (20 03 07),48.078
2022,KOROŠKA,PODVELKA,Paper and Cardboard Packaging (15 01 01),11.407
2022,KOROŠKA,PODVELKA,Paper and Cardboard from Municipal Waste (20 01 01),14.518
2022,KOROŠKA,PREVALJE,Bulky Municipal Waste (20 03 07),205.499
2022,KOROŠKA,PREVALJE,Paper and Cardboard Packaging (15 01 01),45.679
2022,KOROŠKA,PREVALJE,Paper and Cardboard from Municipal Waste (20 01 01),80.34
2022,KOROŠKA,PREVALJE,Wooden Packaging (15 01 03),18.033
2022,KOROŠKA,RADLJE OB DRAVI,Bulky Municipal Waste (20 03 07),137.824
2022,KOROŠKA,RADLJE OB DRAVI,Paper and Cardboard Packaging (15 01 01),42.835
2022,KOROŠKA,RADLJE OB DRAVI,Paper and Cardboard from Municipal Waste (20 01 01),29.542
2022,KOROŠKA,RAVNE NA KOROŠKEM,Bulky Municipal Waste (20 03 07),342.743
2022,KOROŠKA,RAVNE NA KOROŠKEM,Non-hazardous Wood from Municipal Waste (20 01 38),47.16
2022,KOROŠKA,RAVNE NA KOROŠKEM,Paper and Cardboard Packaging (15 01 01),146.405
2022,KOROŠKA,RAVNE NA KOROŠKEM,Paper and Cardboard from Municipal Waste (20 01 01),281.899
2022,KOROŠKA,RIBNICA NA POHORJU,Bulky Municipal Waste (20 03 07),19.231
2022,KOROŠKA,RIBNICA NA POHORJU,Paper and Cardboard Packaging (15 01 01),2.406
2022,KOROŠKA,RIBNICA NA POHORJU,Paper and Cardboard from Municipal Waste (20 01 01),2.296
2022,KOROŠKA,SLOVENJ GRADEC,Bulky Municipal Waste (20 03 07),668.813
2022,KOROŠKA,SLOVENJ GRADEC,Non-hazardous Wood from Municipal Waste (20 01 38),1.4
2022,KOROŠKA,SLOVENJ GRADEC,Paper and Cardboard Packaging (15 01 01),255.848
2022,KOROŠKA,SLOVENJ GRADEC,Paper and Cardboard from Municipal Waste (20 01 01),283.676
2022,KOROŠKA,VUZENICA,Bulky Municipal Waste (20 03 07),46.475
2022,KOROŠKA,VUZENICA,Paper and Cardboard Packaging (15 01 01),10.554
2022,KOROŠKA,VUZENICA,Paper and Cardboard from Municipal Waste (20 01 01),11.769
2022,KOROŠKA,ČRNA NA KOROŠKEM,Bulky Municipal Waste (20 03 07),97.713
2022,KOROŠKA,ČRNA NA KOROŠKEM,Paper and Cardboard Packaging (15 01 01),21.72
2022,KOROŠKA,ČRNA NA KOROŠKEM,Paper and Cardboard from Municipal Waste (20 01 01),43.611
2022,KOROŠKA,ČRNA NA KOROŠKEM,Wooden Packaging (15 01 03),201.28
2022,OBALNO-KRAŠKA,ANKARAN,Bulky Municipal Waste (20 03 07),26.664
2022,OBALNO-KRAŠKA,ANKARAN,Non-hazardous Wood from Municipal Waste (20 01 38),71.22
2022,OBALNO-KRAŠKA,ANKARAN,Paper and Cardboard Packaging (15 01 01),39.086
2022,OBALNO-KRAŠKA,ANKARAN,Paper and Cardboard from Municipal Waste (20 01 01),143.515
2022,OBALNO-KRAŠKA,DIVAČA,Bulky Municipal Waste (20 03 07),24.511
2022,OBALNO-KRAŠKA,DIVAČA,Non-hazardous Wood from Municipal Waste (20 01 38),93.473
2022,OBALNO-KRAŠKA,DIVAČA,Paper and Cardboard Packaging (15 01 01),43.708
2022,OBALNO-KRAŠKA,DIVAČA,Paper and Cardboard from Municipal Waste (20 01 01),141.153
2022,OBALNO-KRAŠKA,DIVAČA,Wooden Packaging (15 01 03),7.24
2022,OBALNO-KRAŠKA,HRPELJE-KOZINA,Bulky Municipal Waste (20 03 07),27.263
2022,OBALNO-KRAŠKA,HRPELJE-KOZINA,Non-hazardous Wood from Municipal Waste (20 01 38),103.971
2022,OBALNO-KRAŠKA,HRPELJE-KOZINA,Paper and Cardboard Packaging (15 01 01),50.337
2022,OBALNO-KRAŠKA,HRPELJE-KOZINA,Paper and Cardboard from Municipal Waste (20 01 01),158.672
2022,OBALNO-KRAŠKA,IZOLA,Bulky Municipal Waste (20 03 07),294.18
2022,OBALNO-KRAŠKA,IZOLA,Non-hazardous Wood from Municipal Waste (20 01 38),833.72
2022,OBALNO-KRAŠKA,IZOLA,Paper and Cardboard Packaging (15 01 01),201.259
2022,OBALNO-KRAŠKA,IZOLA,Paper and Cardboard from Municipal Waste (20 01 01),410.816
2022,OBALNO-KRAŠKA,KOMEN,Bulky Municipal Waste (20 03 07),20.938
2022,OBALNO-KRAŠKA,KOMEN,Non-hazardous Wood from Municipal Waste (20 01 38),79.848
2022,OBALNO-KRAŠKA,KOMEN,Paper and Cardboard Packaging (15 01 01),37.337
2022,OBALNO-KRAŠKA,KOMEN,Paper and Cardboard from Municipal Waste (20 01 01),119.958
2022,OBALNO-KRAŠKA,KOPER,Bulky Municipal Waste (20 03 07),558.755
2022,OBALNO-KRAŠKA,KOPER,Non-hazardous Wood from Municipal Waste (20 01 38),1709.22
2022,OBALNO-KRAŠKA,KOPER,Paper and Cardboard Packaging (15 01 01),550.31
2022,OBALNO-KRAŠKA,KOPER,Paper and Cardboard from Municipal Waste (20 01 01),1261.008
2022,OBALNO-KRAŠKA,KOPER,Wooden Packaging (15 01 03),1651.3
2022,OBALNO-KRAŠKA,PIRAN,Bulky Municipal Waste (20 03 07),1169.56
2022,OBALNO-KRAŠKA,PIRAN,Non-hazardous Wood from Municipal Waste (20 01 38),716.19
2022,OBALNO-KRAŠKA,PIRAN,Paper and Cardboard Packaging (15 01 01),523.038
2022,OBALNO-KRAŠKA,PIRAN,Paper and Cardboard from Municipal Waste (20 01 01),191.102
2022,OBALNO-KRAŠKA,SEŽANA,Bulky Municipal Waste (20 03 07),74.668
2022,OBALNO-KRAŠKA,SEŽANA,Non-hazardous Wood from Municipal Waste (20 01 38),283.658
2022,OBALNO-KRAŠKA,SEŽANA,Paper and Cardboard Packaging (15 01 01),187.252
2022,OBALNO-KRAŠKA,SEŽANA,Paper and Cardboard from Municipal Waste (20 01 01),419.383
2022,OSREDNJESLOVENSKA,BOROVNICA,Bulky Municipal Waste (20 03 07),70.009
2022,OSREDNJESLOVENSKA,BOROVNICA,Non-hazardous Wood from Municipal Waste (20 01 38),106.897
2022,OSREDNJESLOVENSKA,BOROVNICA,Paper and Cardboard Packaging (15 01 01),35.234
2022,OSREDNJESLOVENSKA,BOROVNICA,Paper and Cardboard from Municipal Waste (20 01 01),141.505
2022,OSREDNJESLOVENSKA,BREZOVICA,Bulky Municipal Waste (20 03 07),204.875
2022,OSREDNJESLOVENSKA,BREZOVICA,Non-hazardous Wood from Municipal Waste (20 01 38),79.62
2022,OSREDNJESLOVENSKA,BREZOVICA,Paper and Cardboard Packaging (15 01 01),70.176
2022,OSREDNJESLOVENSKA,BREZOVICA,Paper and Cardboard from Municipal Waste (20 01 01),97.304
2022,OSREDNJESLOVENSKA,BREZOVICA,Wooden Packaging (15 01 03),2.3
2022,OSREDNJESLOVENSKA,DOBREPOLJE,Bulky Municipal Waste (20 03 07),38.027
2022,OSREDNJESLOVENSKA,DOBREPOLJE,Non-hazardous Wood from Municipal Waste (20 01 38),15.66
2022,OSREDNJESLOVENSKA,DOBREPOLJE,Paper and Cardboard Packaging (15 01 01),17.249
2022,OSREDNJESLOVENSKA,DOBREPOLJE,Paper and Cardboard from Municipal Waste (20 01 01),115.691
2022,OSREDNJESLOVENSKA,DOBREPOLJE,Wooden Packaging (15 01 03),49.728
2022,OSREDNJESLOVENSKA,DOBROVA-POLHOV GRADEC,Bulky Municipal Waste (20 03 07),56.66
2022,OSREDNJESLOVENSKA,DOBROVA-POLHOV GRADEC,Paper and Cardboard Packaging (15 01 01),21.334
2022,OSREDNJESLOVENSKA,DOBROVA-POLHOV GRADEC,Paper and Cardboard from Municipal Waste (20 01 01),4.197
2022,OSREDNJESLOVENSKA,DOBROVA-POLHOV GRADEC,Wooden Packaging (15 01 03),1.586
2022,OSREDNJESLOVENSKA,DOL PRI LJUBLJANI,Bulky Municipal Waste (20 03 07),51.44
2022,OSREDNJESLOVENSKA,DOL PRI LJUBLJANI,Paper and Cardboard Packaging (15 01 01),81.908
2022,OSREDNJESLOVENSKA,DOL PRI LJUBLJANI,Paper and Cardboard from Municipal Waste (20 01 01),15.167
2022,OSREDNJESLOVENSKA,DOMŽALE,Bulky Municipal Waste (20 03 07),1167.786
2022,OSREDNJESLOVENSKA,DOMŽALE,Non-hazardous Wood from Municipal Waste (20 01 38),1264.65
2022,OSREDNJESLOVENSKA,DOMŽALE,Paper and Cardboard Packaging (15 01 01),664.959
2022,OSREDNJESLOVENSKA,DOMŽALE,Paper and Cardboard from Municipal Waste (20 01 01),1518.688
2022,OSREDNJESLOVENSKA,DOMŽALE,Wooden Packaging (15 01 03),22.28
2022,OSREDNJESLOVENSKA,GROSUPLJE,Bulky Municipal Waste (20 03 07),256.684
2022,OSREDNJESLOVENSKA,GROSUPLJE,Non-hazardous Wood from Municipal Waste (20 01 38),528.169
2022,OSREDNJESLOVENSKA,GROSUPLJE,Paper and Cardboard Packaging (15 01 01),171.083
2022,OSREDNJESLOVENSKA,GROSUPLJE,Paper and Cardboard from Municipal Waste (20 01 01),639.594
2022,OSREDNJESLOVENSKA,GROSUPLJE,Wooden Packaging (15 01 03),106.967
2022,OSREDNJESLOVENSKA,HORJUL,Bulky Municipal Waste (20 03 07),34.62
2022,OSREDNJESLOVENSKA,HORJUL,Non-hazardous Wood from Municipal Waste (20 01 38),3.41
2022,OSREDNJESLOVENSKA,HORJUL,Paper and Cardboard Packaging (15 01 01),41.374
2022,OSREDNJESLOVENSKA,HORJUL,Paper and Cardboard from Municipal Waste (20 01 01),11.849
2022,OSREDNJESLOVENSKA,HORJUL,Wooden Packaging (15 01 03),4.84
2022,OSREDNJESLOVENSKA,IG,Bulky Municipal Waste (20 03 07),221.38
2022,OSREDNJESLOVENSKA,IG,Non-hazardous Wood from Municipal Waste (20 01 38),100.64
2022,OSREDNJESLOVENSKA,IG,Paper and Cardboard Packaging (15 01 01),57.52
2022,OSREDNJESLOVENSKA,IG,Paper and Cardboard from Municipal Waste (20 01 01),52.349
2022,OSREDNJESLOVENSKA,IG,Wooden Packaging (15 01 03),13.08
2022,OSREDNJESLOVENSKA,IVANČNA GORICA,Bulky Municipal Waste (20 03 07),180.629
2022,OSREDNJESLOVENSKA,IVANČNA GORICA,Non-hazardous Wood from Municipal Waste (20 01 38),226.071
2022,OSREDNJESLOVENSKA,IVANČNA GORICA,Paper and Cardboard Packaging (15 01 01),183.217
2022,OSREDNJESLOVENSKA,IVANČNA GORICA,Paper and Cardboard from Municipal Waste (20 01 01),366.614
2022,OSREDNJESLOVENSKA,IVANČNA GORICA,Wooden Packaging (15 01 03),31.379
2022,OSREDNJESLOVENSKA,KAMNIK,Bulky Municipal Waste (20 03 07),619.21
2022,OSREDNJESLOVENSKA,KAMNIK,Non-hazardous Wood from Municipal Waste (20 01 38),126.73
2022,OSREDNJESLOVENSKA,KAMNIK,Paper and Cardboard Packaging (15 01 01),594.044
2022,OSREDNJESLOVENSKA,KAMNIK,Paper and Cardboard from Municipal Waste (20 01 01),850.648
2022,OSREDNJESLOVENSKA,KAMNIK,Wooden Packaging (15 01 03),103.341
2022,OSREDNJESLOVENSKA,KOMENDA,Bulky Municipal Waste (20 03 07),83.79
2022,OSREDNJESLOVENSKA,KOMENDA,Non-hazardous Wood from Municipal Waste (20 01 38),39.06
2022,OSREDNJESLOVENSKA,KOMENDA,Paper and Cardboard Packaging (15 01 01),94.672
2022,OSREDNJESLOVENSKA,KOMENDA,Paper and Cardboard from Municipal Waste (20 01 01),287.208
2022,OSREDNJESLOVENSKA,KOMENDA,Wooden Packaging (15 01 03),22.15
2022,OSREDNJESLOVENSKA,LJUBLJANA,Bulky Municipal Waste (20 03 07),7813.39
2022,OSREDNJESLOVENSKA,LJUBLJANA,Non-hazardous Wood from Municipal Waste (20 01 38),6686.145
2022,OSREDNJESLOVENSKA,LJUBLJANA,Paper and Cardboard Packaging (15 01 01),6602.465
2022,OSREDNJESLOVENSKA,LJUBLJANA,Paper and Cardboard from Municipal Waste (20 01 01),18842.346
2022,OSREDNJESLOVENSKA,LJUBLJANA,Wooden Packaging (15 01 03),1408.534
2022,OSREDNJESLOVENSKA,LOG-DRAGOMER,Bulky Municipal Waste (20 03 07),59.524
2022,OSREDNJESLOVENSKA,LOG-DRAGOMER,Non-hazardous Wood from Municipal Waste (20 01 38),83.142
2022,OSREDNJESLOVENSKA,LOG-DRAGOMER,Paper and Cardboard Packaging (15 01 01),29.942
2022,OSREDNJESLOVENSKA,LOG-DRAGOMER,Paper and Cardboard from Municipal Waste (20 01 01),109.434
2022,OSREDNJESLOVENSKA,LOGATEC,Bulky Municipal Waste (20 03 07),115.83
2022,OSREDNJESLOVENSKA,LOGATEC,Non-hazardous Wood from Municipal Waste (20 01 38),392.86
2022,OSREDNJESLOVENSKA,LOGATEC,Paper and Cardboard Packaging (15 01 01),390.167
2022,OSREDNJESLOVENSKA,LOGATEC,Paper and Cardboard from Municipal Waste (20 01 01),358.085
2022,OSREDNJESLOVENSKA,LOGATEC,Wooden Packaging (15 01 03),78.74
2022,OSREDNJESLOVENSKA,LUKOVICA,Bulky Municipal Waste (20 03 07),136.242
2022,OSREDNJESLOVENSKA,LUKOVICA,Non-hazardous Wood from Municipal Waste (20 01 38),147.543
2022,OSREDNJESLOVENSKA,LUKOVICA,Paper and Cardboard Packaging (15 01 01),330.348
2022,OSREDNJESLOVENSKA,LUKOVICA,Paper and Cardboard from Municipal Waste (20 01 01),78.194
2022,OSREDNJESLOVENSKA,LUKOVICA,Wooden Packaging (15 01 03),60.6
2022,OSREDNJESLOVENSKA,MEDVODE,Bulky Municipal Waste (20 03 07),392.22
2022,OSREDNJESLOVENSKA,MEDVODE,Non-hazardous Wood from Municipal Waste (20 01 38),251.66
2022,OSREDNJESLOVENSKA,MEDVODE,Paper and Cardboard Packaging (15 01 01),199.186
2022,OSREDNJESLOVENSKA,MEDVODE,Paper and Cardboard from Municipal Waste (20 01 01),71.617
2022,OSREDNJESLOVENSKA,MEDVODE,Wooden Packaging (15 01 03),111.44
2022,OSREDNJESLOVENSKA,MENGEŠ,Bulky Municipal Waste (20 03 07),253.02
2022,OSREDNJESLOVENSKA,MENGEŠ,Non-hazardous Wood from Municipal Waste (20 01 38),274.008
2022,OSREDNJESLOVENSKA,MENGEŠ,Paper and Cardboard Packaging (15 01 01),117.404
2022,OSREDNJESLOVENSKA,MENGEŠ,Paper and Cardboard from Municipal Waste (20 01 01),161.533
2022,OSREDNJESLOVENSKA,MENGEŠ,Wooden Packaging (15 01 03),30.506
2022,OSREDNJESLOVENSKA,MORAVČE,Bulky Municipal Waste (20 03 07),136.242
2022,OSREDNJESLOVENSKA,MORAVČE,Non-hazardous Wood from Municipal Waste (20 01 38),147.543
2022,OSREDNJESLOVENSKA,MORAVČE,Paper and Cardboard Packaging (15 01 01),45.806
2022,OSREDNJESLOVENSKA,MORAVČE,Paper and Cardboard from Municipal Waste (20 01 01),86.962
2022,OSREDNJESLOVENSKA,TRZIN,Bulky Municipal Waste (20 03 07),253.02
2022,OSREDNJESLOVENSKA,TRZIN,Non-hazardous Wood from Municipal Waste (20 01 38),274.006
2022,OSREDNJESLOVENSKA,TRZIN,Paper and Cardboard Packaging (15 01 01),315.483
2022,OSREDNJESLOVENSKA,TRZIN,Paper and Cardboard from Municipal Waste (20 01 01),168.544
2022,OSREDNJESLOVENSKA,TRZIN,Wooden Packaging (15 01 03),3.21
2022,OSREDNJESLOVENSKA,VELIKE LAŠČE,Bulky Municipal Waste (20 03 07),140.68
2022,OSREDNJESLOVENSKA,VELIKE LAŠČE,Non-hazardous Wood from Municipal Waste (20 01 38),59.06
2022,OSREDNJESLOVENSKA,VELIKE LAŠČE,Paper and Cardboard Packaging (15 01 01),13.247
2022,OSREDNJESLOVENSKA,VELIKE LAŠČE,Paper and Cardboard from Municipal Waste (20 01 01),22.395
2022,OSREDNJESLOVENSKA,VODICE,Bulky Municipal Waste (20 03 07),169.1
2022,OSREDNJESLOVENSKA,VODICE,Non-hazardous Wood from Municipal Waste (20 01 38),101.32
2022,OSREDNJESLOVENSKA,VODICE,Paper and Cardboard Packaging (15 01 01),19.583
2022,OSREDNJESLOVENSKA,VODICE,Paper and Cardboard from Municipal Waste (20 01 01),16.688
2022,OSREDNJESLOVENSKA,VODICE,Wooden Packaging (15 01 03),154.963
2022,OSREDNJESLOVENSKA,VRHNIKA,Bulky Municipal Waste (20 03 07),139.127
2022,OSREDNJESLOVENSKA,VRHNIKA,Non-hazardous Wood from Municipal Waste (20 01 38),403.831
2022,OSREDNJESLOVENSKA,VRHNIKA,Paper and Cardboard Packaging (15 01 01),617.711
2022,OSREDNJESLOVENSKA,VRHNIKA,Paper and Cardboard from Municipal Waste (20 01 01),579.463
2022,OSREDNJESLOVENSKA,VRHNIKA,Wooden Packaging (15 01 03),17.6
2022,OSREDNJESLOVENSKA,ŠKOFLJICA,Bulky Municipal Waste (20 03 07),115.58
2022,OSREDNJESLOVENSKA,ŠKOFLJICA,Non-hazardous Wood from Municipal Waste (20 01 38),123.38
2022,OSREDNJESLOVENSKA,ŠKOFLJICA,Paper and Cardboard Packaging (15 01 01),44.251
2022,OSREDNJESLOVENSKA,ŠKOFLJICA,Paper and Cardboard from Municipal Waste (20 01 01),20.544
2022,OSREDNJESLOVENSKA,ŠMARTNO PRI LITIJI,Bulky Municipal Waste (20 03 07),140.24
2022,OSREDNJESLOVENSKA,ŠMARTNO PRI LITIJI,Non-hazardous Wood from Municipal Waste (20 01 38),97.94
2022,OSREDNJESLOVENSKA,ŠMARTNO PRI LITIJI,Paper and Cardboard Packaging (15 01 01),68.126
2022,OSREDNJESLOVENSKA,ŠMARTNO PRI LITIJI,Paper and Cardboard from Municipal Waste (20 01 01),120.884
2022,PODRAVSKA,BENEDIKT,Bulky Municipal Waste (20 03 07),56.8
2022,PODRAVSKA,BENEDIKT,Non-hazardous Wood from Municipal Waste (20 01 38),6.38
2022,PODRAVSKA,BENEDIKT,Paper and Cardboard Packaging (15 01 01),13.75
2022,PODRAVSKA,BENEDIKT,Paper and Cardboard from Municipal Waste (20 01 01),17.05
2022,PODRAVSKA,BENEDIKT,Wooden Packaging (15 01 03),9.8
2022,PODRAVSKA,CERKVENJAK,Bulky Municipal Waste (20 03 07),32.72
2022,PODRAVSKA,CERKVENJAK,Non-hazardous Wood from Municipal Waste (20 01 38),3.61
2022,PODRAVSKA,CERKVENJAK,Paper and Cardboard Packaging (15 01 01),11.55
2022,PODRAVSKA,CERKVENJAK,Paper and Cardboard from Municipal Waste (20 01 01),8.873
2022,PODRAVSKA,CERKVENJAK,Wooden Packaging (15 01 03),6.94
2022,PODRAVSKA,CIRKULANE,Bulky Municipal Waste (20 03 07),18.583
2022,PODRAVSKA,CIRKULANE,Paper and Cardboard Packaging (15 01 01),15.505
2022,PODRAVSKA,CIRKULANE,Paper and Cardboard from Municipal Waste (20 01 01),80.042
2022,PODRAVSKA,DESTRNIK,Bulky Municipal Waste (20 03 07),21.507
2022,PODRAVSKA,DESTRNIK,Paper and Cardboard Packaging (15 01 01),19.721
2022,PODRAVSKA,DESTRNIK,Paper and Cardboard from Municipal Waste (20 01 01),54.779
2022,PODRAVSKA,DORNAVA,Bulky Municipal Waste (20 03 07),36.52
2022,PODRAVSKA,DORNAVA,Non-hazardous Wood from Municipal Waste (20 01 38),29.038
2022,PODRAVSKA,DORNAVA,Paper and Cardboard Packaging (15 01 01),21.51
2022,PODRAVSKA,DORNAVA,Paper and Cardboard from Municipal Waste (20 01 01),59.133
2022,PODRAVSKA,DUPLEK,Bulky Municipal Waste (20 03 07),186.496
2022,PODRAVSKA,DUPLEK,Non-hazardous Wood from Municipal Waste (20 01 38),28.34
2022,PODRAVSKA,DUPLEK,Paper and Cardboard Packaging (15 01 01),56.624
2022,PODRAVSKA,DUPLEK,Paper and Cardboard from Municipal Waste (20 01 01),137.241
2022,PODRAVSKA,DUPLEK,Wooden Packaging (15 01 03),29.64
2022,PODRAVSKA,GORIŠNICA,Bulky Municipal Waste (20 03 07),138.36
2022,PODRAVSKA,GORIŠNICA,Non-hazardous Wood from Municipal Waste (20 01 38),69.08
2022,PODRAVSKA,GORIŠNICA,Paper and Cardboard Packaging (15 01 01),33.487
2022,PODRAVSKA,GORIŠNICA,Paper and Cardboard from Municipal Waste (20 01 01),82.072
2022,PODRAVSKA,GORIŠNICA,Wooden Packaging (15 01 03),37.02
2022,PODRAVSKA,HAJDINA,Bulky Municipal Waste (20 03 07),147.66
2022,PODRAVSKA,HAJDINA,Non-hazardous Wood from Municipal Waste (20 01 38),74.12
2022,PODRAVSKA,HAJDINA,Paper and Cardboard Packaging (15 01 01),41.693
2022,PODRAVSKA,HAJDINA,Paper and Cardboard from Municipal Waste (20 01 01),97.146
2022,PODRAVSKA,HOČE-SLIVNICA,Bulky Municipal Waste (20 03 07),253.574
2022,PODRAVSKA,HOČE-SLIVNICA,Non-hazardous Wood from Municipal Waste (20 01 38),292.38
2022,PODRAVSKA,HOČE-SLIVNICA,Paper and Cardboard Packaging (15 01 01),54.69
2022,PODRAVSKA,HOČE-SLIVNICA,Paper and Cardboard from Municipal Waste (20 01 01),276.545
2022,PODRAVSKA,HOČE-SLIVNICA,Wooden Packaging (15 01 03),15.359
2022,PODRAVSKA,JURŠINCI,Bulky Municipal Waste (20 03 07),30.621
2022,PODRAVSKA,JURŠINCI,Non-hazardous Wood from Municipal Waste (20 01 38),12.133
2022,PODRAVSKA,JURŠINCI,Paper and Cardboard Packaging (15 01 01),21.823
2022,PODRAVSKA,JURŠINCI,Paper and Cardboard from Municipal Waste (20 01 01),60.835
2022,PODRAVSKA,JURŠINCI,Wooden Packaging (15 01 03),12.4
2022,PODRAVSKA,KIDRIČEVO,Bulky Municipal Waste (20 03 07),236.112
2022,PODRAVSKA,KIDRIČEVO,Non-hazardous Wood from Municipal Waste (20 01 38),95.88
2022,PODRAVSKA,KIDRIČEVO,Paper and Cardboard Packaging (15 01 01),46.901
2022,PODRAVSKA,KIDRIČEVO,Paper and Cardboard from Municipal Waste (20 01 01),169.64
2022,PODRAVSKA,KIDRIČEVO,Wooden Packaging (15 01 03),32.62
2022,PODRAVSKA,KUNGOTA,Bulky Municipal Waste (20 03 07),286.25
2022,PODRAVSKA,KUNGOTA,Non-hazardous Wood from Municipal Waste (20 01 38),105.28
2022,PODRAVSKA,KUNGOTA,Paper and Cardboard Packaging (15 01 01),26.6
2022,PODRAVSKA,KUNGOTA,Paper and Cardboard from Municipal Waste (20 01 01),63.217
2022,PODRAVSKA,LENART,Bulky Municipal Waste (20 03 07),361.545
2022,PODRAVSKA,LENART,Non-hazardous Wood from Municipal Waste (20 01 38),94.73
2022,PODRAVSKA,LENART,Paper and Cardboard Packaging (15 01 01),56.28
2022,PODRAVSKA,LENART,Paper and Cardboard from Municipal Waste (20 01 01),60.115
2022,PODRAVSKA,LENART,Wooden Packaging (15 01 03),107.32
2022,PODRAVSKA,LOVRENC NA POHORJU,Bulky Municipal Waste (20 03 07),73.02
2022,PODRAVSKA,LOVRENC NA POHORJU,Non-hazardous Wood from Municipal Waste (20 01 38),138.46
2022,PODRAVSKA,LOVRENC NA POHORJU,Paper and Cardboard Packaging (15 01 01),18.4
2022,PODRAVSKA,LOVRENC NA POHORJU,Paper and Cardboard from Municipal Waste (20 01 01),39.467
2022,PODRAVSKA,MAJŠPERK,Bulky Municipal Waste (20 03 07),127.586
2022,PODRAVSKA,MAJŠPERK,Non-hazardous Wood from Municipal Waste (20 01 38),30.52
2022,PODRAVSKA,MAJŠPERK,Paper and Cardboard Packaging (15 01 01),26.498
2022,PODRAVSKA,MAJŠPERK,Paper and Cardboard from Municipal Waste (20 01 01),107.1
2022,PODRAVSKA,MAJŠPERK,Wooden Packaging (15 01 03),12.78
2022,PODRAVSKA,MAKOLE,Bulky Municipal Waste (20 03 07),13.17
2022,PODRAVSKA,MAKOLE,Non-hazardous Wood from Municipal Waste (20 01 38),56.876
2022,PODRAVSKA,MAKOLE,Paper and Cardboard Packaging (15 01 01),16.789
2022,PODRAVSKA,MAKOLE,Paper and Cardboard from Municipal Waste (20 01 01),35.632
2022,PODRAVSKA,MAKOLE,Wooden Packaging (15 01 03),97.88
2022,PODRAVSKA,MARIBOR,Bulky Municipal Waste (20 03 07),2177.446
2022,PODRAVSKA,MARIBOR,Non-hazardous Wood from Municipal Waste (20 01 38),5210.18
2022,PODRAVSKA,MARIBOR,Paper and Cardboard Packaging (15 01 01),548.336
2022,PODRAVSKA,MARIBOR,Paper and Cardboard from Municipal Waste (20 01 01),3934.539
2022,PODRAVSKA,MARIBOR,Wooden Packaging (15 01 03),28.38
2022,PODRAVSKA,MARKOVCI,Bulky Municipal Waste (20 03 07),160.47
2022,PODRAVSKA,MARKOVCI,Non-hazardous Wood from Municipal Waste (20 01 38),67.8
2022,PODRAVSKA,MARKOVCI,Paper and Cardboard Packaging (15 01 01),33.451
2022,PODRAVSKA,MARKOVCI,Paper and Cardboard from Municipal Waste (20 01 01),80.975
2022,PODRAVSKA,MIKLAVŽ NA DRAVSKEM POLJU,Bulky Municipal Waste (20 03 07),162.65
2022,PODRAVSKA,MIKLAVŽ NA DRAVSKEM POLJU,Non-hazardous Wood from Municipal Waste (20 01 38),203.3
2022,PODRAVSKA,MIKLAVŽ NA DRAVSKEM POLJU,Paper and Cardboard Packaging (15 01 01),43.74
2022,PODRAVSKA,MIKLAVŽ NA DRAVSKEM POLJU,Paper and Cardboard from Municipal Waste (20 01 01),174.449
2022,PODRAVSKA,MIKLAVŽ NA DRAVSKEM POLJU,Wooden Packaging (15 01 03),0.26
2022,PODRAVSKA,OPLOTNICA,Bulky Municipal Waste (20 03 07),57.75
2022,PODRAVSKA,OPLOTNICA,Non-hazardous Wood from Municipal Waste (20 01 38),114.455
2022,PODRAVSKA,OPLOTNICA,Paper and Cardboard Packaging (15 01 01),30.221
2022,PODRAVSKA,OPLOTNICA,Paper and Cardboard from Municipal Waste (20 01 01),69.743
2022,PODRAVSKA,ORMOŽ,Bulky Municipal Waste (20 03 07),351.24
2022,PODRAVSKA,ORMOŽ,Non-hazardous Wood from Municipal Waste (20 01 38),72.08
2022,PODRAVSKA,ORMOŽ,Paper and Cardboard Packaging (15 01 01),81.47
2022,PODRAVSKA,ORMOŽ,Paper and Cardboard from Municipal Waste (20 01 01),80.661
2022,PODRAVSKA,ORMOŽ,Wooden Packaging (15 01 03),8
2022,PODRAVSKA,PESNICA,Bulky Municipal Waste (20 03 07),137.93
2022,PODRAVSKA,PESNICA,Non-hazardous Wood from Municipal Waste (20 01 38),215.02
2022,PODRAVSKA,PESNICA,Paper and Cardboard Packaging (15 01 01),31.42
2022,PODRAVSKA,PESNICA,Paper and Cardboard from Municipal Waste (20 01 01),127.903
2022,PODRAVSKA,PODLEHNIK,Bulky Municipal Waste (20 03 07),17.865
2022,PODRAVSKA,PODLEHNIK,Paper and Cardboard Packaging (15 01 01),12.683
2022,PODRAVSKA,PODLEHNIK,Paper and Cardboard from Municipal Waste (20 01 01),30.394
2022,PODRAVSKA,POLJČANE,Bulky Municipal Waste (20 03 07),56.61
2022,PODRAVSKA,POLJČANE,Non-hazardous Wood from Municipal Waste (20 01 38),123.222
2022,PODRAVSKA,POLJČANE,Paper and Cardboard Packaging (15 01 01),37.991
2022,PODRAVSKA,POLJČANE,Paper and Cardboard from Municipal Waste (20 01 01),82.037
2022,PODRAVSKA,PTUJ,Bulky Municipal Waste (20 03 07),461.581
2022,PODRAVSKA,PTUJ,Non-hazardous Wood from Municipal Waste (20 01 38),755.232
2022,PODRAVSKA,PTUJ,Paper and Cardboard Packaging (15 01 01),241.886
2022,PODRAVSKA,PTUJ,Paper and Cardboard from Municipal Waste (20 01 01),693.768
2022,PODRAVSKA,PTUJ,Wooden Packaging (15 01 03),13.84
2022,PODRAVSKA,RAČE-FRAM,Bulky Municipal Waste (20 03 07),97.93
2022,PODRAVSKA,RAČE-FRAM,Non-hazardous Wood from Municipal Waste (20 01 38),218.45
2022,PODRAVSKA,RAČE-FRAM,Paper and Cardboard Packaging (15 01 01),74.261
2022,PODRAVSKA,RAČE-FRAM,Paper and Cardboard from Municipal Waste (20 01 01),164.569
2022,PODRAVSKA,RUŠE,Bulky Municipal Waste (20 03 07),162.227
2022,PODRAVSKA,RUŠE,Non-hazardous Wood from Municipal Waste (20 01 38),288.799
2022,PODRAVSKA,RUŠE,Paper and Cardboard Packaging (15 01 01),29.393
2022,PODRAVSKA,RUŠE,Paper and Cardboard from Municipal Waste (20 01 01),172.002
2022,PODRAVSKA,RUŠE,Wooden Packaging (15 01 03),41.3
2022,PODRAVSKA,SELNICA OB DRAVI,Bulky Municipal Waste (20 03 07),85.471
2022,PODRAVSKA,SELNICA OB DRAVI,Non-hazardous Wood from Municipal Waste (20 01 38),173.561
2022,PODRAVSKA,SELNICA OB DRAVI,Paper and Cardboard Packaging (15 01 01),24.262
2022,PODRAVSKA,SELNICA OB DRAVI,Paper and Cardboard from Municipal Waste (20 01 01),93.988
2022,PODRAVSKA,SELNICA OB DRAVI,Wooden Packaging (15 01 03),15.18
2022,PODRAVSKA,SLOVENSKA BISTRICA,Bulky Municipal Waste (20 03 07),267.74
2022,PODRAVSKA,SLOVENSKA BISTRICA,Non-hazardous Wood from Municipal Waste (20 01 38),729.627
2022,PODRAVSKA,SLOVENSKA BISTRICA,Paper and Cardboard Packaging (15 01 01),284.746
2022,PODRAVSKA,SLOVENSKA BISTRICA,Paper and Cardboard from Municipal Waste (20 01 01),465.108
2022,PODRAVSKA,SREDIŠČE OB DRAVI,Bulky Municipal Waste (20 03 07),70.37
2022,PODRAVSKA,SREDIŠČE OB DRAVI,Non-hazardous Wood from Municipal Waste (20 01 38),5.16
2022,PODRAVSKA,SREDIŠČE OB DRAVI,Paper and Cardboard Packaging (15 01 01),16.3
2022,PODRAVSKA,SREDIŠČE OB DRAVI,Paper and Cardboard from Municipal Waste (20 01 01),15.188
2022,PODRAVSKA,SREDIŠČE OB DRAVI,Wooden Packaging (15 01 03),1.6
2022,PODRAVSKA,STARŠE,Bulky Municipal Waste (20 03 07),113.45
2022,PODRAVSKA,STARŠE,Non-hazardous Wood from Municipal Waste (20 01 38),296.76
2022,PODRAVSKA,STARŠE,Paper and Cardboard Packaging (15 01 01),29.94
2022,PODRAVSKA,STARŠE,Paper and Cardboard from Municipal Waste (20 01 01),123.911
2022,PODRAVSKA,SVETA ANA,Bulky Municipal Waste (20 03 07),69.2
2022,PODRAVSKA,SVETA ANA,Non-hazardous Wood from Municipal Waste (20 01 38),1.19
2022,PODRAVSKA,SVETA ANA,Paper and Cardboard Packaging (15 01 01),10.46
2022,PODRAVSKA,SVETA ANA,Paper and Cardboard from Municipal Waste (20 01 01),17.69
2022,PODRAVSKA,SVETA ANA,Wooden Packaging (15 01 03),10.96
2022,PODRAVSKA,SVETA TROJICA V SLOVENSKIH GORICAH,Bulky Municipal Waste (20 03 07),65.045
2022,PODRAVSKA,SVETA TROJICA V SLOVENSKIH GORICAH,Non-hazardous Wood from Municipal Waste (20 01 38),3.095
2022,PODRAVSKA,SVETA TROJICA V SLOVENSKIH GORICAH,Paper and Cardboard Packaging (15 01 01),14.85
2022,PODRAVSKA,SVETA TROJICA V SLOVENSKIH GORICAH,Paper and Cardboard from Municipal Waste (20 01 01),8.982
2022,PODRAVSKA,SVETA TROJICA V SLOVENSKIH GORICAH,Wooden Packaging (15 01 03),5.991
2022,PODRAVSKA,SVETI ANDRAŽ V SLOV. GORICAH,Bulky Municipal Waste (20 03 07),16.196
2022,PODRAVSKA,SVETI ANDRAŽ V SLOV. GORICAH,Paper and Cardboard Packaging (15 01 01),274.084
2022,PODRAVSKA,SVETI ANDRAŽ V SLOV. GORICAH,Paper and Cardboard from Municipal Waste (20 01 01),28.044
2022,PODRAVSKA,SVETI JURIJ V SLOVENSKIH GORICAH,Bulky Municipal Waste (20 03 07),46.28
2022,PODRAVSKA,SVETI JURIJ V SLOVENSKIH GORICAH,Non-hazardous Wood from Municipal Waste (20 01 38),1.04
2022,PODRAVSKA,SVETI JURIJ V SLOVENSKIH GORICAH,Paper and Cardboard Packaging (15 01 01),13.76
2022,PODRAVSKA,SVETI JURIJ V SLOVENSKIH GORICAH,Paper and Cardboard from Municipal Waste (20 01 01),7.76
2022,PODRAVSKA,SVETI JURIJ V SLOVENSKIH GORICAH,Wooden Packaging (15 01 03),8.4
2022,PODRAVSKA,SVETI TOMAŽ,Bulky Municipal Waste (20 03 07),46.85
2022,PODRAVSKA,SVETI TOMAŽ,Paper and Cardboard Packaging (15 01 01),10.86
2022,PODRAVSKA,SVETI TOMAŽ,Paper and Cardboard from Municipal Waste (20 01 01),75.411
2022,PODRAVSKA,SVETI TOMAŽ,Wooden Packaging (15 01 03),1.06
2022,PODRAVSKA,TRNOVSKA VAS,Bulky Municipal Waste (20 03 07),62.972
2022,PODRAVSKA,TRNOVSKA VAS,Non-hazardous Wood from Municipal Waste (20 01 38),17.82
2022,PODRAVSKA,TRNOVSKA VAS,Paper and Cardboard Packaging (15 01 01),335.095
2022,PODRAVSKA,TRNOVSKA VAS,Paper and Cardboard from Municipal Waste (20 01 01),25.595
2022,PODRAVSKA,TRNOVSKA VAS,Wooden Packaging (15 01 03),9.04
2022,PODRAVSKA,VIDEM,Bulky Municipal Waste (20 03 07),115.608
2022,PODRAVSKA,VIDEM,Non-hazardous Wood from Municipal Waste (20 01 38),28.08
2022,PODRAVSKA,VIDEM,Paper and Cardboard Packaging (15 01 01),32.152
2022,PODRAVSKA,VIDEM,Paper and Cardboard from Municipal Waste (20 01 01),88.238
2022,PODRAVSKA,VIDEM,Wooden Packaging (15 01 03),21.56
2022,PODRAVSKA,ZAVRČ,Bulky Municipal Waste (20 03 07),16.771
2022,PODRAVSKA,ZAVRČ,Paper and Cardboard Packaging (15 01 01),9.465
2022,PODRAVSKA,ZAVRČ,Paper and Cardboard from Municipal Waste (20 01 01),22.523
2022,PODRAVSKA,ŠENTILJ,Bulky Municipal Waste (20 03 07),414.956
2022,PODRAVSKA,ŠENTILJ,Non-hazardous Wood from Municipal Waste (20 01 38),144.831
2022,PODRAVSKA,ŠENTILJ,Paper and Cardboard Packaging (15 01 01),13.76
2022,PODRAVSKA,ŠENTILJ,Paper and Cardboard from Municipal Waste (20 01 01),42.607
2022,PODRAVSKA,ŠENTILJ,Wooden Packaging (15 01 03),76.285
2022,PODRAVSKA,ŽETALE,Bulky Municipal Waste (20 03 07),57.174
2022,PODRAVSKA,ŽETALE,Non-hazardous Wood from Municipal Waste (20 01 38),5.56
2022,PODRAVSKA,ŽETALE,Paper and Cardboard Packaging (15 01 01),9.382
2022,PODRAVSKA,ŽETALE,Paper and Cardboard from Municipal Waste (20 01 01),21.936
2022,PODRAVSKA,ŽETALE,Wooden Packaging (15 01 03),7.02
2022,POMURSKA,APAČE,Bulky Municipal Waste (20 03 07),303.56
2022,POMURSKA,APAČE,Non-hazardous Wood from Municipal Waste (20 01 38),0.06
2022,POMURSKA,APAČE,Paper and Cardboard Packaging (15 01 01),67.24
2022,POMURSKA,APAČE,Paper and Cardboard from Municipal Waste (20 01 01),35.201
2022,POMURSKA,APAČE,Wooden Packaging (15 01 03),111.38
2022,POMURSKA,BELTINCI,Bulky Municipal Waste (20 03 07),295.887
2022,POMURSKA,BELTINCI,Non-hazardous Wood from Municipal Waste (20 01 38),121.879
2022,POMURSKA,BELTINCI,Paper and Cardboard Packaging (15 01 01),25.718
2022,POMURSKA,BELTINCI,Paper and Cardboard from Municipal Waste (20 01 01),191.488
2022,POMURSKA,CANKOVA,Bulky Municipal Waste (20 03 07),63.74
2022,POMURSKA,CANKOVA,Non-hazardous Wood from Municipal Waste (20 01 38),24.874
2022,POMURSKA,CANKOVA,Paper and Cardboard Packaging (15 01 01),10.46
2022,POMURSKA,CANKOVA,Paper and Cardboard from Municipal Waste (20 01 01),16.189
2022,POMURSKA,DOBROVNIK,Bulky Municipal Waste (20 03 07),40.513
2022,POMURSKA,DOBROVNIK,Non-hazardous Wood from Municipal Waste (20 01 38),20.747
2022,POMURSKA,DOBROVNIK,Paper and Cardboard Packaging (15 01 01),3.668
2022,POMURSKA,DOBROVNIK,Paper and Cardboard from Municipal Waste (20 01 01),51.009
2022,POMURSKA,GORNJA RADGONA,Bulky Municipal Waste (20 03 07),220.472
2022,POMURSKA,GORNJA RADGONA,Non-hazardous Wood from Municipal Waste (20 01 38),82.8
2022,POMURSKA,GORNJA RADGONA,Paper and Cardboard Packaging (15 01 01),55.72
2022,POMURSKA,GORNJA RADGONA,Paper and Cardboard from Municipal Waste (20 01 01),203.805
2022,POMURSKA,GORNJI PETROVCI,Bulky Municipal Waste (20 03 07),39.311
2022,POMURSKA,GORNJI PETROVCI,Non-hazardous Wood from Municipal Waste (20 01 38),4.525
2022,POMURSKA,GORNJI PETROVCI,Paper and Cardboard Packaging (15 01 01),4.041
2022,POMURSKA,GORNJI PETROVCI,Paper and Cardboard from Municipal Waste (20 01 01),20.165
2022,POMURSKA,GRAD,Bulky Municipal Waste (20 03 07),60.07
2022,POMURSKA,GRAD,Non-hazardous Wood from Municipal Waste (20 01 38),21.414
2022,POMURSKA,GRAD,Paper and Cardboard Packaging (15 01 01),7.607
2022,POMURSKA,GRAD,Paper and Cardboard from Municipal Waste (20 01 01),20.94
2022,POMURSKA,GRAD,Wooden Packaging (15 01 03),67.82
2022,POMURSKA,HODOŠ,Bulky Municipal Waste (20 03 07),6.593
2022,POMURSKA,HODOŠ,Non-hazardous Wood from Municipal Waste (20 01 38),1.662
2022,POMURSKA,HODOŠ,Paper and Cardboard Packaging (15 01 01),1.149
2022,POMURSKA,HODOŠ,Paper and Cardboard from Municipal Waste (20 01 01),15.49
2022,POMURSKA,KOBILJE,Bulky Municipal Waste (20 03 07),18.48
2022,POMURSKA,KOBILJE,Non-hazardous Wood from Municipal Waste (20 01 38),13.74
2022,POMURSKA,KOBILJE,Paper and Cardboard Packaging (15 01 01),2.263
2022,POMURSKA,KOBILJE,Paper and Cardboard from Municipal Waste (20 01 01),5.143
2022,POMURSKA,KRIŽEVCI,Bulky Municipal Waste (20 03 07),181.14
2022,POMURSKA,KRIŽEVCI,Paper and Cardboard Packaging (15 01 01),5.05
2022,POMURSKA,KRIŽEVCI,Paper and Cardboard from Municipal Waste (20 01 01),38.049
2022,POMURSKA,KUZMA,Bulky Municipal Waste (20 03 07),35.87
2022,POMURSKA,KUZMA,Non-hazardous Wood from Municipal Waste (20 01 38),17.8
2022,POMURSKA,KUZMA,Paper and Cardboard Packaging (15 01 01),3.848
2022,POMURSKA,KUZMA,Paper and Cardboard from Municipal Waste (20 01 01),20.114
2022,POMURSKA,LENDAVA,Bulky Municipal Waste (20 03 07),226.13
2022,POMURSKA,LENDAVA,Non-hazardous Wood from Municipal Waste (20 01 38),14.34
2022,POMURSKA,LENDAVA,Paper and Cardboard Packaging (15 01 01),130.272
2022,POMURSKA,LENDAVA,Paper and Cardboard from Municipal Waste (20 01 01),138.651
2022,POMURSKA,LENDAVA,Wooden Packaging (15 01 03),0.32
2022,POMURSKA,LJUTOMER,Bulky Municipal Waste (20 03 07),580.58
2022,POMURSKA,LJUTOMER,Paper and Cardboard Packaging (15 01 01),78.338
2022,POMURSKA,LJUTOMER,Paper and Cardboard from Municipal Waste (20 01 01),157.108
2022,POMURSKA,MORAVSKE TOPLICE,Bulky Municipal Waste (20 03 07),144.053
2022,POMURSKA,MORAVSKE TOPLICE,Non-hazardous Wood from Municipal Waste (20 01 38),22.518
2022,POMURSKA,MORAVSKE TOPLICE,Paper and Cardboard Packaging (15 01 01),27.283
2022,POMURSKA,MORAVSKE TOPLICE,Paper and Cardboard from Municipal Waste (20 01 01),122.855
2022,POMURSKA,MURSKA SOBOTA,Bulky Municipal Waste (20 03 07),717.6
2022,POMURSKA,MURSKA SOBOTA,Non-hazardous Wood from Municipal Waste (20 01 38),306.664
2022,POMURSKA,MURSKA SOBOTA,Paper and Cardboard Packaging (15 01 01),166.252
2022,POMURSKA,MURSKA SOBOTA,Paper and Cardboard from Municipal Waste (20 01 01),721.309
2022,POMURSKA,MURSKA SOBOTA,Wooden Packaging (15 01 03),16.158
2022,POMURSKA,ODRANCI,Bulky Municipal Waste (20 03 07),46.341
2022,POMURSKA,ODRANCI,Non-hazardous Wood from Municipal Waste (20 01 38),20.075
2022,POMURSKA,ODRANCI,Paper and Cardboard Packaging (15 01 01),9.343
2022,POMURSKA,ODRANCI,Paper and Cardboard from Municipal Waste (20 01 01),70.81
2022,POMURSKA,PUCONCI,Bulky Municipal Waste (20 03 07),177.01
2022,POMURSKA,PUCONCI,Non-hazardous Wood from Municipal Waste (20 01 38),1.256
2022,POMURSKA,PUCONCI,Paper and Cardboard Packaging (15 01 01),132.314
2022,POMURSKA,PUCONCI,Paper and Cardboard from Municipal Waste (20 01 01),137.485
2022,POMURSKA,RADENCI,Bulky Municipal Waste (20 03 07),226.36
2022,POMURSKA,RADENCI,Non-hazardous Wood from Municipal Waste (20 01 38),73.54
2022,POMURSKA,RADENCI,Paper and Cardboard Packaging (15 01 01),34.5
2022,POMURSKA,RADENCI,Paper and Cardboard from Municipal Waste (20 01 01),25.903
2022,POMURSKA,RADENCI,Wooden Packaging (15 01 03),64.22
2022,POMURSKA,RAZKRIŽJE,Bulky Municipal Waste (20 03 07),61.39
2022,POMURSKA,RAZKRIŽJE,Paper and Cardboard Packaging (15 01 01),1.26
2022,POMURSKA,RAZKRIŽJE,Paper and Cardboard from Municipal Waste (20 01 01),9.64
2022,POMURSKA,ROGAŠOVCI,Bulky Municipal Waste (20 03 07),60.71
2022,POMURSKA,ROGAŠOVCI,Non-hazardous Wood from Municipal Waste (20 01 38),13.782
2022,POMURSKA,ROGAŠOVCI,Paper and Cardboard Packaging (15 01 01),6.04
2022,POMURSKA,ROGAŠOVCI,Paper and Cardboard from Municipal Waste (20 01 01),45.295
2022,POMURSKA,SVETI JURIJ OB ŠČAVNICI,Bulky Municipal Waste (20 03 07),87.715
2022,POMURSKA,SVETI JURIJ OB ŠČAVNICI,Non-hazardous Wood from Municipal Waste (20 01 38),21.115
2022,POMURSKA,SVETI JURIJ OB ŠČAVNICI,Paper and Cardboard Packaging (15 01 01),16.929
2022,POMURSKA,SVETI JURIJ OB ŠČAVNICI,Paper and Cardboard from Municipal Waste (20 01 01),28.461
2022,POMURSKA,SVETI JURIJ OB ŠČAVNICI,Wooden Packaging (15 01 03),13.2
2022,POMURSKA,TIŠINA,Bulky Municipal Waste (20 03 07),127.792
2022,POMURSKA,TIŠINA,Non-hazardous Wood from Municipal Waste (20 01 38),61.044
2022,POMURSKA,TIŠINA,Paper and Cardboard Packaging (15 01 01),12.34
2022,POMURSKA,TIŠINA,Paper and Cardboard from Municipal Waste (20 01 01),75.259
2022,POMURSKA,TURNIŠČE,Bulky Municipal Waste (20 03 07),87.565
2022,POMURSKA,TURNIŠČE,Non-hazardous Wood from Municipal Waste (20 01 38),24.951
2022,POMURSKA,TURNIŠČE,Paper and Cardboard Packaging (15 01 01),9.969
2022,POMURSKA,TURNIŠČE,Paper and Cardboard from Municipal Waste (20 01 01),36.271
2022,POMURSKA,TURNIŠČE,Wooden Packaging (15 01 03),0.416
2022,POMURSKA,VELIKA POLANA,Bulky Municipal Waste (20 03 07),29.26
2022,POMURSKA,VELIKA POLANA,Non-hazardous Wood from Municipal Waste (20 01 38),3.52
2022,POMURSKA,VELIKA POLANA,Paper and Cardboard Packaging (15 01 01),6.716
2022,POMURSKA,VELIKA POLANA,Paper and Cardboard from Municipal Waste (20 01 01),15.593
2022,POMURSKA,VERŽEJ,Bulky Municipal Waste (20 03 07),63.98
2022,POMURSKA,VERŽEJ,Paper and Cardboard Packaging (15 01 01),2.91
2022,POMURSKA,VERŽEJ,Paper and Cardboard from Municipal Waste (20 01 01),18.326
2022,POMURSKA,ČRENŠOVCI,Bulky Municipal Waste (20 03 07),119.817
2022,POMURSKA,ČRENŠOVCI,Non-hazardous Wood from Municipal Waste (20 01 38),38.779
2022,POMURSKA,ČRENŠOVCI,Paper and Cardboard Packaging (15 01 01),13.911
2022,POMURSKA,ČRENŠOVCI,Paper and Cardboard from Municipal Waste (20 01 01),65.621
2022,POMURSKA,ŠALOVCI,Bulky Municipal Waste (20 03 07),32.188
2022,POMURSKA,ŠALOVCI,Non-hazardous Wood from Municipal Waste (20 01 38),8.33
2022,POMURSKA,ŠALOVCI,Paper and Cardboard Packaging (15 01 01),2.49
2022,POMURSKA,ŠALOVCI,Paper and Cardboard from Municipal Waste (20 01 01),11.198
2022,POSAVSKA,BISTRICA OB SOTLI,Bulky Municipal Waste (20 03 07),42.822
2022,POSAVSKA,BISTRICA OB SOTLI,Non-hazardous Wood from Municipal Waste (20 01 38),2.315
2022,POSAVSKA,BISTRICA OB SOTLI,Paper and Cardboard Packaging (15 01 01),8.144
2022,POSAVSKA,BISTRICA OB SOTLI,Paper and Cardboard from Municipal Waste (20 01 01),8.386
2022,POSAVSKA,BREŽICE,Bulky Municipal Waste (20 03 07),292.08
2022,POSAVSKA,BREŽICE,Non-hazardous Wood from Municipal Waste (20 01 38),875.539
2022,POSAVSKA,BREŽICE,Paper and Cardboard Packaging (15 01 01),396.21
2022,POSAVSKA,BREŽICE,Paper and Cardboard from Municipal Waste (20 01 01),470.04
2022,POSAVSKA,KOSTANJEVICA NA KRKI,Bulky Municipal Waste (20 03 07),42.36
2022,POSAVSKA,KOSTANJEVICA NA KRKI,Non-hazardous Wood from Municipal Waste (20 01 38),21.4
2022,POSAVSKA,KOSTANJEVICA NA KRKI,Paper and Cardboard Packaging (15 01 01),99.588
2022,POSAVSKA,KOSTANJEVICA NA KRKI,Paper and Cardboard from Municipal Waste (20 01 01),19.145
2022,POSAVSKA,KRŠKO,Bulky Municipal Waste (20 03 07),579.31
2022,POSAVSKA,KRŠKO,Non-hazardous Wood from Municipal Waste (20 01 38),1206.98
2022,POSAVSKA,KRŠKO,Paper and Cardboard Packaging (15 01 01),132.915
2022,POSAVSKA,KRŠKO,Paper and Cardboard from Municipal Waste (20 01 01),986.06
2022,POSAVSKA,KRŠKO,Wooden Packaging (15 01 03),65.461
2022,POSAVSKA,RADEČE,Bulky Municipal Waste (20 03 07),65.84
2022,POSAVSKA,RADEČE,Non-hazardous Wood from Municipal Waste (20 01 38),83.38
2022,POSAVSKA,RADEČE,Paper and Cardboard Packaging (15 01 01),141.185
2022,POSAVSKA,RADEČE,Paper and Cardboard from Municipal Waste (20 01 01),48.487
2022,POSAVSKA,SEVNICA,Bulky Municipal Waste (20 03 07),161.97
2022,POSAVSKA,SEVNICA,Non-hazardous Wood from Municipal Waste (20 01 38),262.64
2022,POSAVSKA,SEVNICA,Paper and Cardboard Packaging (15 01 01),337.303
2022,POSAVSKA,SEVNICA,Paper and Cardboard from Municipal Waste (20 01 01),258.542
2022,POSAVSKA,SEVNICA,Wooden Packaging (15 01 03),5.79
2022,PRIMORSKO-NOTRANJSKA,BLOKE,Bulky Municipal Waste (20 03 07),79.05
2022,PRIMORSKO-NOTRANJSKA,BLOKE,Non-hazardous Wood from Municipal Waste (20 01 38),39.5
2022,PRIMORSKO-NOTRANJSKA,BLOKE,Paper and Cardboard Packaging (15 01 01),27.063
2022,PRIMORSKO-NOTRANJSKA,BLOKE,Paper and Cardboard from Municipal Waste (20 01 01),12.27
2022,PRIMORSKO-NOTRANJSKA,CERKNICA,Bulky Municipal Waste (20 03 07),570.992
2022,PRIMORSKO-NOTRANJSKA,CERKNICA,Non-hazardous Wood from Municipal Waste (20 01 38),452.428
2022,PRIMORSKO-NOTRANJSKA,CERKNICA,Paper and Cardboard Packaging (15 01 01),101.704
2022,PRIMORSKO-NOTRANJSKA,CERKNICA,Paper and Cardboard from Municipal Waste (20 01 01),168.75
2022,PRIMORSKO-NOTRANJSKA,CERKNICA,Wooden Packaging (15 01 03),102.875
2022,PRIMORSKO-NOTRANJSKA,ILIRSKA BISTRICA,Bulky Municipal Waste (20 03 07),471.75
2022,PRIMORSKO-NOTRANJSKA,ILIRSKA BISTRICA,Non-hazardous Wood from Municipal Waste (20 01 38),250.59
2022,PRIMORSKO-NOTRANJSKA,ILIRSKA BISTRICA,Paper and Cardboard Packaging (15 01 01),118.857
2022,PRIMORSKO-NOTRANJSKA,ILIRSKA BISTRICA,Paper and Cardboard from Municipal Waste (20 01 01),142.727
2022,PRIMORSKO-NOTRANJSKA,ILIRSKA BISTRICA,Wooden Packaging (15 01 03),1.7
2022,PRIMORSKO-NOTRANJSKA,LOŠKA DOLINA,Bulky Municipal Waste (20 03 07),142.348
2022,PRIMORSKO-NOTRANJSKA,LOŠKA DOLINA,Non-hazardous Wood from Municipal Waste (20 01 38),110.372
2022,PRIMORSKO-NOTRANJSKA,LOŠKA DOLINA,Paper and Cardboard Packaging (15 01 01),22.221
2022,PRIMORSKO-NOTRANJSKA,LOŠKA DOLINA,Paper and Cardboard from Municipal Waste (20 01 01),40.675
2022,PRIMORSKO-NOTRANJSKA,PIVKA,Bulky Municipal Waste (20 03 07),238
2022,PRIMORSKO-NOTRANJSKA,PIVKA,Non-hazardous Wood from Municipal Waste (20 01 38),110.37
2022,PRIMORSKO-NOTRANJSKA,PIVKA,Paper and Cardboard Packaging (15 01 01),196.58
2022,PRIMORSKO-NOTRANJSKA,PIVKA,Paper and Cardboard from Municipal Waste (20 01 01),102.934
2022,PRIMORSKO-NOTRANJSKA,PIVKA,Wooden Packaging (15 01 03),11.94
2022,PRIMORSKO-NOTRANJSKA,POSTOJNA,Bulky Municipal Waste (20 03 07),612.01
2022,PRIMORSKO-NOTRANJSKA,POSTOJNA,Non-hazardous Wood from Municipal Waste (20 01 38),491.69
2022,PRIMORSKO-NOTRANJSKA,POSTOJNA,Paper and Cardboard Packaging (15 01 01),58.58
2022,PRIMORSKO-NOTRANJSKA,POSTOJNA,Paper and Cardboard from Municipal Waste (20 01 01),393.87
2022,PRIMORSKO-NOTRANJSKA,POSTOJNA,Wooden Packaging (15 01 03),0.25
2022,SAVINJSKA,BRASLOVČE,Bulky Municipal Waste (20 03 07),405.115
2022,SAVINJSKA,BRASLOVČE,Non-hazardous Wood from Municipal Waste (20 01 38),109.455
2022,SAVINJSKA,BRASLOVČE,Paper and Cardboard Packaging (15 01 01),83.066
2022,SAVINJSKA,BRASLOVČE,Paper and Cardboard from Municipal Waste (20 01 01),143.117
2022,SAVINJSKA,CELJE,Bulky Municipal Waste (20 03 07),2705.246
2022,SAVINJSKA,CELJE,Non-hazardous Wood from Municipal Waste (20 01 38),697.414
2022,SAVINJSKA,CELJE,Paper and Cardboard Packaging (15 01 01),1102.653
2022,SAVINJSKA,CELJE,Paper and Cardboard from Municipal Waste (20 01 01),1501.855
2022,SAVINJSKA,CELJE,Wooden Packaging (15 01 03),201.32
2022,SAVINJSKA,DOBJE,Bulky Municipal Waste (20 03 07),39.625
2022,SAVINJSKA,DOBJE,Non-hazardous Wood from Municipal Waste (20 01 38),13.457
2022,SAVINJSKA,DOBJE,Paper and Cardboard Packaging (15 01 01),3.072
2022,SAVINJSKA,DOBJE,Paper and Cardboard from Municipal Waste (20 01 01),55.382
2022,SAVINJSKA,DOBRNA,Bulky Municipal Waste (20 03 07),213.738
2022,SAVINJSKA,DOBRNA,Non-hazardous Wood from Municipal Waste (20 01 38),40.007
2022,SAVINJSKA,DOBRNA,Paper and Cardboard Packaging (15 01 01),19.871
2022,SAVINJSKA,DOBRNA,Paper and Cardboard from Municipal Waste (20 01 01),91.116
2022,SAVINJSKA,GORNJI GRAD,Bulky Municipal Waste (20 03 07),34.93
2022,SAVINJSKA,GORNJI GRAD,Non-hazardous Wood from Municipal Waste (20 01 38),24.619
2022,SAVINJSKA,GORNJI GRAD,Paper and Cardboard Packaging (15 01 01),21.206
2022,SAVINJSKA,GORNJI GRAD,Paper and Cardboard from Municipal Waste (20 01 01),58.073
2022,SAVINJSKA,KOZJE,Bulky Municipal Waste (20 03 07),101.238
2022,SAVINJSKA,KOZJE,Non-hazardous Wood from Municipal Waste (20 01 38),5.473
2022,SAVINJSKA,KOZJE,Paper and Cardboard Packaging (15 01 01),20.074
2022,SAVINJSKA,KOZJE,Paper and Cardboard from Municipal Waste (20 01 01),23.607
2022,SAVINJSKA,LAŠKO,Bulky Municipal Waste (20 03 07),292.52
2022,SAVINJSKA,LAŠKO,Non-hazardous Wood from Municipal Waste (20 01 38),82.15
2022,SAVINJSKA,LAŠKO,Paper and Cardboard Packaging (15 01 01),167.224
2022,SAVINJSKA,LAŠKO,Paper and Cardboard from Municipal Waste (20 01 01),41.132
2022,SAVINJSKA,LAŠKO,Wooden Packaging (15 01 03),0.054
2022,SAVINJSKA,LJUBNO,Bulky Municipal Waste (20 03 07),47.109
2022,SAVINJSKA,LJUBNO,Non-hazardous Wood from Municipal Waste (20 01 38),19.641
2022,SAVINJSKA,LJUBNO,Paper and Cardboard Packaging (15 01 01),178.752
2022,SAVINJSKA,LJUBNO,Paper and Cardboard from Municipal Waste (20 01 01),20.148
2022,SAVINJSKA,LJUBNO,Wooden Packaging (15 01 03),14.9
2022,SAVINJSKA,LUČE,Bulky Municipal Waste (20 03 07),23.018
2022,SAVINJSKA,LUČE,Non-hazardous Wood from Municipal Waste (20 01 38),14.216
2022,SAVINJSKA,LUČE,Paper and Cardboard Packaging (15 01 01),489.415
2022,SAVINJSKA,LUČE,Paper and Cardboard from Municipal Waste (20 01 01),37.268
2022,SAVINJSKA,MOZIRJE,Bulky Municipal Waste (20 03 07),115.114
2022,SAVINJSKA,MOZIRJE,Non-hazardous Wood from Municipal Waste (20 01 38),52.838
2022,SAVINJSKA,MOZIRJE,Paper and Cardboard Packaging (15 01 01),97.118
2022,SAVINJSKA,MOZIRJE,Paper and Cardboard from Municipal Waste (20 01 01),55.413
2022,SAVINJSKA,NAZARJE,Bulky Municipal Waste (20 03 07),41.441
2022,SAVINJSKA,NAZARJE,Non-hazardous Wood from Municipal Waste (20 01 38),24.947
2022,SAVINJSKA,NAZARJE,Paper and Cardboard Packaging (15 01 01),22.627
2022,SAVINJSKA,NAZARJE,Paper and Cardboard from Municipal Waste (20 01 01),71.146
2022,SAVINJSKA,PODČETRTEK,Bulky Municipal Waste (20 03 07),137.157
2022,SAVINJSKA,PODČETRTEK,Non-hazardous Wood from Municipal Waste (20 01 38),7.416
2022,SAVINJSKA,PODČETRTEK,Paper and Cardboard Packaging (15 01 01),26.085
2022,SAVINJSKA,PODČETRTEK,Paper and Cardboard from Municipal Waste (20 01 01),23.921
2022,SAVINJSKA,POLZELA,Bulky Municipal Waste (20 03 07),359.858
2022,SAVINJSKA,POLZELA,Non-hazardous Wood from Municipal Waste (20 01 38),55.498
2022,SAVINJSKA,POLZELA,Paper and Cardboard Packaging (15 01 01),40.479
2022,SAVINJSKA,POLZELA,Paper and Cardboard from Municipal Waste (20 01 01),127.972
2022,SAVINJSKA,PREBOLD,Bulky Municipal Waste (20 03 07),345.594
2022,SAVINJSKA,PREBOLD,Non-hazardous Wood from Municipal Waste (20 01 38),96.751
2022,SAVINJSKA,PREBOLD,Paper and Cardboard Packaging (15 01 01),47.093
2022,SAVINJSKA,PREBOLD,Paper and Cardboard from Municipal Waste (20 01 01),131.445
2022,SAVINJSKA,PREBOLD,Wooden Packaging (15 01 03),227.12
2022,SAVINJSKA,REČICA OB SAVINJI,Bulky Municipal Waste (20 03 07),64.066
2022,SAVINJSKA,REČICA OB SAVINJI,Non-hazardous Wood from Municipal Waste (20 01 38),29.722
2022,SAVINJSKA,REČICA OB SAVINJI,Paper and Cardboard Packaging (15 01 01),23.969
2022,SAVINJSKA,REČICA OB SAVINJI,Paper and Cardboard from Municipal Waste (20 01 01),23.814
2022,SAVINJSKA,ROGATEC,Bulky Municipal Waste (20 03 07),100.088
2022,SAVINJSKA,ROGATEC,Non-hazardous Wood from Municipal Waste (20 01 38),5.411
2022,SAVINJSKA,ROGATEC,Paper and Cardboard Packaging (15 01 01),26.705
2022,SAVINJSKA,ROGATEC,Paper and Cardboard from Municipal Waste (20 01 01),16.986
2022,SAVINJSKA,ROGATEC,Wooden Packaging (15 01 03),10.37
2022,SAVINJSKA,ROGAŠKA SLATINA,Bulky Municipal Waste (20 03 07),466.714
2022,SAVINJSKA,ROGAŠKA SLATINA,Non-hazardous Wood from Municipal Waste (20 01 38),25.101
2022,SAVINJSKA,ROGAŠKA SLATINA,Paper and Cardboard Packaging (15 01 01),89.153
2022,SAVINJSKA,ROGAŠKA SLATINA,Paper and Cardboard from Municipal Waste (20 01 01),79.678
2022,SAVINJSKA,ROGAŠKA SLATINA,Wooden Packaging (15 01 03),2.12
2022,SAVINJSKA,SLOVENSKE KONJICE,Bulky Municipal Waste (20 03 07),230.37
2022,SAVINJSKA,SLOVENSKE KONJICE,Non-hazardous Wood from Municipal Waste (20 01 38),586.75
2022,SAVINJSKA,SLOVENSKE KONJICE,Paper and Cardboard Packaging (15 01 01),150.35
2022,SAVINJSKA,SLOVENSKE KONJICE,Paper and Cardboard from Municipal Waste (20 01 01),283.216
2022,SAVINJSKA,SOLČAVA,Bulky Municipal Waste (20 03 07),14.402
2022,SAVINJSKA,SOLČAVA,Non-hazardous Wood from Municipal Waste (20 01 38),3.475
2022,SAVINJSKA,SOLČAVA,Paper and Cardboard Packaging (15 01 01),2.923
2022,SAVINJSKA,SOLČAVA,Paper and Cardboard from Municipal Waste (20 01 01),7.52
2022,SAVINJSKA,TABOR,Bulky Municipal Waste (20 03 07),120.638
2022,SAVINJSKA,TABOR,Non-hazardous Wood from Municipal Waste (20 01 38),28.563
2022,SAVINJSKA,TABOR,Paper and Cardboard Packaging (15 01 01),16.578
2022,SAVINJSKA,TABOR,Paper and Cardboard from Municipal Waste (20 01 01),50.455
2022,SAVINJSKA,VELENJE,Bulky Municipal Waste (20 03 07),582.667
2022,SAVINJSKA,VELENJE,Non-hazardous Wood from Municipal Waste (20 01 38),780.435
2022,SAVINJSKA,VELENJE,Paper and Cardboard Packaging (15 01 01),4190.192
2022,SAVINJSKA,VELENJE,Paper and Cardboard from Municipal Waste (20 01 01),812.638
2022,SAVINJSKA,VELENJE,Wooden Packaging (15 01 03),3400.185
2022,SAVINJSKA,VITANJE,Bulky Municipal Waste (20 03 07),43.41
2022,SAVINJSKA,VITANJE,Paper and Cardboard Packaging (15 01 01),11.26
2022,SAVINJSKA,VITANJE,Paper and Cardboard from Municipal Waste (20 01 01),13.173
2022,SAVINJSKA,VITANJE,Wooden Packaging (15 01 03),8.06
2022,SAVINJSKA,VOJNIK,Bulky Municipal Waste (20 03 07),744.087
2022,SAVINJSKA,VOJNIK,Non-hazardous Wood from Municipal Waste (20 01 38),159.236
2022,SAVINJSKA,VOJNIK,Paper and Cardboard Packaging (15 01 01),83.364
2022,SAVINJSKA,VOJNIK,Paper and Cardboard from Municipal Waste (20 01 01),201.143
2022,SAVINJSKA,VOJNIK,Wooden Packaging (15 01 03),0.48
2022,SAVINJSKA,VRANSKO,Bulky Municipal Waste (20 03 07),200.423
2022,SAVINJSKA,VRANSKO,Non-hazardous Wood from Municipal Waste (20 01 38),45.08
2022,SAVINJSKA,VRANSKO,Paper and Cardboard Packaging (15 01 01),27.724
2022,SAVINJSKA,VRANSKO,Paper and Cardboard from Municipal Waste (20 01 01),61.577
2022,SAVINJSKA,ZREČE,Bulky Municipal Waste (20 03 07),279.3
2022,SAVINJSKA,ZREČE,Non-hazardous Wood from Municipal Waste (20 01 38),97.98
2022,SAVINJSKA,ZREČE,Paper and Cardboard Packaging (15 01 01),42.27
2022,SAVINJSKA,ZREČE,Paper and Cardboard from Municipal Waste (20 01 01),50.19
2022,SAVINJSKA,ZREČE,Wooden Packaging (15 01 03),40.42
2022,SAVINJSKA,ŠENTJUR,Bulky Municipal Waste (20 03 07),900.817
2022,SAVINJSKA,ŠENTJUR,Non-hazardous Wood from Municipal Waste (20 01 38),276.836
2022,SAVINJSKA,ŠENTJUR,Paper and Cardboard Packaging (15 01 01),143.327
2022,SAVINJSKA,ŠENTJUR,Paper and Cardboard from Municipal Waste (20 01 01),248.355
2022,SAVINJSKA,ŠENTJUR,Wooden Packaging (15 01 03),0.4
2022,SAVINJSKA,ŠMARJE PRI JELŠAH,Bulky Municipal Waste (20 03 07),432.691
2022,SAVINJSKA,ŠMARJE PRI JELŠAH,Non-hazardous Wood from Municipal Waste (20 01 38),23.394
2022,SAVINJSKA,ŠMARJE PRI JELŠAH,Paper and Cardboard Packaging (15 01 01),245.567
2022,SAVINJSKA,ŠMARJE PRI JELŠAH,Paper and Cardboard from Municipal Waste (20 01 01),81.346
2022,SAVINJSKA,ŠMARTNO OB PAKI,Bulky Municipal Waste (20 03 07),54.128
2022,SAVINJSKA,ŠMARTNO OB PAKI,Non-hazardous Wood from Municipal Waste (20 01 38),74.322
2022,SAVINJSKA,ŠMARTNO OB PAKI,Paper and Cardboard Packaging (15 01 01),47.212
2022,SAVINJSKA,ŠMARTNO OB PAKI,Paper and Cardboard from Municipal Waste (20 01 01),166.721
2022,SAVINJSKA,ŠOŠTANJ,Bulky Municipal Waste (20 03 07),150.685
2022,SAVINJSKA,ŠOŠTANJ,Non-hazardous Wood from Municipal Waste (20 01 38),209.425
2022,SAVINJSKA,ŠOŠTANJ,Paper and Cardboard Packaging (15 01 01),148.662
2022,SAVINJSKA,ŠOŠTANJ,Paper and Cardboard from Municipal Waste (20 01 01),149.471
2022,SAVINJSKA,ŠOŠTANJ,Wooden Packaging (15 01 03),51.595
2022,SAVINJSKA,ŠTORE,Bulky Municipal Waste (20 03 07),212.063
2022,SAVINJSKA,ŠTORE,Non-hazardous Wood from Municipal Waste (20 01 38),62.802
2022,SAVINJSKA,ŠTORE,Paper and Cardboard Packaging (15 01 01),32.713
2022,SAVINJSKA,ŠTORE,Paper and Cardboard from Municipal Waste (20 01 01),148.713
2022,SAVINJSKA,ŠTORE,Wooden Packaging (15 01 03),7.94
2022,SAVINJSKA,ŽALEC,Bulky Municipal Waste (20 03 07),1377.646
2022,SAVINJSKA,ŽALEC,Non-hazardous Wood from Municipal Waste (20 01 38),540.101
2022,SAVINJSKA,ŽALEC,Paper and Cardboard Packaging (15 01 01),205.711
2022,SAVINJSKA,ŽALEC,Paper and Cardboard from Municipal Waste (20 01 01),272.98
2022,SAVINJSKA,ŽALEC,Wooden Packaging (15 01 03),27.56
2022,ZASAVSKA,HRASTNIK,Bulky Municipal Waste (20 03 07),245.78
2022,ZASAVSKA,HRASTNIK,Non-hazardous Wood from Municipal Waste (20 01 38),9.34
2022,ZASAVSKA,HRASTNIK,Paper and Cardboard Packaging (15 01 01),441.609
2022,ZASAVSKA,HRASTNIK,Paper and Cardboard from Municipal Waste (20 01 01),55.998
2022,ZASAVSKA,HRASTNIK,Wooden Packaging (15 01 03),805.205
2022,ZASAVSKA,LITIJA,Bulky Municipal Waste (20 03 07),403.53
2022,ZASAVSKA,LITIJA,Non-hazardous Wood from Municipal Waste (20 01 38),278.75
2022,ZASAVSKA,LITIJA,Paper and Cardboard Packaging (15 01 01),229.167
2022,ZASAVSKA,LITIJA,Paper and Cardboard from Municipal Waste (20 01 01),321.482
2022,ZASAVSKA,TRBOVLJE,Bulky Municipal Waste (20 03 07),366.76
2022,ZASAVSKA,TRBOVLJE,Non-hazardous Wood from Municipal Waste (20 01 38),610.866
2022,ZASAVSKA,TRBOVLJE,Paper and Cardboard Packaging (15 01 01),205.096
2022,ZASAVSKA,TRBOVLJE,Paper and Cardboard from Municipal Waste (20 01 01),160.917
2022,ZASAVSKA,ZAGORJE OB SAVI,Bulky Municipal Waste (20 03 07),116.26
2022,ZASAVSKA,ZAGORJE OB SAVI,Non-hazardous Wood from Municipal Waste (20 01 38),432.95
2022,ZASAVSKA,ZAGORJE OB SAVI,Paper and Cardboard Packaging (15 01 01),191.679
2022,ZASAVSKA,ZAGORJE OB SAVI,Paper and Cardboard from Municipal Waste (20 01 01),166.382
2023,GORENJSKA,BLED,Bulky Municipal Waste (20 03 07),205.66
2023,GORENJSKA,BLED,Non-hazardous Wood from Municipal Waste (20 01 38),420.15
2023,GORENJSKA,BLED,Paper and Cardboard Packaging (15 01 01),106.64800000000001
2023,GORENJSKA,BLED,Paper and Cardboard from Municipal Waste (20 01 01),344.679
2023,GORENJSKA,BOHINJ,Bulky Municipal Waste (20 03 07),239.57
2023,GORENJSKA,BOHINJ,Non-hazardous Wood from Municipal Waste (20 01 38),197.93
2023,GORENJSKA,BOHINJ,Paper and Cardboard Packaging (15 01 01),94.318
2023,GORENJSKA,BOHINJ,Paper and Cardboard from Municipal Waste (20 01 01),61.379000000000005
2023,GORENJSKA,CERKLJE NA GORENJSKEM,Bulky Municipal Waste (20 03 07),107.72
2023,GORENJSKA,CERKLJE NA GORENJSKEM,Non-hazardous Wood from Municipal Waste (20 01 38),247.42
2023,GORENJSKA,CERKLJE NA GORENJSKEM,Paper and Cardboard Packaging (15 01 01),218.155
2023,GORENJSKA,CERKLJE NA GORENJSKEM,Paper and Cardboard from Municipal Waste (20 01 01),8.601
2023,GORENJSKA,GORENJA VAS-POLJANE,Bulky Municipal Waste (20 03 07),254.9
2023,GORENJSKA,GORENJA VAS-POLJANE,Non-hazardous Wood from Municipal Waste (20 01 38),184.11
2023,GORENJSKA,GORENJA VAS-POLJANE,Paper and Cardboard Packaging (15 01 01),31.212
2023,GORENJSKA,GORENJA VAS-POLJANE,Paper and Cardboard from Municipal Waste (20 01 01),123.57199999999999
2023,GORENJSKA,GORJE,Bulky Municipal Waste (20 03 07),37.61
2023,GORENJSKA,GORJE,Non-hazardous Wood from Municipal Waste (20 01 38),140.05
2023,GORENJSKA,GORJE,Paper and Cardboard Packaging (15 01 01),20.24
2023,GORENJSKA,GORJE,Paper and Cardboard from Municipal Waste (20 01 01),64.301
2023,GORENJSKA,JESENICE,Bulky Municipal Waste (20 03 07),716.79
2023,GORENJSKA,JESENICE,Non-hazardous Wood from Municipal Waste (20 01 38),948.8
2023,GORENJSKA,JESENICE,Paper and Cardboard Packaging (15 01 01),129.06
2023,GORENJSKA,JESENICE,Paper and Cardboard from Municipal Waste (20 01 01),297.112
2023,GORENJSKA,JESENICE,Wooden Packaging (15 01 03),0.246
2023,GORENJSKA,JEZERSKO,Bulky Municipal Waste (20 03 07),41.7
2023,GORENJSKA,JEZERSKO,Non-hazardous Wood from Municipal Waste (20 01 38),25.12
2023,GORENJSKA,JEZERSKO,Paper and Cardboard Packaging (15 01 01),15.5
2023,GORENJSKA,JEZERSKO,Paper and Cardboard from Municipal Waste (20 01 01),9.697000000000001
2023,GORENJSKA,KRANJ,Bulky Municipal Waste (20 03 07),648.514
2023,GORENJSKA,KRANJ,Non-hazardous Wood from Municipal Waste (20 01 38),1280.53
2023,GORENJSKA,KRANJ,Paper and Cardboard Packaging (15 01 01),609.391
2023,GORENJSKA,KRANJ,Paper and Cardboard from Municipal Waste (20 01 01),332.949
2023,GORENJSKA,KRANJ,Wooden Packaging (15 01 03),17.55
2023,GORENJSKA,KRANJSKA GORA,Bulky Municipal Waste (20 03 07),294.32
2023,GORENJSKA,KRANJSKA GORA,Non-hazardous Wood from Municipal Waste (20 01 38),148.46
2023,GORENJSKA,KRANJSKA GORA,Paper and Cardboard Packaging (15 01 01),153.675
2023,GORENJSKA,KRANJSKA GORA,Paper and Cardboard from Municipal Waste (20 01 01),139.166
2023,GORENJSKA,NAKLO,Bulky Municipal Waste (20 03 07),30.141
2023,GORENJSKA,NAKLO,Non-hazardous Wood from Municipal Waste (20 01 38),90.08
2023,GORENJSKA,NAKLO,Paper and Cardboard Packaging (15 01 01),50.57
2023,GORENJSKA,NAKLO,Paper and Cardboard from Municipal Waste (20 01 01),43.545
2023,GORENJSKA,PREDDVOR,Bulky Municipal Waste (20 03 07),11.204
2023,GORENJSKA,PREDDVOR,Paper and Cardboard Packaging (15 01 01),39.254
2023,GORENJSKA,PREDDVOR,Paper and Cardboard from Municipal Waste (20 01 01),85.37
2023,GORENJSKA,RADOVLJICA,Bulky Municipal Waste (20 03 07),900.57
2023,GORENJSKA,RADOVLJICA,Non-hazardous Wood from Municipal Waste (20 01 38),670.57
2023,GORENJSKA,RADOVLJICA,Paper and Cardboard Packaging (15 01 01),286.84999999999997
2023,GORENJSKA,RADOVLJICA,Paper and Cardboard from Municipal Waste (20 01 01),374.763
2023,GORENJSKA,TRŽIČ,Bulky Municipal Waste (20 03 07),356.64
2023,GORENJSKA,TRŽIČ,Non-hazardous Wood from Municipal Waste (20 01 38),281.06
2023,GORENJSKA,TRŽIČ,Paper and Cardboard Packaging (15 01 01),198.307
2023,GORENJSKA,TRŽIČ,Paper and Cardboard from Municipal Waste (20 01 01),24.305
2023,GORENJSKA,ŠENČUR,Bulky Municipal Waste (20 03 07),52.68
2023,GORENJSKA,ŠENČUR,Non-hazardous Wood from Municipal Waste (20 01 38),185.2
2023,GORENJSKA,ŠENČUR,Paper and Cardboard Packaging (15 01 01),105.83200000000001
2023,GORENJSKA,ŠENČUR,Paper and Cardboard from Municipal Waste (20 01 01),79.441
2023,GORENJSKA,ŠENČUR,Wooden Packaging (15 01 03),1.9
2023,GORENJSKA,ŠKOFJA LOKA,Bulky Municipal Waste (20 03 07),976.41
2023,GORENJSKA,ŠKOFJA LOKA,Non-hazardous Wood from Municipal Waste (20 01 38),36.34
2023,GORENJSKA,ŠKOFJA LOKA,Paper and Cardboard Packaging (15 01 01),378.264
2023,GORENJSKA,ŠKOFJA LOKA,Paper and Cardboard from Municipal Waste (20 01 01),1505.3
2023,GORENJSKA,ŠKOFJA LOKA,Wooden Packaging (15 01 03),70.462
2023,GORENJSKA,ŽELEZNIKI,Bulky Municipal Waste (20 03 07),100.2
2023,GORENJSKA,ŽELEZNIKI,Paper and Cardboard Packaging (15 01 01),49.182
2023,GORENJSKA,ŽELEZNIKI,Paper and Cardboard from Municipal Waste (20 01 01),45.282000000000004
2023,GORENJSKA,ŽIRI,Bulky Municipal Waste (20 03 07),55.76
2023,GORENJSKA,ŽIRI,Non-hazardous Wood from Municipal Waste (20 01 38),136.12
2023,GORENJSKA,ŽIRI,Paper and Cardboard Packaging (15 01 01),13.195
2023,GORENJSKA,ŽIRI,Paper and Cardboard from Municipal Waste (20 01 01),194.951
2023,GORENJSKA,ŽIROVNICA,Bulky Municipal Waste (20 03 07),240
2023,GORENJSKA,ŽIROVNICA,Non-hazardous Wood from Municipal Waste (20 01 38),237.2
2023,GORENJSKA,ŽIROVNICA,Paper and Cardboard Packaging (15 01 01),32.262
2023,GORENJSKA,ŽIROVNICA,Paper and Cardboard from Municipal Waste (20 01 01),68.54299999999999
2023,GORIŠKA,AJDOVŠČINA,Bulky Municipal Waste (20 03 07),91.69
2023,GORIŠKA,AJDOVŠČINA,Non-hazardous Wood from Municipal Waste (20 01 38),589.82
2023,GORIŠKA,AJDOVŠČINA,Paper and Cardboard Packaging (15 01 01),252.22
2023,GORIŠKA,AJDOVŠČINA,Paper and Cardboard from Municipal Waste (20 01 01),406.09999999999997
2023,GORIŠKA,AJDOVŠČINA,Wooden Packaging (15 01 03),22.739
2023,GORIŠKA,BOVEC,Bulky Municipal Waste (20 03 07),68.32
2023,GORIŠKA,BOVEC,Non-hazardous Wood from Municipal Waste (20 01 38),136.097
2023,GORIŠKA,BOVEC,Paper and Cardboard Packaging (15 01 01),50.331999999999994
2023,GORIŠKA,BOVEC,Paper and Cardboard from Municipal Waste (20 01 01),90.606
2023,GORIŠKA,BRDA,Bulky Municipal Waste (20 03 07),286.705
2023,GORIŠKA,BRDA,Non-hazardous Wood from Municipal Waste (20 01 38),246.685
2023,GORIŠKA,BRDA,Paper and Cardboard Packaging (15 01 01),104.028
2023,GORIŠKA,BRDA,Paper and Cardboard from Municipal Waste (20 01 01),116.127
2023,GORIŠKA,CERKNO,Bulky Municipal Waste (20 03 07),140.395
2023,GORIŠKA,CERKNO,Non-hazardous Wood from Municipal Waste (20 01 38),92.742
2023,GORIŠKA,CERKNO,Paper and Cardboard Packaging (15 01 01),55.333
2023,GORIŠKA,CERKNO,Paper and Cardboard from Municipal Waste (20 01 01),0.41
2023,GORIŠKA,IDRIJA,Bulky Municipal Waste (20 03 07),423.085
2023,GORIŠKA,IDRIJA,Non-hazardous Wood from Municipal Waste (20 01 38),275.548
2023,GORIŠKA,IDRIJA,Paper and Cardboard Packaging (15 01 01),197.898
2023,GORIŠKA,IDRIJA,Paper and Cardboard from Municipal Waste (20 01 01),292.438
2023,GORIŠKA,IDRIJA,Wooden Packaging (15 01 03),36.701
2023,GORIŠKA,KANAL,Bulky Municipal Waste (20 03 07),250.239
2023,GORIŠKA,KANAL,Non-hazardous Wood from Municipal Waste (20 01 38),205.97
2023,GORIŠKA,KANAL,Paper and Cardboard Packaging (15 01 01),33.075
2023,GORIŠKA,KANAL,Paper and Cardboard from Municipal Waste (20 01 01),83.988
2023,GORIŠKA,KANAL,Wooden Packaging (15 01 03),51.85
2023,GORIŠKA,KOBARID,Bulky Municipal Waste (20 03 07),60.437
2023,GORIŠKA,KOBARID,Non-hazardous Wood from Municipal Waste (20 01 38),120.393
2023,GORIŠKA,KOBARID,Paper and Cardboard Packaging (15 01 01),44.167
2023,GORIŠKA,KOBARID,Paper and Cardboard from Municipal Waste (20 01 01),81.057
2023,GORIŠKA,KOBARID,Wooden Packaging (15 01 03),3.64
2023,GORIŠKA,MIREN-KOSTANJEVICA,Bulky Municipal Waste (20 03 07),219.115
2023,GORIŠKA,MIREN-KOSTANJEVICA,Non-hazardous Wood from Municipal Waste (20 01 38),178.959
2023,GORIŠKA,MIREN-KOSTANJEVICA,Paper and Cardboard Packaging (15 01 01),190.78300000000002
2023,GORIŠKA,MIREN-KOSTANJEVICA,Paper and Cardboard from Municipal Waste (20 01 01),171.62300000000002
2023,GORIŠKA,MIREN-KOSTANJEVICA,Wooden Packaging (15 01 03),0.12
2023,GORIŠKA,NOVA GORICA,Bulky Municipal Waste (20 03 07),860.733
2023,GORIŠKA,NOVA GORICA,Non-hazardous Wood from Municipal Waste (20 01 38),923.39
2023,GORIŠKA,NOVA GORICA,Paper and Cardboard Packaging (15 01 01),738.157
2023,GORIŠKA,NOVA GORICA,Paper and Cardboard from Municipal Waste (20 01 01),780.417
2023,GORIŠKA,NOVA GORICA,Wooden Packaging (15 01 03),70.12400000000001
2023,GORIŠKA,RENČE-VOGRSKO,Bulky Municipal Waste (20 03 07),134.538
2023,GORIŠKA,RENČE-VOGRSKO,Non-hazardous Wood from Municipal Waste (20 01 38),113.196
2023,GORIŠKA,RENČE-VOGRSKO,Paper and Cardboard Packaging (15 01 01),33.873000000000005
2023,GORIŠKA,RENČE-VOGRSKO,Paper and Cardboard from Municipal Waste (20 01 01),72.67
2023,GORIŠKA,RENČE-VOGRSKO,Wooden Packaging (15 01 03),17.060000000000002
2023,GORIŠKA,TOLMIN,Bulky Municipal Waste (20 03 07),134.013
2023,GORIŠKA,TOLMIN,Non-hazardous Wood from Municipal Waste (20 01 38),266.96
2023,GORIŠKA,TOLMIN,Paper and Cardboard Packaging (15 01 01),129.624
2023,GORIŠKA,TOLMIN,Paper and Cardboard from Municipal Waste (20 01 01),578.646
2023,GORIŠKA,TOLMIN,Wooden Packaging (15 01 03),17.32
2023,GORIŠKA,VIPAVA,Bulky Municipal Waste (20 03 07),29.2
2023,GORIŠKA,VIPAVA,Non-hazardous Wood from Municipal Waste (20 01 38),154.79
2023,GORIŠKA,VIPAVA,Paper and Cardboard Packaging (15 01 01),60.77
2023,GORIŠKA,VIPAVA,Paper and Cardboard from Municipal Waste (20 01 01),126.731
2023,GORIŠKA,VIPAVA,Wooden Packaging (15 01 03),5.441
2023,GORIŠKA,ŠEMPETER-VRTOJBA,Bulky Municipal Waste (20 03 07),69.66
2023,GORIŠKA,ŠEMPETER-VRTOJBA,Non-hazardous Wood from Municipal Waste (20 01 38),188.8
2023,GORIŠKA,ŠEMPETER-VRTOJBA,Paper and Cardboard Packaging (15 01 01),282.278
2023,GORIŠKA,ŠEMPETER-VRTOJBA,Paper and Cardboard from Municipal Waste (20 01 01),112.862
2023,GORIŠKA,ŠEMPETER-VRTOJBA,Wooden Packaging (15 01 03),3.659
2023,JUGOVZHODNA SLOVENIJA,DOLENJSKE TOPLICE,Bulky Municipal Waste (20 03 07),85.101
2023,JUGOVZHODNA SLOVENIJA,DOLENJSKE TOPLICE,Paper and Cardboard Packaging (15 01 01),46.408
2023,JUGOVZHODNA SLOVENIJA,DOLENJSKE TOPLICE,Paper and Cardboard from Municipal Waste (20 01 01),30.729999999999997
2023,JUGOVZHODNA SLOVENIJA,KOSTEL,Bulky Municipal Waste (20 03 07),36.22
2023,JUGOVZHODNA SLOVENIJA,KOSTEL,Non-hazardous Wood from Municipal Waste (20 01 38),13.04
2023,JUGOVZHODNA SLOVENIJA,KOSTEL,Paper and Cardboard Packaging (15 01 01),16.8
2023,JUGOVZHODNA SLOVENIJA,KOSTEL,Paper and Cardboard from Municipal Waste (20 01 01),91.01700000000001
2023,JUGOVZHODNA SLOVENIJA,KOČEVJE,Bulky Municipal Waste (20 03 07),724.57
2023,JUGOVZHODNA SLOVENIJA,KOČEVJE,Non-hazardous Wood from Municipal Waste (20 01 38),382.2
2023,JUGOVZHODNA SLOVENIJA,KOČEVJE,Paper and Cardboard Packaging (15 01 01),224.722
2023,JUGOVZHODNA SLOVENIJA,KOČEVJE,Paper and Cardboard from Municipal Waste (20 01 01),133.329
2023,JUGOVZHODNA SLOVENIJA,LOŠKI POTOK,Bulky Municipal Waste (20 03 07),46.283
2023,JUGOVZHODNA SLOVENIJA,LOŠKI POTOK,Non-hazardous Wood from Municipal Waste (20 01 38),50.131
2023,JUGOVZHODNA SLOVENIJA,LOŠKI POTOK,Paper and Cardboard Packaging (15 01 01),22.964
2023,JUGOVZHODNA SLOVENIJA,LOŠKI POTOK,Paper and Cardboard from Municipal Waste (20 01 01),8.71
2023,JUGOVZHODNA SLOVENIJA,METLIKA,Bulky Municipal Waste (20 03 07),287.6
2023,JUGOVZHODNA SLOVENIJA,METLIKA,Non-hazardous Wood from Municipal Waste (20 01 38),344.14
2023,JUGOVZHODNA SLOVENIJA,METLIKA,Paper and Cardboard Packaging (15 01 01),180.41899999999998
2023,JUGOVZHODNA SLOVENIJA,METLIKA,Paper and Cardboard from Municipal Waste (20 01 01),7.789
2023,JUGOVZHODNA SLOVENIJA,MIRNA,Bulky Municipal Waste (20 03 07),29.358
2023,JUGOVZHODNA SLOVENIJA,MIRNA,Non-hazardous Wood from Municipal Waste (20 01 38),59.227000000000004
2023,JUGOVZHODNA SLOVENIJA,MIRNA,Paper and Cardboard Packaging (15 01 01),38.601
2023,JUGOVZHODNA SLOVENIJA,MIRNA,Paper and Cardboard from Municipal Waste (20 01 01),4.995
2023,JUGOVZHODNA SLOVENIJA,MIRNA PEČ,Bulky Municipal Waste (20 03 07),72.961
2023,JUGOVZHODNA SLOVENIJA,MIRNA PEČ,Paper and Cardboard Packaging (15 01 01),37.49
2023,JUGOVZHODNA SLOVENIJA,MIRNA PEČ,Paper and Cardboard from Municipal Waste (20 01 01),59.105999999999995
2023,JUGOVZHODNA SLOVENIJA,MOKRONOG-TREBELNO,Bulky Municipal Waste (20 03 07),35.975
2023,JUGOVZHODNA SLOVENIJA,MOKRONOG-TREBELNO,Non-hazardous Wood from Municipal Waste (20 01 38),72.577
2023,JUGOVZHODNA SLOVENIJA,MOKRONOG-TREBELNO,Paper and Cardboard Packaging (15 01 01),59.062999999999995
2023,JUGOVZHODNA SLOVENIJA,MOKRONOG-TREBELNO,Paper and Cardboard from Municipal Waste (20 01 01),40.433
2023,JUGOVZHODNA SLOVENIJA,NOVO MESTO,Bulky Municipal Waste (20 03 07),891.915
2023,JUGOVZHODNA SLOVENIJA,NOVO MESTO,Non-hazardous Wood from Municipal Waste (20 01 38),846.9
2023,JUGOVZHODNA SLOVENIJA,NOVO MESTO,Paper and Cardboard Packaging (15 01 01),537.495
2023,JUGOVZHODNA SLOVENIJA,NOVO MESTO,Paper and Cardboard from Municipal Waste (20 01 01),144.23999999999998
2023,JUGOVZHODNA SLOVENIJA,OSILNICA,Bulky Municipal Waste (20 03 07),5.32
2023,JUGOVZHODNA SLOVENIJA,OSILNICA,Paper and Cardboard from Municipal Waste (20 01 01),11.626
2023,JUGOVZHODNA SLOVENIJA,RIBNICA,Bulky Municipal Waste (20 03 07),327.687
2023,JUGOVZHODNA SLOVENIJA,RIBNICA,Non-hazardous Wood from Municipal Waste (20 01 38),214.555
2023,JUGOVZHODNA SLOVENIJA,RIBNICA,Paper and Cardboard Packaging (15 01 01),100.167
2023,JUGOVZHODNA SLOVENIJA,RIBNICA,Paper and Cardboard from Municipal Waste (20 01 01),40.324
2023,JUGOVZHODNA SLOVENIJA,RIBNICA,Wooden Packaging (15 01 03),0.3
2023,JUGOVZHODNA SLOVENIJA,SEMIČ,Bulky Municipal Waste (20 03 07),148.815
2023,JUGOVZHODNA SLOVENIJA,SEMIČ,Non-hazardous Wood from Municipal Waste (20 01 38),74.806
2023,JUGOVZHODNA SLOVENIJA,SEMIČ,Paper and Cardboard Packaging (15 01 01),38.111
2023,JUGOVZHODNA SLOVENIJA,SEMIČ,Paper and Cardboard from Municipal Waste (20 01 01),61.145
2023,JUGOVZHODNA SLOVENIJA,SODRAŽICA,Bulky Municipal Waste (20 03 07),56.97
2023,JUGOVZHODNA SLOVENIJA,SODRAŽICA,Non-hazardous Wood from Municipal Waste (20 01 38),50.604
2023,JUGOVZHODNA SLOVENIJA,SODRAŽICA,Paper and Cardboard Packaging (15 01 01),23.181
2023,JUGOVZHODNA SLOVENIJA,SODRAŽICA,Paper and Cardboard from Municipal Waste (20 01 01),17.999000000000002
2023,JUGOVZHODNA SLOVENIJA,STRAŽA,Bulky Municipal Waste (20 03 07),92.025
2023,JUGOVZHODNA SLOVENIJA,STRAŽA,Paper and Cardboard Packaging (15 01 01),45.888
2023,JUGOVZHODNA SLOVENIJA,STRAŽA,Paper and Cardboard from Municipal Waste (20 01 01),13.745000000000001
2023,JUGOVZHODNA SLOVENIJA,TREBNJE,Bulky Municipal Waste (20 03 07),131.734
2023,JUGOVZHODNA SLOVENIJA,TREBNJE,Non-hazardous Wood from Municipal Waste (20 01 38),245.791
2023,JUGOVZHODNA SLOVENIJA,TREBNJE,Paper and Cardboard Packaging (15 01 01),160.196
2023,JUGOVZHODNA SLOVENIJA,TREBNJE,Paper and Cardboard from Municipal Waste (20 01 01),17.805
2023,JUGOVZHODNA SLOVENIJA,TREBNJE,Wooden Packaging (15 01 03),2.34
2023,JUGOVZHODNA SLOVENIJA,ČRNOMELJ,Bulky Municipal Waste (20 03 07),466.885
2023,JUGOVZHODNA SLOVENIJA,ČRNOMELJ,Non-hazardous Wood from Municipal Waste (20 01 38),234.694
2023,JUGOVZHODNA SLOVENIJA,ČRNOMELJ,Paper and Cardboard Packaging (15 01 01),127.523
2023,JUGOVZHODNA SLOVENIJA,ČRNOMELJ,Paper and Cardboard from Municipal Waste (20 01 01),81.04599999999999
2023,JUGOVZHODNA SLOVENIJA,ČRNOMELJ,Wooden Packaging (15 01 03),19.28
2023,JUGOVZHODNA SLOVENIJA,ŠENTJERNEJ,Bulky Municipal Waste (20 03 07),171.839
2023,JUGOVZHODNA SLOVENIJA,ŠENTJERNEJ,Non-hazardous Wood from Municipal Waste (20 01 38),204.74
2023,JUGOVZHODNA SLOVENIJA,ŠENTJERNEJ,Paper and Cardboard Packaging (15 01 01),91.949
2023,JUGOVZHODNA SLOVENIJA,ŠENTJERNEJ,Paper and Cardboard from Municipal Waste (20 01 01),68.914
2023,JUGOVZHODNA SLOVENIJA,ŠENTRUPERT,Bulky Municipal Waste (20 03 07),29.813
2023,JUGOVZHODNA SLOVENIJA,ŠENTRUPERT,Non-hazardous Wood from Municipal Waste (20 01 38),60.145
2023,JUGOVZHODNA SLOVENIJA,ŠENTRUPERT,Paper and Cardboard Packaging (15 01 01),55.59
2023,JUGOVZHODNA SLOVENIJA,ŠENTRUPERT,Paper and Cardboard from Municipal Waste (20 01 01),3.844
2023,JUGOVZHODNA SLOVENIJA,ŠENTRUPERT,Wooden Packaging (15 01 03),6.48
2023,JUGOVZHODNA SLOVENIJA,ŠKOCJAN,Bulky Municipal Waste (20 03 07),81.07
2023,JUGOVZHODNA SLOVENIJA,ŠKOCJAN,Paper and Cardboard Packaging (15 01 01),51.318
2023,JUGOVZHODNA SLOVENIJA,ŠKOCJAN,Paper and Cardboard from Municipal Waste (20 01 01),38.804
2023,JUGOVZHODNA SLOVENIJA,ŠMARJEŠKE TOPLICE,Bulky Municipal Waste (20 03 07),83.513
2023,JUGOVZHODNA SLOVENIJA,ŠMARJEŠKE TOPLICE,Paper and Cardboard Packaging (15 01 01),42.425
2023,JUGOVZHODNA SLOVENIJA,ŠMARJEŠKE TOPLICE,Paper and Cardboard from Municipal Waste (20 01 01),11.811
2023,JUGOVZHODNA SLOVENIJA,ŽUŽEMBERK,Bulky Municipal Waste (20 03 07),111.896
2023,JUGOVZHODNA SLOVENIJA,ŽUŽEMBERK,Non-hazardous Wood from Municipal Waste (20 01 38),219.71
2023,JUGOVZHODNA SLOVENIJA,ŽUŽEMBERK,Paper and Cardboard Packaging (15 01 01),60.988
2023,JUGOVZHODNA SLOVENIJA,ŽUŽEMBERK,Paper and Cardboard from Municipal Waste (20 01 01),15.382000000000001
2023,KOROŠKA,DRAVOGRAD,Bulky Municipal Waste (20 03 07),444.975
2023,KOROŠKA,DRAVOGRAD,Non-hazardous Wood from Municipal Waste (20 01 38),20.9
2023,KOROŠKA,DRAVOGRAD,Paper and Cardboard Packaging (15 01 01),192.63600000000002
2023,KOROŠKA,DRAVOGRAD,Paper and Cardboard from Municipal Waste (20 01 01),109.22399999999999
2023,KOROŠKA,DRAVOGRAD,Wooden Packaging (15 01 03),11.44
2023,KOROŠKA,MEŽICA,Bulky Municipal Waste (20 03 07),281.533
2023,KOROŠKA,MEŽICA,Paper and Cardboard Packaging (15 01 01),25.694000000000003
2023,KOROŠKA,MEŽICA,Paper and Cardboard from Municipal Waste (20 01 01),46.739000000000004
2023,KOROŠKA,MISLINJA,Bulky Municipal Waste (20 03 07),201.566
2023,KOROŠKA,MISLINJA,Paper and Cardboard Packaging (15 01 01),24.32
2023,KOROŠKA,MISLINJA,Paper and Cardboard from Municipal Waste (20 01 01),411.446
2023,KOROŠKA,MUTA,Bulky Municipal Waste (20 03 07),66.972
2023,KOROŠKA,MUTA,Paper and Cardboard Packaging (15 01 01),64.646
2023,KOROŠKA,MUTA,Paper and Cardboard from Municipal Waste (20 01 01),5.112
2023,KOROŠKA,MUTA,Wooden Packaging (15 01 03),38.7
2023,KOROŠKA,PODVELKA,Bulky Municipal Waste (20 03 07),45.167
2023,KOROŠKA,PODVELKA,Non-hazardous Wood from Municipal Waste (20 01 38),28.48
2023,KOROŠKA,PODVELKA,Paper and Cardboard Packaging (15 01 01),16.967
2023,KOROŠKA,PODVELKA,Paper and Cardboard from Municipal Waste (20 01 01),10.842
2023,KOROŠKA,PREVALJE,Bulky Municipal Waste (20 03 07),1152.581
2023,KOROŠKA,PREVALJE,Paper and Cardboard Packaging (15 01 01),203.79299999999998
2023,KOROŠKA,PREVALJE,Paper and Cardboard from Municipal Waste (20 01 01),78.287
2023,KOROŠKA,PREVALJE,Wooden Packaging (15 01 03),60.986
2023,KOROŠKA,RADLJE OB DRAVI,Bulky Municipal Waste (20 03 07),143.485
2023,KOROŠKA,RADLJE OB DRAVI,Paper and Cardboard Packaging (15 01 01),117.438
2023,KOROŠKA,RADLJE OB DRAVI,Paper and Cardboard from Municipal Waste (20 01 01),18.043
2023,KOROŠKA,RAVNE NA KOROŠKEM,Bulky Municipal Waste (20 03 07),795.575
2023,KOROŠKA,RAVNE NA KOROŠKEM,Non-hazardous Wood from Municipal Waste (20 01 38),46.1
2023,KOROŠKA,RAVNE NA KOROŠKEM,Paper and Cardboard Packaging (15 01 01),159.013
2023,KOROŠKA,RAVNE NA KOROŠKEM,Paper and Cardboard from Municipal Waste (20 01 01),202.706
2023,KOROŠKA,RAVNE NA KOROŠKEM,Wooden Packaging (15 01 03),132.28
2023,KOROŠKA,RIBNICA NA POHORJU,Bulky Municipal Waste (20 03 07),18.69
2023,KOROŠKA,RIBNICA NA POHORJU,Paper and Cardboard Packaging (15 01 01),3.578
2023,KOROŠKA,RIBNICA NA POHORJU,Paper and Cardboard from Municipal Waste (20 01 01),6.975
2023,KOROŠKA,SLOVENJ GRADEC,Bulky Municipal Waste (20 03 07),859.194
2023,KOROŠKA,SLOVENJ GRADEC,Paper and Cardboard Packaging (15 01 01),150.68
2023,KOROŠKA,SLOVENJ GRADEC,Paper and Cardboard from Municipal Waste (20 01 01),194.201
2023,KOROŠKA,SLOVENJ GRADEC,Wooden Packaging (15 01 03),1.96
2023,KOROŠKA,VUZENICA,Bulky Municipal Waste (20 03 07),49.365
2023,KOROŠKA,VUZENICA,Paper and Cardboard Packaging (15 01 01),16.006999999999998
2023,KOROŠKA,VUZENICA,Paper and Cardboard from Municipal Waste (20 01 01),10.157
2023,KOROŠKA,ČRNA NA KOROŠKEM,Bulky Municipal Waste (20 03 07),594.551
2023,KOROŠKA,ČRNA NA KOROŠKEM,Paper and Cardboard Packaging (15 01 01),351.124
2023,KOROŠKA,ČRNA NA KOROŠKEM,Paper and Cardboard from Municipal Waste (20 01 01),50.986999999999995
2023,KOROŠKA,ČRNA NA KOROŠKEM,Wooden Packaging (15 01 03),309.68
2023,OBALNO-KRAŠKA,ANKARAN,Bulky Municipal Waste (20 03 07),21.356
2023,OBALNO-KRAŠKA,ANKARAN,Non-hazardous Wood from Municipal Waste (20 01 38),70.722
2023,OBALNO-KRAŠKA,ANKARAN,Paper and Cardboard Packaging (15 01 01),46.5
2023,OBALNO-KRAŠKA,ANKARAN,Paper and Cardboard from Municipal Waste (20 01 01),115.757
2023,OBALNO-KRAŠKA,DIVAČA,Bulky Municipal Waste (20 03 07),20.473
2023,OBALNO-KRAŠKA,DIVAČA,Non-hazardous Wood from Municipal Waste (20 01 38),91.39
2023,OBALNO-KRAŠKA,DIVAČA,Paper and Cardboard Packaging (15 01 01),55.306
2023,OBALNO-KRAŠKA,DIVAČA,Paper and Cardboard from Municipal Waste (20 01 01),122.842
2023,OBALNO-KRAŠKA,HRPELJE-KOZINA,Bulky Municipal Waste (20 03 07),23.701
2023,OBALNO-KRAŠKA,HRPELJE-KOZINA,Non-hazardous Wood from Municipal Waste (20 01 38),105.799
2023,OBALNO-KRAŠKA,HRPELJE-KOZINA,Paper and Cardboard Packaging (15 01 01),64.026
2023,OBALNO-KRAŠKA,HRPELJE-KOZINA,Paper and Cardboard from Municipal Waste (20 01 01),143.22
2023,OBALNO-KRAŠKA,IZOLA,Bulky Municipal Waste (20 03 07),288.12
2023,OBALNO-KRAŠKA,IZOLA,Non-hazardous Wood from Municipal Waste (20 01 38),629.72
2023,OBALNO-KRAŠKA,IZOLA,Paper and Cardboard Packaging (15 01 01),232.715
2023,OBALNO-KRAŠKA,IZOLA,Paper and Cardboard from Municipal Waste (20 01 01),358.132
2023,OBALNO-KRAŠKA,KOMEN,Bulky Municipal Waste (20 03 07),16.999
2023,OBALNO-KRAŠKA,KOMEN,Non-hazardous Wood from Municipal Waste (20 01 38),75.884
2023,OBALNO-KRAŠKA,KOMEN,Paper and Cardboard Packaging (15 01 01),45.922
2023,OBALNO-KRAŠKA,KOMEN,Paper and Cardboard from Municipal Waste (20 01 01),497.52799999999996
2023,OBALNO-KRAŠKA,KOPER,Bulky Municipal Waste (20 03 07),557.314
2023,OBALNO-KRAŠKA,KOPER,Non-hazardous Wood from Municipal Waste (20 01 38),1697.338
2023,OBALNO-KRAŠKA,KOPER,Paper and Cardboard Packaging (15 01 01),641.439
2023,OBALNO-KRAŠKA,KOPER,Paper and Cardboard from Municipal Waste (20 01 01),994.086
2023,OBALNO-KRAŠKA,KOPER,Wooden Packaging (15 01 03),1523.04
2023,OBALNO-KRAŠKA,PIRAN,Bulky Municipal Waste (20 03 07),1252.2
2023,OBALNO-KRAŠKA,PIRAN,Non-hazardous Wood from Municipal Waste (20 01 38),962.45
2023,OBALNO-KRAŠKA,PIRAN,Paper and Cardboard Packaging (15 01 01),493.335
2023,OBALNO-KRAŠKA,PIRAN,Paper and Cardboard from Municipal Waste (20 01 01),203.495
2023,OBALNO-KRAŠKA,SEŽANA,Bulky Municipal Waste (20 03 07),61.567
2023,OBALNO-KRAŠKA,SEŽANA,Non-hazardous Wood from Municipal Waste (20 01 38),274.827
2023,OBALNO-KRAŠKA,SEŽANA,Paper and Cardboard Packaging (15 01 01),166.315
2023,OBALNO-KRAŠKA,SEŽANA,Paper and Cardboard from Municipal Waste (20 01 01),461.27799999999996
2023,OSREDNJESLOVENSKA,BOROVNICA,Bulky Municipal Waste (20 03 07),73.348
2023,OSREDNJESLOVENSKA,BOROVNICA,Non-hazardous Wood from Municipal Waste (20 01 38),108.221
2023,OSREDNJESLOVENSKA,BOROVNICA,Paper and Cardboard Packaging (15 01 01),33.961
2023,OSREDNJESLOVENSKA,BOROVNICA,Paper and Cardboard from Municipal Waste (20 01 01),186.327
2023,OSREDNJESLOVENSKA,BREZOVICA,Bulky Municipal Waste (20 03 07),216.19299999999998
2023,OSREDNJESLOVENSKA,BREZOVICA,Non-hazardous Wood from Municipal Waste (20 01 38),100.78
2023,OSREDNJESLOVENSKA,BREZOVICA,Paper and Cardboard Packaging (15 01 01),206.31
2023,OSREDNJESLOVENSKA,BREZOVICA,Paper and Cardboard from Municipal Waste (20 01 01),53.384
2023,OSREDNJESLOVENSKA,BREZOVICA,Wooden Packaging (15 01 03),1.84
2023,OSREDNJESLOVENSKA,DOBREPOLJE,Bulky Municipal Waste (20 03 07),50.087
2023,OSREDNJESLOVENSKA,DOBREPOLJE,Non-hazardous Wood from Municipal Waste (20 01 38),15.659
2023,OSREDNJESLOVENSKA,DOBREPOLJE,Paper and Cardboard Packaging (15 01 01),18.77
2023,OSREDNJESLOVENSKA,DOBREPOLJE,Paper and Cardboard from Municipal Waste (20 01 01),78.262
2023,OSREDNJESLOVENSKA,DOBREPOLJE,Wooden Packaging (15 01 03),1.53
2023,OSREDNJESLOVENSKA,DOBROVA-POLHOV GRADEC,Bulky Municipal Waste (20 03 07),72.66
2023,OSREDNJESLOVENSKA,DOBROVA-POLHOV GRADEC,Paper and Cardboard Packaging (15 01 01),83.49199999999999
2023,OSREDNJESLOVENSKA,DOBROVA-POLHOV GRADEC,Paper and Cardboard from Municipal Waste (20 01 01),26.811
2023,OSREDNJESLOVENSKA,DOL PRI LJUBLJANI,Bulky Municipal Waste (20 03 07),82.6
2023,OSREDNJESLOVENSKA,DOL PRI LJUBLJANI,Paper and Cardboard Packaging (15 01 01),130.017
2023,OSREDNJESLOVENSKA,DOL PRI LJUBLJANI,Paper and Cardboard from Municipal Waste (20 01 01),372.363
2023,OSREDNJESLOVENSKA,DOL PRI LJUBLJANI,Wooden Packaging (15 01 03),24.84
2023,OSREDNJESLOVENSKA,DOMŽALE,Bulky Municipal Waste (20 03 07),3216.81
2023,OSREDNJESLOVENSKA,DOMŽALE,Non-hazardous Wood from Municipal Waste (20 01 38),1554.769
2023,OSREDNJESLOVENSKA,DOMŽALE,Paper and Cardboard Packaging (15 01 01),703.2180000000001
2023,OSREDNJESLOVENSKA,DOMŽALE,Paper and Cardboard from Municipal Waste (20 01 01),968.393
2023,OSREDNJESLOVENSKA,DOMŽALE,Wooden Packaging (15 01 03),195.26
2023,OSREDNJESLOVENSKA,GROSUPLJE,Bulky Municipal Waste (20 03 07),340.279
2023,OSREDNJESLOVENSKA,GROSUPLJE,Non-hazardous Wood from Municipal Waste (20 01 38),494.656
2023,OSREDNJESLOVENSKA,GROSUPLJE,Paper and Cardboard Packaging (15 01 01),238.193
2023,OSREDNJESLOVENSKA,GROSUPLJE,Paper and Cardboard from Municipal Waste (20 01 01),586.058
2023,OSREDNJESLOVENSKA,GROSUPLJE,Wooden Packaging (15 01 03),87.952
2023,OSREDNJESLOVENSKA,HORJUL,Bulky Municipal Waste (20 03 07),34.24
2023,OSREDNJESLOVENSKA,HORJUL,Paper and Cardboard Packaging (15 01 01),54.498000000000005
2023,OSREDNJESLOVENSKA,HORJUL,Paper and Cardboard from Municipal Waste (20 01 01),0.302
2023,OSREDNJESLOVENSKA,IG,Bulky Municipal Waste (20 03 07),196.52
2023,OSREDNJESLOVENSKA,IG,Non-hazardous Wood from Municipal Waste (20 01 38),94.42
2023,OSREDNJESLOVENSKA,IG,Paper and Cardboard Packaging (15 01 01),205.283
2023,OSREDNJESLOVENSKA,IG,Paper and Cardboard from Municipal Waste (20 01 01),375.604
2023,OSREDNJESLOVENSKA,IG,Wooden Packaging (15 01 03),25.02
2023,OSREDNJESLOVENSKA,IVANČNA GORICA,Bulky Municipal Waste (20 03 07),233.794
2023,OSREDNJESLOVENSKA,IVANČNA GORICA,Non-hazardous Wood from Municipal Waste (20 01 38),217.605
2023,OSREDNJESLOVENSKA,IVANČNA GORICA,Paper and Cardboard Packaging (15 01 01),140.474
2023,OSREDNJESLOVENSKA,IVANČNA GORICA,Paper and Cardboard from Municipal Waste (20 01 01),318.325
2023,OSREDNJESLOVENSKA,IVANČNA GORICA,Wooden Packaging (15 01 03),63.757999999999996
2023,OSREDNJESLOVENSKA,KAMNIK,Bulky Municipal Waste (20 03 07),2378.43
2023,OSREDNJESLOVENSKA,KAMNIK,Non-hazardous Wood from Municipal Waste (20 01 38),673.9300000000001
2023,OSREDNJESLOVENSKA,KAMNIK,Paper and Cardboard Packaging (15 01 01),392.828
2023,OSREDNJESLOVENSKA,KAMNIK,Paper and Cardboard from Municipal Waste (20 01 01),1417.2569999999998
2023,OSREDNJESLOVENSKA,KAMNIK,Wooden Packaging (15 01 03),114.22999999999999
2023,OSREDNJESLOVENSKA,KOMENDA,Bulky Municipal Waste (20 03 07),1361.95
2023,OSREDNJESLOVENSKA,KOMENDA,Non-hazardous Wood from Municipal Waste (20 01 38),312.78
2023,OSREDNJESLOVENSKA,KOMENDA,Paper and Cardboard Packaging (15 01 01),56.556
2023,OSREDNJESLOVENSKA,KOMENDA,Paper and Cardboard from Municipal Waste (20 01 01),351.683
2023,OSREDNJESLOVENSKA,KOMENDA,Wooden Packaging (15 01 03),15.6
2023,OSREDNJESLOVENSKA,LJUBLJANA,Bulky Municipal Waste (20 03 07),8267.113
2023,OSREDNJESLOVENSKA,LJUBLJANA,Non-hazardous Wood from Municipal Waste (20 01 38),8258.455
2023,OSREDNJESLOVENSKA,LJUBLJANA,Paper and Cardboard Packaging (15 01 01),4287.177000000001
2023,OSREDNJESLOVENSKA,LJUBLJANA,Paper and Cardboard from Municipal Waste (20 01 01),19095.342
2023,OSREDNJESLOVENSKA,LJUBLJANA,Wooden Packaging (15 01 03),2374.7799999999997
2023,OSREDNJESLOVENSKA,LOG-DRAGOMER,Bulky Municipal Waste (20 03 07),62.482
2023,OSREDNJESLOVENSKA,LOG-DRAGOMER,Non-hazardous Wood from Municipal Waste (20 01 38),84.172
2023,OSREDNJESLOVENSKA,LOG-DRAGOMER,Paper and Cardboard Packaging (15 01 01),26.886000000000003
2023,OSREDNJESLOVENSKA,LOG-DRAGOMER,Paper and Cardboard from Municipal Waste (20 01 01),107.19000000000001
2023,OSREDNJESLOVENSKA,LOGATEC,Bulky Municipal Waste (20 03 07),129.77
2023,OSREDNJESLOVENSKA,LOGATEC,Non-hazardous Wood from Municipal Waste (20 01 38),404.43
2023,OSREDNJESLOVENSKA,LOGATEC,Paper and Cardboard Packaging (15 01 01),229.61700000000002
2023,OSREDNJESLOVENSKA,LOGATEC,Paper and Cardboard from Municipal Waste (20 01 01),250.53199999999998
2023,OSREDNJESLOVENSKA,LOGATEC,Wooden Packaging (15 01 03),79.642
2023,OSREDNJESLOVENSKA,LUKOVICA,Bulky Municipal Waste (20 03 07),185.013
2023,OSREDNJESLOVENSKA,LUKOVICA,Non-hazardous Wood from Municipal Waste (20 01 38),230.33
2023,OSREDNJESLOVENSKA,LUKOVICA,Paper and Cardboard Packaging (15 01 01),87.829
2023,OSREDNJESLOVENSKA,LUKOVICA,Paper and Cardboard from Municipal Waste (20 01 01),88.949
2023,OSREDNJESLOVENSKA,LUKOVICA,Wooden Packaging (15 01 03),46.6
2023,OSREDNJESLOVENSKA,MEDVODE,Bulky Municipal Waste (20 03 07),341.9
2023,OSREDNJESLOVENSKA,MEDVODE,Non-hazardous Wood from Municipal Waste (20 01 38),286.6
2023,OSREDNJESLOVENSKA,MEDVODE,Paper and Cardboard Packaging (15 01 01),304.841
2023,OSREDNJESLOVENSKA,MEDVODE,Paper and Cardboard from Municipal Waste (20 01 01),137.704
2023,OSREDNJESLOVENSKA,MEDVODE,Wooden Packaging (15 01 03),225.39
2023,OSREDNJESLOVENSKA,MENGEŠ,Bulky Municipal Waste (20 03 07),1759.691
2023,OSREDNJESLOVENSKA,MENGEŠ,Non-hazardous Wood from Municipal Waste (20 01 38),337.06
2023,OSREDNJESLOVENSKA,MENGEŠ,Paper and Cardboard Packaging (15 01 01),155.796
2023,OSREDNJESLOVENSKA,MENGEŠ,Paper and Cardboard from Municipal Waste (20 01 01),153.44400000000002
2023,OSREDNJESLOVENSKA,MENGEŠ,Wooden Packaging (15 01 03),55.976
2023,OSREDNJESLOVENSKA,MORAVČE,Bulky Municipal Waste (20 03 07),143.899
2023,OSREDNJESLOVENSKA,MORAVČE,Non-hazardous Wood from Municipal Waste (20 01 38),179.146
2023,OSREDNJESLOVENSKA,MORAVČE,Paper and Cardboard Packaging (15 01 01),68.313
2023,OSREDNJESLOVENSKA,MORAVČE,Paper and Cardboard from Municipal Waste (20 01 01),67.50999999999999
2023,OSREDNJESLOVENSKA,MORAVČE,Wooden Packaging (15 01 03),71.28
2023,OSREDNJESLOVENSKA,TRZIN,Bulky Municipal Waste (20 03 07),558.567
2023,OSREDNJESLOVENSKA,TRZIN,Non-hazardous Wood from Municipal Waste (20 01 38),282.405
2023,OSREDNJESLOVENSKA,TRZIN,Paper and Cardboard Packaging (15 01 01),429.43
2023,OSREDNJESLOVENSKA,TRZIN,Paper and Cardboard from Municipal Waste (20 01 01),156.139
2023,OSREDNJESLOVENSKA,TRZIN,Wooden Packaging (15 01 03),23.763
2023,OSREDNJESLOVENSKA,VELIKE LAŠČE,Bulky Municipal Waste (20 03 07),170.94
2023,OSREDNJESLOVENSKA,VELIKE LAŠČE,Non-hazardous Wood from Municipal Waste (20 01 38),63.28
2023,OSREDNJESLOVENSKA,VELIKE LAŠČE,Paper and Cardboard Packaging (15 01 01),50.32
2023,OSREDNJESLOVENSKA,VELIKE LAŠČE,Paper and Cardboard from Municipal Waste (20 01 01),12.46
2023,OSREDNJESLOVENSKA,VODICE,Bulky Municipal Waste (20 03 07),196.96
2023,OSREDNJESLOVENSKA,VODICE,Non-hazardous Wood from Municipal Waste (20 01 38),128.26
2023,OSREDNJESLOVENSKA,VODICE,Paper and Cardboard Packaging (15 01 01),79.329
2023,OSREDNJESLOVENSKA,VODICE,Paper and Cardboard from Municipal Waste (20 01 01),46.255
2023,OSREDNJESLOVENSKA,VRHNIKA,Bulky Municipal Waste (20 03 07),150.51
2023,OSREDNJESLOVENSKA,VRHNIKA,Non-hazardous Wood from Municipal Waste (20 01 38),408.837
2023,OSREDNJESLOVENSKA,VRHNIKA,Paper and Cardboard Packaging (15 01 01),132.912
2023,OSREDNJESLOVENSKA,VRHNIKA,Paper and Cardboard from Municipal Waste (20 01 01),489.06399999999996
2023,OSREDNJESLOVENSKA,VRHNIKA,Wooden Packaging (15 01 03),0.58
2023,OSREDNJESLOVENSKA,ŠKOFLJICA,Bulky Municipal Waste (20 03 07),117.62
2023,OSREDNJESLOVENSKA,ŠKOFLJICA,Non-hazardous Wood from Municipal Waste (20 01 38),111.2
2023,OSREDNJESLOVENSKA,ŠKOFLJICA,Paper and Cardboard Packaging (15 01 01),247.048
2023,OSREDNJESLOVENSKA,ŠKOFLJICA,Paper and Cardboard from Municipal Waste (20 01 01),94.929
2023,OSREDNJESLOVENSKA,ŠKOFLJICA,Wooden Packaging (15 01 03),0.096
2023,OSREDNJESLOVENSKA,ŠMARTNO PRI LITIJI,Bulky Municipal Waste (20 03 07),82.046
2023,OSREDNJESLOVENSKA,ŠMARTNO PRI LITIJI,Non-hazardous Wood from Municipal Waste (20 01 38),115.021
2023,OSREDNJESLOVENSKA,ŠMARTNO PRI LITIJI,Paper and Cardboard Packaging (15 01 01),94.564
2023,OSREDNJESLOVENSKA,ŠMARTNO PRI LITIJI,Paper and Cardboard from Municipal Waste (20 01 01),140.92700000000002
2023,PODRAVSKA,BENEDIKT,Bulky Municipal Waste (20 03 07),43.4
2023,PODRAVSKA,BENEDIKT,Non-hazardous Wood from Municipal Waste (20 01 38),2.82
2023,PODRAVSKA,BENEDIKT,Paper and Cardboard Packaging (15 01 01),12.832
2023,PODRAVSKA,BENEDIKT,Paper and Cardboard from Municipal Waste (20 01 01),5.838
2023,PODRAVSKA,CERKVENJAK,Bulky Municipal Waste (20 03 07),36.3
2023,PODRAVSKA,CERKVENJAK,Non-hazardous Wood from Municipal Waste (20 01 38),1.3
2023,PODRAVSKA,CERKVENJAK,Paper and Cardboard Packaging (15 01 01),14.864
2023,PODRAVSKA,CERKVENJAK,Paper and Cardboard from Municipal Waste (20 01 01),13.585
2023,PODRAVSKA,CIRKULANE,Bulky Municipal Waste (20 03 07),26.719
2023,PODRAVSKA,CIRKULANE,Paper and Cardboard Packaging (15 01 01),14.032
2023,PODRAVSKA,CIRKULANE,Paper and Cardboard from Municipal Waste (20 01 01),112.083
2023,PODRAVSKA,DESTRNIK,Bulky Municipal Waste (20 03 07),26.223
2023,PODRAVSKA,DESTRNIK,Paper and Cardboard Packaging (15 01 01),16.098
2023,PODRAVSKA,DESTRNIK,Paper and Cardboard from Municipal Waste (20 01 01),78.799
2023,PODRAVSKA,DORNAVA,Bulky Municipal Waste (20 03 07),48.798
2023,PODRAVSKA,DORNAVA,Non-hazardous Wood from Municipal Waste (20 01 38),23.612
2023,PODRAVSKA,DORNAVA,Paper and Cardboard Packaging (15 01 01),21.18
2023,PODRAVSKA,DORNAVA,Paper and Cardboard from Municipal Waste (20 01 01),66.298
2023,PODRAVSKA,DUPLEK,Bulky Municipal Waste (20 03 07),267.065
2023,PODRAVSKA,DUPLEK,Non-hazardous Wood from Municipal Waste (20 01 38),114.02
2023,PODRAVSKA,DUPLEK,Paper and Cardboard Packaging (15 01 01),59.776
2023,PODRAVSKA,DUPLEK,Paper and Cardboard from Municipal Waste (20 01 01),145.904
2023,PODRAVSKA,GORIŠNICA,Bulky Municipal Waste (20 03 07),170.72
2023,PODRAVSKA,GORIŠNICA,Non-hazardous Wood from Municipal Waste (20 01 38),69.3
2023,PODRAVSKA,GORIŠNICA,Paper and Cardboard Packaging (15 01 01),33.771
2023,PODRAVSKA,GORIŠNICA,Paper and Cardboard from Municipal Waste (20 01 01),79.14699999999999
2023,PODRAVSKA,HAJDINA,Bulky Municipal Waste (20 03 07),193.68
2023,PODRAVSKA,HAJDINA,Non-hazardous Wood from Municipal Waste (20 01 38),90.84
2023,PODRAVSKA,HAJDINA,Paper and Cardboard Packaging (15 01 01),41.854
2023,PODRAVSKA,HAJDINA,Paper and Cardboard from Municipal Waste (20 01 01),97.895
2023,PODRAVSKA,HOČE-SLIVNICA,Bulky Municipal Waste (20 03 07),191.48200000000003
2023,PODRAVSKA,HOČE-SLIVNICA,Non-hazardous Wood from Municipal Waste (20 01 38),395.293
2023,PODRAVSKA,HOČE-SLIVNICA,Paper and Cardboard Packaging (15 01 01),34.965
2023,PODRAVSKA,HOČE-SLIVNICA,Paper and Cardboard from Municipal Waste (20 01 01),350.206
2023,PODRAVSKA,HOČE-SLIVNICA,Wooden Packaging (15 01 03),3.48
2023,PODRAVSKA,JURŠINCI,Bulky Municipal Waste (20 03 07),28.097
2023,PODRAVSKA,JURŠINCI,Non-hazardous Wood from Municipal Waste (20 01 38),10.378
2023,PODRAVSKA,JURŠINCI,Paper and Cardboard Packaging (15 01 01),19.947
2023,PODRAVSKA,JURŠINCI,Paper and Cardboard from Municipal Waste (20 01 01),46.036
2023,PODRAVSKA,KIDRIČEVO,Bulky Municipal Waste (20 03 07),242.93099999999998
2023,PODRAVSKA,KIDRIČEVO,Non-hazardous Wood from Municipal Waste (20 01 38),179.9
2023,PODRAVSKA,KIDRIČEVO,Paper and Cardboard Packaging (15 01 01),53.695
2023,PODRAVSKA,KIDRIČEVO,Paper and Cardboard from Municipal Waste (20 01 01),137.438
2023,PODRAVSKA,KUNGOTA,Bulky Municipal Waste (20 03 07),245.276
2023,PODRAVSKA,KUNGOTA,Non-hazardous Wood from Municipal Waste (20 01 38),91.58
2023,PODRAVSKA,KUNGOTA,Paper and Cardboard Packaging (15 01 01),25.244999999999997
2023,PODRAVSKA,KUNGOTA,Paper and Cardboard from Municipal Waste (20 01 01),57.785000000000004
2023,PODRAVSKA,LENART,Bulky Municipal Waste (20 03 07),144.73999999999998
2023,PODRAVSKA,LENART,Non-hazardous Wood from Municipal Waste (20 01 38),27.72
2023,PODRAVSKA,LENART,Paper and Cardboard Packaging (15 01 01),49.268
2023,PODRAVSKA,LENART,Paper and Cardboard from Municipal Waste (20 01 01),312.6
2023,PODRAVSKA,LENART,Wooden Packaging (15 01 03),398.704
2023,PODRAVSKA,LOVRENC NA POHORJU,Bulky Municipal Waste (20 03 07),73.12
2023,PODRAVSKA,LOVRENC NA POHORJU,Non-hazardous Wood from Municipal Waste (20 01 38),154.46
2023,PODRAVSKA,LOVRENC NA POHORJU,Paper and Cardboard Packaging (15 01 01),16.72
2023,PODRAVSKA,LOVRENC NA POHORJU,Paper and Cardboard from Municipal Waste (20 01 01),47.921
2023,PODRAVSKA,MAJŠPERK,Bulky Municipal Waste (20 03 07),171.491
2023,PODRAVSKA,MAJŠPERK,Non-hazardous Wood from Municipal Waste (20 01 38),44.1
2023,PODRAVSKA,MAJŠPERK,Paper and Cardboard Packaging (15 01 01),25.957
2023,PODRAVSKA,MAJŠPERK,Paper and Cardboard from Municipal Waste (20 01 01),316.934
2023,PODRAVSKA,MAKOLE,Bulky Municipal Waste (20 03 07),4.2
2023,PODRAVSKA,MAKOLE,Non-hazardous Wood from Municipal Waste (20 01 38),46.387
2023,PODRAVSKA,MAKOLE,Paper and Cardboard Packaging (15 01 01),9.958
2023,PODRAVSKA,MAKOLE,Paper and Cardboard from Municipal Waste (20 01 01),42.119
2023,PODRAVSKA,MARIBOR,Bulky Municipal Waste (20 03 07),2108.606
2023,PODRAVSKA,MARIBOR,Non-hazardous Wood from Municipal Waste (20 01 38),5120.21
2023,PODRAVSKA,MARIBOR,Paper and Cardboard Packaging (15 01 01),584.54
2023,PODRAVSKA,MARIBOR,Paper and Cardboard from Municipal Waste (20 01 01),3069.464
2023,PODRAVSKA,MARIBOR,Wooden Packaging (15 01 03),39.63
2023,PODRAVSKA,MARKOVCI,Bulky Municipal Waste (20 03 07),192.33399999999997
2023,PODRAVSKA,MARKOVCI,Non-hazardous Wood from Municipal Waste (20 01 38),70.58
2023,PODRAVSKA,MARKOVCI,Paper and Cardboard Packaging (15 01 01),36.803000000000004
2023,PODRAVSKA,MARKOVCI,Paper and Cardboard from Municipal Waste (20 01 01),183.459
2023,PODRAVSKA,MIKLAVŽ NA DRAVSKEM POLJU,Bulky Municipal Waste (20 03 07),168.37
2023,PODRAVSKA,MIKLAVŽ NA DRAVSKEM POLJU,Non-hazardous Wood from Municipal Waste (20 01 38),209.76
2023,PODRAVSKA,MIKLAVŽ NA DRAVSKEM POLJU,Paper and Cardboard Packaging (15 01 01),44.72
2023,PODRAVSKA,MIKLAVŽ NA DRAVSKEM POLJU,Paper and Cardboard from Municipal Waste (20 01 01),142.823
2023,PODRAVSKA,OPLOTNICA,Bulky Municipal Waste (20 03 07),65.9
2023,PODRAVSKA,OPLOTNICA,Non-hazardous Wood from Municipal Waste (20 01 38),157.388
2023,PODRAVSKA,OPLOTNICA,Paper and Cardboard Packaging (15 01 01),27.371
2023,PODRAVSKA,OPLOTNICA,Paper and Cardboard from Municipal Waste (20 01 01),64.575
2023,PODRAVSKA,ORMOŽ,Bulky Municipal Waste (20 03 07),382.27
2023,PODRAVSKA,ORMOŽ,Non-hazardous Wood from Municipal Waste (20 01 38),15.02
2023,PODRAVSKA,ORMOŽ,Paper and Cardboard Packaging (15 01 01),112.845
2023,PODRAVSKA,ORMOŽ,Paper and Cardboard from Municipal Waste (20 01 01),51.291
2023,PODRAVSKA,ORMOŽ,Wooden Packaging (15 01 03),13.065
2023,PODRAVSKA,PESNICA,Bulky Municipal Waste (20 03 07),199.17
2023,PODRAVSKA,PESNICA,Non-hazardous Wood from Municipal Waste (20 01 38),252.5
2023,PODRAVSKA,PESNICA,Paper and Cardboard Packaging (15 01 01),31.3
2023,PODRAVSKA,PESNICA,Paper and Cardboard from Municipal Waste (20 01 01),129.968
2023,PODRAVSKA,PODLEHNIK,Bulky Municipal Waste (20 03 07),10.702
2023,PODRAVSKA,PODLEHNIK,Paper and Cardboard Packaging (15 01 01),9.465
2023,PODRAVSKA,PODLEHNIK,Paper and Cardboard from Municipal Waste (20 01 01),28.137
2023,PODRAVSKA,POLJČANE,Bulky Municipal Waste (20 03 07),68.06
2023,PODRAVSKA,POLJČANE,Non-hazardous Wood from Municipal Waste (20 01 38),170.268
2023,PODRAVSKA,POLJČANE,Paper and Cardboard Packaging (15 01 01),29.279
2023,PODRAVSKA,POLJČANE,Paper and Cardboard from Municipal Waste (20 01 01),75.762
2023,PODRAVSKA,PTUJ,Bulky Municipal Waste (20 03 07),534.019
2023,PODRAVSKA,PTUJ,Non-hazardous Wood from Municipal Waste (20 01 38),544.86
2023,PODRAVSKA,PTUJ,Paper and Cardboard Packaging (15 01 01),240.55
2023,PODRAVSKA,PTUJ,Paper and Cardboard from Municipal Waste (20 01 01),684.4689999999999
2023,PODRAVSKA,PTUJ,Wooden Packaging (15 01 03),15.16
2023,PODRAVSKA,RAČE-FRAM,Bulky Municipal Waste (20 03 07),115.75999999999999
2023,PODRAVSKA,RAČE-FRAM,Non-hazardous Wood from Municipal Waste (20 01 38),401.707
2023,PODRAVSKA,RAČE-FRAM,Paper and Cardboard Packaging (15 01 01),70.911
2023,PODRAVSKA,RAČE-FRAM,Paper and Cardboard from Municipal Waste (20 01 01),164.164
2023,PODRAVSKA,RUŠE,Bulky Municipal Waste (20 03 07),148.658
2023,PODRAVSKA,RUŠE,Non-hazardous Wood from Municipal Waste (20 01 38),356.664
2023,PODRAVSKA,RUŠE,Paper and Cardboard Packaging (15 01 01),26.27
2023,PODRAVSKA,RUŠE,Paper and Cardboard from Municipal Waste (20 01 01),178.299
2023,PODRAVSKA,RUŠE,Wooden Packaging (15 01 03),41.72
2023,PODRAVSKA,SELNICA OB DRAVI,Bulky Municipal Waste (20 03 07),92.53
2023,PODRAVSKA,SELNICA OB DRAVI,Non-hazardous Wood from Municipal Waste (20 01 38),213.896
2023,PODRAVSKA,SELNICA OB DRAVI,Paper and Cardboard Packaging (15 01 01),18.86
2023,PODRAVSKA,SELNICA OB DRAVI,Paper and Cardboard from Municipal Waste (20 01 01),86.23299999999999
2023,PODRAVSKA,SELNICA OB DRAVI,Wooden Packaging (15 01 03),11.84
2023,PODRAVSKA,SLOVENSKA BISTRICA,Bulky Municipal Waste (20 03 07),286.87
2023,PODRAVSKA,SLOVENSKA BISTRICA,Non-hazardous Wood from Municipal Waste (20 01 38),1149.32
2023,PODRAVSKA,SLOVENSKA BISTRICA,Paper and Cardboard Packaging (15 01 01),213.571
2023,PODRAVSKA,SLOVENSKA BISTRICA,Paper and Cardboard from Municipal Waste (20 01 01),537.355
2023,PODRAVSKA,SREDIŠČE OB DRAVI,Bulky Municipal Waste (20 03 07),76.48
2023,PODRAVSKA,SREDIŠČE OB DRAVI,Paper and Cardboard Packaging (15 01 01),22.569
2023,PODRAVSKA,SREDIŠČE OB DRAVI,Paper and Cardboard from Municipal Waste (20 01 01),11.468
2023,PODRAVSKA,SREDIŠČE OB DRAVI,Wooden Packaging (15 01 03),2.613
2023,PODRAVSKA,STARŠE,Bulky Municipal Waste (20 03 07),103.53999999999999
2023,PODRAVSKA,STARŠE,Non-hazardous Wood from Municipal Waste (20 01 38),354.88
2023,PODRAVSKA,STARŠE,Paper and Cardboard Packaging (15 01 01),19.5
2023,PODRAVSKA,STARŠE,Paper and Cardboard from Municipal Waste (20 01 01),89.62299999999999
2023,PODRAVSKA,SVETA ANA,Bulky Municipal Waste (20 03 07),37.356
2023,PODRAVSKA,SVETA ANA,Non-hazardous Wood from Municipal Waste (20 01 38),2.04
2023,PODRAVSKA,SVETA ANA,Paper and Cardboard Packaging (15 01 01),11.366
2023,PODRAVSKA,SVETA ANA,Paper and Cardboard from Municipal Waste (20 01 01),1.082
2023,PODRAVSKA,SVETA TROJICA V SLOVENSKIH GORICAH,Bulky Municipal Waste (20 03 07),56.47
2023,PODRAVSKA,SVETA TROJICA V SLOVENSKIH GORICAH,Non-hazardous Wood from Municipal Waste (20 01 38),3.52
2023,PODRAVSKA,SVETA TROJICA V SLOVENSKIH GORICAH,Paper and Cardboard Packaging (15 01 01),11.204
2023,PODRAVSKA,SVETA TROJICA V SLOVENSKIH GORICAH,Paper and Cardboard from Municipal Waste (20 01 01),1.258
2023,PODRAVSKA,SVETI ANDRAŽ V SLOV. GORICAH,Bulky Municipal Waste (20 03 07),11.564
2023,PODRAVSKA,SVETI ANDRAŽ V SLOV. GORICAH,Paper and Cardboard Packaging (15 01 01),8.064
2023,PODRAVSKA,SVETI ANDRAŽ V SLOV. GORICAH,Paper and Cardboard from Municipal Waste (20 01 01),20.036
2023,PODRAVSKA,SVETI JURIJ V SLOVENSKIH GORICAH,Bulky Municipal Waste (20 03 07),33.12
2023,PODRAVSKA,SVETI JURIJ V SLOVENSKIH GORICAH,Non-hazardous Wood from Municipal Waste (20 01 38),5.02
2023,PODRAVSKA,SVETI JURIJ V SLOVENSKIH GORICAH,Paper and Cardboard Packaging (15 01 01),9.27
2023,PODRAVSKA,SVETI TOMAŽ,Bulky Municipal Waste (20 03 07),51.33
2023,PODRAVSKA,SVETI TOMAŽ,Paper and Cardboard Packaging (15 01 01),15.046
2023,PODRAVSKA,SVETI TOMAŽ,Paper and Cardboard from Municipal Waste (20 01 01),7.649
2023,PODRAVSKA,SVETI TOMAŽ,Wooden Packaging (15 01 03),1.742
2023,PODRAVSKA,TRNOVSKA VAS,Bulky Municipal Waste (20 03 07),76.891
2023,PODRAVSKA,TRNOVSKA VAS,Non-hazardous Wood from Municipal Waste (20 01 38),31.84
2023,PODRAVSKA,TRNOVSKA VAS,Paper and Cardboard Packaging (15 01 01),9.659
2023,PODRAVSKA,TRNOVSKA VAS,Paper and Cardboard from Municipal Waste (20 01 01),23.473
2023,PODRAVSKA,VIDEM,Bulky Municipal Waste (20 03 07),156.464
2023,PODRAVSKA,VIDEM,Non-hazardous Wood from Municipal Waste (20 01 38),65.48
2023,PODRAVSKA,VIDEM,Paper and Cardboard Packaging (15 01 01),38.712
2023,PODRAVSKA,VIDEM,Paper and Cardboard from Municipal Waste (20 01 01),97.696
2023,PODRAVSKA,ZAVRČ,Bulky Municipal Waste (20 03 07),13.68
2023,PODRAVSKA,ZAVRČ,Paper and Cardboard Packaging (15 01 01),6.322
2023,PODRAVSKA,ZAVRČ,Paper and Cardboard from Municipal Waste (20 01 01),27.375
2023,PODRAVSKA,ŠENTILJ,Bulky Municipal Waste (20 03 07),205.953
2023,PODRAVSKA,ŠENTILJ,Non-hazardous Wood from Municipal Waste (20 01 38),21.73
2023,PODRAVSKA,ŠENTILJ,Paper and Cardboard Packaging (15 01 01),47.786
2023,PODRAVSKA,ŠENTILJ,Paper and Cardboard from Municipal Waste (20 01 01),26.386
2023,PODRAVSKA,ŠENTILJ,Wooden Packaging (15 01 03),2.48
2023,PODRAVSKA,ŽETALE,Bulky Municipal Waste (20 03 07),51.08
2023,PODRAVSKA,ŽETALE,Non-hazardous Wood from Municipal Waste (20 01 38),10.5
2023,PODRAVSKA,ŽETALE,Paper and Cardboard Packaging (15 01 01),6.093
2023,PODRAVSKA,ŽETALE,Paper and Cardboard from Municipal Waste (20 01 01),21.233999999999998
2023,POMURSKA,APAČE,Bulky Municipal Waste (20 03 07),318.17
2023,POMURSKA,APAČE,Non-hazardous Wood from Municipal Waste (20 01 38),6.8
2023,POMURSKA,APAČE,Paper and Cardboard Packaging (15 01 01),66.6
2023,POMURSKA,APAČE,Paper and Cardboard from Municipal Waste (20 01 01),19.247
2023,POMURSKA,BELTINCI,Bulky Municipal Waste (20 03 07),329.171
2023,POMURSKA,BELTINCI,Non-hazardous Wood from Municipal Waste (20 01 38),135.209
2023,POMURSKA,BELTINCI,Paper and Cardboard Packaging (15 01 01),15.529
2023,POMURSKA,BELTINCI,Paper and Cardboard from Municipal Waste (20 01 01),193.247
2023,POMURSKA,CANKOVA,Bulky Municipal Waste (20 03 07),62.393
2023,POMURSKA,CANKOVA,Non-hazardous Wood from Municipal Waste (20 01 38),24.576
2023,POMURSKA,CANKOVA,Paper and Cardboard Packaging (15 01 01),4.621
2023,POMURSKA,CANKOVA,Paper and Cardboard from Municipal Waste (20 01 01),25.685000000000002
2023,POMURSKA,DOBROVNIK,Bulky Municipal Waste (20 03 07),39.333
2023,POMURSKA,DOBROVNIK,Non-hazardous Wood from Municipal Waste (20 01 38),21.481
2023,POMURSKA,DOBROVNIK,Paper and Cardboard Packaging (15 01 01),5.266
2023,POMURSKA,DOBROVNIK,Paper and Cardboard from Municipal Waste (20 01 01),33.683
2023,POMURSKA,GORNJA RADGONA,Bulky Municipal Waste (20 03 07),250
2023,POMURSKA,GORNJA RADGONA,Non-hazardous Wood from Municipal Waste (20 01 38),57.94
2023,POMURSKA,GORNJA RADGONA,Paper and Cardboard Packaging (15 01 01),45.75
2023,POMURSKA,GORNJA RADGONA,Paper and Cardboard from Municipal Waste (20 01 01),199.294
2023,POMURSKA,GORNJA RADGONA,Wooden Packaging (15 01 03),3.86
2023,POMURSKA,GORNJI PETROVCI,Bulky Municipal Waste (20 03 07),49.113
2023,POMURSKA,GORNJI PETROVCI,Non-hazardous Wood from Municipal Waste (20 01 38),5.863
2023,POMURSKA,GORNJI PETROVCI,Paper and Cardboard Packaging (15 01 01),6.238
2023,POMURSKA,GORNJI PETROVCI,Paper and Cardboard from Municipal Waste (20 01 01),16.554000000000002
2023,POMURSKA,GRAD,Bulky Municipal Waste (20 03 07),67.95
2023,POMURSKA,GRAD,Non-hazardous Wood from Municipal Waste (20 01 38),21.568
2023,POMURSKA,GRAD,Paper and Cardboard Packaging (15 01 01),15.204
2023,POMURSKA,GRAD,Paper and Cardboard from Municipal Waste (20 01 01),17.750999999999998
2023,POMURSKA,HODOŠ,Bulky Municipal Waste (20 03 07),7.245
2023,POMURSKA,HODOŠ,Non-hazardous Wood from Municipal Waste (20 01 38),2.346
2023,POMURSKA,HODOŠ,Paper and Cardboard Packaging (15 01 01),1.743
2023,POMURSKA,HODOŠ,Paper and Cardboard from Municipal Waste (20 01 01),22.47
2023,POMURSKA,KOBILJE,Bulky Municipal Waste (20 03 07),16.217
2023,POMURSKA,KOBILJE,Non-hazardous Wood from Municipal Waste (20 01 38),7.75
2023,POMURSKA,KOBILJE,Paper and Cardboard Packaging (15 01 01),1.755
2023,POMURSKA,KOBILJE,Paper and Cardboard from Municipal Waste (20 01 01),76.602
2023,POMURSKA,KRIŽEVCI,Bulky Municipal Waste (20 03 07),178.45999999999998
2023,POMURSKA,KRIŽEVCI,Paper and Cardboard Packaging (15 01 01),5.83
2023,POMURSKA,KRIŽEVCI,Paper and Cardboard from Municipal Waste (20 01 01),82.254
2023,POMURSKA,KUZMA,Bulky Municipal Waste (20 03 07),39.934
2023,POMURSKA,KUZMA,Non-hazardous Wood from Municipal Waste (20 01 38),21.852
2023,POMURSKA,KUZMA,Paper and Cardboard Packaging (15 01 01),6.342
2023,POMURSKA,KUZMA,Paper and Cardboard from Municipal Waste (20 01 01),109.5
2023,POMURSKA,LENDAVA,Bulky Municipal Waste (20 03 07),188.84
2023,POMURSKA,LENDAVA,Non-hazardous Wood from Municipal Waste (20 01 38),33.720000000000006
2023,POMURSKA,LENDAVA,Paper and Cardboard Packaging (15 01 01),595.329
2023,POMURSKA,LENDAVA,Paper and Cardboard from Municipal Waste (20 01 01),131.401
2023,POMURSKA,LENDAVA,Wooden Packaging (15 01 03),168.997
2023,POMURSKA,LJUTOMER,Bulky Municipal Waste (20 03 07),534.26
2023,POMURSKA,LJUTOMER,Paper and Cardboard Packaging (15 01 01),20.26
2023,POMURSKA,LJUTOMER,Paper and Cardboard from Municipal Waste (20 01 01),126.697
2023,POMURSKA,MORAVSKE TOPLICE,Bulky Municipal Waste (20 03 07),174.958
2023,POMURSKA,MORAVSKE TOPLICE,Non-hazardous Wood from Municipal Waste (20 01 38),31.987
2023,POMURSKA,MORAVSKE TOPLICE,Paper and Cardboard Packaging (15 01 01),43.709
2023,POMURSKA,MORAVSKE TOPLICE,Paper and Cardboard from Municipal Waste (20 01 01),102.063
2023,POMURSKA,MURSKA SOBOTA,Bulky Municipal Waste (20 03 07),737.405
2023,POMURSKA,MURSKA SOBOTA,Non-hazardous Wood from Municipal Waste (20 01 38),348.55400000000003
2023,POMURSKA,MURSKA SOBOTA,Paper and Cardboard Packaging (15 01 01),99.573
2023,POMURSKA,MURSKA SOBOTA,Paper and Cardboard from Municipal Waste (20 01 01),643.278
2023,POMURSKA,ODRANCI,Bulky Municipal Waste (20 03 07),47.581
2023,POMURSKA,ODRANCI,Non-hazardous Wood from Municipal Waste (20 01 38),19.135
2023,POMURSKA,ODRANCI,Paper and Cardboard Packaging (15 01 01),8.591
2023,POMURSKA,ODRANCI,Paper and Cardboard from Municipal Waste (20 01 01),35.387
2023,POMURSKA,PUCONCI,Bulky Municipal Waste (20 03 07),199.052
2023,POMURSKA,PUCONCI,Non-hazardous Wood from Municipal Waste (20 01 38),51.159000000000006
2023,POMURSKA,PUCONCI,Paper and Cardboard Packaging (15 01 01),50.421
2023,POMURSKA,PUCONCI,Paper and Cardboard from Municipal Waste (20 01 01),60.458
2023,POMURSKA,RADENCI,Bulky Municipal Waste (20 03 07),116.12
2023,POMURSKA,RADENCI,Non-hazardous Wood from Municipal Waste (20 01 38),16.22
2023,POMURSKA,RADENCI,Paper and Cardboard Packaging (15 01 01),30.916
2023,POMURSKA,RADENCI,Paper and Cardboard from Municipal Waste (20 01 01),110.884
2023,POMURSKA,RADENCI,Wooden Packaging (15 01 03),70.62
2023,POMURSKA,RAZKRIŽJE,Bulky Municipal Waste (20 03 07),69.99
2023,POMURSKA,RAZKRIŽJE,Paper and Cardboard Packaging (15 01 01),1.72
2023,POMURSKA,RAZKRIŽJE,Paper and Cardboard from Municipal Waste (20 01 01),9.561
2023,POMURSKA,ROGAŠOVCI,Bulky Municipal Waste (20 03 07),93.964
2023,POMURSKA,ROGAŠOVCI,Non-hazardous Wood from Municipal Waste (20 01 38),19.119
2023,POMURSKA,ROGAŠOVCI,Paper and Cardboard Packaging (15 01 01),7.26
2023,POMURSKA,ROGAŠOVCI,Paper and Cardboard from Municipal Waste (20 01 01),43.688
2023,POMURSKA,SVETI JURIJ OB ŠČAVNICI,Bulky Municipal Waste (20 03 07),69.75
2023,POMURSKA,SVETI JURIJ OB ŠČAVNICI,Non-hazardous Wood from Municipal Waste (20 01 38),6.23
2023,POMURSKA,SVETI JURIJ OB ŠČAVNICI,Paper and Cardboard Packaging (15 01 01),7.885
2023,POMURSKA,SVETI JURIJ OB ŠČAVNICI,Paper and Cardboard from Municipal Waste (20 01 01),75.875
2023,POMURSKA,TIŠINA,Bulky Municipal Waste (20 03 07),142.8
2023,POMURSKA,TIŠINA,Non-hazardous Wood from Municipal Waste (20 01 38),58.996
2023,POMURSKA,TIŠINA,Paper and Cardboard Packaging (15 01 01),55.04
2023,POMURSKA,TIŠINA,Paper and Cardboard from Municipal Waste (20 01 01),27.186999999999998
2023,POMURSKA,TURNIŠČE,Bulky Municipal Waste (20 03 07),105.283
2023,POMURSKA,TURNIŠČE,Non-hazardous Wood from Municipal Waste (20 01 38),38.543
2023,POMURSKA,TURNIŠČE,Paper and Cardboard Packaging (15 01 01),6.404
2023,POMURSKA,TURNIŠČE,Paper and Cardboard from Municipal Waste (20 01 01),152.496
2023,POMURSKA,VELIKA POLANA,Bulky Municipal Waste (20 03 07),33.1
2023,POMURSKA,VELIKA POLANA,Non-hazardous Wood from Municipal Waste (20 01 38),4.78
2023,POMURSKA,VELIKA POLANA,Paper and Cardboard Packaging (15 01 01),2.772
2023,POMURSKA,VELIKA POLANA,Paper and Cardboard from Municipal Waste (20 01 01),13.259
2023,POMURSKA,VERŽEJ,Bulky Municipal Waste (20 03 07),83.79
2023,POMURSKA,VERŽEJ,Paper and Cardboard Packaging (15 01 01),4.23
2023,POMURSKA,VERŽEJ,Paper and Cardboard from Municipal Waste (20 01 01),17.865
2023,POMURSKA,ČRENŠOVCI,Bulky Municipal Waste (20 03 07),123.154
2023,POMURSKA,ČRENŠOVCI,Non-hazardous Wood from Municipal Waste (20 01 38),47.939
2023,POMURSKA,ČRENŠOVCI,Paper and Cardboard Packaging (15 01 01),4.524
2023,POMURSKA,ČRENŠOVCI,Paper and Cardboard from Municipal Waste (20 01 01),107.77600000000001
2023,POMURSKA,ŠALOVCI,Bulky Municipal Waste (20 03 07),37.632
2023,POMURSKA,ŠALOVCI,Non-hazardous Wood from Municipal Waste (20 01 38),11.663
2023,POMURSKA,ŠALOVCI,Paper and Cardboard Packaging (15 01 01),3.777
2023,POMURSKA,ŠALOVCI,Paper and Cardboard from Municipal Waste (20 01 01),10.48
2023,POSAVSKA,BISTRICA OB SOTLI,Bulky Municipal Waste (20 03 07),47.377
2023,POSAVSKA,BISTRICA OB SOTLI,Non-hazardous Wood from Municipal Waste (20 01 38),3.246
2023,POSAVSKA,BISTRICA OB SOTLI,Paper and Cardboard Packaging (15 01 01),9.04
2023,POSAVSKA,BISTRICA OB SOTLI,Paper and Cardboard from Municipal Waste (20 01 01),9.084
2023,POSAVSKA,BREŽICE,Bulky Municipal Waste (20 03 07),1209.22
2023,POSAVSKA,BREŽICE,Non-hazardous Wood from Municipal Waste (20 01 38),917.75
2023,POSAVSKA,BREŽICE,Paper and Cardboard Packaging (15 01 01),440.81500000000005
2023,POSAVSKA,BREŽICE,Paper and Cardboard from Municipal Waste (20 01 01),199.435
2023,POSAVSKA,BREŽICE,Wooden Packaging (15 01 03),31.02
2023,POSAVSKA,KOSTANJEVICA NA KRKI,Bulky Municipal Waste (20 03 07),89.32
2023,POSAVSKA,KOSTANJEVICA NA KRKI,Non-hazardous Wood from Municipal Waste (20 01 38),96.72
2023,POSAVSKA,KOSTANJEVICA NA KRKI,Paper and Cardboard Packaging (15 01 01),19.904
2023,POSAVSKA,KOSTANJEVICA NA KRKI,Paper and Cardboard from Municipal Waste (20 01 01),56.029
2023,POSAVSKA,KOSTANJEVICA NA KRKI,Wooden Packaging (15 01 03),18.56
2023,POSAVSKA,KRŠKO,Bulky Municipal Waste (20 03 07),764.02
2023,POSAVSKA,KRŠKO,Non-hazardous Wood from Municipal Waste (20 01 38),2610.33
2023,POSAVSKA,KRŠKO,Paper and Cardboard Packaging (15 01 01),365.997
2023,POSAVSKA,KRŠKO,Paper and Cardboard from Municipal Waste (20 01 01),790.963
2023,POSAVSKA,KRŠKO,Wooden Packaging (15 01 03),75.432
2023,POSAVSKA,RADEČE,Bulky Municipal Waste (20 03 07),55.62
2023,POSAVSKA,RADEČE,Non-hazardous Wood from Municipal Waste (20 01 38),82.08
2023,POSAVSKA,RADEČE,Paper and Cardboard Packaging (15 01 01),99.73599999999999
2023,POSAVSKA,RADEČE,Paper and Cardboard from Municipal Waste (20 01 01),43.524
2023,POSAVSKA,RADEČE,Wooden Packaging (15 01 03),0.1
2023,POSAVSKA,SEVNICA,Bulky Municipal Waste (20 03 07),134.11
2023,POSAVSKA,SEVNICA,Non-hazardous Wood from Municipal Waste (20 01 38),239.303
2023,POSAVSKA,SEVNICA,Paper and Cardboard Packaging (15 01 01),339.81100000000004
2023,POSAVSKA,SEVNICA,Paper and Cardboard from Municipal Waste (20 01 01),197.864
2023,POSAVSKA,SEVNICA,Wooden Packaging (15 01 03),73.587
2023,PRIMORSKO-NOTRANJSKA,BLOKE,Bulky Municipal Waste (20 03 07),85.98
2023,PRIMORSKO-NOTRANJSKA,BLOKE,Non-hazardous Wood from Municipal Waste (20 01 38),25.85
2023,PRIMORSKO-NOTRANJSKA,BLOKE,Paper and Cardboard Packaging (15 01 01),60.602
2023,PRIMORSKO-NOTRANJSKA,BLOKE,Paper and Cardboard from Municipal Waste (20 01 01),5.793
2023,PRIMORSKO-NOTRANJSKA,CERKNICA,Bulky Municipal Waste (20 03 07),549.872
2023,PRIMORSKO-NOTRANJSKA,CERKNICA,Non-hazardous Wood from Municipal Waste (20 01 38),321.055
2023,PRIMORSKO-NOTRANJSKA,CERKNICA,Paper and Cardboard Packaging (15 01 01),111.066
2023,PRIMORSKO-NOTRANJSKA,CERKNICA,Paper and Cardboard from Municipal Waste (20 01 01),523.143
2023,PRIMORSKO-NOTRANJSKA,CERKNICA,Wooden Packaging (15 01 03),114.9
2023,PRIMORSKO-NOTRANJSKA,ILIRSKA BISTRICA,Bulky Municipal Waste (20 03 07),477.21
2023,PRIMORSKO-NOTRANJSKA,ILIRSKA BISTRICA,Non-hazardous Wood from Municipal Waste (20 01 38),295.17
2023,PRIMORSKO-NOTRANJSKA,ILIRSKA BISTRICA,Paper and Cardboard Packaging (15 01 01),124.618
2023,PRIMORSKO-NOTRANJSKA,ILIRSKA BISTRICA,Paper and Cardboard from Municipal Waste (20 01 01),152.083
2023,PRIMORSKO-NOTRANJSKA,LOŠKA DOLINA,Bulky Municipal Waste (20 03 07),182.658
2023,PRIMORSKO-NOTRANJSKA,LOŠKA DOLINA,Non-hazardous Wood from Municipal Waste (20 01 38),106.385
2023,PRIMORSKO-NOTRANJSKA,LOŠKA DOLINA,Paper and Cardboard Packaging (15 01 01),29.382
2023,PRIMORSKO-NOTRANJSKA,LOŠKA DOLINA,Paper and Cardboard from Municipal Waste (20 01 01),53.667
2023,PRIMORSKO-NOTRANJSKA,PIVKA,Bulky Municipal Waste (20 03 07),288.4
2023,PRIMORSKO-NOTRANJSKA,PIVKA,Non-hazardous Wood from Municipal Waste (20 01 38),129.87
2023,PRIMORSKO-NOTRANJSKA,PIVKA,Paper and Cardboard Packaging (15 01 01),43.92
2023,PRIMORSKO-NOTRANJSKA,PIVKA,Paper and Cardboard from Municipal Waste (20 01 01),135.315
2023,PRIMORSKO-NOTRANJSKA,PIVKA,Wooden Packaging (15 01 03),2.32
2023,PRIMORSKO-NOTRANJSKA,POSTOJNA,Bulky Municipal Waste (20 03 07),541.46
2023,PRIMORSKO-NOTRANJSKA,POSTOJNA,Non-hazardous Wood from Municipal Waste (20 01 38),510.47
2023,PRIMORSKO-NOTRANJSKA,POSTOJNA,Paper and Cardboard Packaging (15 01 01),111.48
2023,PRIMORSKO-NOTRANJSKA,POSTOJNA,Paper and Cardboard from Municipal Waste (20 01 01),292.493
2023,SAVINJSKA,BRASLOVČE,Bulky Municipal Waste (20 03 07),3341.255
2023,SAVINJSKA,BRASLOVČE,Non-hazardous Wood from Municipal Waste (20 01 38),161.513
2023,SAVINJSKA,BRASLOVČE,Paper and Cardboard Packaging (15 01 01),79.06700000000001
2023,SAVINJSKA,BRASLOVČE,Paper and Cardboard from Municipal Waste (20 01 01),133.917
2023,SAVINJSKA,BRASLOVČE,Wooden Packaging (15 01 03),12.12
2023,SAVINJSKA,CELJE,Bulky Municipal Waste (20 03 07),3165.5769999999998
2023,SAVINJSKA,CELJE,Non-hazardous Wood from Municipal Waste (20 01 38),1010.573
2023,SAVINJSKA,CELJE,Paper and Cardboard Packaging (15 01 01),1032.714
2023,SAVINJSKA,CELJE,Paper and Cardboard from Municipal Waste (20 01 01),1170.71
2023,SAVINJSKA,CELJE,Wooden Packaging (15 01 03),62.48
2023,SAVINJSKA,DOBJE,Bulky Municipal Waste (20 03 07),71.498
2023,SAVINJSKA,DOBJE,Non-hazardous Wood from Municipal Waste (20 01 38),55.015
2023,SAVINJSKA,DOBJE,Paper and Cardboard Packaging (15 01 01),37.165
2023,SAVINJSKA,DOBJE,Paper and Cardboard from Municipal Waste (20 01 01),16.433999999999997
2023,SAVINJSKA,DOBRNA,Bulky Municipal Waste (20 03 07),267.547
2023,SAVINJSKA,DOBRNA,Non-hazardous Wood from Municipal Waste (20 01 38),120.115
2023,SAVINJSKA,DOBRNA,Paper and Cardboard Packaging (15 01 01),10.668
2023,SAVINJSKA,DOBRNA,Paper and Cardboard from Municipal Waste (20 01 01),98.741
2023,SAVINJSKA,GORNJI GRAD,Bulky Municipal Waste (20 03 07),648.41
2023,SAVINJSKA,GORNJI GRAD,Non-hazardous Wood from Municipal Waste (20 01 38),332.191
2023,SAVINJSKA,GORNJI GRAD,Paper and Cardboard Packaging (15 01 01),21.504
2023,SAVINJSKA,GORNJI GRAD,Paper and Cardboard from Municipal Waste (20 01 01),47.717
2023,SAVINJSKA,KOZJE,Bulky Municipal Waste (20 03 07),113.65
2023,SAVINJSKA,KOZJE,Non-hazardous Wood from Municipal Waste (20 01 38),7.786
2023,SAVINJSKA,KOZJE,Paper and Cardboard Packaging (15 01 01),21.687
2023,SAVINJSKA,KOZJE,Paper and Cardboard from Municipal Waste (20 01 01),54.5
2023,SAVINJSKA,LAŠKO,Bulky Municipal Waste (20 03 07),897.32
2023,SAVINJSKA,LAŠKO,Non-hazardous Wood from Municipal Waste (20 01 38),117.097
2023,SAVINJSKA,LAŠKO,Paper and Cardboard Packaging (15 01 01),191.555
2023,SAVINJSKA,LAŠKO,Paper and Cardboard from Municipal Waste (20 01 01),4.515
2023,SAVINJSKA,LAŠKO,Wooden Packaging (15 01 03),0.2
2023,SAVINJSKA,LJUBNO,Bulky Municipal Waste (20 03 07),1278.516
2023,SAVINJSKA,LJUBNO,Non-hazardous Wood from Municipal Waste (20 01 38),23.66
2023,SAVINJSKA,LJUBNO,Paper and Cardboard Packaging (15 01 01),40.061
2023,SAVINJSKA,LJUBNO,Paper and Cardboard from Municipal Waste (20 01 01),48.662000000000006
2023,SAVINJSKA,LJUBNO,Wooden Packaging (15 01 03),14.56
2023,SAVINJSKA,LUČE,Bulky Municipal Waste (20 03 07),249.737
2023,SAVINJSKA,LUČE,Non-hazardous Wood from Municipal Waste (20 01 38),34.93
2023,SAVINJSKA,LUČE,Paper and Cardboard Packaging (15 01 01),2.994
2023,SAVINJSKA,LUČE,Paper and Cardboard from Municipal Waste (20 01 01),34.748
2023,SAVINJSKA,MOZIRJE,Bulky Municipal Waste (20 03 07),2951.636
2023,SAVINJSKA,MOZIRJE,Non-hazardous Wood from Municipal Waste (20 01 38),70.322
2023,SAVINJSKA,MOZIRJE,Paper and Cardboard Packaging (15 01 01),42.737
2023,SAVINJSKA,MOZIRJE,Paper and Cardboard from Municipal Waste (20 01 01),70.101
2023,SAVINJSKA,NAZARJE,Bulky Municipal Waste (20 03 07),6630.479
2023,SAVINJSKA,NAZARJE,Non-hazardous Wood from Municipal Waste (20 01 38),30.348
2023,SAVINJSKA,NAZARJE,Paper and Cardboard Packaging (15 01 01),25.608
2023,SAVINJSKA,NAZARJE,Paper and Cardboard from Municipal Waste (20 01 01),96.273
2023,SAVINJSKA,PODČETRTEK,Bulky Municipal Waste (20 03 07),156.032
2023,SAVINJSKA,PODČETRTEK,Non-hazardous Wood from Municipal Waste (20 01 38),10.69
2023,SAVINJSKA,PODČETRTEK,Paper and Cardboard Packaging (15 01 01),29.774
2023,SAVINJSKA,PODČETRTEK,Paper and Cardboard from Municipal Waste (20 01 01),19.947
2023,SAVINJSKA,POLZELA,Bulky Municipal Waste (20 03 07),1271.865
2023,SAVINJSKA,POLZELA,Non-hazardous Wood from Municipal Waste (20 01 38),184.322
2023,SAVINJSKA,POLZELA,Paper and Cardboard Packaging (15 01 01),21.861
2023,SAVINJSKA,POLZELA,Paper and Cardboard from Municipal Waste (20 01 01),142.897
2023,SAVINJSKA,PREBOLD,Bulky Municipal Waste (20 03 07),504.942
2023,SAVINJSKA,PREBOLD,Non-hazardous Wood from Municipal Waste (20 01 38),136.444
2023,SAVINJSKA,PREBOLD,Paper and Cardboard Packaging (15 01 01),23.025
2023,SAVINJSKA,PREBOLD,Paper and Cardboard from Municipal Waste (20 01 01),114.58699999999999
2023,SAVINJSKA,REČICA OB SAVINJI,Bulky Municipal Waste (20 03 07),1242.564
2023,SAVINJSKA,REČICA OB SAVINJI,Non-hazardous Wood from Municipal Waste (20 01 38),30.138
2023,SAVINJSKA,REČICA OB SAVINJI,Paper and Cardboard Packaging (15 01 01),19.2
2023,SAVINJSKA,REČICA OB SAVINJI,Paper and Cardboard from Municipal Waste (20 01 01),17.795
2023,SAVINJSKA,ROGATEC,Bulky Municipal Waste (20 03 07),96.643
2023,SAVINJSKA,ROGATEC,Non-hazardous Wood from Municipal Waste (20 01 38),6.621
2023,SAVINJSKA,ROGATEC,Paper and Cardboard Packaging (15 01 01),18.467
2023,SAVINJSKA,ROGATEC,Paper and Cardboard from Municipal Waste (20 01 01),18.558
2023,SAVINJSKA,ROGAŠKA SLATINA,Bulky Municipal Waste (20 03 07),470.12100000000004
2023,SAVINJSKA,ROGAŠKA SLATINA,Non-hazardous Wood from Municipal Waste (20 01 38),32.169
2023,SAVINJSKA,ROGAŠKA SLATINA,Paper and Cardboard Packaging (15 01 01),90.06899999999999
2023,SAVINJSKA,ROGAŠKA SLATINA,Paper and Cardboard from Municipal Waste (20 01 01),50.815000000000005
2023,SAVINJSKA,SLOVENSKE KONJICE,Bulky Municipal Waste (20 03 07),248.75
2023,SAVINJSKA,SLOVENSKE KONJICE,Non-hazardous Wood from Municipal Waste (20 01 38),666.97
2023,SAVINJSKA,SLOVENSKE KONJICE,Paper and Cardboard Packaging (15 01 01),157.058
2023,SAVINJSKA,SLOVENSKE KONJICE,Paper and Cardboard from Municipal Waste (20 01 01),366.957
2023,SAVINJSKA,SOLČAVA,Bulky Municipal Waste (20 03 07),51.098
2023,SAVINJSKA,SOLČAVA,Non-hazardous Wood from Municipal Waste (20 01 38),4.916
2023,SAVINJSKA,SOLČAVA,Paper and Cardboard Packaging (15 01 01),3.271
2023,SAVINJSKA,SOLČAVA,Paper and Cardboard from Municipal Waste (20 01 01),17.404
2023,SAVINJSKA,TABOR,Bulky Municipal Waste (20 03 07),154.05
2023,SAVINJSKA,TABOR,Non-hazardous Wood from Municipal Waste (20 01 38),61.747
2023,SAVINJSKA,TABOR,Paper and Cardboard Packaging (15 01 01),6.756
2023,SAVINJSKA,TABOR,Paper and Cardboard from Municipal Waste (20 01 01),197.046
2023,SAVINJSKA,VELENJE,Bulky Municipal Waste (20 03 07),808.371
2023,SAVINJSKA,VELENJE,Non-hazardous Wood from Municipal Waste (20 01 38),874.868
2023,SAVINJSKA,VELENJE,Paper and Cardboard Packaging (15 01 01),3498
2023,SAVINJSKA,VELENJE,Paper and Cardboard from Municipal Waste (20 01 01),619.007
2023,SAVINJSKA,VELENJE,Wooden Packaging (15 01 03),2831.11
2023,SAVINJSKA,VITANJE,Bulky Municipal Waste (20 03 07),32.91
2023,SAVINJSKA,VITANJE,Paper and Cardboard Packaging (15 01 01),7.644
2023,SAVINJSKA,VITANJE,Paper and Cardboard from Municipal Waste (20 01 01),364.634
2023,SAVINJSKA,VOJNIK,Bulky Municipal Waste (20 03 07),990.02
2023,SAVINJSKA,VOJNIK,Non-hazardous Wood from Municipal Waste (20 01 38),198.088
2023,SAVINJSKA,VOJNIK,Paper and Cardboard Packaging (15 01 01),47.647
2023,SAVINJSKA,VOJNIK,Paper and Cardboard from Municipal Waste (20 01 01),163.23000000000002
2023,SAVINJSKA,VRANSKO,Bulky Municipal Waste (20 03 07),242.027
2023,SAVINJSKA,VRANSKO,Non-hazardous Wood from Municipal Waste (20 01 38),66.458
2023,SAVINJSKA,VRANSKO,Paper and Cardboard Packaging (15 01 01),11.276
2023,SAVINJSKA,VRANSKO,Paper and Cardboard from Municipal Waste (20 01 01),62.882
2023,SAVINJSKA,ZREČE,Bulky Municipal Waste (20 03 07),130.67000000000002
2023,SAVINJSKA,ZREČE,Non-hazardous Wood from Municipal Waste (20 01 38),4.12
2023,SAVINJSKA,ZREČE,Paper and Cardboard Packaging (15 01 01),26.238
2023,SAVINJSKA,ZREČE,Paper and Cardboard from Municipal Waste (20 01 01),1.637
2023,SAVINJSKA,ŠENTJUR,Bulky Municipal Waste (20 03 07),1020.309
2023,SAVINJSKA,ŠENTJUR,Non-hazardous Wood from Municipal Waste (20 01 38),528.985
2023,SAVINJSKA,ŠENTJUR,Paper and Cardboard Packaging (15 01 01),103.55799999999999
2023,SAVINJSKA,ŠENTJUR,Paper and Cardboard from Municipal Waste (20 01 01),210.49
2023,SAVINJSKA,ŠENTJUR,Wooden Packaging (15 01 03),1.84
2023,SAVINJSKA,ŠMARJE PRI JELŠAH,Bulky Municipal Waste (20 03 07),466.477
2023,SAVINJSKA,ŠMARJE PRI JELŠAH,Non-hazardous Wood from Municipal Waste (20 01 38),31.958
2023,SAVINJSKA,ŠMARJE PRI JELŠAH,Paper and Cardboard Packaging (15 01 01),115.433
2023,SAVINJSKA,ŠMARJE PRI JELŠAH,Paper and Cardboard from Municipal Waste (20 01 01),81.05199999999999
2023,SAVINJSKA,ŠMARJE PRI JELŠAH,Wooden Packaging (15 01 03),51.09
2023,SAVINJSKA,ŠMARTNO OB PAKI,Bulky Municipal Waste (20 03 07),101.704
2023,SAVINJSKA,ŠMARTNO OB PAKI,Non-hazardous Wood from Municipal Waste (20 01 38),100.666
2023,SAVINJSKA,ŠMARTNO OB PAKI,Paper and Cardboard Packaging (15 01 01),39.481
2023,SAVINJSKA,ŠMARTNO OB PAKI,Paper and Cardboard from Municipal Waste (20 01 01),85.95500000000001
2023,SAVINJSKA,ŠOŠTANJ,Bulky Municipal Waste (20 03 07),286.605
2023,SAVINJSKA,ŠOŠTANJ,Non-hazardous Wood from Municipal Waste (20 01 38),248.621
2023,SAVINJSKA,ŠOŠTANJ,Paper and Cardboard Packaging (15 01 01),118.61099999999999
2023,SAVINJSKA,ŠOŠTANJ,Paper and Cardboard from Municipal Waste (20 01 01),129.696
2023,SAVINJSKA,ŠOŠTANJ,Wooden Packaging (15 01 03),22.7
2023,SAVINJSKA,ŠTORE,Bulky Municipal Waste (20 03 07),232.327
2023,SAVINJSKA,ŠTORE,Non-hazardous Wood from Municipal Waste (20 01 38),91.87
2023,SAVINJSKA,ŠTORE,Paper and Cardboard Packaging (15 01 01),41.97
2023,SAVINJSKA,ŠTORE,Paper and Cardboard from Municipal Waste (20 01 01),113.066
2023,SAVINJSKA,ŠTORE,Wooden Packaging (15 01 03),18.2
2023,SAVINJSKA,ŽALEC,Bulky Municipal Waste (20 03 07),2299.393
2023,SAVINJSKA,ŽALEC,Non-hazardous Wood from Municipal Waste (20 01 38),1135.19
2023,SAVINJSKA,ŽALEC,Paper and Cardboard Packaging (15 01 01),112.353
2023,SAVINJSKA,ŽALEC,Paper and Cardboard from Municipal Waste (20 01 01),138.357
2023,ZASAVSKA,HRASTNIK,Bulky Municipal Waste (20 03 07),288.06
2023,ZASAVSKA,HRASTNIK,Paper and Cardboard Packaging (15 01 01),322.445
2023,ZASAVSKA,HRASTNIK,Paper and Cardboard from Municipal Waste (20 01 01),26.636
2023,ZASAVSKA,HRASTNIK,Wooden Packaging (15 01 03),162.57
2023,ZASAVSKA,LITIJA,Bulky Municipal Waste (20 03 07),1258.5140000000001
2023,ZASAVSKA,LITIJA,Non-hazardous Wood from Municipal Waste (20 01 38),332.489
2023,ZASAVSKA,LITIJA,Paper and Cardboard Packaging (15 01 01),236.51399999999998
2023,ZASAVSKA,LITIJA,Paper and Cardboard from Municipal Waste (20 01 01),701.3259999999999
2023,ZASAVSKA,TRBOVLJE,Bulky Municipal Waste (20 03 07),221.72
2023,ZASAVSKA,TRBOVLJE,Non-hazardous Wood from Municipal Waste (20 01 38),638.58
2023,ZASAVSKA,TRBOVLJE,Paper and Cardboard Packaging (15 01 01),143.891
2023,ZASAVSKA,TRBOVLJE,Paper and Cardboard from Municipal Waste (20 01 01),163.75
2023,ZASAVSKA,TRBOVLJE,Wooden Packaging (15 01 03),14.745
2023,ZASAVSKA,ZAGORJE OB SAVI,Bulky Municipal Waste (20 03 07),108.62
2023,ZASAVSKA,ZAGORJE OB SAVI,Non-hazardous Wood from Municipal Waste (20 01 38),358.8
2023,ZASAVSKA,ZAGORJE OB SAVI,Paper and Cardboard Packaging (15 01 01),346.403
2023,ZASAVSKA,ZAGORJE OB SAVI,Paper and Cardboard from Municipal Waste (20 01 01),171.48000000000002
2023,ZASAVSKA,ZAGORJE OB SAVI,Wooden Packaging (15 01 03),80.712
2024,GORENJSKA,BLED,Bulky Municipal Waste (20 03 07),206.04
2024,GORENJSKA,BLED,Non-hazardous Wood from Municipal Waste (20 01 38),410.565
2024,GORENJSKA,BLED,Paper and Cardboard Packaging (15 01 01),96.922
2024,GORENJSKA,BLED,Paper and Cardboard from Municipal Waste (20 01 01),346.21500000000003
2024,GORENJSKA,BOHINJ,Bulky Municipal Waste (20 03 07),293.35
2024,GORENJSKA,BOHINJ,Non-hazardous Wood from Municipal Waste (20 01 38),251.9
2024,GORENJSKA,BOHINJ,Paper and Cardboard Packaging (15 01 01),116.364
2024,GORENJSKA,BOHINJ,Paper and Cardboard from Municipal Waste (20 01 01),47.813
2024,GORENJSKA,CERKLJE NA GORENJSKEM,Bulky Municipal Waste (20 03 07),147.51999999999998
2024,GORENJSKA,CERKLJE NA GORENJSKEM,Non-hazardous Wood from Municipal Waste (20 01 38),248.06
2024,GORENJSKA,CERKLJE NA GORENJSKEM,Paper and Cardboard Packaging (15 01 01),200.606
2024,GORENJSKA,CERKLJE NA GORENJSKEM,Paper and Cardboard from Municipal Waste (20 01 01),3.54
2024,GORENJSKA,GORENJA VAS-POLJANE,Bulky Municipal Waste (20 03 07),195.32
2024,GORENJSKA,GORENJA VAS-POLJANE,Non-hazardous Wood from Municipal Waste (20 01 38),88.96
2024,GORENJSKA,GORENJA VAS-POLJANE,Paper and Cardboard Packaging (15 01 01),36.372
2024,GORENJSKA,GORENJA VAS-POLJANE,Paper and Cardboard from Municipal Waste (20 01 01),117.158
2024,GORENJSKA,GORJE,Bulky Municipal Waste (20 03 07),33.94
2024,GORENJSKA,GORJE,Non-hazardous Wood from Municipal Waste (20 01 38),136.855
2024,GORENJSKA,GORJE,Paper and Cardboard Packaging (15 01 01),17.548
2024,GORENJSKA,GORJE,Paper and Cardboard from Municipal Waste (20 01 01),62.54
2024,GORENJSKA,JESENICE,Bulky Municipal Waste (20 03 07),708.34
2024,GORENJSKA,JESENICE,Non-hazardous Wood from Municipal Waste (20 01 38),923.656
2024,GORENJSKA,JESENICE,Paper and Cardboard Packaging (15 01 01),129.85
2024,GORENJSKA,JESENICE,Paper and Cardboard from Municipal Waste (20 01 01),250.229
2024,GORENJSKA,JEZERSKO,Non-hazardous Wood from Municipal Waste (20 01 38),29.7
2024,GORENJSKA,JEZERSKO,Paper and Cardboard Packaging (15 01 01),20.221
2024,GORENJSKA,JEZERSKO,Paper and Cardboard from Municipal Waste (20 01 01),8.124
2024,GORENJSKA,KRANJ,Bulky Municipal Waste (20 03 07),574.868
2024,GORENJSKA,KRANJ,Non-hazardous Wood from Municipal Waste (20 01 38),1435.4
2024,GORENJSKA,KRANJ,Paper and Cardboard Packaging (15 01 01),747.72
2024,GORENJSKA,KRANJ,Paper and Cardboard from Municipal Waste (20 01 01),338.89099999999996
2024,GORENJSKA,KRANJ,Wooden Packaging (15 01 03),17.4
2024,GORENJSKA,KRANJSKA GORA,Bulky Municipal Waste (20 03 07),256.32
2024,GORENJSKA,KRANJSKA GORA,Non-hazardous Wood from Municipal Waste (20 01 38),184.98
2024,GORENJSKA,KRANJSKA GORA,Paper and Cardboard Packaging (15 01 01),156.647
2024,GORENJSKA,KRANJSKA GORA,Paper and Cardboard from Municipal Waste (20 01 01),31.424
2024,GORENJSKA,NAKLO,Bulky Municipal Waste (20 03 07),34.14
2024,GORENJSKA,NAKLO,Non-hazardous Wood from Municipal Waste (20 01 38),112.44
2024,GORENJSKA,NAKLO,Paper and Cardboard Packaging (15 01 01),101.434
2024,GORENJSKA,NAKLO,Paper and Cardboard from Municipal Waste (20 01 01),101.78
2024,GORENJSKA,PREDDVOR,Bulky Municipal Waste (20 03 07),7.489
2024,GORENJSKA,PREDDVOR,Paper and Cardboard Packaging (15 01 01),36.762
2024,GORENJSKA,PREDDVOR,Paper and Cardboard from Municipal Waste (20 01 01),32.963
2024,GORENJSKA,RADOVLJICA,Bulky Municipal Waste (20 03 07),782.1
2024,GORENJSKA,RADOVLJICA,Non-hazardous Wood from Municipal Waste (20 01 38),752.38
2024,GORENJSKA,RADOVLJICA,Paper and Cardboard Packaging (15 01 01),293.911
2024,GORENJSKA,RADOVLJICA,Paper and Cardboard from Municipal Waste (20 01 01),336.61100000000005
2024,GORENJSKA,TRŽIČ,Bulky Municipal Waste (20 03 07),345.06
2024,GORENJSKA,TRŽIČ,Non-hazardous Wood from Municipal Waste (20 01 38),357.82
2024,GORENJSKA,TRŽIČ,Paper and Cardboard Packaging (15 01 01),190.825
2024,GORENJSKA,TRŽIČ,Paper and Cardboard from Municipal Waste (20 01 01),58.775999999999996
2024,GORENJSKA,ŠENČUR,Bulky Municipal Waste (20 03 07),67.407
2024,GORENJSKA,ŠENČUR,Non-hazardous Wood from Municipal Waste (20 01 38),188.64
2024,GORENJSKA,ŠENČUR,Paper and Cardboard Packaging (15 01 01),121.347
2024,GORENJSKA,ŠENČUR,Paper and Cardboard from Municipal Waste (20 01 01),39.145
2024,GORENJSKA,ŠENČUR,Wooden Packaging (15 01 03),3.8
2024,GORENJSKA,ŠKOFJA LOKA,Bulky Municipal Waste (20 03 07),538.62
2024,GORENJSKA,ŠKOFJA LOKA,Paper and Cardboard Packaging (15 01 01),442.921
2024,GORENJSKA,ŠKOFJA LOKA,Paper and Cardboard from Municipal Waste (20 01 01),2017.477
2024,GORENJSKA,ŠKOFJA LOKA,Wooden Packaging (15 01 03),9.77
2024,GORENJSKA,ŽELEZNIKI,Bulky Municipal Waste (20 03 07),69.18
2024,GORENJSKA,ŽELEZNIKI,Paper and Cardboard Packaging (15 01 01),65.191
2024,GORENJSKA,ŽELEZNIKI,Paper and Cardboard from Municipal Waste (20 01 01),21.297
2024,GORENJSKA,ŽIRI,Bulky Municipal Waste (20 03 07),52.06
2024,GORENJSKA,ŽIRI,Non-hazardous Wood from Municipal Waste (20 01 38),131.62
2024,GORENJSKA,ŽIRI,Paper and Cardboard Packaging (15 01 01),17.867
2024,GORENJSKA,ŽIRI,Paper and Cardboard from Municipal Waste (20 01 01),192.77100000000002
2024,GORENJSKA,ŽIROVNICA,Bulky Municipal Waste (20 03 07),225.92
2024,GORENJSKA,ŽIROVNICA,Non-hazardous Wood from Municipal Waste (20 01 38),269.274
2024,GORENJSKA,ŽIROVNICA,Paper and Cardboard Packaging (15 01 01),34.511
2024,GORENJSKA,ŽIROVNICA,Paper and Cardboard from Municipal Waste (20 01 01),63.257000000000005
2024,GORIŠKA,AJDOVŠČINA,Bulky Municipal Waste (20 03 07),103.402
2024,GORIŠKA,AJDOVŠČINA,Non-hazardous Wood from Municipal Waste (20 01 38),590.403
2024,GORIŠKA,AJDOVŠČINA,Paper and Cardboard Packaging (15 01 01),221.685
2024,GORIŠKA,AJDOVŠČINA,Paper and Cardboard from Municipal Waste (20 01 01),375.66200000000003
2024,GORIŠKA,AJDOVŠČINA,Wooden Packaging (15 01 03),30.579
2024,GORIŠKA,BOVEC,Bulky Municipal Waste (20 03 07),64.922
2024,GORIŠKA,BOVEC,Non-hazardous Wood from Municipal Waste (20 01 38),142.958
2024,GORIŠKA,BOVEC,Paper and Cardboard Packaging (15 01 01),64.594
2024,GORIŠKA,BOVEC,Paper and Cardboard from Municipal Waste (20 01 01),99.027
2024,GORIŠKA,BRDA,Bulky Municipal Waste (20 03 07),310.177
2024,GORIŠKA,BRDA,Non-hazardous Wood from Municipal Waste (20 01 38),225.61
2024,GORIŠKA,BRDA,Paper and Cardboard Packaging (15 01 01),228.077
2024,GORIŠKA,BRDA,Paper and Cardboard from Municipal Waste (20 01 01),71.403
2024,GORIŠKA,BRDA,Wooden Packaging (15 01 03),8.88
2024,GORIŠKA,CERKNO,Bulky Municipal Waste (20 03 07),154.105
2024,GORIŠKA,CERKNO,Non-hazardous Wood from Municipal Waste (20 01 38),124.152
2024,GORIŠKA,CERKNO,Paper and Cardboard Packaging (15 01 01),48.628
2024,GORIŠKA,CERKNO,Paper and Cardboard from Municipal Waste (20 01 01),80.668
2024,GORIŠKA,IDRIJA,Bulky Municipal Waste (20 03 07),374.315
2024,GORIŠKA,IDRIJA,Non-hazardous Wood from Municipal Waste (20 01 38),291.628
2024,GORIŠKA,IDRIJA,Paper and Cardboard Packaging (15 01 01),166.12900000000002
2024,GORIŠKA,IDRIJA,Paper and Cardboard from Municipal Waste (20 01 01),206.26500000000001
2024,GORIŠKA,IDRIJA,Wooden Packaging (15 01 03),43.906
2024,GORIŠKA,KANAL,Bulky Municipal Waste (20 03 07),319.633
2024,GORIŠKA,KANAL,Non-hazardous Wood from Municipal Waste (20 01 38),214.671
2024,GORIŠKA,KANAL,Paper and Cardboard Packaging (15 01 01),49.332
2024,GORIŠKA,KANAL,Paper and Cardboard from Municipal Waste (20 01 01),59.422000000000004
2024,GORIŠKA,KANAL,Wooden Packaging (15 01 03),51.36
2024,GORIŠKA,KOBARID,Bulky Municipal Waste (20 03 07),57.431
2024,GORIŠKA,KOBARID,Non-hazardous Wood from Municipal Waste (20 01 38),126.463
2024,GORIŠKA,KOBARID,Paper and Cardboard Packaging (15 01 01),57.141
2024,GORIŠKA,KOBARID,Paper and Cardboard from Municipal Waste (20 01 01),95.292
2024,GORIŠKA,KOBARID,Wooden Packaging (15 01 03),18.52
2024,GORIŠKA,MIREN-KOSTANJEVICA,Bulky Municipal Waste (20 03 07),211.319
2024,GORIŠKA,MIREN-KOSTANJEVICA,Non-hazardous Wood from Municipal Waste (20 01 38),162.77
2024,GORIŠKA,MIREN-KOSTANJEVICA,Paper and Cardboard Packaging (15 01 01),198.505
2024,GORIŠKA,MIREN-KOSTANJEVICA,Paper and Cardboard from Municipal Waste (20 01 01),131.716
2024,GORIŠKA,NOVA GORICA,Bulky Municipal Waste (20 03 07),1010.609
2024,GORIŠKA,NOVA GORICA,Non-hazardous Wood from Municipal Waste (20 01 38),937.422
2024,GORIŠKA,NOVA GORICA,Paper and Cardboard Packaging (15 01 01),947.595
2024,GORIŠKA,NOVA GORICA,Paper and Cardboard from Municipal Waste (20 01 01),514.836
2024,GORIŠKA,NOVA GORICA,Wooden Packaging (15 01 03),105.672
2024,GORIŠKA,RENČE-VOGRSKO,Bulky Municipal Waste (20 03 07),137.189
2024,GORIŠKA,RENČE-VOGRSKO,Non-hazardous Wood from Municipal Waste (20 01 38),98.565
2024,GORIŠKA,RENČE-VOGRSKO,Paper and Cardboard Packaging (15 01 01),43.132999999999996
2024,GORIŠKA,RENČE-VOGRSKO,Paper and Cardboard from Municipal Waste (20 01 01),47.038
2024,GORIŠKA,RENČE-VOGRSKO,Wooden Packaging (15 01 03),12.36
2024,GORIŠKA,TOLMIN,Bulky Municipal Waste (20 03 07),127.447
2024,GORIŠKA,TOLMIN,Non-hazardous Wood from Municipal Waste (20 01 38),284.19899999999996
2024,GORIŠKA,TOLMIN,Paper and Cardboard Packaging (15 01 01),151.463
2024,GORIŠKA,TOLMIN,Paper and Cardboard from Municipal Waste (20 01 01),159.781
2024,GORIŠKA,TOLMIN,Wooden Packaging (15 01 03),11.24
2024,GORIŠKA,VIPAVA,Bulky Municipal Waste (20 03 07),22.323
2024,GORIŠKA,VIPAVA,Non-hazardous Wood from Municipal Waste (20 01 38),156.547
2024,GORIŠKA,VIPAVA,Paper and Cardboard Packaging (15 01 01),55.114999999999995
2024,GORIŠKA,VIPAVA,Paper and Cardboard from Municipal Waste (20 01 01),139.984
2024,GORIŠKA,VIPAVA,Wooden Packaging (15 01 03),5.641
2024,GORIŠKA,ŠEMPETER-VRTOJBA,Bulky Municipal Waste (20 03 07),55.39
2024,GORIŠKA,ŠEMPETER-VRTOJBA,Non-hazardous Wood from Municipal Waste (20 01 38),178.61
2024,GORIŠKA,ŠEMPETER-VRTOJBA,Paper and Cardboard Packaging (15 01 01),205.66
2024,GORIŠKA,ŠEMPETER-VRTOJBA,Paper and Cardboard from Municipal Waste (20 01 01),109.416
2024,GORIŠKA,ŠEMPETER-VRTOJBA,Wooden Packaging (15 01 03),2.715
2024,JUGOVZHODNA SLOVENIJA,DOLENJSKE TOPLICE,Bulky Municipal Waste (20 03 07),90.229
2024,JUGOVZHODNA SLOVENIJA,DOLENJSKE TOPLICE,Non-hazardous Wood from Municipal Waste (20 01 38),75.456
2024,JUGOVZHODNA SLOVENIJA,DOLENJSKE TOPLICE,Paper and Cardboard Packaging (15 01 01),49.203
2024,JUGOVZHODNA SLOVENIJA,DOLENJSKE TOPLICE,Paper and Cardboard from Municipal Waste (20 01 01),12.857
2024,JUGOVZHODNA SLOVENIJA,KOSTEL,Bulky Municipal Waste (20 03 07),41.57
2024,JUGOVZHODNA SLOVENIJA,KOSTEL,Non-hazardous Wood from Municipal Waste (20 01 38),18.15
2024,JUGOVZHODNA SLOVENIJA,KOSTEL,Paper and Cardboard Packaging (15 01 01),19.84
2024,JUGOVZHODNA SLOVENIJA,KOSTEL,Paper and Cardboard from Municipal Waste (20 01 01),4.26
2024,JUGOVZHODNA SLOVENIJA,KOČEVJE,Bulky Municipal Waste (20 03 07),759.87
2024,JUGOVZHODNA SLOVENIJA,KOČEVJE,Non-hazardous Wood from Municipal Waste (20 01 38),404.09
2024,JUGOVZHODNA SLOVENIJA,KOČEVJE,Paper and Cardboard Packaging (15 01 01),290.142
2024,JUGOVZHODNA SLOVENIJA,KOČEVJE,Paper and Cardboard from Municipal Waste (20 01 01),90.518
2024,JUGOVZHODNA SLOVENIJA,LOŠKI POTOK,Bulky Municipal Waste (20 03 07),49.32
2024,JUGOVZHODNA SLOVENIJA,LOŠKI POTOK,Non-hazardous Wood from Municipal Waste (20 01 38),48.171
2024,JUGOVZHODNA SLOVENIJA,LOŠKI POTOK,Paper and Cardboard Packaging (15 01 01),27.151
2024,JUGOVZHODNA SLOVENIJA,LOŠKI POTOK,Paper and Cardboard from Municipal Waste (20 01 01),4.7219999999999995
2024,JUGOVZHODNA SLOVENIJA,METLIKA,Bulky Municipal Waste (20 03 07),336.33
2024,JUGOVZHODNA SLOVENIJA,METLIKA,Non-hazardous Wood from Municipal Waste (20 01 38),328.22
2024,JUGOVZHODNA SLOVENIJA,METLIKA,Paper and Cardboard Packaging (15 01 01),181.155
2024,JUGOVZHODNA SLOVENIJA,METLIKA,Paper and Cardboard from Municipal Waste (20 01 01),6.068
2024,JUGOVZHODNA SLOVENIJA,MIRNA,Bulky Municipal Waste (20 03 07),30.286
2024,JUGOVZHODNA SLOVENIJA,MIRNA,Non-hazardous Wood from Municipal Waste (20 01 38),61.921
2024,JUGOVZHODNA SLOVENIJA,MIRNA,Paper and Cardboard Packaging (15 01 01),47.573
2024,JUGOVZHODNA SLOVENIJA,MIRNA,Paper and Cardboard from Municipal Waste (20 01 01),8.56
2024,JUGOVZHODNA SLOVENIJA,MIRNA PEČ,Bulky Municipal Waste (20 03 07),79.201
2024,JUGOVZHODNA SLOVENIJA,MIRNA PEČ,Non-hazardous Wood from Municipal Waste (20 01 38),66.233
2024,JUGOVZHODNA SLOVENIJA,MIRNA PEČ,Paper and Cardboard Packaging (15 01 01),40.51
2024,JUGOVZHODNA SLOVENIJA,MIRNA PEČ,Paper and Cardboard from Municipal Waste (20 01 01),10.374
2024,JUGOVZHODNA SLOVENIJA,MOKRONOG-TREBELNO,Bulky Municipal Waste (20 03 07),37.113
2024,JUGOVZHODNA SLOVENIJA,MOKRONOG-TREBELNO,Non-hazardous Wood from Municipal Waste (20 01 38),75.88
2024,JUGOVZHODNA SLOVENIJA,MOKRONOG-TREBELNO,Paper and Cardboard Packaging (15 01 01),69.838
2024,JUGOVZHODNA SLOVENIJA,MOKRONOG-TREBELNO,Paper and Cardboard from Municipal Waste (20 01 01),0.009
2024,JUGOVZHODNA SLOVENIJA,MOKRONOG-TREBELNO,Wooden Packaging (15 01 03),0.48
2024,JUGOVZHODNA SLOVENIJA,NOVO MESTO,Bulky Municipal Waste (20 03 07),953.549
2024,JUGOVZHODNA SLOVENIJA,NOVO MESTO,Non-hazardous Wood from Municipal Waste (20 01 38),797.425
2024,JUGOVZHODNA SLOVENIJA,NOVO MESTO,Paper and Cardboard Packaging (15 01 01),556.064
2024,JUGOVZHODNA SLOVENIJA,NOVO MESTO,Paper and Cardboard from Municipal Waste (20 01 01),143.78900000000002
2024,JUGOVZHODNA SLOVENIJA,RIBNICA,Bulky Municipal Waste (20 03 07),349.51099999999997
2024,JUGOVZHODNA SLOVENIJA,RIBNICA,Non-hazardous Wood from Municipal Waste (20 01 38),206.164
2024,JUGOVZHODNA SLOVENIJA,RIBNICA,Paper and Cardboard Packaging (15 01 01),116.27099999999999
2024,JUGOVZHODNA SLOVENIJA,RIBNICA,Paper and Cardboard from Municipal Waste (20 01 01),231.012
2024,JUGOVZHODNA SLOVENIJA,RIBNICA,Wooden Packaging (15 01 03),0.25
2024,JUGOVZHODNA SLOVENIJA,SEMIČ,Bulky Municipal Waste (20 03 07),163.747
2024,JUGOVZHODNA SLOVENIJA,SEMIČ,Non-hazardous Wood from Municipal Waste (20 01 38),97.898
2024,JUGOVZHODNA SLOVENIJA,SEMIČ,Paper and Cardboard Packaging (15 01 01),38.502
2024,JUGOVZHODNA SLOVENIJA,SEMIČ,Paper and Cardboard from Municipal Waste (20 01 01),26.572
2024,JUGOVZHODNA SLOVENIJA,SODRAŽICA,Bulky Municipal Waste (20 03 07),60.709
2024,JUGOVZHODNA SLOVENIJA,SODRAŽICA,Non-hazardous Wood from Municipal Waste (20 01 38),48.625
2024,JUGOVZHODNA SLOVENIJA,SODRAŽICA,Paper and Cardboard Packaging (15 01 01),27.987
2024,JUGOVZHODNA SLOVENIJA,SODRAŽICA,Paper and Cardboard from Municipal Waste (20 01 01),5.413
2024,JUGOVZHODNA SLOVENIJA,STRAŽA,Bulky Municipal Waste (20 03 07),97.276
2024,JUGOVZHODNA SLOVENIJA,STRAŽA,Non-hazardous Wood from Municipal Waste (20 01 38),81.349
2024,JUGOVZHODNA SLOVENIJA,STRAŽA,Paper and Cardboard Packaging (15 01 01),56.293000000000006
2024,JUGOVZHODNA SLOVENIJA,STRAŽA,Paper and Cardboard from Municipal Waste (20 01 01),12.829
2024,JUGOVZHODNA SLOVENIJA,TREBNJE,Bulky Municipal Waste (20 03 07),126.766
2024,JUGOVZHODNA SLOVENIJA,TREBNJE,Non-hazardous Wood from Municipal Waste (20 01 38),264.377
2024,JUGOVZHODNA SLOVENIJA,TREBNJE,Paper and Cardboard Packaging (15 01 01),197.432
2024,JUGOVZHODNA SLOVENIJA,TREBNJE,Paper and Cardboard from Municipal Waste (20 01 01),70.412
2024,JUGOVZHODNA SLOVENIJA,ČRNOMELJ,Bulky Municipal Waste (20 03 07),513.733
2024,JUGOVZHODNA SLOVENIJA,ČRNOMELJ,Non-hazardous Wood from Municipal Waste (20 01 38),307.142
2024,JUGOVZHODNA SLOVENIJA,ČRNOMELJ,Paper and Cardboard Packaging (15 01 01),122.116
2024,JUGOVZHODNA SLOVENIJA,ČRNOMELJ,Paper and Cardboard from Municipal Waste (20 01 01),84.868
2024,JUGOVZHODNA SLOVENIJA,ČRNOMELJ,Wooden Packaging (15 01 03),0.13
2024,JUGOVZHODNA SLOVENIJA,ŠENTJERNEJ,Bulky Municipal Waste (20 03 07),183.845
2024,JUGOVZHODNA SLOVENIJA,ŠENTJERNEJ,Non-hazardous Wood from Municipal Waste (20 01 38),153.745
2024,JUGOVZHODNA SLOVENIJA,ŠENTJERNEJ,Paper and Cardboard Packaging (15 01 01),92.658
2024,JUGOVZHODNA SLOVENIJA,ŠENTJERNEJ,Paper and Cardboard from Municipal Waste (20 01 01),26.022
2024,JUGOVZHODNA SLOVENIJA,ŠENTRUPERT,Bulky Municipal Waste (20 03 07),30.755
2024,JUGOVZHODNA SLOVENIJA,ŠENTRUPERT,Non-hazardous Wood from Municipal Waste (20 01 38),62.882
2024,JUGOVZHODNA SLOVENIJA,ŠENTRUPERT,Paper and Cardboard Packaging (15 01 01),60.553000000000004
2024,JUGOVZHODNA SLOVENIJA,ŠENTRUPERT,Paper and Cardboard from Municipal Waste (20 01 01),1.212
2024,JUGOVZHODNA SLOVENIJA,ŠENTRUPERT,Wooden Packaging (15 01 03),6.04
2024,JUGOVZHODNA SLOVENIJA,ŠKOCJAN,Bulky Municipal Waste (20 03 07),87.657
2024,JUGOVZHODNA SLOVENIJA,ŠKOCJAN,Non-hazardous Wood from Municipal Waste (20 01 38),73.305
2024,JUGOVZHODNA SLOVENIJA,ŠKOCJAN,Paper and Cardboard Packaging (15 01 01),57.480000000000004
2024,JUGOVZHODNA SLOVENIJA,ŠKOCJAN,Paper and Cardboard from Municipal Waste (20 01 01),17.808
2024,JUGOVZHODNA SLOVENIJA,ŠMARJEŠKE TOPLICE,Bulky Municipal Waste (20 03 07),88.869
2024,JUGOVZHODNA SLOVENIJA,ŠMARJEŠKE TOPLICE,Non-hazardous Wood from Municipal Waste (20 01 38),74.318
2024,JUGOVZHODNA SLOVENIJA,ŠMARJEŠKE TOPLICE,Paper and Cardboard Packaging (15 01 01),45.685
2024,JUGOVZHODNA SLOVENIJA,ŠMARJEŠKE TOPLICE,Paper and Cardboard from Municipal Waste (20 01 01),11.7
2024,JUGOVZHODNA SLOVENIJA,ŽUŽEMBERK,Bulky Municipal Waste (20 03 07),115.5
2024,JUGOVZHODNA SLOVENIJA,ŽUŽEMBERK,Non-hazardous Wood from Municipal Waste (20 01 38),96.589
2024,JUGOVZHODNA SLOVENIJA,ŽUŽEMBERK,Paper and Cardboard Packaging (15 01 01),66.372
2024,JUGOVZHODNA SLOVENIJA,ŽUŽEMBERK,Paper and Cardboard from Municipal Waste (20 01 01),14.718
2024,KOROŠKA,DRAVOGRAD,Bulky Municipal Waste (20 03 07),8637.66
2024,KOROŠKA,DRAVOGRAD,Non-hazardous Wood from Municipal Waste (20 01 38),30.7
2024,KOROŠKA,DRAVOGRAD,Paper and Cardboard Packaging (15 01 01),147.86
2024,KOROŠKA,DRAVOGRAD,Paper and Cardboard from Municipal Waste (20 01 01),109.09
2024,KOROŠKA,DRAVOGRAD,Wooden Packaging (15 01 03),7.1
2024,KOROŠKA,MEŽICA,Bulky Municipal Waste (20 03 07),137.963
2024,KOROŠKA,MEŽICA,Paper and Cardboard Packaging (15 01 01),25.319
2024,KOROŠKA,MEŽICA,Paper and Cardboard from Municipal Waste (20 01 01),30.817
2024,KOROŠKA,MISLINJA,Bulky Municipal Waste (20 03 07),228.703
2024,KOROŠKA,MISLINJA,Paper and Cardboard Packaging (15 01 01),38.452
2024,KOROŠKA,MISLINJA,Paper and Cardboard from Municipal Waste (20 01 01),51.592999999999996
2024,KOROŠKA,MUTA,Bulky Municipal Waste (20 03 07),75.524
2024,KOROŠKA,MUTA,Paper and Cardboard Packaging (15 01 01),33.929
2024,KOROŠKA,MUTA,Paper and Cardboard from Municipal Waste (20 01 01),12.758
2024,KOROŠKA,MUTA,Wooden Packaging (15 01 03),48.06
2024,KOROŠKA,PODVELKA,Bulky Municipal Waste (20 03 07),48.552
2024,KOROŠKA,PODVELKA,Paper and Cardboard Packaging (15 01 01),15.999
2024,KOROŠKA,PODVELKA,Paper and Cardboard from Municipal Waste (20 01 01),19.81
2024,KOROŠKA,PREVALJE,Bulky Municipal Waste (20 03 07),261.95799999999997
2024,KOROŠKA,PREVALJE,Paper and Cardboard Packaging (15 01 01),99.65
2024,KOROŠKA,PREVALJE,Paper and Cardboard from Municipal Waste (20 01 01),66.824
2024,KOROŠKA,PREVALJE,Wooden Packaging (15 01 03),65.86
2024,KOROŠKA,RADLJE OB DRAVI,Bulky Municipal Waste (20 03 07),159.242
2024,KOROŠKA,RADLJE OB DRAVI,Paper and Cardboard Packaging (15 01 01),101.099
2024,KOROŠKA,RADLJE OB DRAVI,Paper and Cardboard from Municipal Waste (20 01 01),79.161
2024,KOROŠKA,RAVNE NA KOROŠKEM,Bulky Municipal Waste (20 03 07),434.272
2024,KOROŠKA,RAVNE NA KOROŠKEM,Non-hazardous Wood from Municipal Waste (20 01 38),35.88
2024,KOROŠKA,RAVNE NA KOROŠKEM,Paper and Cardboard Packaging (15 01 01),154.197
2024,KOROŠKA,RAVNE NA KOROŠKEM,Paper and Cardboard from Municipal Waste (20 01 01),232.999
2024,KOROŠKA,RAVNE NA KOROŠKEM,Wooden Packaging (15 01 03),157.9
2024,KOROŠKA,RIBNICA NA POHORJU,Bulky Municipal Waste (20 03 07),21.578
2024,KOROŠKA,RIBNICA NA POHORJU,Paper and Cardboard Packaging (15 01 01),4.435
2024,KOROŠKA,RIBNICA NA POHORJU,Paper and Cardboard from Municipal Waste (20 01 01),13.94
2024,KOROŠKA,SLOVENJ GRADEC,Bulky Municipal Waste (20 03 07),843.557
2024,KOROŠKA,SLOVENJ GRADEC,Paper and Cardboard Packaging (15 01 01),250.48000000000002
2024,KOROŠKA,SLOVENJ GRADEC,Paper and Cardboard from Municipal Waste (20 01 01),261.52200000000005
2024,KOROŠKA,SLOVENJ GRADEC,Wooden Packaging (15 01 03),5.716
2024,KOROŠKA,VUZENICA,Bulky Municipal Waste (20 03 07),55.744
2024,KOROŠKA,VUZENICA,Paper and Cardboard Packaging (15 01 01),12.325000000000001
2024,KOROŠKA,VUZENICA,Paper and Cardboard from Municipal Waste (20 01 01),16.059
2024,KOROŠKA,ČRNA NA KOROŠKEM,Bulky Municipal Waste (20 03 07),123.807
2024,KOROŠKA,ČRNA NA KOROŠKEM,Paper and Cardboard Packaging (15 01 01),378.494
2024,KOROŠKA,ČRNA NA KOROŠKEM,Paper and Cardboard from Municipal Waste (20 01 01),27.543
2024,KOROŠKA,ČRNA NA KOROŠKEM,Wooden Packaging (15 01 03),268.801
2024,OBALNO-KRAŠKA,ANKARAN,Bulky Municipal Waste (20 03 07),17.89
2024,OBALNO-KRAŠKA,ANKARAN,Non-hazardous Wood from Municipal Waste (20 01 38),77.352
2024,OBALNO-KRAŠKA,ANKARAN,Paper and Cardboard Packaging (15 01 01),75.44
2024,OBALNO-KRAŠKA,ANKARAN,Paper and Cardboard from Municipal Waste (20 01 01),101.119
2024,OBALNO-KRAŠKA,DIVAČA,Bulky Municipal Waste (20 03 07),28.543
2024,OBALNO-KRAŠKA,DIVAČA,Non-hazardous Wood from Municipal Waste (20 01 38),98.343
2024,OBALNO-KRAŠKA,DIVAČA,Paper and Cardboard Packaging (15 01 01),53.162
2024,OBALNO-KRAŠKA,DIVAČA,Paper and Cardboard from Municipal Waste (20 01 01),82.153
2024,OBALNO-KRAŠKA,HRPELJE-KOZINA,Bulky Municipal Waste (20 03 07),34.571
2024,OBALNO-KRAŠKA,HRPELJE-KOZINA,Non-hazardous Wood from Municipal Waste (20 01 38),116.049
2024,OBALNO-KRAŠKA,HRPELJE-KOZINA,Paper and Cardboard Packaging (15 01 01),62.247
2024,OBALNO-KRAŠKA,HRPELJE-KOZINA,Paper and Cardboard from Municipal Waste (20 01 01),96.192
2024,OBALNO-KRAŠKA,IZOLA,Bulky Municipal Waste (20 03 07),304.88
2024,OBALNO-KRAŠKA,IZOLA,Non-hazardous Wood from Municipal Waste (20 01 38),711.1
2024,OBALNO-KRAŠKA,IZOLA,Paper and Cardboard Packaging (15 01 01),262.361
2024,OBALNO-KRAŠKA,IZOLA,Paper and Cardboard from Municipal Waste (20 01 01),363.273
2024,OBALNO-KRAŠKA,KOMEN,Bulky Municipal Waste (20 03 07),23.458
2024,OBALNO-KRAŠKA,KOMEN,Non-hazardous Wood from Municipal Waste (20 01 38),80.824
2024,OBALNO-KRAŠKA,KOMEN,Paper and Cardboard Packaging (15 01 01),43.692
2024,OBALNO-KRAŠKA,KOMEN,Paper and Cardboard from Municipal Waste (20 01 01),67.518
2024,OBALNO-KRAŠKA,KOPER,Bulky Municipal Waste (20 03 07),507.813
2024,OBALNO-KRAŠKA,KOPER,Non-hazardous Wood from Municipal Waste (20 01 38),1856.448
2024,OBALNO-KRAŠKA,KOPER,Paper and Cardboard Packaging (15 01 01),987.6270000000001
2024,OBALNO-KRAŠKA,KOPER,Paper and Cardboard from Municipal Waste (20 01 01),752.523
2024,OBALNO-KRAŠKA,KOPER,Wooden Packaging (15 01 03),1555.12
2024,OBALNO-KRAŠKA,PIRAN,Bulky Municipal Waste (20 03 07),1551.64
2024,OBALNO-KRAŠKA,PIRAN,Non-hazardous Wood from Municipal Waste (20 01 38),736.34
2024,OBALNO-KRAŠKA,PIRAN,Paper and Cardboard Packaging (15 01 01),508.723
2024,OBALNO-KRAŠKA,PIRAN,Paper and Cardboard from Municipal Waste (20 01 01),224.325
2024,OBALNO-KRAŠKA,SEŽANA,Bulky Municipal Waste (20 03 07),86.938
2024,OBALNO-KRAŠKA,SEŽANA,Non-hazardous Wood from Municipal Waste (20 01 38),299.544
2024,OBALNO-KRAŠKA,SEŽANA,Paper and Cardboard Packaging (15 01 01),161.925
2024,OBALNO-KRAŠKA,SEŽANA,Paper and Cardboard from Municipal Waste (20 01 01),250.427
2024,OSREDNJESLOVENSKA,BOROVNICA,Bulky Municipal Waste (20 03 07),78.958
2024,OSREDNJESLOVENSKA,BOROVNICA,Non-hazardous Wood from Municipal Waste (20 01 38),111.298
2024,OSREDNJESLOVENSKA,BOROVNICA,Paper and Cardboard Packaging (15 01 01),27.266
2024,OSREDNJESLOVENSKA,BOROVNICA,Paper and Cardboard from Municipal Waste (20 01 01),248.11
2024,OSREDNJESLOVENSKA,BREZOVICA,Bulky Municipal Waste (20 03 07),250.945
2024,OSREDNJESLOVENSKA,BREZOVICA,Non-hazardous Wood from Municipal Waste (20 01 38),116.6
2024,OSREDNJESLOVENSKA,BREZOVICA,Paper and Cardboard Packaging (15 01 01),245.55
2024,OSREDNJESLOVENSKA,BREZOVICA,Paper and Cardboard from Municipal Waste (20 01 01),65.154
2024,OSREDNJESLOVENSKA,BREZOVICA,Wooden Packaging (15 01 03),1.96
2024,OSREDNJESLOVENSKA,DOBREPOLJE,Bulky Municipal Waste (20 03 07),51.164
2024,OSREDNJESLOVENSKA,DOBREPOLJE,Non-hazardous Wood from Municipal Waste (20 01 38),17.509
2024,OSREDNJESLOVENSKA,DOBREPOLJE,Paper and Cardboard Packaging (15 01 01),14.641
2024,OSREDNJESLOVENSKA,DOBREPOLJE,Paper and Cardboard from Municipal Waste (20 01 01),42.849000000000004
2024,OSREDNJESLOVENSKA,DOBREPOLJE,Wooden Packaging (15 01 03),1.487
2024,OSREDNJESLOVENSKA,DOBROVA-POLHOV GRADEC,Bulky Municipal Waste (20 03 07),44.06
2024,OSREDNJESLOVENSKA,DOBROVA-POLHOV GRADEC,Paper and Cardboard Packaging (15 01 01),66.855
2024,OSREDNJESLOVENSKA,DOBROVA-POLHOV GRADEC,Paper and Cardboard from Municipal Waste (20 01 01),7.91
2024,OSREDNJESLOVENSKA,DOL PRI LJUBLJANI,Bulky Municipal Waste (20 03 07),71.22
2024,OSREDNJESLOVENSKA,DOL PRI LJUBLJANI,Paper and Cardboard Packaging (15 01 01),112.70400000000001
2024,OSREDNJESLOVENSKA,DOL PRI LJUBLJANI,Paper and Cardboard from Municipal Waste (20 01 01),7.82
2024,OSREDNJESLOVENSKA,DOL PRI LJUBLJANI,Wooden Packaging (15 01 03),110.506
2024,OSREDNJESLOVENSKA,DOMŽALE,Bulky Municipal Waste (20 03 07),1139.978
2024,OSREDNJESLOVENSKA,DOMŽALE,Non-hazardous Wood from Municipal Waste (20 01 38),1605.319
2024,OSREDNJESLOVENSKA,DOMŽALE,Paper and Cardboard Packaging (15 01 01),677.6179999999999
2024,OSREDNJESLOVENSKA,DOMŽALE,Paper and Cardboard from Municipal Waste (20 01 01),1103.82
2024,OSREDNJESLOVENSKA,DOMŽALE,Wooden Packaging (15 01 03),239.835
2024,OSREDNJESLOVENSKA,GROSUPLJE,Bulky Municipal Waste (20 03 07),446.42499999999995
2024,OSREDNJESLOVENSKA,GROSUPLJE,Non-hazardous Wood from Municipal Waste (20 01 38),569.056
2024,OSREDNJESLOVENSKA,GROSUPLJE,Paper and Cardboard Packaging (15 01 01),228.834
2024,OSREDNJESLOVENSKA,GROSUPLJE,Paper and Cardboard from Municipal Waste (20 01 01),597.304
2024,OSREDNJESLOVENSKA,GROSUPLJE,Wooden Packaging (15 01 03),103.697
2024,OSREDNJESLOVENSKA,HORJUL,Bulky Municipal Waste (20 03 07),39.08
2024,OSREDNJESLOVENSKA,HORJUL,Paper and Cardboard Packaging (15 01 01),50.079
2024,OSREDNJESLOVENSKA,HORJUL,Paper and Cardboard from Municipal Waste (20 01 01),1.365
2024,OSREDNJESLOVENSKA,HORJUL,Wooden Packaging (15 01 03),2.06
2024,OSREDNJESLOVENSKA,IG,Bulky Municipal Waste (20 03 07),184.32
2024,OSREDNJESLOVENSKA,IG,Non-hazardous Wood from Municipal Waste (20 01 38),119.12
2024,OSREDNJESLOVENSKA,IG,Paper and Cardboard Packaging (15 01 01),157.558
2024,OSREDNJESLOVENSKA,IG,Paper and Cardboard from Municipal Waste (20 01 01),10.775
2024,OSREDNJESLOVENSKA,IG,Wooden Packaging (15 01 03),48.12
2024,OSREDNJESLOVENSKA,IVANČNA GORICA,Bulky Municipal Waste (20 03 07),277.941
2024,OSREDNJESLOVENSKA,IVANČNA GORICA,Non-hazardous Wood from Municipal Waste (20 01 38),288.905
2024,OSREDNJESLOVENSKA,IVANČNA GORICA,Paper and Cardboard Packaging (15 01 01),203.659
2024,OSREDNJESLOVENSKA,IVANČNA GORICA,Paper and Cardboard from Municipal Waste (20 01 01),353.899
2024,OSREDNJESLOVENSKA,IVANČNA GORICA,Wooden Packaging (15 01 03),49.672
2024,OSREDNJESLOVENSKA,KAMNIK,Bulky Municipal Waste (20 03 07),3404.47
2024,OSREDNJESLOVENSKA,KAMNIK,Non-hazardous Wood from Municipal Waste (20 01 38),324.83
2024,OSREDNJESLOVENSKA,KAMNIK,Paper and Cardboard Packaging (15 01 01),336.523
2024,OSREDNJESLOVENSKA,KAMNIK,Paper and Cardboard from Municipal Waste (20 01 01),1019.364
2024,OSREDNJESLOVENSKA,KAMNIK,Wooden Packaging (15 01 03),159.752
2024,OSREDNJESLOVENSKA,KOMENDA,Bulky Municipal Waste (20 03 07),600.79
2024,OSREDNJESLOVENSKA,KOMENDA,Non-hazardous Wood from Municipal Waste (20 01 38),229.75
2024,OSREDNJESLOVENSKA,KOMENDA,Paper and Cardboard Packaging (15 01 01),61.22
2024,OSREDNJESLOVENSKA,KOMENDA,Paper and Cardboard from Municipal Waste (20 01 01),285.805
2024,OSREDNJESLOVENSKA,KOMENDA,Wooden Packaging (15 01 03),2.4
2024,OSREDNJESLOVENSKA,LJUBLJANA,Bulky Municipal Waste (20 03 07),8547.712
2024,OSREDNJESLOVENSKA,LJUBLJANA,Non-hazardous Wood from Municipal Waste (20 01 38),8705.543
2024,OSREDNJESLOVENSKA,LJUBLJANA,Paper and Cardboard Packaging (15 01 01),12092.539
2024,OSREDNJESLOVENSKA,LJUBLJANA,Paper and Cardboard from Municipal Waste (20 01 01),20211.401
2024,OSREDNJESLOVENSKA,LJUBLJANA,Wooden Packaging (15 01 03),2303.094
2024,OSREDNJESLOVENSKA,LOG-DRAGOMER,Bulky Municipal Waste (20 03 07),67.261
2024,OSREDNJESLOVENSKA,LOG-DRAGOMER,Non-hazardous Wood from Municipal Waste (20 01 38),86.565
2024,OSREDNJESLOVENSKA,LOG-DRAGOMER,Paper and Cardboard Packaging (15 01 01),22.427
2024,OSREDNJESLOVENSKA,LOG-DRAGOMER,Paper and Cardboard from Municipal Waste (20 01 01),146.504
2024,OSREDNJESLOVENSKA,LOGATEC,Bulky Municipal Waste (20 03 07),130.99
2024,OSREDNJESLOVENSKA,LOGATEC,Non-hazardous Wood from Municipal Waste (20 01 38),377.37
2024,OSREDNJESLOVENSKA,LOGATEC,Paper and Cardboard Packaging (15 01 01),233.71
2024,OSREDNJESLOVENSKA,LOGATEC,Paper and Cardboard from Municipal Waste (20 01 01),290.925
2024,OSREDNJESLOVENSKA,LOGATEC,Wooden Packaging (15 01 03),82.73
2024,OSREDNJESLOVENSKA,LUKOVICA,Bulky Municipal Waste (20 03 07),160.413
2024,OSREDNJESLOVENSKA,LUKOVICA,Non-hazardous Wood from Municipal Waste (20 01 38),226.607
2024,OSREDNJESLOVENSKA,LUKOVICA,Paper and Cardboard Packaging (15 01 01),77.961
2024,OSREDNJESLOVENSKA,LUKOVICA,Paper and Cardboard from Municipal Waste (20 01 01),104.618
2024,OSREDNJESLOVENSKA,LUKOVICA,Wooden Packaging (15 01 03),65.62
2024,OSREDNJESLOVENSKA,MEDVODE,Bulky Municipal Waste (20 03 07),340
2024,OSREDNJESLOVENSKA,MEDVODE,Non-hazardous Wood from Municipal Waste (20 01 38),286.42
2024,OSREDNJESLOVENSKA,MEDVODE,Paper and Cardboard Packaging (15 01 01),412.394
2024,OSREDNJESLOVENSKA,MEDVODE,Paper and Cardboard from Municipal Waste (20 01 01),125.431
2024,OSREDNJESLOVENSKA,MEDVODE,Wooden Packaging (15 01 03),234.06
2024,OSREDNJESLOVENSKA,MENGEŠ,Bulky Municipal Waste (20 03 07),252.864
2024,OSREDNJESLOVENSKA,MENGEŠ,Non-hazardous Wood from Municipal Waste (20 01 38),355.033
2024,OSREDNJESLOVENSKA,MENGEŠ,Paper and Cardboard Packaging (15 01 01),609.841
2024,OSREDNJESLOVENSKA,MENGEŠ,Paper and Cardboard from Municipal Waste (20 01 01),271.088
2024,OSREDNJESLOVENSKA,MENGEŠ,Wooden Packaging (15 01 03),82.69
2024,OSREDNJESLOVENSKA,MORAVČE,Bulky Municipal Waste (20 03 07),138.961
2024,OSREDNJESLOVENSKA,MORAVČE,Non-hazardous Wood from Municipal Waste (20 01 38),195.107
2024,OSREDNJESLOVENSKA,MORAVČE,Paper and Cardboard Packaging (15 01 01),78.03
2024,OSREDNJESLOVENSKA,MORAVČE,Paper and Cardboard from Municipal Waste (20 01 01),99.601
2024,OSREDNJESLOVENSKA,MORAVČE,Wooden Packaging (15 01 03),49.18
2024,OSREDNJESLOVENSKA,TRZIN,Bulky Municipal Waste (20 03 07),206.164
2024,OSREDNJESLOVENSKA,TRZIN,Non-hazardous Wood from Municipal Waste (20 01 38),289.464
2024,OSREDNJESLOVENSKA,TRZIN,Paper and Cardboard Packaging (15 01 01),394.712
2024,OSREDNJESLOVENSKA,TRZIN,Paper and Cardboard from Municipal Waste (20 01 01),190.35
2024,OSREDNJESLOVENSKA,TRZIN,Wooden Packaging (15 01 03),53.201
2024,OSREDNJESLOVENSKA,VELIKE LAŠČE,Bulky Municipal Waste (20 03 07),218.82
2024,OSREDNJESLOVENSKA,VELIKE LAŠČE,Non-hazardous Wood from Municipal Waste (20 01 38),88.96
2024,OSREDNJESLOVENSKA,VELIKE LAŠČE,Paper and Cardboard Packaging (15 01 01),45.753
2024,OSREDNJESLOVENSKA,VELIKE LAŠČE,Paper and Cardboard from Municipal Waste (20 01 01),5.663
2024,OSREDNJESLOVENSKA,VODICE,Bulky Municipal Waste (20 03 07),204.7
2024,OSREDNJESLOVENSKA,VODICE,Non-hazardous Wood from Municipal Waste (20 01 38),135.64
2024,OSREDNJESLOVENSKA,VODICE,Paper and Cardboard Packaging (15 01 01),79.104
2024,OSREDNJESLOVENSKA,VODICE,Paper and Cardboard from Municipal Waste (20 01 01),30.087
2024,OSREDNJESLOVENSKA,VRHNIKA,Bulky Municipal Waste (20 03 07),160.291
2024,OSREDNJESLOVENSKA,VRHNIKA,Non-hazardous Wood from Municipal Waste (20 01 38),420.457
2024,OSREDNJESLOVENSKA,VRHNIKA,Paper and Cardboard Packaging (15 01 01),147.93900000000002
2024,OSREDNJESLOVENSKA,VRHNIKA,Paper and Cardboard from Municipal Waste (20 01 01),551.205
2024,OSREDNJESLOVENSKA,VRHNIKA,Wooden Packaging (15 01 03),1.54
2024,OSREDNJESLOVENSKA,ŠKOFLJICA,Bulky Municipal Waste (20 03 07),134.64000000000001
2024,OSREDNJESLOVENSKA,ŠKOFLJICA,Non-hazardous Wood from Municipal Waste (20 01 38),124.22
2024,OSREDNJESLOVENSKA,ŠKOFLJICA,Paper and Cardboard Packaging (15 01 01),236.423
2024,OSREDNJESLOVENSKA,ŠKOFLJICA,Paper and Cardboard from Municipal Waste (20 01 01),31.532
2024,OSREDNJESLOVENSKA,ŠKOFLJICA,Wooden Packaging (15 01 03),0.72
2024,OSREDNJESLOVENSKA,ŠMARTNO PRI LITIJI,Bulky Municipal Waste (20 03 07),186.513
2024,OSREDNJESLOVENSKA,ŠMARTNO PRI LITIJI,Non-hazardous Wood from Municipal Waste (20 01 38),144.011
2024,OSREDNJESLOVENSKA,ŠMARTNO PRI LITIJI,Paper and Cardboard Packaging (15 01 01),94.097
2024,OSREDNJESLOVENSKA,ŠMARTNO PRI LITIJI,Paper and Cardboard from Municipal Waste (20 01 01),80.31400000000001
2024,PODRAVSKA,BENEDIKT,Bulky Municipal Waste (20 03 07),94.07
2024,PODRAVSKA,BENEDIKT,Non-hazardous Wood from Municipal Waste (20 01 38),1.98
2024,PODRAVSKA,BENEDIKT,Paper and Cardboard Packaging (15 01 01),13.185
2024,PODRAVSKA,CERKVENJAK,Bulky Municipal Waste (20 03 07),77.274
2024,PODRAVSKA,CERKVENJAK,Non-hazardous Wood from Municipal Waste (20 01 38),7.63
2024,PODRAVSKA,CERKVENJAK,Paper and Cardboard Packaging (15 01 01),12.655
2024,PODRAVSKA,CERKVENJAK,Wooden Packaging (15 01 03),0.08
2024,PODRAVSKA,CIRKULANE,Bulky Municipal Waste (20 03 07),7.604
2024,PODRAVSKA,CIRKULANE,Paper and Cardboard Packaging (15 01 01),15.643
2024,PODRAVSKA,CIRKULANE,Paper and Cardboard from Municipal Waste (20 01 01),42.103
2024,PODRAVSKA,DESTRNIK,Bulky Municipal Waste (20 03 07),7.313
2024,PODRAVSKA,DESTRNIK,Paper and Cardboard Packaging (15 01 01),16.197
2024,PODRAVSKA,DESTRNIK,Paper and Cardboard from Municipal Waste (20 01 01),57.239999999999995
2024,PODRAVSKA,DORNAVA,Bulky Municipal Waste (20 03 07),61.119
2024,PODRAVSKA,DORNAVA,Non-hazardous Wood from Municipal Waste (20 01 38),7.727
2024,PODRAVSKA,DORNAVA,Paper and Cardboard Packaging (15 01 01),21.78
2024,PODRAVSKA,DORNAVA,Paper and Cardboard from Municipal Waste (20 01 01),67.149
2024,PODRAVSKA,DUPLEK,Bulky Municipal Waste (20 03 07),312.07
2024,PODRAVSKA,DUPLEK,Non-hazardous Wood from Municipal Waste (20 01 38),114.98
2024,PODRAVSKA,DUPLEK,Paper and Cardboard Packaging (15 01 01),66.466
2024,PODRAVSKA,DUPLEK,Paper and Cardboard from Municipal Waste (20 01 01),159.947
2024,PODRAVSKA,GORIŠNICA,Bulky Municipal Waste (20 03 07),229.8
2024,PODRAVSKA,GORIŠNICA,Non-hazardous Wood from Municipal Waste (20 01 38),48.64
2024,PODRAVSKA,GORIŠNICA,Paper and Cardboard Packaging (15 01 01),33.519
2024,PODRAVSKA,GORIŠNICA,Paper and Cardboard from Municipal Waste (20 01 01),82.286
2024,PODRAVSKA,HAJDINA,Bulky Municipal Waste (20 03 07),260.275
2024,PODRAVSKA,HAJDINA,Non-hazardous Wood from Municipal Waste (20 01 38),83.639
2024,PODRAVSKA,HAJDINA,Paper and Cardboard Packaging (15 01 01),40.742
2024,PODRAVSKA,HAJDINA,Paper and Cardboard from Municipal Waste (20 01 01),99.41999999999999
2024,PODRAVSKA,HOČE-SLIVNICA,Bulky Municipal Waste (20 03 07),168.35999999999999
2024,PODRAVSKA,HOČE-SLIVNICA,Non-hazardous Wood from Municipal Waste (20 01 38),411.948
2024,PODRAVSKA,HOČE-SLIVNICA,Paper and Cardboard Packaging (15 01 01),36.01
2024,PODRAVSKA,HOČE-SLIVNICA,Paper and Cardboard from Municipal Waste (20 01 01),411.042
2024,PODRAVSKA,HOČE-SLIVNICA,Wooden Packaging (15 01 03),4.164
2024,PODRAVSKA,JURŠINCI,Bulky Municipal Waste (20 03 07),21.676
2024,PODRAVSKA,JURŠINCI,Non-hazardous Wood from Municipal Waste (20 01 38),2.981
2024,PODRAVSKA,JURŠINCI,Paper and Cardboard Packaging (15 01 01),18.448
2024,PODRAVSKA,JURŠINCI,Paper and Cardboard from Municipal Waste (20 01 01),57.637
2024,PODRAVSKA,KIDRIČEVO,Bulky Municipal Waste (20 03 07),309.976
2024,PODRAVSKA,KIDRIČEVO,Non-hazardous Wood from Municipal Waste (20 01 38),180.42
2024,PODRAVSKA,KIDRIČEVO,Paper and Cardboard Packaging (15 01 01),55.527
2024,PODRAVSKA,KIDRIČEVO,Paper and Cardboard from Municipal Waste (20 01 01),134.03900000000002
2024,PODRAVSKA,KUNGOTA,Bulky Municipal Waste (20 03 07),218.18
2024,PODRAVSKA,KUNGOTA,Non-hazardous Wood from Municipal Waste (20 01 38),105.1
2024,PODRAVSKA,KUNGOTA,Paper and Cardboard Packaging (15 01 01),24.709999999999997
2024,PODRAVSKA,KUNGOTA,Paper and Cardboard from Municipal Waste (20 01 01),68.218
2024,PODRAVSKA,LENART,Bulky Municipal Waste (20 03 07),836.747
2024,PODRAVSKA,LENART,Non-hazardous Wood from Municipal Waste (20 01 38),26.37
2024,PODRAVSKA,LENART,Paper and Cardboard Packaging (15 01 01),39.175
2024,PODRAVSKA,LENART,Paper and Cardboard from Municipal Waste (20 01 01),1.824
2024,PODRAVSKA,LENART,Wooden Packaging (15 01 03),289.44100000000003
2024,PODRAVSKA,LOVRENC NA POHORJU,Bulky Municipal Waste (20 03 07),75.36
2024,PODRAVSKA,LOVRENC NA POHORJU,Non-hazardous Wood from Municipal Waste (20 01 38),160.72
2024,PODRAVSKA,LOVRENC NA POHORJU,Paper and Cardboard Packaging (15 01 01),17.142
2024,PODRAVSKA,LOVRENC NA POHORJU,Paper and Cardboard from Municipal Waste (20 01 01),45.974000000000004
2024,PODRAVSKA,MAJŠPERK,Bulky Municipal Waste (20 03 07),170.947
2024,PODRAVSKA,MAJŠPERK,Non-hazardous Wood from Municipal Waste (20 01 38),44.16
2024,PODRAVSKA,MAJŠPERK,Paper and Cardboard Packaging (15 01 01),27.567
2024,PODRAVSKA,MAJŠPERK,Paper and Cardboard from Municipal Waste (20 01 01),63.179
2024,PODRAVSKA,MAKOLE,Bulky Municipal Waste (20 03 07),16.330000000000002
2024,PODRAVSKA,MAKOLE,Non-hazardous Wood from Municipal Waste (20 01 38),52.381
2024,PODRAVSKA,MAKOLE,Paper and Cardboard Packaging (15 01 01),6.857
2024,PODRAVSKA,MAKOLE,Paper and Cardboard from Municipal Waste (20 01 01),16.184
2024,PODRAVSKA,MARIBOR,Bulky Municipal Waste (20 03 07),1813.792
2024,PODRAVSKA,MARIBOR,Non-hazardous Wood from Municipal Waste (20 01 38),4859.46
2024,PODRAVSKA,MARIBOR,Paper and Cardboard Packaging (15 01 01),562.86
2024,PODRAVSKA,MARIBOR,Paper and Cardboard from Municipal Waste (20 01 01),3925.3140000000003
2024,PODRAVSKA,MARIBOR,Wooden Packaging (15 01 03),37.480000000000004
2024,PODRAVSKA,MARKOVCI,Bulky Municipal Waste (20 03 07),252.22
2024,PODRAVSKA,MARKOVCI,Non-hazardous Wood from Municipal Waste (20 01 38),67.96
2024,PODRAVSKA,MARKOVCI,Paper and Cardboard Packaging (15 01 01),32.988
2024,PODRAVSKA,MARKOVCI,Paper and Cardboard from Municipal Waste (20 01 01),80.36800000000001
2024,PODRAVSKA,MIKLAVŽ NA DRAVSKEM POLJU,Bulky Municipal Waste (20 03 07),166.55
2024,PODRAVSKA,MIKLAVŽ NA DRAVSKEM POLJU,Non-hazardous Wood from Municipal Waste (20 01 38),252.52
2024,PODRAVSKA,MIKLAVŽ NA DRAVSKEM POLJU,Paper and Cardboard Packaging (15 01 01),50.279999999999994
2024,PODRAVSKA,MIKLAVŽ NA DRAVSKEM POLJU,Paper and Cardboard from Municipal Waste (20 01 01),23.141
2024,PODRAVSKA,OPLOTNICA,Bulky Municipal Waste (20 03 07),63.022
2024,PODRAVSKA,OPLOTNICA,Non-hazardous Wood from Municipal Waste (20 01 38),172.987
2024,PODRAVSKA,OPLOTNICA,Paper and Cardboard Packaging (15 01 01),24.426
2024,PODRAVSKA,OPLOTNICA,Paper and Cardboard from Municipal Waste (20 01 01),57.094
2024,PODRAVSKA,ORMOŽ,Bulky Municipal Waste (20 03 07),396.05
2024,PODRAVSKA,ORMOŽ,Non-hazardous Wood from Municipal Waste (20 01 38),7.64
2024,PODRAVSKA,ORMOŽ,Paper and Cardboard Packaging (15 01 01),99.09
2024,PODRAVSKA,ORMOŽ,Paper and Cardboard from Municipal Waste (20 01 01),81.97399999999999
2024,PODRAVSKA,ORMOŽ,Wooden Packaging (15 01 03),4.065
2024,PODRAVSKA,PESNICA,Bulky Municipal Waste (20 03 07),156.01
2024,PODRAVSKA,PESNICA,Non-hazardous Wood from Municipal Waste (20 01 38),324.36
2024,PODRAVSKA,PESNICA,Paper and Cardboard Packaging (15 01 01),37.643
2024,PODRAVSKA,PESNICA,Paper and Cardboard from Municipal Waste (20 01 01),138.025
2024,PODRAVSKA,PODLEHNIK,Bulky Municipal Waste (20 03 07),3.452
2024,PODRAVSKA,PODLEHNIK,Paper and Cardboard Packaging (15 01 01),9.513
2024,PODRAVSKA,PODLEHNIK,Paper and Cardboard from Municipal Waste (20 01 01),24.798
2024,PODRAVSKA,POLJČANE,Bulky Municipal Waste (20 03 07),64.954
2024,PODRAVSKA,POLJČANE,Non-hazardous Wood from Municipal Waste (20 01 38),230.649
2024,PODRAVSKA,POLJČANE,Paper and Cardboard Packaging (15 01 01),25.246
2024,PODRAVSKA,POLJČANE,Paper and Cardboard from Municipal Waste (20 01 01),64.738
2024,PODRAVSKA,PTUJ,Bulky Municipal Waste (20 03 07),768.441
2024,PODRAVSKA,PTUJ,Non-hazardous Wood from Municipal Waste (20 01 38),242.72899999999998
2024,PODRAVSKA,PTUJ,Paper and Cardboard Packaging (15 01 01),242.017
2024,PODRAVSKA,PTUJ,Paper and Cardboard from Municipal Waste (20 01 01),748.708
2024,PODRAVSKA,PTUJ,Wooden Packaging (15 01 03),36.58
2024,PODRAVSKA,RAČE-FRAM,Bulky Municipal Waste (20 03 07),105.878
2024,PODRAVSKA,RAČE-FRAM,Non-hazardous Wood from Municipal Waste (20 01 38),365.196
2024,PODRAVSKA,RAČE-FRAM,Paper and Cardboard Packaging (15 01 01),61.177
2024,PODRAVSKA,RAČE-FRAM,Paper and Cardboard from Municipal Waste (20 01 01),156.51600000000002
2024,PODRAVSKA,RUŠE,Bulky Municipal Waste (20 03 07),244.82
2024,PODRAVSKA,RUŠE,Non-hazardous Wood from Municipal Waste (20 01 38),542.94
2024,PODRAVSKA,RUŠE,Paper and Cardboard Packaging (15 01 01),38.660000000000004
2024,PODRAVSKA,RUŠE,Paper and Cardboard from Municipal Waste (20 01 01),184.087
2024,PODRAVSKA,RUŠE,Wooden Packaging (15 01 03),39.98
2024,PODRAVSKA,SELNICA OB DRAVI,Bulky Municipal Waste (20 03 07),13.415
2024,PODRAVSKA,SELNICA OB DRAVI,Non-hazardous Wood from Municipal Waste (20 01 38),1.74
2024,PODRAVSKA,SELNICA OB DRAVI,Paper and Cardboard Packaging (15 01 01),3.185
2024,PODRAVSKA,SELNICA OB DRAVI,Paper and Cardboard from Municipal Waste (20 01 01),89.101
2024,PODRAVSKA,SLOVENSKA BISTRICA,Bulky Municipal Waste (20 03 07),268.435
2024,PODRAVSKA,SLOVENSKA BISTRICA,Non-hazardous Wood from Municipal Waste (20 01 38),1100.867
2024,PODRAVSKA,SLOVENSKA BISTRICA,Paper and Cardboard Packaging (15 01 01),230.902
2024,PODRAVSKA,SLOVENSKA BISTRICA,Paper and Cardboard from Municipal Waste (20 01 01),551.045
2024,PODRAVSKA,SREDIŠČE OB DRAVI,Bulky Municipal Waste (20 03 07),81.06
2024,PODRAVSKA,SREDIŠČE OB DRAVI,Non-hazardous Wood from Municipal Waste (20 01 38),1.072
2024,PODRAVSKA,SREDIŠČE OB DRAVI,Paper and Cardboard Packaging (15 01 01),19.818
2024,PODRAVSKA,SREDIŠČE OB DRAVI,Paper and Cardboard from Municipal Waste (20 01 01),9.3
2024,PODRAVSKA,SREDIŠČE OB DRAVI,Wooden Packaging (15 01 03),0.813
2024,PODRAVSKA,STARŠE,Bulky Municipal Waste (20 03 07),96.3
2024,PODRAVSKA,STARŠE,Non-hazardous Wood from Municipal Waste (20 01 38),756.9599999999999
2024,PODRAVSKA,STARŠE,Paper and Cardboard Packaging (15 01 01),21.76
2024,PODRAVSKA,STARŠE,Paper and Cardboard from Municipal Waste (20 01 01),101.059
2024,PODRAVSKA,SVETA ANA,Bulky Municipal Waste (20 03 07),80.11
2024,PODRAVSKA,SVETA ANA,Non-hazardous Wood from Municipal Waste (20 01 38),4.31
2024,PODRAVSKA,SVETA ANA,Paper and Cardboard Packaging (15 01 01),12.095
2024,PODRAVSKA,SVETA ANA,Paper and Cardboard from Municipal Waste (20 01 01),7.06
2024,PODRAVSKA,SVETA TROJICA V SLOVENSKIH GORICAH,Bulky Municipal Waste (20 03 07),77.75
2024,PODRAVSKA,SVETA TROJICA V SLOVENSKIH GORICAH,Non-hazardous Wood from Municipal Waste (20 01 38),9
2024,PODRAVSKA,SVETA TROJICA V SLOVENSKIH GORICAH,Paper and Cardboard Packaging (15 01 01),15.365
2024,PODRAVSKA,SVETA TROJICA V SLOVENSKIH GORICAH,Paper and Cardboard from Municipal Waste (20 01 01),0.289
2024,PODRAVSKA,SVETI ANDRAŽ V SLOV. GORICAH,Bulky Municipal Waste (20 03 07),2.568
2024,PODRAVSKA,SVETI ANDRAŽ V SLOV. GORICAH,Paper and Cardboard Packaging (15 01 01),8.457
2024,PODRAVSKA,SVETI ANDRAŽ V SLOV. GORICAH,Paper and Cardboard from Municipal Waste (20 01 01),21.334
2024,PODRAVSKA,SVETI JURIJ V SLOVENSKIH GORICAH,Bulky Municipal Waste (20 03 07),60.615
2024,PODRAVSKA,SVETI JURIJ V SLOVENSKIH GORICAH,Non-hazardous Wood from Municipal Waste (20 01 38),6.24
2024,PODRAVSKA,SVETI JURIJ V SLOVENSKIH GORICAH,Paper and Cardboard Packaging (15 01 01),10.899
2024,PODRAVSKA,SVETI TOMAŽ,Bulky Municipal Waste (20 03 07),53.05
2024,PODRAVSKA,SVETI TOMAŽ,Non-hazardous Wood from Municipal Waste (20 01 38),0.208
2024,PODRAVSKA,SVETI TOMAŽ,Paper and Cardboard Packaging (15 01 01),13.212
2024,PODRAVSKA,SVETI TOMAŽ,Paper and Cardboard from Municipal Waste (20 01 01),6.196
2024,PODRAVSKA,SVETI TOMAŽ,Wooden Packaging (15 01 03),0.542
2024,PODRAVSKA,TRNOVSKA VAS,Bulky Municipal Waste (20 03 07),99.85
2024,PODRAVSKA,TRNOVSKA VAS,Non-hazardous Wood from Municipal Waste (20 01 38),32.02
2024,PODRAVSKA,TRNOVSKA VAS,Paper and Cardboard Packaging (15 01 01),9.497
2024,PODRAVSKA,TRNOVSKA VAS,Paper and Cardboard from Municipal Waste (20 01 01),22.69
2024,PODRAVSKA,VIDEM,Bulky Municipal Waste (20 03 07),166.89200000000002
2024,PODRAVSKA,VIDEM,Non-hazardous Wood from Municipal Waste (20 01 38),65.66
2024,PODRAVSKA,VIDEM,Paper and Cardboard Packaging (15 01 01),35.832
2024,PODRAVSKA,VIDEM,Paper and Cardboard from Municipal Waste (20 01 01),89.73700000000001
2024,PODRAVSKA,ZAVRČ,Bulky Municipal Waste (20 03 07),5.568
2024,PODRAVSKA,ZAVRČ,Paper and Cardboard Packaging (15 01 01),4.275
2024,PODRAVSKA,ZAVRČ,Paper and Cardboard from Municipal Waste (20 01 01),10.831999999999999
2024,PODRAVSKA,ŠENTILJ,Bulky Municipal Waste (20 03 07),606.922
2024,PODRAVSKA,ŠENTILJ,Non-hazardous Wood from Municipal Waste (20 01 38),124.172
2024,PODRAVSKA,ŠENTILJ,Paper and Cardboard Packaging (15 01 01),39.915
2024,PODRAVSKA,ŠENTILJ,Paper and Cardboard from Municipal Waste (20 01 01),2.527
2024,PODRAVSKA,ŠENTILJ,Wooden Packaging (15 01 03),4.39
2024,PODRAVSKA,ŽETALE,Bulky Municipal Waste (20 03 07),62.31
2024,PODRAVSKA,ŽETALE,Non-hazardous Wood from Municipal Waste (20 01 38),13.68
2024,PODRAVSKA,ŽETALE,Paper and Cardboard Packaging (15 01 01),6.285
2024,PODRAVSKA,ŽETALE,Paper and Cardboard from Municipal Waste (20 01 01),16.733999999999998
2024,POMURSKA,APAČE,Bulky Municipal Waste (20 03 07),254.96
2024,POMURSKA,APAČE,Paper and Cardboard Packaging (15 01 01),60.3
2024,POMURSKA,APAČE,Paper and Cardboard from Municipal Waste (20 01 01),35.808
2024,POMURSKA,BELTINCI,Bulky Municipal Waste (20 03 07),378.392
2024,POMURSKA,BELTINCI,Non-hazardous Wood from Municipal Waste (20 01 38),182.264
2024,POMURSKA,BELTINCI,Paper and Cardboard Packaging (15 01 01),3.906
2024,POMURSKA,BELTINCI,Paper and Cardboard from Municipal Waste (20 01 01),225.12
2024,POMURSKA,CANKOVA,Bulky Municipal Waste (20 03 07),70.546
2024,POMURSKA,CANKOVA,Non-hazardous Wood from Municipal Waste (20 01 38),31.57
2024,POMURSKA,CANKOVA,Paper and Cardboard Packaging (15 01 01),6.48
2024,POMURSKA,CANKOVA,Paper and Cardboard from Municipal Waste (20 01 01),20.472
2024,POMURSKA,DOBROVNIK,Bulky Municipal Waste (20 03 07),50.924
2024,POMURSKA,DOBROVNIK,Non-hazardous Wood from Municipal Waste (20 01 38),26.925
2024,POMURSKA,DOBROVNIK,Paper and Cardboard Packaging (15 01 01),3.289
2024,POMURSKA,DOBROVNIK,Paper and Cardboard from Municipal Waste (20 01 01),54.092
2024,POMURSKA,GORNJA RADGONA,Bulky Municipal Waste (20 03 07),255.69
2024,POMURSKA,GORNJA RADGONA,Non-hazardous Wood from Municipal Waste (20 01 38),97.04
2024,POMURSKA,GORNJA RADGONA,Paper and Cardboard Packaging (15 01 01),48.59
2024,POMURSKA,GORNJA RADGONA,Paper and Cardboard from Municipal Waste (20 01 01),202.37599999999998
2024,POMURSKA,GORNJA RADGONA,Wooden Packaging (15 01 03),3.3
2024,POMURSKA,GORNJI PETROVCI,Bulky Municipal Waste (20 03 07),43.192
2024,POMURSKA,GORNJI PETROVCI,Non-hazardous Wood from Municipal Waste (20 01 38),6.805
2024,POMURSKA,GORNJI PETROVCI,Paper and Cardboard Packaging (15 01 01),16.865
2024,POMURSKA,GORNJI PETROVCI,Paper and Cardboard from Municipal Waste (20 01 01),8.81
2024,POMURSKA,GRAD,Bulky Municipal Waste (20 03 07),59.844
2024,POMURSKA,GRAD,Non-hazardous Wood from Municipal Waste (20 01 38),22.642
2024,POMURSKA,GRAD,Paper and Cardboard Packaging (15 01 01),10.272
2024,POMURSKA,GRAD,Paper and Cardboard from Municipal Waste (20 01 01),21.514
2024,POMURSKA,HODOŠ,Bulky Municipal Waste (20 03 07),12.084
2024,POMURSKA,HODOŠ,Non-hazardous Wood from Municipal Waste (20 01 38),2.669
2024,POMURSKA,HODOŠ,Paper and Cardboard Packaging (15 01 01),4.809
2024,POMURSKA,HODOŠ,Paper and Cardboard from Municipal Waste (20 01 01),9.208
2024,POMURSKA,KOBILJE,Bulky Municipal Waste (20 03 07),21.921
2024,POMURSKA,KOBILJE,Non-hazardous Wood from Municipal Waste (20 01 38),8.102
2024,POMURSKA,KOBILJE,Paper and Cardboard Packaging (15 01 01),0.976
2024,POMURSKA,KOBILJE,Paper and Cardboard from Municipal Waste (20 01 01),6.125
2024,POMURSKA,KRIŽEVCI,Bulky Municipal Waste (20 03 07),158.96
2024,POMURSKA,KRIŽEVCI,Paper and Cardboard Packaging (15 01 01),5.27
2024,POMURSKA,KRIŽEVCI,Paper and Cardboard from Municipal Waste (20 01 01),34.163
2024,POMURSKA,KUZMA,Bulky Municipal Waste (20 03 07),58.316
2024,POMURSKA,KUZMA,Non-hazardous Wood from Municipal Waste (20 01 38),17.653
2024,POMURSKA,KUZMA,Paper and Cardboard Packaging (15 01 01),3.787
2024,POMURSKA,KUZMA,Paper and Cardboard from Municipal Waste (20 01 01),20.28
2024,POMURSKA,LENDAVA,Bulky Municipal Waste (20 03 07),240.42
2024,POMURSKA,LENDAVA,Paper and Cardboard Packaging (15 01 01),625.456
2024,POMURSKA,LENDAVA,Paper and Cardboard from Municipal Waste (20 01 01),131.723
2024,POMURSKA,LENDAVA,Wooden Packaging (15 01 03),189.115
2024,POMURSKA,LJUTOMER,Bulky Municipal Waste (20 03 07),513.87
2024,POMURSKA,LJUTOMER,Paper and Cardboard Packaging (15 01 01),16.97
2024,POMURSKA,LJUTOMER,Paper and Cardboard from Municipal Waste (20 01 01),147.172
2024,POMURSKA,LJUTOMER,Wooden Packaging (15 01 03),0.5
2024,POMURSKA,MORAVSKE TOPLICE,Bulky Municipal Waste (20 03 07),213.869
2024,POMURSKA,MORAVSKE TOPLICE,Non-hazardous Wood from Municipal Waste (20 01 38),40.207
2024,POMURSKA,MORAVSKE TOPLICE,Paper and Cardboard Packaging (15 01 01),33.933
2024,POMURSKA,MORAVSKE TOPLICE,Paper and Cardboard from Municipal Waste (20 01 01),121.281
2024,POMURSKA,MURSKA SOBOTA,Bulky Municipal Waste (20 03 07),760.62
2024,POMURSKA,MURSKA SOBOTA,Non-hazardous Wood from Municipal Waste (20 01 38),353.62
2024,POMURSKA,MURSKA SOBOTA,Paper and Cardboard Packaging (15 01 01),123.588
2024,POMURSKA,MURSKA SOBOTA,Paper and Cardboard from Municipal Waste (20 01 01),743.157
2024,POMURSKA,ODRANCI,Bulky Municipal Waste (20 03 07),57.191
2024,POMURSKA,ODRANCI,Non-hazardous Wood from Municipal Waste (20 01 38),22.62
2024,POMURSKA,ODRANCI,Paper and Cardboard Packaging (15 01 01),3.228
2024,POMURSKA,ODRANCI,Paper and Cardboard from Municipal Waste (20 01 01),50.247
2024,POMURSKA,PUCONCI,Bulky Municipal Waste (20 03 07),132.014
2024,POMURSKA,PUCONCI,Non-hazardous Wood from Municipal Waste (20 01 38),10.339
2024,POMURSKA,PUCONCI,Paper and Cardboard Packaging (15 01 01),64.03
2024,POMURSKA,PUCONCI,Paper and Cardboard from Municipal Waste (20 01 01),64.525
2024,POMURSKA,RADENCI,Bulky Municipal Waste (20 03 07),7070.496999999999
2024,POMURSKA,RADENCI,Non-hazardous Wood from Municipal Waste (20 01 38),81.22
2024,POMURSKA,RADENCI,Paper and Cardboard Packaging (15 01 01),21.895
2024,POMURSKA,RADENCI,Paper and Cardboard from Municipal Waste (20 01 01),124.529
2024,POMURSKA,RADENCI,Wooden Packaging (15 01 03),82.5
2024,POMURSKA,RAZKRIŽJE,Bulky Municipal Waste (20 03 07),55.11
2024,POMURSKA,RAZKRIŽJE,Paper and Cardboard Packaging (15 01 01),1.08
2024,POMURSKA,RAZKRIŽJE,Paper and Cardboard from Municipal Waste (20 01 01),10.782
2024,POMURSKA,ROGAŠOVCI,Bulky Municipal Waste (20 03 07),79.03
2024,POMURSKA,ROGAŠOVCI,Non-hazardous Wood from Municipal Waste (20 01 38),20.44
2024,POMURSKA,ROGAŠOVCI,Paper and Cardboard Packaging (15 01 01),19
2024,POMURSKA,ROGAŠOVCI,Paper and Cardboard from Municipal Waste (20 01 01),32.144999999999996
2024,POMURSKA,SVETI JURIJ OB ŠČAVNICI,Bulky Municipal Waste (20 03 07),107.76
2024,POMURSKA,SVETI JURIJ OB ŠČAVNICI,Non-hazardous Wood from Municipal Waste (20 01 38),22.79
2024,POMURSKA,SVETI JURIJ OB ŠČAVNICI,Paper and Cardboard Packaging (15 01 01),11.62
2024,POMURSKA,SVETI JURIJ OB ŠČAVNICI,Paper and Cardboard from Municipal Waste (20 01 01),66.58500000000001
2024,POMURSKA,TIŠINA,Bulky Municipal Waste (20 03 07),127.113
2024,POMURSKA,TIŠINA,Non-hazardous Wood from Municipal Waste (20 01 38),54.5
2024,POMURSKA,TIŠINA,Paper and Cardboard Packaging (15 01 01),57.86
2024,POMURSKA,TIŠINA,Paper and Cardboard from Municipal Waste (20 01 01),32.422
2024,POMURSKA,TURNIŠČE,Bulky Municipal Waste (20 03 07),103.721
2024,POMURSKA,TURNIŠČE,Non-hazardous Wood from Municipal Waste (20 01 38),29.024
2024,POMURSKA,TURNIŠČE,Paper and Cardboard Packaging (15 01 01),6.93
2024,POMURSKA,TURNIŠČE,Paper and Cardboard from Municipal Waste (20 01 01),40.342999999999996
2024,POMURSKA,VELIKA POLANA,Bulky Municipal Waste (20 03 07),33.08
2024,POMURSKA,VELIKA POLANA,Non-hazardous Wood from Municipal Waste (20 01 38),2.1
2024,POMURSKA,VELIKA POLANA,Paper and Cardboard Packaging (15 01 01),2.19
2024,POMURSKA,VELIKA POLANA,Paper and Cardboard from Municipal Waste (20 01 01),11.45
2024,POMURSKA,VERŽEJ,Bulky Municipal Waste (20 03 07),59.08
2024,POMURSKA,VERŽEJ,Paper and Cardboard Packaging (15 01 01),1.8
2024,POMURSKA,VERŽEJ,Paper and Cardboard from Municipal Waste (20 01 01),22.3
2024,POMURSKA,ČRENŠOVCI,Bulky Municipal Waste (20 03 07),145.599
2024,POMURSKA,ČRENŠOVCI,Non-hazardous Wood from Municipal Waste (20 01 38),59.694
2024,POMURSKA,ČRENŠOVCI,Paper and Cardboard Packaging (15 01 01),9.55
2024,POMURSKA,ČRENŠOVCI,Paper and Cardboard from Municipal Waste (20 01 01),87.235
2024,POMURSKA,ŠALOVCI,Bulky Municipal Waste (20 03 07),36.364
2024,POMURSKA,ŠALOVCI,Non-hazardous Wood from Municipal Waste (20 01 38),10.406
2024,POMURSKA,ŠALOVCI,Paper and Cardboard Packaging (15 01 01),10.42
2024,POMURSKA,ŠALOVCI,Paper and Cardboard from Municipal Waste (20 01 01),5.179
2024,POSAVSKA,BISTRICA OB SOTLI,Bulky Municipal Waste (20 03 07),54.44
2024,POSAVSKA,BISTRICA OB SOTLI,Non-hazardous Wood from Municipal Waste (20 01 38),4.783
2024,POSAVSKA,BISTRICA OB SOTLI,Paper and Cardboard Packaging (15 01 01),8.941
2024,POSAVSKA,BISTRICA OB SOTLI,Paper and Cardboard from Municipal Waste (20 01 01),11.454
2024,POSAVSKA,BREŽICE,Bulky Municipal Waste (20 03 07),1446.78
2024,POSAVSKA,BREŽICE,Non-hazardous Wood from Municipal Waste (20 01 38),834.742
2024,POSAVSKA,BREŽICE,Paper and Cardboard Packaging (15 01 01),547.086
2024,POSAVSKA,BREŽICE,Paper and Cardboard from Municipal Waste (20 01 01),352.64
2024,POSAVSKA,BREŽICE,Wooden Packaging (15 01 03),88.52
2024,POSAVSKA,KOSTANJEVICA NA KRKI,Bulky Municipal Waste (20 03 07),33.9
2024,POSAVSKA,KOSTANJEVICA NA KRKI,Non-hazardous Wood from Municipal Waste (20 01 38),36.36
2024,POSAVSKA,KOSTANJEVICA NA KRKI,Paper and Cardboard Packaging (15 01 01),26.915999999999997
2024,POSAVSKA,KOSTANJEVICA NA KRKI,Paper and Cardboard from Municipal Waste (20 01 01),16.148
2024,POSAVSKA,KOSTANJEVICA NA KRKI,Wooden Packaging (15 01 03),2.82
2024,POSAVSKA,KRŠKO,Bulky Municipal Waste (20 03 07),1447.4
2024,POSAVSKA,KRŠKO,Non-hazardous Wood from Municipal Waste (20 01 38),1300.322
2024,POSAVSKA,KRŠKO,Paper and Cardboard Packaging (15 01 01),606.976
2024,POSAVSKA,KRŠKO,Paper and Cardboard from Municipal Waste (20 01 01),1020.706
2024,POSAVSKA,KRŠKO,Wooden Packaging (15 01 03),70.356
2024,POSAVSKA,RADEČE,Bulky Municipal Waste (20 03 07),50.46
2024,POSAVSKA,RADEČE,Non-hazardous Wood from Municipal Waste (20 01 38),233.456
2024,POSAVSKA,RADEČE,Paper and Cardboard Packaging (15 01 01),101.785
2024,POSAVSKA,RADEČE,Paper and Cardboard from Municipal Waste (20 01 01),54.552
2024,POSAVSKA,RADEČE,Wooden Packaging (15 01 03),0.1
2024,POSAVSKA,SEVNICA,Bulky Municipal Waste (20 03 07),149.28
2024,POSAVSKA,SEVNICA,Non-hazardous Wood from Municipal Waste (20 01 38),311.54
2024,POSAVSKA,SEVNICA,Paper and Cardboard Packaging (15 01 01),363.791
2024,POSAVSKA,SEVNICA,Paper and Cardboard from Municipal Waste (20 01 01),179.414
2024,POSAVSKA,SEVNICA,Wooden Packaging (15 01 03),105.05
2024,PRIMORSKO-NOTRANJSKA,BLOKE,Bulky Municipal Waste (20 03 07),86.8
2024,PRIMORSKO-NOTRANJSKA,BLOKE,Non-hazardous Wood from Municipal Waste (20 01 38),36.88
2024,PRIMORSKO-NOTRANJSKA,BLOKE,Paper and Cardboard Packaging (15 01 01),68.631
2024,PRIMORSKO-NOTRANJSKA,BLOKE,Paper and Cardboard from Municipal Waste (20 01 01),6.28
2024,PRIMORSKO-NOTRANJSKA,BLOKE,Wooden Packaging (15 01 03),43
2024,PRIMORSKO-NOTRANJSKA,CERKNICA,Bulky Municipal Waste (20 03 07),629.78
2024,PRIMORSKO-NOTRANJSKA,CERKNICA,Non-hazardous Wood from Municipal Waste (20 01 38),365.663
2024,PRIMORSKO-NOTRANJSKA,CERKNICA,Paper and Cardboard Packaging (15 01 01),132.159
2024,PRIMORSKO-NOTRANJSKA,CERKNICA,Paper and Cardboard from Municipal Waste (20 01 01),242.16
2024,PRIMORSKO-NOTRANJSKA,CERKNICA,Wooden Packaging (15 01 03),123.065
2024,PRIMORSKO-NOTRANJSKA,ILIRSKA BISTRICA,Bulky Municipal Waste (20 03 07),378.2
2024,PRIMORSKO-NOTRANJSKA,ILIRSKA BISTRICA,Non-hazardous Wood from Municipal Waste (20 01 38),236.27
2024,PRIMORSKO-NOTRANJSKA,ILIRSKA BISTRICA,Paper and Cardboard Packaging (15 01 01),125.096
2024,PRIMORSKO-NOTRANJSKA,ILIRSKA BISTRICA,Paper and Cardboard from Municipal Waste (20 01 01),117.84400000000001
2024,PRIMORSKO-NOTRANJSKA,LOŠKA DOLINA,Bulky Municipal Waste (20 03 07),138.24
2024,PRIMORSKO-NOTRANJSKA,LOŠKA DOLINA,Non-hazardous Wood from Municipal Waste (20 01 38),80.177
2024,PRIMORSKO-NOTRANJSKA,LOŠKA DOLINA,Paper and Cardboard Packaging (15 01 01),27.86
2024,PRIMORSKO-NOTRANJSKA,LOŠKA DOLINA,Paper and Cardboard from Municipal Waste (20 01 01),27.509
2024,PRIMORSKO-NOTRANJSKA,PIVKA,Bulky Municipal Waste (20 03 07),313.32
2024,PRIMORSKO-NOTRANJSKA,PIVKA,Non-hazardous Wood from Municipal Waste (20 01 38),202.85
2024,PRIMORSKO-NOTRANJSKA,PIVKA,Paper and Cardboard Packaging (15 01 01),39.516
2024,PRIMORSKO-NOTRANJSKA,PIVKA,Paper and Cardboard from Municipal Waste (20 01 01),116.61999999999999
2024,PRIMORSKO-NOTRANJSKA,POSTOJNA,Bulky Municipal Waste (20 03 07),623.47
2024,PRIMORSKO-NOTRANJSKA,POSTOJNA,Non-hazardous Wood from Municipal Waste (20 01 38),489.63000000000005
2024,PRIMORSKO-NOTRANJSKA,POSTOJNA,Paper and Cardboard Packaging (15 01 01),110.6
2024,PRIMORSKO-NOTRANJSKA,POSTOJNA,Paper and Cardboard from Municipal Waste (20 01 01),282.339
2024,SAVINJSKA,BRASLOVČE,Bulky Municipal Waste (20 03 07),521.771
2024,SAVINJSKA,BRASLOVČE,Non-hazardous Wood from Municipal Waste (20 01 38),83.436
2024,SAVINJSKA,BRASLOVČE,Paper and Cardboard Packaging (15 01 01),99.275
2024,SAVINJSKA,BRASLOVČE,Paper and Cardboard from Municipal Waste (20 01 01),95.50699999999999
2024,SAVINJSKA,BRASLOVČE,Wooden Packaging (15 01 03),4.5
2024,SAVINJSKA,CELJE,Bulky Municipal Waste (20 03 07),4097.557
2024,SAVINJSKA,CELJE,Non-hazardous Wood from Municipal Waste (20 01 38),500.689
2024,SAVINJSKA,CELJE,Paper and Cardboard Packaging (15 01 01),1382.252
2024,SAVINJSKA,CELJE,Paper and Cardboard from Municipal Waste (20 01 01),912.278
2024,SAVINJSKA,CELJE,Wooden Packaging (15 01 03),55.815999999999995
2024,SAVINJSKA,DOBJE,Bulky Municipal Waste (20 03 07),7.897
2024,SAVINJSKA,DOBJE,Non-hazardous Wood from Municipal Waste (20 01 38),15.069
2024,SAVINJSKA,DOBJE,Paper and Cardboard Packaging (15 01 01),73.198
2024,SAVINJSKA,DOBJE,Paper and Cardboard from Municipal Waste (20 01 01),10.82
2024,SAVINJSKA,DOBRNA,Bulky Municipal Waste (20 03 07),32.81
2024,SAVINJSKA,DOBRNA,Non-hazardous Wood from Municipal Waste (20 01 38),33.826
2024,SAVINJSKA,DOBRNA,Paper and Cardboard Packaging (15 01 01),5.39
2024,SAVINJSKA,DOBRNA,Paper and Cardboard from Municipal Waste (20 01 01),76.178
2024,SAVINJSKA,GORNJI GRAD,Bulky Municipal Waste (20 03 07),260.235
2024,SAVINJSKA,GORNJI GRAD,Non-hazardous Wood from Municipal Waste (20 01 38),295.71
2024,SAVINJSKA,GORNJI GRAD,Paper and Cardboard Packaging (15 01 01),30.598
2024,SAVINJSKA,GORNJI GRAD,Paper and Cardboard from Municipal Waste (20 01 01),42.186
2024,SAVINJSKA,KOZJE,Bulky Municipal Waste (20 03 07),131.413
2024,SAVINJSKA,KOZJE,Non-hazardous Wood from Municipal Waste (20 01 38),11.545
2024,SAVINJSKA,KOZJE,Paper and Cardboard Packaging (15 01 01),21.585
2024,SAVINJSKA,KOZJE,Paper and Cardboard from Municipal Waste (20 01 01),18.292
2024,SAVINJSKA,LAŠKO,Bulky Municipal Waste (20 03 07),404.84
2024,SAVINJSKA,LAŠKO,Non-hazardous Wood from Municipal Waste (20 01 38),79.05
2024,SAVINJSKA,LAŠKO,Paper and Cardboard Packaging (15 01 01),185.98
2024,SAVINJSKA,LAŠKO,Paper and Cardboard from Municipal Waste (20 01 01),8.011
2024,SAVINJSKA,LAŠKO,Wooden Packaging (15 01 03),0.12
2024,SAVINJSKA,LJUBNO,Bulky Municipal Waste (20 03 07),126.291
2024,SAVINJSKA,LJUBNO,Non-hazardous Wood from Municipal Waste (20 01 38),106.173
2024,SAVINJSKA,LJUBNO,Paper and Cardboard Packaging (15 01 01),15.445
2024,SAVINJSKA,LJUBNO,Paper and Cardboard from Municipal Waste (20 01 01),12.655
2024,SAVINJSKA,LUČE,Bulky Municipal Waste (20 03 07),32.672
2024,SAVINJSKA,LUČE,Non-hazardous Wood from Municipal Waste (20 01 38),31.152
2024,SAVINJSKA,LUČE,Paper and Cardboard Packaging (15 01 01),3.623
2024,SAVINJSKA,LUČE,Paper and Cardboard from Municipal Waste (20 01 01),4.263
2024,SAVINJSKA,MOZIRJE,Bulky Municipal Waste (20 03 07),231.462
2024,SAVINJSKA,MOZIRJE,Non-hazardous Wood from Municipal Waste (20 01 38),101.514
2024,SAVINJSKA,MOZIRJE,Paper and Cardboard Packaging (15 01 01),50.592
2024,SAVINJSKA,MOZIRJE,Paper and Cardboard from Municipal Waste (20 01 01),43.259
2024,SAVINJSKA,NAZARJE,Bulky Municipal Waste (20 03 07),94.757
2024,SAVINJSKA,NAZARJE,Non-hazardous Wood from Municipal Waste (20 01 38),107.047
2024,SAVINJSKA,NAZARJE,Paper and Cardboard Packaging (15 01 01),32.734
2024,SAVINJSKA,NAZARJE,Paper and Cardboard from Municipal Waste (20 01 01),55.657
2024,SAVINJSKA,PODČETRTEK,Bulky Municipal Waste (20 03 07),201.106
2024,SAVINJSKA,PODČETRTEK,Non-hazardous Wood from Municipal Waste (20 01 38),19.348
2024,SAVINJSKA,PODČETRTEK,Paper and Cardboard Packaging (15 01 01),93.15299999999999
2024,SAVINJSKA,PODČETRTEK,Paper and Cardboard from Municipal Waste (20 01 01),25.656
2024,SAVINJSKA,POLZELA,Bulky Municipal Waste (20 03 07),337.719
2024,SAVINJSKA,POLZELA,Non-hazardous Wood from Municipal Waste (20 01 38),54.167
2024,SAVINJSKA,POLZELA,Paper and Cardboard Packaging (15 01 01),39.13
2024,SAVINJSKA,POLZELA,Paper and Cardboard from Municipal Waste (20 01 01),88.172
2024,SAVINJSKA,PREBOLD,Bulky Municipal Waste (20 03 07),353.16700000000003
2024,SAVINJSKA,PREBOLD,Non-hazardous Wood from Municipal Waste (20 01 38),81.84
2024,SAVINJSKA,PREBOLD,Paper and Cardboard Packaging (15 01 01),41.899
2024,SAVINJSKA,PREBOLD,Paper and Cardboard from Municipal Waste (20 01 01),84.157
2024,SAVINJSKA,REČICA OB SAVINJI,Bulky Municipal Waste (20 03 07),99.198
2024,SAVINJSKA,REČICA OB SAVINJI,Non-hazardous Wood from Municipal Waste (20 01 38),43.506
2024,SAVINJSKA,REČICA OB SAVINJI,Paper and Cardboard Packaging (15 01 01),21.683
2024,SAVINJSKA,REČICA OB SAVINJI,Paper and Cardboard from Municipal Waste (20 01 01),18.386
2024,SAVINJSKA,ROGATEC,Bulky Municipal Waste (20 03 07),96.758
2024,SAVINJSKA,ROGATEC,Non-hazardous Wood from Municipal Waste (20 01 38),8.501
2024,SAVINJSKA,ROGATEC,Paper and Cardboard Packaging (15 01 01),34.847
2024,SAVINJSKA,ROGATEC,Paper and Cardboard from Municipal Waste (20 01 01),12.514
2024,SAVINJSKA,ROGATEC,Wooden Packaging (15 01 03),46.34
2024,SAVINJSKA,ROGAŠKA SLATINA,Bulky Municipal Waste (20 03 07),476.707
2024,SAVINJSKA,ROGAŠKA SLATINA,Non-hazardous Wood from Municipal Waste (20 01 38),41.562
2024,SAVINJSKA,ROGAŠKA SLATINA,Paper and Cardboard Packaging (15 01 01),77.707
2024,SAVINJSKA,ROGAŠKA SLATINA,Paper and Cardboard from Municipal Waste (20 01 01),60.353
2024,SAVINJSKA,SLOVENSKE KONJICE,Bulky Municipal Waste (20 03 07),287.323
2024,SAVINJSKA,SLOVENSKE KONJICE,Non-hazardous Wood from Municipal Waste (20 01 38),657.11
2024,SAVINJSKA,SLOVENSKE KONJICE,Paper and Cardboard Packaging (15 01 01),144.12
2024,SAVINJSKA,SLOVENSKE KONJICE,Paper and Cardboard from Municipal Waste (20 01 01),275.269
2024,SAVINJSKA,SOLČAVA,Bulky Municipal Waste (20 03 07),25.814
2024,SAVINJSKA,SOLČAVA,Non-hazardous Wood from Municipal Waste (20 01 38),15.963
2024,SAVINJSKA,SOLČAVA,Paper and Cardboard Packaging (15 01 01),4.28
2024,SAVINJSKA,SOLČAVA,Paper and Cardboard from Municipal Waste (20 01 01),6.614
2024,SAVINJSKA,TABOR,Bulky Municipal Waste (20 03 07),0.753
2024,SAVINJSKA,TABOR,Non-hazardous Wood from Municipal Waste (20 01 38),23.595
2024,SAVINJSKA,TABOR,Paper and Cardboard Packaging (15 01 01),10.511
2024,SAVINJSKA,TABOR,Paper and Cardboard from Municipal Waste (20 01 01),41.062
2024,SAVINJSKA,VELENJE,Bulky Municipal Waste (20 03 07),502.42499999999995
2024,SAVINJSKA,VELENJE,Non-hazardous Wood from Municipal Waste (20 01 38),869.463
2024,SAVINJSKA,VELENJE,Paper and Cardboard Packaging (15 01 01),2555.661
2024,SAVINJSKA,VELENJE,Paper and Cardboard from Municipal Waste (20 01 01),543.5740000000001
2024,SAVINJSKA,VELENJE,Wooden Packaging (15 01 03),2570.205
2024,SAVINJSKA,VITANJE,Bulky Municipal Waste (20 03 07),62.79
2024,SAVINJSKA,VITANJE,Paper and Cardboard Packaging (15 01 01),8.735
2024,SAVINJSKA,VOJNIK,Bulky Municipal Waste (20 03 07),1146.846
2024,SAVINJSKA,VOJNIK,Non-hazardous Wood from Municipal Waste (20 01 38),135.304
2024,SAVINJSKA,VOJNIK,Paper and Cardboard Packaging (15 01 01),26.575
2024,SAVINJSKA,VOJNIK,Paper and Cardboard from Municipal Waste (20 01 01),135.65
2024,SAVINJSKA,VRANSKO,Bulky Municipal Waste (20 03 07),337.149
2024,SAVINJSKA,VRANSKO,Non-hazardous Wood from Municipal Waste (20 01 38),36.906
2024,SAVINJSKA,VRANSKO,Paper and Cardboard Packaging (15 01 01),17.746
2024,SAVINJSKA,VRANSKO,Paper and Cardboard from Municipal Waste (20 01 01),42.956
2024,SAVINJSKA,ZREČE,Bulky Municipal Waste (20 03 07),396.595
2024,SAVINJSKA,ZREČE,Non-hazardous Wood from Municipal Waste (20 01 38),76.1
2024,SAVINJSKA,ZREČE,Paper and Cardboard Packaging (15 01 01),25.375
2024,SAVINJSKA,ZREČE,Paper and Cardboard from Municipal Waste (20 01 01),3.589
2024,SAVINJSKA,ŠENTJUR,Bulky Municipal Waste (20 03 07),133.292
2024,SAVINJSKA,ŠENTJUR,Non-hazardous Wood from Municipal Waste (20 01 38),196.916
2024,SAVINJSKA,ŠENTJUR,Paper and Cardboard Packaging (15 01 01),153.13299999999998
2024,SAVINJSKA,ŠENTJUR,Paper and Cardboard from Municipal Waste (20 01 01),126.823
2024,SAVINJSKA,ŠMARJE PRI JELŠAH,Bulky Municipal Waste (20 03 07),519.746
2024,SAVINJSKA,ŠMARJE PRI JELŠAH,Non-hazardous Wood from Municipal Waste (20 01 38),45.661
2024,SAVINJSKA,ŠMARJE PRI JELŠAH,Paper and Cardboard Packaging (15 01 01),109.77099999999999
2024,SAVINJSKA,ŠMARJE PRI JELŠAH,Paper and Cardboard from Municipal Waste (20 01 01),173.076
2024,SAVINJSKA,ŠMARJE PRI JELŠAH,Wooden Packaging (15 01 03),18.6
2024,SAVINJSKA,ŠMARTNO OB PAKI,Bulky Municipal Waste (20 03 07),42.745
2024,SAVINJSKA,ŠMARTNO OB PAKI,Non-hazardous Wood from Municipal Waste (20 01 38),117.311
2024,SAVINJSKA,ŠMARTNO OB PAKI,Paper and Cardboard Packaging (15 01 01),62.945
2024,SAVINJSKA,ŠMARTNO OB PAKI,Paper and Cardboard from Municipal Waste (20 01 01),60.008
2024,SAVINJSKA,ŠMARTNO OB PAKI,Wooden Packaging (15 01 03),4.48
2024,SAVINJSKA,ŠOŠTANJ,Bulky Municipal Waste (20 03 07),138.971
2024,SAVINJSKA,ŠOŠTANJ,Non-hazardous Wood from Municipal Waste (20 01 38),287.621
2024,SAVINJSKA,ŠOŠTANJ,Paper and Cardboard Packaging (15 01 01),104.191
2024,SAVINJSKA,ŠOŠTANJ,Paper and Cardboard from Municipal Waste (20 01 01),98.544
2024,SAVINJSKA,ŠOŠTANJ,Wooden Packaging (15 01 03),30.975
2024,SAVINJSKA,ŠTORE,Bulky Municipal Waste (20 03 07),44.655
2024,SAVINJSKA,ŠTORE,Non-hazardous Wood from Municipal Waste (20 01 38),45.207
2024,SAVINJSKA,ŠTORE,Paper and Cardboard Packaging (15 01 01),51.730000000000004
2024,SAVINJSKA,ŠTORE,Paper and Cardboard from Municipal Waste (20 01 01),94.869
2024,SAVINJSKA,ŠTORE,Wooden Packaging (15 01 03),23.44
2024,SAVINJSKA,ŽALEC,Bulky Municipal Waste (20 03 07),1795.774
2024,SAVINJSKA,ŽALEC,Non-hazardous Wood from Municipal Waste (20 01 38),420.665
2024,SAVINJSKA,ŽALEC,Paper and Cardboard Packaging (15 01 01),177.374
2024,SAVINJSKA,ŽALEC,Paper and Cardboard from Municipal Waste (20 01 01),104.363
2024,ZASAVSKA,HRASTNIK,Bulky Municipal Waste (20 03 07),298.62
2024,ZASAVSKA,HRASTNIK,Paper and Cardboard Packaging (15 01 01),318.244
2024,ZASAVSKA,HRASTNIK,Paper and Cardboard from Municipal Waste (20 01 01),27.032
2024,ZASAVSKA,HRASTNIK,Wooden Packaging (15 01 03),72.613
2024,ZASAVSKA,LITIJA,Bulky Municipal Waste (20 03 07),521.557
2024,ZASAVSKA,LITIJA,Non-hazardous Wood from Municipal Waste (20 01 38),474.005
2024,ZASAVSKA,LITIJA,Paper and Cardboard Packaging (15 01 01),269.22200000000004
2024,ZASAVSKA,LITIJA,Paper and Cardboard from Municipal Waste (20 01 01),217.993
2024,ZASAVSKA,LITIJA,Wooden Packaging (15 01 03),0.89
2024,ZASAVSKA,TRBOVLJE,Bulky Municipal Waste (20 03 07),220.57
2024,ZASAVSKA,TRBOVLJE,Non-hazardous Wood from Municipal Waste (20 01 38),745.9
2024,ZASAVSKA,TRBOVLJE,Paper and Cardboard Packaging (15 01 01),237.223
2024,ZASAVSKA,TRBOVLJE,Paper and Cardboard from Municipal Waste (20 01 01),204.258
2024,ZASAVSKA,TRBOVLJE,Wooden Packaging (15 01 03),12.62
2024,ZASAVSKA,ZAGORJE OB SAVI,Bulky Municipal Waste (20 03 07),109.05999999999999
2024,ZASAVSKA,ZAGORJE OB SAVI,Non-hazardous Wood from Municipal Waste (20 01 38),435.9
2024,ZASAVSKA,ZAGORJE OB SAVI,Paper and Cardboard Packaging (15 01 01),370.313
2024,ZASAVSKA,ZAGORJE OB SAVI,Paper and Cardboard from Municipal Waste (20 01 01),150.876
2024,ZASAVSKA,ZAGORJE OB SAVI,Wooden Packaging (15 01 03),119.445
