year,statistical_region,treatment_inlet_delivered_waste_code,input_waste_name,waste_category,treatment_operation,treatment_outlet_delivered_waste_code,output_waste_name,waste_category_1,further_treatment_envisaged,waste_sent_to_self_storage_end_year,waste_sent_to_collector_SI,waste_sent_to_treatment_operator,waste_sent_to_EU_member_states,waste_sent_to_non_EU_countries,waste_sent_to_no_further_management
2022,GORENJSKA,03 01 05,Sawdust/Shavings/Cuttings (03 01 05),Wood/Paper Production Waste,"R_12, R_13",19 12 07,Wood Waste from Treatment (not 19 12 06) (19 12 07),Waste Treatment Residues,R_03,0,0,0,159.588,0,0
2022,GORENJSKA,03 01 05,Sawdust/Shavings/Cuttings (03 01 05),Wood/Paper Production Waste,"R_12, R_13",19 12 07,Wood Waste from Treatment (not 19 12 06) (19 12 07),Waste Treatment Residues,undefined,8.781,0,0,0,0,0
2022,GORENJSKA,03 01 05,Sawdust/Shavings/Cuttings (03 01 05),Wood/Paper Production Waste,"R_12, R_13",19 12 12,Other Mechanically Treated Waste (19 12 12),Waste Treatment Residues,R_01,0,0,57.749,0,0,0
2022,GORENJSKA,03 03 08,Waste from Sorting of Paper and Cardboard for Recycling (03 03 08),Wood/Paper Production Waste,"R_12, R_13",19 12 01,Paper and Cardboard from Waste Treatment (19 12 01),Waste Treatment Residues,R_03,0,0,0,53.329,0,0
2022,GORENJSKA,15 01 01,Paper and Cardboard Packaging (15 01 01),Packaging Waste,"R_12, R_13",15 01 01,Paper and Cardboard Packaging (15 01 01),Packaging Waste,R_03,0,0,0,1108.76,0,0
2022,GORENJSKA,15 01 01,Paper and Cardboard Packaging (15 01 01),Packaging Waste,"R_12, R_13",15 01 01,Paper and Cardboard Packaging (15 01 01),Packaging Waste,undefined,4.565,0,0,0,0,0
2022,GORENJSKA,15 01 01,Paper and Cardboard Packaging (15 01 01),Packaging Waste,"R_12, R_13",19 12 01,Paper and Cardboard from Waste Treatment (19 12 01),Waste Treatment Residues,R_03,0,0,0,476.377,0,0
2022,GORENJSKA,15 01 01,Paper and Cardboard Packaging (15 01 01),Packaging Waste,"R_12, R_13",19 12 01,Paper and Cardboard from Waste Treatment (19 12 01),Waste Treatment Residues,"R_12, R_13",0,0,2847.843,0,0,0
2022,GORENJSKA,15 01 03,Wooden Packaging (15 01 03),Packaging Waste,"R_12, R_13",15 01 03,Wooden Packaging (15 01 03),Packaging Waste,R_03,0,0,291.18,4396.76,0,0
2022,GORENJSKA,15 01 03,Wooden Packaging (15 01 03),Packaging Waste,"R_12, R_13",15 01 03,Wooden Packaging (15 01 03),Packaging Waste,"R_12, R_13",0,0,1182.7,0,0,0
2022,GORENJSKA,15 01 03,Wooden Packaging (15 01 03),Packaging Waste,"R_12, R_13",20 01 38,Non-hazardous Wood from Municipal Waste (20 01 38),Municipal Waste,"R_12, R_13",0,0,493.168,0,0,0
2022,GORENJSKA,17 02 01,Construction Wood Waste (17 02 01),Construction/Demolition Waste,BO,17 02 01,Construction Wood Waste (17 02 01),Construction/Demolition Waste,undefined,142.1,0,0,0,0,0
2022,GORENJSKA,17 02 01,Construction Wood Waste (17 02 01),Construction/Demolition Waste,"R_12, R_13",19 12 07,Wood Waste from Treatment (not 19 12 06) (19 12 07),Waste Treatment Residues,R_03,0,0,0,310.685,0,0
2022,GORENJSKA,17 02 01,Construction Wood Waste (17 02 01),Construction/Demolition Waste,"R_12, R_13",19 12 12,Other Mechanically Treated Waste (19 12 12),Waste Treatment Residues,R_01,0,0,56.119,0,0,0
2022,GORENJSKA,17 02 01,Construction Wood Waste (17 02 01),Construction/Demolition Waste,"R_12, R_13",20 01 38,Non-hazardous Wood from Municipal Waste (20 01 38),Municipal Waste,"R_12, R_13",0,0,4.321,0,0,0
2022,GORENJSKA,19 12 01,Paper and Cardboard from Waste Treatment (19 12 01),Waste Treatment Residues,"R_12, R_13",19 12 01,Paper and Cardboard from Waste Treatment (19 12 01),Waste Treatment Residues,R_03,0,0,0,237.429,0,0
2022,GORENJSKA,19 12 01,Paper and Cardboard from Waste Treatment (19 12 01),Waste Treatment Residues,"R_12, R_13",19 12 01,Paper and Cardboard from Waste Treatment (19 12 01),Waste Treatment Residues,undefined,13.185,0,0,0,0,0
2022,GORENJSKA,19 12 01,Paper and Cardboard from Waste Treatment (19 12 01),Waste Treatment Residues,"R_12, R_13",20 01 01,Paper and Cardboard from Municipal Waste (20 01 01),Municipal Waste,"R_12, R_13",0,0,247.38,0,0,0
2022,GORENJSKA,19 12 07,Wood Waste from Treatment (not 19 12 06) (19 12 07),Waste Treatment Residues,"R_12, R_13",19 12 07,Wood Waste from Treatment (not 19 12 06) (19 12 07),Waste Treatment Residues,R_03,0,0,0,89.58,0,0
2022,GORENJSKA,19 12 07,Wood Waste from Treatment (not 19 12 06) (19 12 07),Waste Treatment Residues,"R_12, R_13",19 12 07,Wood Waste from Treatment (not 19 12 06) (19 12 07),Waste Treatment Residues,undefined,2.3,0,0,0,0,0
2022,GORENJSKA,20 01 01,Paper and Cardboard from Municipal Waste (20 01 01),Municipal Waste,"R_12, R_13",19 12 01,Paper and Cardboard from Waste Treatment (19 12 01),Waste Treatment Residues,R_03,0,0,63.52,31.815,0,0
2022,GORENJSKA,20 01 01,Paper and Cardboard from Municipal Waste (20 01 01),Municipal Waste,"R_12, R_13",19 12 01,Paper and Cardboard from Waste Treatment (19 12 01),Waste Treatment Residues,"R_12, R_13",0,0,1621.126,0,0,0
2022,GORENJSKA,20 01 01,Paper and Cardboard from Municipal Waste (20 01 01),Municipal Waste,"R_12, R_13",20 01 01,Paper and Cardboard from Municipal Waste (20 01 01),Municipal Waste,R_03,0,0,93.54,68.21,0,0
2022,GORENJSKA,20 01 01,Paper and Cardboard from Municipal Waste (20 01 01),Municipal Waste,"R_12, R_13",20 01 01,Paper and Cardboard from Municipal Waste (20 01 01),Municipal Waste,undefined,40.108,0,0,0,0,0
2022,GORENJSKA,20 01 38,Non-hazardous Wood from Municipal Waste (20 01 38),Municipal Waste,"R_12, R_13",19 12 07,Wood Waste from Treatment (not 19 12 06) (19 12 07),Waste Treatment Residues,R_03,0,0,0,3707.058,0,0
2022,GORENJSKA,20 01 38,Non-hazardous Wood from Municipal Waste (20 01 38),Municipal Waste,"R_12, R_13",20 01 38,Non-hazardous Wood from Municipal Waste (20 01 38),Municipal Waste,"R_12, R_13",0,0,172.919,0,0,0
2022,GORENJSKA,20 02 03,Non-biodegradable Garden and Park Waste (20 02 03),Municipal Waste,R_03,19 12 07,Wood Waste from Treatment (not 19 12 06) (19 12 07),Waste Treatment Residues,R_03,0,0,8.48,0,0,0
2022,GORENJSKA,20 03 07,Bulky Municipal Waste (20 03 07),Municipal Waste,D_01,20 03 07,Bulky Municipal Waste (20 03 07),Municipal Waste,undefined,0,0,0,0,0,4180.044
2022,GORENJSKA,20 03 07,Bulky Municipal Waste (20 03 07),Municipal Waste,"R_12, R_13",19 12 12,Other Mechanically Treated Waste (19 12 12),Waste Treatment Residues,D_01,0,0,34.643,0,0,0
2022,GORENJSKA,20 03 07,Bulky Municipal Waste (20 03 07),Municipal Waste,"R_12, R_13",20 01 01,Paper and Cardboard from Municipal Waste (20 01 01),Municipal Waste,undefined,0,3.78,0,0,0,0
2022,GORENJSKA,20 03 07,Bulky Municipal Waste (20 03 07),Municipal Waste,"R_12, R_13",20 01 38,Non-hazardous Wood from Municipal Waste (20 01 38),Municipal Waste,undefined,0,120.01,0,0,0,0
2022,GORENJSKA,20 03 07,Bulky Municipal Waste (20 03 07),Municipal Waste,"R_12, R_13",20 01 40,Metals from Municipal Waste (20 01 40),Municipal Waste,undefined,0,0.9,0,0,0,0
2022,GORIŠKA,03 01 05,Sawdust/Shavings/Cuttings (03 01 05),Wood/Paper Production Waste,BO,03 01 05,Sawdust/Shavings/Cuttings (03 01 05),Wood/Paper Production Waste,undefined,0.81,0,0,0,0,0
2022,GORIŠKA,09 01 07,Silver-Containing Photographic Films and Paper (09 01 07),Photographic Industry Waste,"R_12, R_13",19 12 01,Paper and Cardboard from Waste Treatment (19 12 01),Waste Treatment Residues,undefined,3.378,0,0,0,0,0
2022,GORIŠKA,12 01 02,Iron Dust and Particles (12 01 02),Metal/Plastic Processing Waste,R_12,19 12 01,Paper and Cardboard from Waste Treatment (19 12 01),Waste Treatment Residues,"R_12, R_13",0,0,0.55,0,0,0
2022,GORIŠKA,12 01 03,Non-Ferrous Metal Turnings (12 01 03),Metal/Plastic Processing Waste,R_12,15 01 03,Wooden Packaging (15 01 03),Packaging Waste,undefined,0,0.55,0,0,0,0
2022,GORIŠKA,12 01 03,Non-Ferrous Metal Turnings (12 01 03),Metal/Plastic Processing Waste,R_12,19 12 01,Paper and Cardboard from Waste Treatment (19 12 01),Waste Treatment Residues,"R_12, R_13",0,0,0.85,0,0,0
2022,GORIŠKA,12 01 04,Non-Ferrous Metal Dust and Particles (12 01 04),Metal/Plastic Processing Waste,BO,20 01 01,Paper and Cardboard from Municipal Waste (20 01 01),Municipal Waste,undefined,66.722,0,0,0,0,0
2022,GORIŠKA,12 01 04,Non-Ferrous Metal Dust and Particles (12 01 04),Metal/Plastic Processing Waste,R_12,15 01 03,Wooden Packaging (15 01 03),Packaging Waste,undefined,0,1.02,0,0,0,0
2022,GORIŠKA,12 01 04,Non-Ferrous Metal Dust and Particles (12 01 04),Metal/Plastic Processing Waste,R_12,19 12 01,Paper and Cardboard from Waste Treatment (19 12 01),Waste Treatment Residues,"R_12, R_13",0,0,2.05,0,0,0
2022,GORIŠKA,12 01 04,Non-Ferrous Metal Dust and Particles (12 01 04),Metal/Plastic Processing Waste,"R_12, R_13",19 12 01,Paper and Cardboard from Waste Treatment (19 12 01),Waste Treatment Residues,undefined,1.528,0,0,0,0,0
2022,GORIŠKA,15 01 01,Paper and Cardboard Packaging (15 01 01),Packaging Waste,R_12,15 01 01,Paper and Cardboard Packaging (15 01 01),Packaging Waste,R_03,0,0,116.05,0,0,0
2022,GORIŠKA,15 01 01,Paper and Cardboard Packaging (15 01 01),Packaging Waste,R_12,15 01 01,Paper and Cardboard Packaging (15 01 01),Packaging Waste,"R_12, R_13",0,0,621.879,0,0,0
2022,GORIŠKA,15 01 01,Paper and Cardboard Packaging (15 01 01),Packaging Waste,"R_12, R_13",15 01 01,Paper and Cardboard Packaging (15 01 01),Packaging Waste,R_03,0,0,0,119.236,0,0
2022,GORIŠKA,15 01 01,Paper and Cardboard Packaging (15 01 01),Packaging Waste,"R_12, R_13",15 01 01,Paper and Cardboard Packaging (15 01 01),Packaging Waste,"R_12, R_13",0,0,685.417,0,0,0
2022,GORIŠKA,15 01 01,Paper and Cardboard Packaging (15 01 01),Packaging Waste,"R_12, R_13",15 01 01,Paper and Cardboard Packaging (15 01 01),Packaging Waste,undefined,38.576,0,0,0,0,0
2022,GORIŠKA,15 01 03,Wooden Packaging (15 01 03),Packaging Waste,"R_12, R_13",15 01 03,Wooden Packaging (15 01 03),Packaging Waste,R_03,0,0,78.16,433.94,0,0
2022,GORIŠKA,15 01 03,Wooden Packaging (15 01 03),Packaging Waste,"R_12, R_13",15 01 03,Wooden Packaging (15 01 03),Packaging Waste,"R_12, R_13",0,0,66.19,0,0,0
2022,GORIŠKA,16 02 14,Discarded Equipment Not Otherwise Specified (16 02 14),Miscellaneous Waste,R_12,15 01 03,Wooden Packaging (15 01 03),Packaging Waste,undefined,0,8.86,0,0,0,0
2022,GORIŠKA,16 02 14,Discarded Equipment Not Otherwise Specified (16 02 14),Miscellaneous Waste,R_12,19 12 01,Paper and Cardboard from Waste Treatment (19 12 01),Waste Treatment Residues,"R_12, R_13",0,0,3.8,0,0,0
2022,GORIŠKA,16 02 16,Components Removed from Discarded Equipment (16 02 16),Miscellaneous Waste,R_12,15 01 03,Wooden Packaging (15 01 03),Packaging Waste,undefined,0,5.82,0,0,0,0
2022,GORIŠKA,16 02 16,Components Removed from Discarded Equipment (16 02 16),Miscellaneous Waste,R_12,19 12 01,Paper and Cardboard from Waste Treatment (19 12 01),Waste Treatment Residues,"R_12, R_13",0,0,5.324,0,0,0
2022,GORIŠKA,16 03 04,Non-Hazardous Inorganic Wastes (16 03 04),Miscellaneous Waste,R_12,15 01 03,Wooden Packaging (15 01 03),Packaging Waste,undefined,0,4.42,0,0,0,0
2022,GORIŠKA,16 03 04,Non-Hazardous Inorganic Wastes (16 03 04),Miscellaneous Waste,R_12,19 12 01,Paper and Cardboard from Waste Treatment (19 12 01),Waste Treatment Residues,"R_12, R_13",0,0,3.61,0,0,0
2022,GORIŠKA,16 03 04,Non-Hazardous Inorganic Wastes (16 03 04),Miscellaneous Waste,"R_12, R_13",19 12 01,Paper and Cardboard from Waste Treatment (19 12 01),Waste Treatment Residues,undefined,0.457,0,0,0,0,0
2022,GORIŠKA,17 02 01,Construction Wood Waste (17 02 01),Construction/Demolition Waste,BO,17 02 01,Construction Wood Waste (17 02 01),Construction/Demolition Waste,undefined,18.13,0,0,0,0,0
2022,GORIŠKA,19 12 01,Paper and Cardboard from Waste Treatment (19 12 01),Waste Treatment Residues,R_12,19 12 01,Paper and Cardboard from Waste Treatment (19 12 01),Waste Treatment Residues,"R_12, R_13",0,0,1.256,0,0,0
2022,GORIŠKA,19 12 01,Paper and Cardboard from Waste Treatment (19 12 01),Waste Treatment Residues,"R_12, R_13",20 01 01,Paper and Cardboard from Municipal Waste (20 01 01),Municipal Waste,"R_12, R_13",0,0,4.101,0,0,0
2022,GORIŠKA,20 01 01,Paper and Cardboard from Municipal Waste (20 01 01),Municipal Waste,BO,20 01 01,Paper and Cardboard from Municipal Waste (20 01 01),Municipal Waste,undefined,0.58,0,0,0,0,0
2022,GORIŠKA,20 01 01,Paper and Cardboard from Municipal Waste (20 01 01),Municipal Waste,R_12,20 01 01,Paper and Cardboard from Municipal Waste (20 01 01),Municipal Waste,R_03,0,0,262.06,0,0,0
2022,GORIŠKA,20 01 01,Paper and Cardboard from Municipal Waste (20 01 01),Municipal Waste,R_12,20 01 01,Paper and Cardboard from Municipal Waste (20 01 01),Municipal Waste,"R_12, R_13",0,0,748.612,0,0,0
2022,GORIŠKA,20 01 01,Paper and Cardboard from Municipal Waste (20 01 01),Municipal Waste,"R_12, R_13",19 12 01,Paper and Cardboard from Waste Treatment (19 12 01),Waste Treatment Residues,R_03,0,0,0,322.97,0,0
2022,GORIŠKA,20 01 01,Paper and Cardboard from Municipal Waste (20 01 01),Municipal Waste,"R_12, R_13",19 12 01,Paper and Cardboard from Waste Treatment (19 12 01),Waste Treatment Residues,"R_12, R_13",0,0,22.34,0,0,0
2022,GORIŠKA,20 01 01,Paper and Cardboard from Municipal Waste (20 01 01),Municipal Waste,"R_12, R_13",20 01 01,Paper and Cardboard from Municipal Waste (20 01 01),Municipal Waste,R_03,0,0,45.4,0,0,0
2022,GORIŠKA,20 01 01,Paper and Cardboard from Municipal Waste (20 01 01),Municipal Waste,"R_12, R_13",20 01 01,Paper and Cardboard from Municipal Waste (20 01 01),Municipal Waste,"R_12, R_13",0,0,290.987,0,0,0
2022,GORIŠKA,20 01 01,Paper and Cardboard from Municipal Waste (20 01 01),Municipal Waste,"R_12, R_13",20 01 01,Paper and Cardboard from Municipal Waste (20 01 01),Municipal Waste,undefined,28.872,0,0,0,0,0
2022,GORIŠKA,20 01 36,Non-Hazardous Waste Electrical Equipment (20 01 36),Municipal Waste,R_12,15 01 03,Wooden Packaging (15 01 03),Packaging Waste,undefined,0,3.45,0,0,0,0
2022,GORIŠKA,20 01 36,Non-Hazardous Waste Electrical Equipment (20 01 36),Municipal Waste,R_12,19 12 01,Paper and Cardboard from Waste Treatment (19 12 01),Waste Treatment Residues,"R_12, R_13",0,0,2.2,0,0,0
2022,GORIŠKA,20 03 07,Bulky Municipal Waste (20 03 07),Municipal Waste,"R_12, R_13",19 12 12,Other Mechanically Treated Waste (19 12 12),Waste Treatment Residues,"R_12, R_13",0,0,5.428,0,0,0
2022,JUGOVZHODNA SLOVENIJA,03 01 05,Sawdust/Shavings/Cuttings (03 01 05),Wood/Paper Production Waste,"R_12, R_13",03 01 05,Sawdust/Shavings/Cuttings (03 01 05),Wood/Paper Production Waste,undefined,90.427,3527.943,0,0,0,0
2022,JUGOVZHODNA SLOVENIJA,03 03 08,Waste from Sorting of Paper and Cardboard for Recycling (03 03 08),Wood/Paper Production Waste,"R_12, R_13",03 03 08,Waste from Sorting of Paper and Cardboard for Recycling (03 03 08),Wood/Paper Production Waste,R_12,0,0,67.66,0,0,0
2022,JUGOVZHODNA SLOVENIJA,03 03 08,Waste from Sorting of Paper and Cardboard for Recycling (03 03 08),Wood/Paper Production Waste,"R_12, R_13",19 12 12,Other Mechanically Treated Waste (19 12 12),Waste Treatment Residues,R_12,0,0,1755.937,0,0,0
2022,JUGOVZHODNA SLOVENIJA,07 02 13,Waste Plastics (07 02 13),Organic Chemical Waste,R_03,15 01 03,Wooden Packaging (15 01 03),Packaging Waste,R_03,0,0,39.67,0,0,0
2022,JUGOVZHODNA SLOVENIJA,15 01 01,Paper and Cardboard Packaging (15 01 01),Packaging Waste,"R_12, R_13",15 01 01,Paper and Cardboard Packaging (15 01 01),Packaging Waste,R_03,0,0,0,6138.536,0,0
2022,JUGOVZHODNA SLOVENIJA,15 01 01,Paper and Cardboard Packaging (15 01 01),Packaging Waste,"R_12, R_13",15 01 01,Paper and Cardboard Packaging (15 01 01),Packaging Waste,undefined,561.14,0,0,0,0,0
2022,JUGOVZHODNA SLOVENIJA,15 01 01,Paper and Cardboard Packaging (15 01 01),Packaging Waste,"R_12, R_13",19 12 01,Paper and Cardboard from Waste Treatment (19 12 01),Waste Treatment Residues,R_03,0,0,436.507,563.799,19.46,0
2022,JUGOVZHODNA SLOVENIJA,15 01 01,Paper and Cardboard Packaging (15 01 01),Packaging Waste,"R_12, R_13",20 01 01,Paper and Cardboard from Municipal Waste (20 01 01),Municipal Waste,R_03,0,0,97.935,0,0,0
2022,JUGOVZHODNA SLOVENIJA,15 01 02,Plastic Packaging (15 01 02),Packaging Waste,R_03,15 01 01,Paper and Cardboard Packaging (15 01 01),Packaging Waste,R_03,0,0,78.61,0,0,0
2022,JUGOVZHODNA SLOVENIJA,15 01 03,Wooden Packaging (15 01 03),Packaging Waste,"R_12, R_13",03 01 05,Sawdust/Shavings/Cuttings (03 01 05),Wood/Paper Production Waste,undefined,0,406.277,0,0,0,0
2022,JUGOVZHODNA SLOVENIJA,15 01 03,Wooden Packaging (15 01 03),Packaging Waste,"R_12, R_13",15 01 03,Wooden Packaging (15 01 03),Packaging Waste,PU,0,0,51.3,0,0,0
2022,JUGOVZHODNA SLOVENIJA,15 01 03,Wooden Packaging (15 01 03),Packaging Waste,"R_12, R_13",15 01 03,Wooden Packaging (15 01 03),Packaging Waste,R_03,0,0,74.12,0,0,0
2022,JUGOVZHODNA SLOVENIJA,15 01 03,Wooden Packaging (15 01 03),Packaging Waste,"R_12, R_13",15 01 03,Wooden Packaging (15 01 03),Packaging Waste,"R_12, R_13",0,0,739.18,0,0,0
2022,JUGOVZHODNA SLOVENIJA,15 01 03,Wooden Packaging (15 01 03),Packaging Waste,"R_12, R_13",15 01 03,Wooden Packaging (15 01 03),Packaging Waste,undefined,244.35,0,0,0,0,0
2022,JUGOVZHODNA SLOVENIJA,15 01 03,Wooden Packaging (15 01 03),Packaging Waste,"R_12, R_13",19 12 07,Wood Waste from Treatment (not 19 12 06) (19 12 07),Waste Treatment Residues,"R_12, R_13",0,0,227.734,0,0,0
2022,JUGOVZHODNA SLOVENIJA,15 01 03,Wooden Packaging (15 01 03),Packaging Waste,R_13,15 01 03,Wooden Packaging (15 01 03),Packaging Waste,R_13,0,0,59.759,0,0,0
2022,JUGOVZHODNA SLOVENIJA,15 01 06,Mixed Packaging (15 01 06),Packaging Waste,"R_12, R_13",15 01 01,Paper and Cardboard Packaging (15 01 01),Packaging Waste,R_03,0,0,0,168.95,0,0
2022,JUGOVZHODNA SLOVENIJA,17 02 01,Construction Wood Waste (17 02 01),Construction/Demolition Waste,"R_12, R_13",17 02 01,Construction Wood Waste (17 02 01),Construction/Demolition Waste,R_03,0,0,51.56,0,0,0
2022,JUGOVZHODNA SLOVENIJA,17 02 01,Construction Wood Waste (17 02 01),Construction/Demolition Waste,"R_12, R_13",19 12 07,Wood Waste from Treatment (not 19 12 06) (19 12 07),Waste Treatment Residues,"R_12, R_13",0,0,236.16,0,0,0
2022,JUGOVZHODNA SLOVENIJA,19 12 01,Paper and Cardboard from Waste Treatment (19 12 01),Waste Treatment Residues,"R_12, R_13",19 12 01,Paper and Cardboard from Waste Treatment (19 12 01),Waste Treatment Residues,R_03,0,0,0,217.126,0,0
2022,JUGOVZHODNA SLOVENIJA,19 12 07,Wood Waste from Treatment (not 19 12 06) (19 12 07),Waste Treatment Residues,"R_12, R_13",19 12 07,Wood Waste from Treatment (not 19 12 06) (19 12 07),Waste Treatment Residues,undefined,0,14.498,0,0,0,0
2022,JUGOVZHODNA SLOVENIJA,20 01 01,Paper and Cardboard from Municipal Waste (20 01 01),Municipal Waste,"R_12, R_13",19 12 01,Paper and Cardboard from Waste Treatment (19 12 01),Waste Treatment Residues,R_03,0,0,119.31,0,0,0
2022,JUGOVZHODNA SLOVENIJA,20 01 01,Paper and Cardboard from Municipal Waste (20 01 01),Municipal Waste,"R_12, R_13",19 12 01,Paper and Cardboard from Waste Treatment (19 12 01),Waste Treatment Residues,"R_12, R_13",0,0,67.78,0,0,0
2022,JUGOVZHODNA SLOVENIJA,20 01 01,Paper and Cardboard from Municipal Waste (20 01 01),Municipal Waste,"R_12, R_13",20 01 01,Paper and Cardboard from Municipal Waste (20 01 01),Municipal Waste,R_03,0,0,826.248,1342.922,0,0
2022,JUGOVZHODNA SLOVENIJA,20 01 01,Paper and Cardboard from Municipal Waste (20 01 01),Municipal Waste,"R_12, R_13",20 01 01,Paper and Cardboard from Municipal Waste (20 01 01),Municipal Waste,undefined,309.595,0,0,0,0,0
2022,JUGOVZHODNA SLOVENIJA,20 01 38,Non-hazardous Wood from Municipal Waste (20 01 38),Municipal Waste,"R_12, R_13",19 12 07,Wood Waste from Treatment (not 19 12 06) (19 12 07),Waste Treatment Residues,"R_12, R_13",0,0,22.83,0,0,0
2022,JUGOVZHODNA SLOVENIJA,20 01 38,Non-hazardous Wood from Municipal Waste (20 01 38),Municipal Waste,R_13,20 01 38,Non-hazardous Wood from Municipal Waste (20 01 38),Municipal Waste,"R_12, R_13",0,0,29.16,0,0,0
2022,JUGOVZHODNA SLOVENIJA,20 03 07,Bulky Municipal Waste (20 03 07),Municipal Waste,D_01,20 03 07,Bulky Municipal Waste (20 03 07),Municipal Waste,undefined,9.82,0,0,0,0,7657.47
2022,JUGOVZHODNA SLOVENIJA,20 03 07,Bulky Municipal Waste (20 03 07),Municipal Waste,"R_12, R_13",15 01 01,Paper and Cardboard Packaging (15 01 01),Packaging Waste,undefined,0,3.98,0,0,0,0
2022,JUGOVZHODNA SLOVENIJA,20 03 07,Bulky Municipal Waste (20 03 07),Municipal Waste,"R_12, R_13",15 01 02,Plastic Packaging (15 01 02),Packaging Waste,undefined,0,0.96,0,0,0,0
2022,JUGOVZHODNA SLOVENIJA,20 03 07,Bulky Municipal Waste (20 03 07),Municipal Waste,"R_12, R_13",15 01 06,Mixed Packaging (15 01 06),Packaging Waste,undefined,0,1.18,0,0,0,0
2022,JUGOVZHODNA SLOVENIJA,20 03 07,Bulky Municipal Waste (20 03 07),Municipal Waste,"R_12, R_13",15 01 07,Glass Packaging (15 01 07),Packaging Waste,undefined,0,0.67,0,0,0,0
2022,JUGOVZHODNA SLOVENIJA,20 03 07,Bulky Municipal Waste (20 03 07),Municipal Waste,"R_12, R_13",16 01 03,End-of-Life Tyres (16 01 03),Miscellaneous Waste,undefined,0,11.1,0,0,0,0
2022,JUGOVZHODNA SLOVENIJA,20 03 07,Bulky Municipal Waste (20 03 07),Municipal Waste,"R_12, R_13",19 12 12,Other Mechanically Treated Waste (19 12 12),Waste Treatment Residues,undefined,15.44,0,0,0,0,0
2022,JUGOVZHODNA SLOVENIJA,20 03 07,Bulky Municipal Waste (20 03 07),Municipal Waste,"R_12, R_13",20 01 01,Paper and Cardboard from Municipal Waste (20 01 01),Municipal Waste,undefined,0,0.5,0,0,0,0
2022,JUGOVZHODNA SLOVENIJA,20 03 07,Bulky Municipal Waste (20 03 07),Municipal Waste,"R_12, R_13",20 01 02,Glass from Municipal Waste (20 01 02),Municipal Waste,"R_12, R_13",0,0,3.64,0,0,0
2022,JUGOVZHODNA SLOVENIJA,20 03 07,Bulky Municipal Waste (20 03 07),Municipal Waste,"R_12, R_13",20 01 02,Glass from Municipal Waste (20 01 02),Municipal Waste,undefined,0,4.73,0,0,0,0
2022,JUGOVZHODNA SLOVENIJA,20 03 07,Bulky Municipal Waste (20 03 07),Municipal Waste,"R_12, R_13",20 01 23*,Discarded Equipment Containing CFCs (20 01 23*),Municipal Waste,undefined,0,16.88,0,0,0,0
2022,JUGOVZHODNA SLOVENIJA,20 03 07,Bulky Municipal Waste (20 03 07),Municipal Waste,"R_12, R_13",20 01 35*,Hazardous Waste Electrical Equipment (20 01 35*),Municipal Waste,undefined,0,3.56,0,0,0,0
2022,JUGOVZHODNA SLOVENIJA,20 03 07,Bulky Municipal Waste (20 03 07),Municipal Waste,"R_12, R_13",20 01 36,Non-Hazardous Waste Electrical Equipment (20 01 36),Municipal Waste,undefined,0,39.78,0,0,0,0
2022,JUGOVZHODNA SLOVENIJA,20 03 07,Bulky Municipal Waste (20 03 07),Municipal Waste,"R_12, R_13",20 01 38,Non-hazardous Wood from Municipal Waste (20 01 38),Municipal Waste,"R_12, R_13",0,0,147.72,0,0,0
2022,JUGOVZHODNA SLOVENIJA,20 03 07,Bulky Municipal Waste (20 03 07),Municipal Waste,"R_12, R_13",20 01 38,Non-hazardous Wood from Municipal Waste (20 01 38),Municipal Waste,undefined,0,32.2,0,0,0,0
2022,JUGOVZHODNA SLOVENIJA,20 03 07,Bulky Municipal Waste (20 03 07),Municipal Waste,"R_12, R_13",20 01 39,Plastics from Municipal Waste (20 01 39),Municipal Waste,undefined,0,1.31,0,0,0,0
2022,JUGOVZHODNA SLOVENIJA,20 03 07,Bulky Municipal Waste (20 03 07),Municipal Waste,"R_12, R_13",20 01 40,Metals from Municipal Waste (20 01 40),Municipal Waste,R_05,0,0,18.42,0,0,0
2022,JUGOVZHODNA SLOVENIJA,20 03 07,Bulky Municipal Waste (20 03 07),Municipal Waste,"R_12, R_13",20 03 07,Bulky Municipal Waste (20 03 07),Municipal Waste,D_01,0,0,15.82,0,0,0
2022,JUGOVZHODNA SLOVENIJA,20 03 07,Bulky Municipal Waste (20 03 07),Municipal Waste,"R_12, R_13",20 03 07,Bulky Municipal Waste (20 03 07),Municipal Waste,R_05,0,0,1662.72,0,0,0
2022,JUGOVZHODNA SLOVENIJA,20 03 07,Bulky Municipal Waste (20 03 07),Municipal Waste,"R_12, R_13",20 03 07,Bulky Municipal Waste (20 03 07),Municipal Waste,undefined,0,1.63,0,0,0,0
2022,KOROŠKA,03 01 05,Sawdust/Shavings/Cuttings (03 01 05),Wood/Paper Production Waste,R_01,10 01 01,"Ash, slag and boiler dust (excluding boiler dust listed under 10 01 04) (10 01 01)",Thermal Process Waste,R_01,0,0,8.28,0,0,0
2022,KOROŠKA,15 01 01,Paper and Cardboard Packaging (15 01 01),Packaging Waste,"R_12, R_13",15 01 01,Paper and Cardboard Packaging (15 01 01),Packaging Waste,R_03,0,0,0,1418.456,0,0
2022,KOROŠKA,15 01 01,Paper and Cardboard Packaging (15 01 01),Packaging Waste,"R_12, R_13",15 01 01,Paper and Cardboard Packaging (15 01 01),Packaging Waste,"R_12, R_13",0,0,129.46,0,0,0
2022,KOROŠKA,15 01 01,Paper and Cardboard Packaging (15 01 01),Packaging Waste,"R_12, R_13",19 12 01,Paper and Cardboard from Waste Treatment (19 12 01),Waste Treatment Residues,R_03,0,0,510.83,0,0,0
2022,KOROŠKA,15 01 03,Wooden Packaging (15 01 03),Packaging Waste,"R_12, R_13",15 01 03,Wooden Packaging (15 01 03),Packaging Waste,R_03,0,0,225.28,0,0,0
2022,KOROŠKA,15 01 06,Mixed Packaging (15 01 06),Packaging Waste,"R_12, R_13",15 01 01,Paper and Cardboard Packaging (15 01 01),Packaging Waste,undefined,0,29.4,0,0,0,0
2022,KOROŠKA,15 01 06,Mixed Packaging (15 01 06),Packaging Waste,"R_12, R_13",20 01 01,Paper and Cardboard from Municipal Waste (20 01 01),Municipal Waste,R_03,0,0,0,23.5,0,0
2022,KOROŠKA,15 01 06,Mixed Packaging (15 01 06),Packaging Waste,"R_12, R_13",20 01 01,Paper and Cardboard from Municipal Waste (20 01 01),Municipal Waste,"R_12, R_13",0,0,60.64,0,0,0
2022,KOROŠKA,20 01 01,Paper and Cardboard from Municipal Waste (20 01 01),Municipal Waste,"R_12, R_13",19 12 01,Paper and Cardboard from Waste Treatment (19 12 01),Waste Treatment Residues,R_03,0,0,172.19,4123.494,0,0
2022,KOROŠKA,20 01 01,Paper and Cardboard from Municipal Waste (20 01 01),Municipal Waste,"R_12, R_13",20 01 01,Paper and Cardboard from Municipal Waste (20 01 01),Municipal Waste,R_03,0,0,0,577.25,0,0
2022,KOROŠKA,20 01 01,Paper and Cardboard from Municipal Waste (20 01 01),Municipal Waste,"R_12, R_13",20 01 01,Paper and Cardboard from Municipal Waste (20 01 01),Municipal Waste,"R_12, R_13",0,0,313.36,0,0,0
2022,KOROŠKA,20 01 01,Paper and Cardboard from Municipal Waste (20 01 01),Municipal Waste,"R_12, R_13",20 01 01,Paper and Cardboard from Municipal Waste (20 01 01),Municipal Waste,undefined,0,100.078,0,0,0,0
2022,KOROŠKA,20 03 07,Bulky Municipal Waste (20 03 07),Municipal Waste,"R_12, R_13",19 12 12,Other Mechanically Treated Waste (19 12 12),Waste Treatment Residues,D_01,0,0,231.96,0,0,0
2022,KOROŠKA,20 03 07,Bulky Municipal Waste (20 03 07),Municipal Waste,"R_12, R_13",19 12 12,Other Mechanically Treated Waste (19 12 12),Waste Treatment Residues,undefined,0,650,0,0,0,0
2022,KOROŠKA,20 03 07,Bulky Municipal Waste (20 03 07),Municipal Waste,"R_12, R_13",20 01 38,Non-hazardous Wood from Municipal Waste (20 01 38),Municipal Waste,R_03,0,0,1110.86,0,0,0
2022,KOROŠKA,20 03 07,Bulky Municipal Waste (20 03 07),Municipal Waste,"R_12, R_13",20 01 40,Metals from Municipal Waste (20 01 40),Municipal Waste,undefined,0,114.05,0,0,0,0
2022,OBALNO-KRAŠKA,03 03 08,Waste from Sorting of Paper and Cardboard for Recycling (03 03 08),Wood/Paper Production Waste,"R_12, R_13",19 12 12,Other Mechanically Treated Waste (19 12 12),Waste Treatment Residues,R_12,0,0,69.28,0,0,0
2022,OBALNO-KRAŠKA,15 01 01,Paper and Cardboard Packaging (15 01 01),Packaging Waste,"R_12, R_13",15 01 01,Paper and Cardboard Packaging (15 01 01),Packaging Waste,R_03,0,0,0,1083.093,0,0
2022,OBALNO-KRAŠKA,15 01 01,Paper and Cardboard Packaging (15 01 01),Packaging Waste,"R_12, R_13",15 01 01,Paper and Cardboard Packaging (15 01 01),Packaging Waste,"R_12, R_13",0,0,796.101,0,0,0
2022,OBALNO-KRAŠKA,15 01 01,Paper and Cardboard Packaging (15 01 01),Packaging Waste,"R_12, R_13",15 01 01,Paper and Cardboard Packaging (15 01 01),Packaging Waste,undefined,55.033,0,0,0,0,0
2022,OBALNO-KRAŠKA,15 01 02,Plastic Packaging (15 01 02),Packaging Waste,R_03,15 01 03,Wooden Packaging (15 01 03),Packaging Waste,R_03,0,0,0,1.439,0,0
2022,OBALNO-KRAŠKA,15 01 03,Wooden Packaging (15 01 03),Packaging Waste,"R_12, R_13",15 01 03,Wooden Packaging (15 01 03),Packaging Waste,R_03,0,0,46.51,0,0,0
2022,OBALNO-KRAŠKA,15 01 03,Wooden Packaging (15 01 03),Packaging Waste,"R_12, R_13",15 01 03,Wooden Packaging (15 01 03),Packaging Waste,"R_12, R_13",0,0,473.492,0,0,0
2022,OBALNO-KRAŠKA,17 02 01,Construction Wood Waste (17 02 01),Construction/Demolition Waste,R_12,17 02 01,Construction Wood Waste (17 02 01),Construction/Demolition Waste,undefined,0,0,0,0,0,0
2022,OBALNO-KRAŠKA,17 02 01,Construction Wood Waste (17 02 01),Construction/Demolition Waste,"R_12, R_13",15 01 03,Wooden Packaging (15 01 03),Packaging Waste,R_03,0,0,17.808,0,0,0
2022,OBALNO-KRAŠKA,17 02 01,Construction Wood Waste (17 02 01),Construction/Demolition Waste,"R_12, R_13",15 01 03,Wooden Packaging (15 01 03),Packaging Waste,"R_12, R_13",0,0,84.238,0,0,0
2022,OBALNO-KRAŠKA,17 02 01,Construction Wood Waste (17 02 01),Construction/Demolition Waste,"R_12, R_13",17 02 01,Construction Wood Waste (17 02 01),Construction/Demolition Waste,R_03,0,0,267.34,0,0,0
2022,OBALNO-KRAŠKA,19 12 01,Paper and Cardboard from Waste Treatment (19 12 01),Waste Treatment Residues,"R_12, R_13",19 12 01,Paper and Cardboard from Waste Treatment (19 12 01),Waste Treatment Residues,undefined,13.29,0,0,0,0,0
2022,OBALNO-KRAŠKA,19 12 04,Plastics and Rubber from Mechanical Treatment (19 12 04),Waste Treatment Residues,R_03,15 01 03,Wooden Packaging (15 01 03),Packaging Waste,R_03,0,0,0,10.101,0,0
2022,OBALNO-KRAŠKA,19 12 07,Wood Waste from Treatment (not 19 12 06) (19 12 07),Waste Treatment Residues,"R_12, R_13",15 01 03,Wooden Packaging (15 01 03),Packaging Waste,"R_12, R_13",0,0,7.03,0,0,0
2022,OBALNO-KRAŠKA,20 01 01,Paper and Cardboard from Municipal Waste (20 01 01),Municipal Waste,"R_12, R_13",19 12 01,Paper and Cardboard from Waste Treatment (19 12 01),Waste Treatment Residues,R_03,0,0,0,16.19,0,0
2022,OBALNO-KRAŠKA,20 01 01,Paper and Cardboard from Municipal Waste (20 01 01),Municipal Waste,"R_12, R_13",20 01 01,Paper and Cardboard from Municipal Waste (20 01 01),Municipal Waste,R_03,0,0,0,22.2,0,0
2022,OBALNO-KRAŠKA,20 01 01,Paper and Cardboard from Municipal Waste (20 01 01),Municipal Waste,"R_12, R_13",20 01 01,Paper and Cardboard from Municipal Waste (20 01 01),Municipal Waste,"R_12, R_13",0,0,597.983,0,0,0
2022,OBALNO-KRAŠKA,20 01 01,Paper and Cardboard from Municipal Waste (20 01 01),Municipal Waste,"R_12, R_13",20 01 01,Paper and Cardboard from Municipal Waste (20 01 01),Municipal Waste,undefined,54.513,0,0,0,0,0
2022,OBALNO-KRAŠKA,20 01 38,Non-hazardous Wood from Municipal Waste (20 01 38),Municipal Waste,"R_12, R_13",15 01 03,Wooden Packaging (15 01 03),Packaging Waste,R_03,0,0,80.902,0,0,0
2022,OBALNO-KRAŠKA,20 01 38,Non-hazardous Wood from Municipal Waste (20 01 38),Municipal Waste,"R_12, R_13",15 01 03,Wooden Packaging (15 01 03),Packaging Waste,"R_12, R_13",0,0,21.88,0,0,0
2022,OBALNO-KRAŠKA,20 03 07,Bulky Municipal Waste (20 03 07),Municipal Waste,"R_12, R_13",19 12 12,Other Mechanically Treated Waste (19 12 12),Waste Treatment Residues,R_12,0,0,21.263,0,0,0
2022,OSREDNJESLOVENSKA,03 01 05,Sawdust/Shavings/Cuttings (03 01 05),Wood/Paper Production Waste,R_03,03 01 05,Sawdust/Shavings/Cuttings (03 01 05),Wood/Paper Production Waste,undefined,0,0,0,0,0,0
2022,OSREDNJESLOVENSKA,03 01 05,Sawdust/Shavings/Cuttings (03 01 05),Wood/Paper Production Waste,R_03,19 12 07,Wood Waste from Treatment (not 19 12 06) (19 12 07),Waste Treatment Residues,R_03,0,0,0,1033.45,0,0
2022,OSREDNJESLOVENSKA,03 01 05,Sawdust/Shavings/Cuttings (03 01 05),Wood/Paper Production Waste,R_12,19 12 12,Other Mechanically Treated Waste (19 12 12),Waste Treatment Residues,"R_12, R_13",0,0,1.1,0,0,0
2022,OSREDNJESLOVENSKA,03 01 05,Sawdust/Shavings/Cuttings (03 01 05),Wood/Paper Production Waste,"R_12, R_13",15 01 03,Wooden Packaging (15 01 03),Packaging Waste,R_03,0,0,0.46,0,0,0
2022,OSREDNJESLOVENSKA,03 01 05,Sawdust/Shavings/Cuttings (03 01 05),Wood/Paper Production Waste,"R_12, R_13",19 12 07,Wood Waste from Treatment (not 19 12 06) (19 12 07),Waste Treatment Residues,R_03,0,0,0,1826.7,0,0
2022,OSREDNJESLOVENSKA,03 03 01,Bark and Wood Waste from Pulp/Paper Production (03 03 01),Wood/Paper Production Waste,"R_12, R_13",20 01 01,Paper and Cardboard from Municipal Waste (20 01 01),Municipal Waste,R_03,0,0,0,1406.902,0,0
2022,OSREDNJESLOVENSKA,03 03 08,Waste from Sorting of Paper and Cardboard for Recycling (03 03 08),Wood/Paper Production Waste,"R_12, R_13",19 12 01,Paper and Cardboard from Waste Treatment (19 12 01),Waste Treatment Residues,R_03,0,0,7770.86,0,0,0
2022,OSREDNJESLOVENSKA,03 03 08,Waste from Sorting of Paper and Cardboard for Recycling (03 03 08),Wood/Paper Production Waste,"R_12, R_13",19 12 01,Paper and Cardboard from Waste Treatment (19 12 01),Waste Treatment Residues,"R_12, R_13",0,0,104.041,0,0,0
2022,OSREDNJESLOVENSKA,07 05 14,Solid Wastes other than those mentioned in 07 05 13,Organic Chemical Waste,"R_12, R_13",15 01 01,Paper and Cardboard Packaging (15 01 01),Packaging Waste,undefined,0,4.275,0,0,0,0
2022,OSREDNJESLOVENSKA,07 05 14,Solid Wastes other than those mentioned in 07 05 13,Organic Chemical Waste,"R_12, R_13",20 01 01,Paper and Cardboard from Municipal Waste (20 01 01),Municipal Waste,undefined,0,3.439,0,0,0,0
2022,OSREDNJESLOVENSKA,08 01 11*,Waste Paints and Varnishes Containing Hazardous Substances (08 01 11*),Surface Treatment Waste,D_13,19 12 07,Wood Waste from Treatment (not 19 12 06) (19 12 07),Waste Treatment Residues,undefined,0,23.46,0,0,0,0
2022,OSREDNJESLOVENSKA,10 10 08,Waste used Foundry Moulds and Cores other than those mentioned in 10 10 07 (10 10 01),Thermal Process Waste,R_05,15 01 03,Wooden Packaging (15 01 03),Packaging Waste,"R_12, R_13",0,0,0.143,0,0,0
2022,OSREDNJESLOVENSKA,15 01 01,Paper and Cardboard Packaging (15 01 01),Packaging Waste,BO,15 01 01,Paper and Cardboard Packaging (15 01 01),Packaging Waste,"R_12, R_13",0,0,434.92,0,0,0
2022,OSREDNJESLOVENSKA,15 01 01,Paper and Cardboard Packaging (15 01 01),Packaging Waste,BO,15 01 01,Paper and Cardboard Packaging (15 01 01),Packaging Waste,undefined,0.565,0,0,0,0,0
2022,OSREDNJESLOVENSKA,15 01 01,Paper and Cardboard Packaging (15 01 01),Packaging Waste,R_03,03 03 07,Mechanically Separated Rejects from Pulping (03 03 07),Wood/Paper Production Waste,"R_12, R_13",0,0,2583.67,0,0,0
2022,OSREDNJESLOVENSKA,15 01 01,Paper and Cardboard Packaging (15 01 01),Packaging Waste,R_03,03 03 07,Mechanically Separated Rejects from Pulping (03 03 07),Wood/Paper Production Waste,undefined,252.26,0,0,0,0,0
2022,OSREDNJESLOVENSKA,15 01 01,Paper and Cardboard Packaging (15 01 01),Packaging Waste,R_12,15 01 01,Paper and Cardboard Packaging (15 01 01),Packaging Waste,"R_12, R_13",0,0,0.734,0,0,0
2022,OSREDNJESLOVENSKA,15 01 01,Paper and Cardboard Packaging (15 01 01),Packaging Waste,"R_12, R_13",15 01 01,Paper and Cardboard Packaging (15 01 01),Packaging Waste,R_03,0,0,5910.661,35275.9,3984.47,0
2022,OSREDNJESLOVENSKA,15 01 01,Paper and Cardboard Packaging (15 01 01),Packaging Waste,"R_12, R_13",15 01 01,Paper and Cardboard Packaging (15 01 01),Packaging Waste,R_12,0,0,63.7,0,0,0
2022,OSREDNJESLOVENSKA,15 01 01,Paper and Cardboard Packaging (15 01 01),Packaging Waste,"R_12, R_13",15 01 01,Paper and Cardboard Packaging (15 01 01),Packaging Waste,"R_12, R_13",0,0,487.37,0,0,0
2022,OSREDNJESLOVENSKA,15 01 01,Paper and Cardboard Packaging (15 01 01),Packaging Waste,"R_12, R_13",15 01 01,Paper and Cardboard Packaging (15 01 01),Packaging Waste,undefined,216.97,0,466.244,0,0,0
2022,OSREDNJESLOVENSKA,15 01 01,Paper and Cardboard Packaging (15 01 01),Packaging Waste,"R_12, R_13",19 12 01,Paper and Cardboard from Waste Treatment (19 12 01),Waste Treatment Residues,R_03,0,0,6156.103,4729.41,1296.93,0
2022,OSREDNJESLOVENSKA,15 01 01,Paper and Cardboard Packaging (15 01 01),Packaging Waste,"R_12, R_13",19 12 01,Paper and Cardboard from Waste Treatment (19 12 01),Waste Treatment Residues,R_05,0,0,35.731,0,0,0
2022,OSREDNJESLOVENSKA,15 01 01,Paper and Cardboard Packaging (15 01 01),Packaging Waste,"R_12, R_13",19 12 01,Paper and Cardboard from Waste Treatment (19 12 01),Waste Treatment Residues,"R_12, R_13",0,0,285.884,0,0,0
2022,OSREDNJESLOVENSKA,15 01 01,Paper and Cardboard Packaging (15 01 01),Packaging Waste,"R_12, R_13",19 12 12,Other Mechanically Treated Waste (19 12 12),Waste Treatment Residues,"R_12, R_13",0,0,0.26,0,0,0
2022,OSREDNJESLOVENSKA,15 01 01,Paper and Cardboard Packaging (15 01 01),Packaging Waste,"R_12, R_13",20 01 01,Paper and Cardboard from Municipal Waste (20 01 01),Municipal Waste,"R_12, R_13",0,0,176,0,0,0
2022,OSREDNJESLOVENSKA,15 01 01,Paper and Cardboard Packaging (15 01 01),Packaging Waste,R_13,15 01 01,Paper and Cardboard Packaging (15 01 01),Packaging Waste,"R_12, R_13",0,0,76.18,0,0,0
2022,OSREDNJESLOVENSKA,15 01 01,Paper and Cardboard Packaging (15 01 01),Packaging Waste,R_13,15 01 01,Paper and Cardboard Packaging (15 01 01),Packaging Waste,undefined,5.59,0,0,0,0,0
2022,OSREDNJESLOVENSKA,15 01 02,Plastic Packaging (15 01 02),Packaging Waste,R_03,15 01 01,Paper and Cardboard Packaging (15 01 01),Packaging Waste,R_03,0,0,3.12,0,0,0
2022,OSREDNJESLOVENSKA,15 01 02,Plastic Packaging (15 01 02),Packaging Waste,R_03,15 01 03,Wooden Packaging (15 01 03),Packaging Waste,R_03,0,0,58.34,0,0,0
2022,OSREDNJESLOVENSKA,15 01 03,Wooden Packaging (15 01 03),Packaging Waste,BO,15 01 03,Wooden Packaging (15 01 03),Packaging Waste,"R_12, R_13",0,0,102.55,0,0,0
2022,OSREDNJESLOVENSKA,15 01 03,Wooden Packaging (15 01 03),Packaging Waste,BO,15 01 03,Wooden Packaging (15 01 03),Packaging Waste,undefined,1.74,0,0,0,0,0
2022,OSREDNJESLOVENSKA,15 01 03,Wooden Packaging (15 01 03),Packaging Waste,D_13,15 01 03,Wooden Packaging (15 01 03),Packaging Waste,"R_12, R_13",0,0,1.795,0,0,0
2022,OSREDNJESLOVENSKA,15 01 03,Wooden Packaging (15 01 03),Packaging Waste,PU,15 01 03,Wooden Packaging (15 01 03),Packaging Waste,"R_12, R_13",0,0,0.18,0,0,0
2022,OSREDNJESLOVENSKA,15 01 03,Wooden Packaging (15 01 03),Packaging Waste,R_01,12 01 02,Iron Dust and Particles (12 01 02),Metal/Plastic Processing Waste,undefined,0,1.7,0,0,0,0
2022,OSREDNJESLOVENSKA,15 01 03,Wooden Packaging (15 01 03),Packaging Waste,R_03,19 12 07,Wood Waste from Treatment (not 19 12 06) (19 12 07),Waste Treatment Residues,R_03,0,0,0,1224,0,0
2022,OSREDNJESLOVENSKA,15 01 03,Wooden Packaging (15 01 03),Packaging Waste,"R_12, R_13",15 01 03,Wooden Packaging (15 01 03),Packaging Waste,PU,0,0,67.77,0,0,0
2022,OSREDNJESLOVENSKA,15 01 03,Wooden Packaging (15 01 03),Packaging Waste,"R_12, R_13",15 01 03,Wooden Packaging (15 01 03),Packaging Waste,R_01,0,0,42.44,0,0,0
2022,OSREDNJESLOVENSKA,15 01 03,Wooden Packaging (15 01 03),Packaging Waste,"R_12, R_13",15 01 03,Wooden Packaging (15 01 03),Packaging Waste,R_03,0,0,827.53,49.46,0,0
2022,OSREDNJESLOVENSKA,15 01 03,Wooden Packaging (15 01 03),Packaging Waste,"R_12, R_13",15 01 03,Wooden Packaging (15 01 03),Packaging Waste,"R_12, R_13",0,0,104.375,0,0,0
2022,OSREDNJESLOVENSKA,15 01 03,Wooden Packaging (15 01 03),Packaging Waste,"R_12, R_13",15 01 03,Wooden Packaging (15 01 03),Packaging Waste,undefined,39.497,0,59.98,0,0,0
2022,OSREDNJESLOVENSKA,15 01 03,Wooden Packaging (15 01 03),Packaging Waste,"R_12, R_13",17 02 01,Construction Wood Waste (17 02 01),Construction/Demolition Waste,R_03,0,0,392.009,0,0,0
2022,OSREDNJESLOVENSKA,15 01 03,Wooden Packaging (15 01 03),Packaging Waste,"R_12, R_13",19 12 02,Ferrous Metals from Mechanical Treatment (19 12 02),Waste Treatment Residues,R_04,0,0,82.08,0,0,0
2022,OSREDNJESLOVENSKA,15 01 03,Wooden Packaging (15 01 03),Packaging Waste,"R_12, R_13",19 12 07,Wood Waste from Treatment (not 19 12 06) (19 12 07),Waste Treatment Residues,R_03,0,0,0,4022.213,0,0
2022,OSREDNJESLOVENSKA,15 01 03,Wooden Packaging (15 01 03),Packaging Waste,"R_12, R_13",19 12 07,Wood Waste from Treatment (not 19 12 06) (19 12 07),Waste Treatment Residues,undefined,2.874,0,0,0,0,0
2022,OSREDNJESLOVENSKA,15 01 03,Wooden Packaging (15 01 03),Packaging Waste,R_13,15 01 03,Wooden Packaging (15 01 03),Packaging Waste,R_03,0,0,53.52,184.54,0,0
2022,OSREDNJESLOVENSKA,15 01 03,Wooden Packaging (15 01 03),Packaging Waste,R_13,15 01 03,Wooden Packaging (15 01 03),Packaging Waste,"R_12, R_13",0,0,14.92,0,0,0
2022,OSREDNJESLOVENSKA,15 01 03,Wooden Packaging (15 01 03),Packaging Waste,R_13,15 01 03,Wooden Packaging (15 01 03),Packaging Waste,undefined,0.58,0,0,0,0,0
2022,OSREDNJESLOVENSKA,15 01 05,Composite Packaging (15 01 05),Packaging Waste,"R_12, R_13",19 12 01,Paper and Cardboard from Waste Treatment (19 12 01),Waste Treatment Residues,R_03,0,0,706.98,0,0,0
2022,OSREDNJESLOVENSKA,15 01 05,Composite Packaging (15 01 05),Packaging Waste,"R_12, R_13",19 12 07,Wood Waste from Treatment (not 19 12 06) (19 12 07),Waste Treatment Residues,R_03,0,0,0,28.15,0,0
2022,OSREDNJESLOVENSKA,15 01 06,Mixed Packaging (15 01 06),Packaging Waste,"R_12, R_13",15 01 01,Paper and Cardboard Packaging (15 01 01),Packaging Waste,R_03,0,0,408.88,32.394,0,0
2022,OSREDNJESLOVENSKA,15 01 06,Mixed Packaging (15 01 06),Packaging Waste,"R_12, R_13",15 01 01,Paper and Cardboard Packaging (15 01 01),Packaging Waste,"R_12, R_13",0,0,126.76,0,0,0
2022,OSREDNJESLOVENSKA,15 01 06,Mixed Packaging (15 01 06),Packaging Waste,"R_12, R_13",15 01 01,Paper and Cardboard Packaging (15 01 01),Packaging Waste,undefined,70.3,0.225,160.116,0,0,0
2022,OSREDNJESLOVENSKA,15 01 06,Mixed Packaging (15 01 06),Packaging Waste,"R_12, R_13",15 01 03,Wooden Packaging (15 01 03),Packaging Waste,"R_12, R_13",0,0,106.79,0,0,0
2022,OSREDNJESLOVENSKA,15 01 06,Mixed Packaging (15 01 06),Packaging Waste,"R_12, R_13",20 01 01,Paper and Cardboard from Municipal Waste (20 01 01),Municipal Waste,undefined,0,0.181,0,0,0,0
2022,OSREDNJESLOVENSKA,15 01 10*,Hazardous Contaminated Packaging (15 01 10*),Packaging Waste,D_13,15 01 03,Wooden Packaging (15 01 03),Packaging Waste,"R_12, R_13",0,0,38.325,0,0,0
2022,OSREDNJESLOVENSKA,16 02 14,Discarded Equipment Not Otherwise Specified (16 02 14),Miscellaneous Waste,"R_12, R_13",19 12 07,Wood Waste from Treatment (not 19 12 06) (19 12 07),Waste Treatment Residues,"R_12, R_13",0,0,14.413,0,0,0
2022,OSREDNJESLOVENSKA,16 03 06,Non-Hazardous Organic Wastes (16 03 06),Miscellaneous Waste,R_0301,15 01 01,Paper and Cardboard Packaging (15 01 01),Packaging Waste,"R_12, R_13",0,0,93.49,0,0,0
2022,OSREDNJESLOVENSKA,16 03 06,Non-Hazardous Organic Wastes (16 03 06),Miscellaneous Waste,R_0301,15 01 03,Wooden Packaging (15 01 03),Packaging Waste,R_03,0,0,44.76,0,0,0
2022,OSREDNJESLOVENSKA,16 03 06,Non-Hazardous Organic Wastes (16 03 06),Miscellaneous Waste,"R_12, R_13",20 01 01,Paper and Cardboard from Municipal Waste (20 01 01),Municipal Waste,R_03,0,0,0,100.476,0,0
2022,OSREDNJESLOVENSKA,17 01 01,Concrete Waste (17 01 01),Construction/Demolition Waste,R_05,17 02 01,Construction Wood Waste (17 02 01),Construction/Demolition Waste,undefined,0,29.56,0,0,0,0
2022,OSREDNJESLOVENSKA,17 02 01,Construction Wood Waste (17 02 01),Construction/Demolition Waste,BO,17 02 01,Construction Wood Waste (17 02 01),Construction/Demolition Waste,undefined,21.1,0,0,0,0,0
2022,OSREDNJESLOVENSKA,17 02 01,Construction Wood Waste (17 02 01),Construction/Demolition Waste,R_03,19 12 07,Wood Waste from Treatment (not 19 12 06) (19 12 07),Waste Treatment Residues,R_03,0,0,0,3599.24,0,0
2022,OSREDNJESLOVENSKA,17 02 01,Construction Wood Waste (17 02 01),Construction/Demolition Waste,R_12,19 12 02,Ferrous Metals from Mechanical Treatment (19 12 02),Waste Treatment Residues,undefined,0,36.204,0,0,0,0
2022,OSREDNJESLOVENSKA,17 02 01,Construction Wood Waste (17 02 01),Construction/Demolition Waste,R_12,19 12 03,Non-Ferrous Metals from Mechanical Treatment (19 12 03),Waste Treatment Residues,undefined,0,0.8,0,0,0,0
2022,OSREDNJESLOVENSKA,17 02 01,Construction Wood Waste (17 02 01),Construction/Demolition Waste,R_12,20 01 38,Non-hazardous Wood from Municipal Waste (20 01 38),Municipal Waste,R_12,0,0,9.4,0,0,0
2022,OSREDNJESLOVENSKA,17 02 01,Construction Wood Waste (17 02 01),Construction/Demolition Waste,"R_12, R_13",15 01 03,Wooden Packaging (15 01 03),Packaging Waste,R_03,0,0,218.271,0,0,0
2022,OSREDNJESLOVENSKA,17 02 01,Construction Wood Waste (17 02 01),Construction/Demolition Waste,"R_12, R_13",17 02 01,Construction Wood Waste (17 02 01),Construction/Demolition Waste,R_03,0,0,203.091,0,0,0
2022,OSREDNJESLOVENSKA,17 02 01,Construction Wood Waste (17 02 01),Construction/Demolition Waste,"R_12, R_13",19 12 07,Wood Waste from Treatment (not 19 12 06) (19 12 07),Waste Treatment Residues,R_03,0,0,0,1145.91,0,0
2022,OSREDNJESLOVENSKA,17 09 04,Gypsum-Based Building Materials (17 09 04),Construction/Demolition Waste,R_12,19 12 01,Paper and Cardboard from Waste Treatment (19 12 01),Waste Treatment Residues,R_12,0,0,10.52,0,0,0
2022,OSREDNJESLOVENSKA,19 12 01,Paper and Cardboard from Waste Treatment (19 12 01),Waste Treatment Residues,BO,19 12 01,Paper and Cardboard from Waste Treatment (19 12 01),Waste Treatment Residues,undefined,2601.524,0,0,0,0,0
2022,OSREDNJESLOVENSKA,19 12 01,Paper and Cardboard from Waste Treatment (19 12 01),Waste Treatment Residues,R_03,03 03 07,Mechanically Separated Rejects from Pulping (03 03 07),Wood/Paper Production Waste,D_01,0,0,8642.07,0,0,0
2022,OSREDNJESLOVENSKA,19 12 01,Paper and Cardboard from Waste Treatment (19 12 01),Waste Treatment Residues,R_03,03 03 07,Mechanically Separated Rejects from Pulping (03 03 07),Wood/Paper Production Waste,undefined,1812.28,0,0,0,0,0
2022,OSREDNJESLOVENSKA,19 12 01,Paper and Cardboard from Waste Treatment (19 12 01),Waste Treatment Residues,R_12,19 12 01,Paper and Cardboard from Waste Treatment (19 12 01),Waste Treatment Residues,undefined,0,0.1,0,0,0,0
2022,OSREDNJESLOVENSKA,19 12 01,Paper and Cardboard from Waste Treatment (19 12 01),Waste Treatment Residues,"R_12, R_13",19 12 01,Paper and Cardboard from Waste Treatment (19 12 01),Waste Treatment Residues,R_03,0,0,2601.084,3348.56,504.38,0
2022,OSREDNJESLOVENSKA,19 12 01,Paper and Cardboard from Waste Treatment (19 12 01),Waste Treatment Residues,"R_12, R_13",19 12 01,Paper and Cardboard from Waste Treatment (19 12 01),Waste Treatment Residues,"R_12, R_13",0,0,6571.617,0,0,0
2022,OSREDNJESLOVENSKA,19 12 01,Paper and Cardboard from Waste Treatment (19 12 01),Waste Treatment Residues,"R_12, R_13",19 12 01,Paper and Cardboard from Waste Treatment (19 12 01),Waste Treatment Residues,undefined,237.14,0,0,0,0,0
2022,OSREDNJESLOVENSKA,19 12 01,Paper and Cardboard from Waste Treatment (19 12 01),Waste Treatment Residues,R_13,19 12 01,Paper and Cardboard from Waste Treatment (19 12 01),Waste Treatment Residues,"R_12, R_13",0,0,1042.9,0,0,0
2022,OSREDNJESLOVENSKA,19 12 01,Paper and Cardboard from Waste Treatment (19 12 01),Waste Treatment Residues,R_13,19 12 01,Paper and Cardboard from Waste Treatment (19 12 01),Waste Treatment Residues,undefined,1.072,0,0,0,0,0
2022,OSREDNJESLOVENSKA,19 12 04,Plastics and Rubber from Mechanical Treatment (19 12 04),Waste Treatment Residues,R_03,19 12 01,Paper and Cardboard from Waste Treatment (19 12 01),Waste Treatment Residues,R_01,0,0,88.78,0,0,0
2022,OSREDNJESLOVENSKA,19 12 07,Wood Waste from Treatment (not 19 12 06) (19 12 07),Waste Treatment Residues,BO,19 12 07,Wood Waste from Treatment (not 19 12 06) (19 12 07),Waste Treatment Residues,"R_12, R_13",0,0,7.14,0,0,0
2022,OSREDNJESLOVENSKA,19 12 07,Wood Waste from Treatment (not 19 12 06) (19 12 07),Waste Treatment Residues,R_03,19 12 07,Wood Waste from Treatment (not 19 12 06) (19 12 07),Waste Treatment Residues,R_03,0,0,0,33.32,0,0
2022,OSREDNJESLOVENSKA,19 12 07,Wood Waste from Treatment (not 19 12 06) (19 12 07),Waste Treatment Residues,"R_12, R_13",15 01 03,Wooden Packaging (15 01 03),Packaging Waste,R_01,0,0,10.46,0,0,0
2022,OSREDNJESLOVENSKA,19 12 07,Wood Waste from Treatment (not 19 12 06) (19 12 07),Waste Treatment Residues,"R_12, R_13",15 01 03,Wooden Packaging (15 01 03),Packaging Waste,R_03,0,0,125.519,0,0,0
2022,OSREDNJESLOVENSKA,19 12 07,Wood Waste from Treatment (not 19 12 06) (19 12 07),Waste Treatment Residues,"R_12, R_13",15 01 03,Wooden Packaging (15 01 03),Packaging Waste,"R_12, R_13",0,0,918.089,0,0,0
2022,OSREDNJESLOVENSKA,19 12 07,Wood Waste from Treatment (not 19 12 06) (19 12 07),Waste Treatment Residues,"R_12, R_13",19 12 07,Wood Waste from Treatment (not 19 12 06) (19 12 07),Waste Treatment Residues,R_03,0,0,0,801,0,0
2022,OSREDNJESLOVENSKA,19 12 12,Other Mechanically Treated Waste (19 12 12),Waste Treatment Residues,"R_12, R_13",19 12 07,Wood Waste from Treatment (not 19 12 06) (19 12 07),Waste Treatment Residues,R_03,0,0,0,10.28,0,0
2022,OSREDNJESLOVENSKA,20 01 01,Paper and Cardboard from Municipal Waste (20 01 01),Municipal Waste,BO,20 01 01,Paper and Cardboard from Municipal Waste (20 01 01),Municipal Waste,undefined,19.339,0,0,0,0,0
2022,OSREDNJESLOVENSKA,20 01 01,Paper and Cardboard from Municipal Waste (20 01 01),Municipal Waste,R_03,03 03 07,Mechanically Separated Rejects from Pulping (03 03 07),Wood/Paper Production Waste,R_12,0,0,8824.3,0,0,0
2022,OSREDNJESLOVENSKA,20 01 01,Paper and Cardboard from Municipal Waste (20 01 01),Municipal Waste,R_03,03 03 07,Mechanically Separated Rejects from Pulping (03 03 07),Wood/Paper Production Waste,undefined,4589.724,0,0,0,0,0
2022,OSREDNJESLOVENSKA,20 01 01,Paper and Cardboard from Municipal Waste (20 01 01),Municipal Waste,R_12,19 12 12,Other Mechanically Treated Waste (19 12 12),Waste Treatment Residues,"R_12, R_13",0,0,3.699,0,0,0
2022,OSREDNJESLOVENSKA,20 01 01,Paper and Cardboard from Municipal Waste (20 01 01),Municipal Waste,"R_12, R_13",15 01 01,Paper and Cardboard Packaging (15 01 01),Packaging Waste,undefined,0,0,19.791,0,0,0
2022,OSREDNJESLOVENSKA,20 01 01,Paper and Cardboard from Municipal Waste (20 01 01),Municipal Waste,"R_12, R_13",19 12 01,Paper and Cardboard from Waste Treatment (19 12 01),Waste Treatment Residues,R_03,0,0,19912.578,22.626,2175.438,0
2022,OSREDNJESLOVENSKA,20 01 01,Paper and Cardboard from Municipal Waste (20 01 01),Municipal Waste,"R_12, R_13",19 12 01,Paper and Cardboard from Waste Treatment (19 12 01),Waste Treatment Residues,R_12,0,0,0,137.11,0,0
2022,OSREDNJESLOVENSKA,20 01 01,Paper and Cardboard from Municipal Waste (20 01 01),Municipal Waste,"R_12, R_13",19 12 01,Paper and Cardboard from Waste Treatment (19 12 01),Waste Treatment Residues,"R_12, R_13",0,0,483.44,0,0,0
2022,OSREDNJESLOVENSKA,20 01 01,Paper and Cardboard from Municipal Waste (20 01 01),Municipal Waste,"R_12, R_13",19 12 01,Paper and Cardboard from Waste Treatment (19 12 01),Waste Treatment Residues,R_13,0,0,0,23.9,0,0
2022,OSREDNJESLOVENSKA,20 01 01,Paper and Cardboard from Municipal Waste (20 01 01),Municipal Waste,"R_12, R_13",20 01 01,Paper and Cardboard from Municipal Waste (20 01 01),Municipal Waste,R_03,0,0,3247.707,16298.282,1285.95,0
2022,OSREDNJESLOVENSKA,20 01 01,Paper and Cardboard from Municipal Waste (20 01 01),Municipal Waste,"R_12, R_13",20 01 01,Paper and Cardboard from Municipal Waste (20 01 01),Municipal Waste,R_12,0,0,0,1069.47,0,0
2022,OSREDNJESLOVENSKA,20 01 01,Paper and Cardboard from Municipal Waste (20 01 01),Municipal Waste,"R_12, R_13",20 01 01,Paper and Cardboard from Municipal Waste (20 01 01),Municipal Waste,"R_12, R_13",0,0,777.942,117,0,0
2022,OSREDNJESLOVENSKA,20 01 01,Paper and Cardboard from Municipal Waste (20 01 01),Municipal Waste,"R_12, R_13",20 01 01,Paper and Cardboard from Municipal Waste (20 01 01),Municipal Waste,undefined,189.686,675.12,0,0,0,0
2022,OSREDNJESLOVENSKA,20 01 21*,Mercury-Containing Waste (20 01 21*),Municipal Waste,R_12,15 01 01,Paper and Cardboard Packaging (15 01 01),Packaging Waste,"R_12, R_13",0,0,5.069,0,0,0
2022,OSREDNJESLOVENSKA,20 01 21*,Mercury-Containing Waste (20 01 21*),Municipal Waste,R_12,19 12 01,Paper and Cardboard from Waste Treatment (19 12 01),Waste Treatment Residues,undefined,0,3.2,0,0,0,0
2022,OSREDNJESLOVENSKA,20 01 33*,"Batteries and accumulators listed under 16 06 01, 16 06 02 or 16 06 03 and unsorted batteries and accumulators containing these batteries and accumulators (20 01 33*)",Municipal Waste,R_12,15 01 01,Paper and Cardboard Packaging (15 01 01),Packaging Waste,"R_12, R_13",0,0,0.897,0,0,0
2022,OSREDNJESLOVENSKA,20 01 36,Non-Hazardous Waste Electrical Equipment (20 01 36),Municipal Waste,"R_12, R_13",15 01 01,Paper and Cardboard Packaging (15 01 01),Packaging Waste,"R_12, R_13",0,0,23.218,0,0,0
2022,OSREDNJESLOVENSKA,20 01 36,Non-Hazardous Waste Electrical Equipment (20 01 36),Municipal Waste,"R_12, R_13",19 12 07,Wood Waste from Treatment (not 19 12 06) (19 12 07),Waste Treatment Residues,"R_12, R_13",0,0,11.767,0,0,0
2022,OSREDNJESLOVENSKA,20 01 36,Non-Hazardous Waste Electrical Equipment (20 01 36),Municipal Waste,"R_12, R_13",20 01 38,Non-hazardous Wood from Municipal Waste (20 01 38),Municipal Waste,R_12,0,0,11.14,0,0,0
2022,OSREDNJESLOVENSKA,20 01 38,Non-hazardous Wood from Municipal Waste (20 01 38),Municipal Waste,BO,20 01 38,Non-hazardous Wood from Municipal Waste (20 01 38),Municipal Waste,R_03,0,0,2208.06,0,0,0
2022,OSREDNJESLOVENSKA,20 01 38,Non-hazardous Wood from Municipal Waste (20 01 38),Municipal Waste,BO,20 01 38,Non-hazardous Wood from Municipal Waste (20 01 38),Municipal Waste,undefined,3733.332,0,0,0,0,0
2022,OSREDNJESLOVENSKA,20 01 38,Non-hazardous Wood from Municipal Waste (20 01 38),Municipal Waste,R_03,17 04 05,Iron and Steel Waste (17 04 05),Construction/Demolition Waste,R_03,0,0,412.612,0,0,0
2022,OSREDNJESLOVENSKA,20 01 38,Non-hazardous Wood from Municipal Waste (20 01 38),Municipal Waste,R_03,19 12 07,Wood Waste from Treatment (not 19 12 06) (19 12 07),Waste Treatment Residues,R_03,0,0,0,24857.569,0,0
2022,OSREDNJESLOVENSKA,20 01 38,Non-hazardous Wood from Municipal Waste (20 01 38),Municipal Waste,R_03,20 01 40,Metals from Municipal Waste (20 01 40),Municipal Waste,R_03,0,0,113.34,0,0,0
2022,OSREDNJESLOVENSKA,20 01 38,Non-hazardous Wood from Municipal Waste (20 01 38),Municipal Waste,R_12,19 12 07,Wood Waste from Treatment (not 19 12 06) (19 12 07),Waste Treatment Residues,"R_12, R_13",0,0,89.58,0,0,0
2022,OSREDNJESLOVENSKA,20 01 38,Non-hazardous Wood from Municipal Waste (20 01 38),Municipal Waste,R_12,20 01 38,Non-hazardous Wood from Municipal Waste (20 01 38),Municipal Waste,R_12,0,0,7995.32,0,0,0
2022,OSREDNJESLOVENSKA,20 01 38,Non-hazardous Wood from Municipal Waste (20 01 38),Municipal Waste,"R_12, R_13",15 01 03,Wooden Packaging (15 01 03),Packaging Waste,"R_12, R_13",0,0,25.441,0,0,0
2022,OSREDNJESLOVENSKA,20 01 38,Non-hazardous Wood from Municipal Waste (20 01 38),Municipal Waste,"R_12, R_13",19 12 02,Ferrous Metals from Mechanical Treatment (19 12 02),Waste Treatment Residues,"R_12, R_13",0,0,179.6,0,0,0
2022,OSREDNJESLOVENSKA,20 01 38,Non-hazardous Wood from Municipal Waste (20 01 38),Municipal Waste,"R_12, R_13",19 12 07,Wood Waste from Treatment (not 19 12 06) (19 12 07),Waste Treatment Residues,R_03,0,0,0,16911.077,0,0
2022,OSREDNJESLOVENSKA,20 01 38,Non-hazardous Wood from Municipal Waste (20 01 38),Municipal Waste,"R_12, R_13",19 12 07,Wood Waste from Treatment (not 19 12 06) (19 12 07),Waste Treatment Residues,undefined,19.624,0,0,0,0,0
2022,OSREDNJESLOVENSKA,20 01 38,Non-hazardous Wood from Municipal Waste (20 01 38),Municipal Waste,"R_12, R_13",20 01 38,Non-hazardous Wood from Municipal Waste (20 01 38),Municipal Waste,R_01,0,0,1103.94,0,0,0
2022,OSREDNJESLOVENSKA,20 03 01,Mixed Municipal Waste (20 03 01),Municipal Waste,"D_08,09",19 12 01,Paper and Cardboard from Waste Treatment (19 12 01),Waste Treatment Residues,"R_12, R_13",0,0,615.82,0,0,0
2022,OSREDNJESLOVENSKA,20 03 07,Bulky Municipal Waste (20 03 07),Municipal Waste,BO,20 03 07,Bulky Municipal Waste (20 03 07),Municipal Waste,undefined,47.2,0,0,0,0,0
2022,OSREDNJESLOVENSKA,20 03 07,Bulky Municipal Waste (20 03 07),Municipal Waste,R_12,19 12 02,Ferrous Metals from Mechanical Treatment (19 12 02),Waste Treatment Residues,"R_12, R_13",0,0,299.283,0,0,0
2022,OSREDNJESLOVENSKA,20 03 07,Bulky Municipal Waste (20 03 07),Municipal Waste,R_12,19 12 03,Non-Ferrous Metals from Mechanical Treatment (19 12 03),Waste Treatment Residues,undefined,0,0.026,0,0,0,0
2022,OSREDNJESLOVENSKA,20 03 07,Bulky Municipal Waste (20 03 07),Municipal Waste,R_12,19 12 12,Other Mechanically Treated Waste (19 12 12),Waste Treatment Residues,R_01,0,0,0,68.035,0,0
2022,OSREDNJESLOVENSKA,20 03 07,Bulky Municipal Waste (20 03 07),Municipal Waste,R_12,19 12 12,Other Mechanically Treated Waste (19 12 12),Waste Treatment Residues,"R_12, R_13",0,0,14015.193,0,0,0
2022,OSREDNJESLOVENSKA,20 03 07,Bulky Municipal Waste (20 03 07),Municipal Waste,"R_12, R_13",19 12 02,Ferrous Metals from Mechanical Treatment (19 12 02),Waste Treatment Residues,R_04,0,0,2678.046,0,0,0
2022,OSREDNJESLOVENSKA,20 03 07,Bulky Municipal Waste (20 03 07),Municipal Waste,"R_12, R_13",19 12 02,Ferrous Metals from Mechanical Treatment (19 12 02),Waste Treatment Residues,"R_12, R_13",0,0,135.66,0,0,0
2022,OSREDNJESLOVENSKA,20 03 07,Bulky Municipal Waste (20 03 07),Municipal Waste,"R_12, R_13",19 12 04,Plastics and Rubber from Mechanical Treatment (19 12 04),Waste Treatment Residues,"R_12, R_13",0,0,0.72,0,0,0
2022,OSREDNJESLOVENSKA,20 03 07,Bulky Municipal Waste (20 03 07),Municipal Waste,"R_12, R_13",19 12 07,Wood Waste from Treatment (not 19 12 06) (19 12 07),Waste Treatment Residues,R_03,0,0,0,33.64,0,0
2022,OSREDNJESLOVENSKA,20 03 07,Bulky Municipal Waste (20 03 07),Municipal Waste,"R_12, R_13",19 12 07,Wood Waste from Treatment (not 19 12 06) (19 12 07),Waste Treatment Residues,"R_12, R_13",0,0,1.96,0,0,0
2022,OSREDNJESLOVENSKA,20 03 07,Bulky Municipal Waste (20 03 07),Municipal Waste,"R_12, R_13",19 12 12,Other Mechanically Treated Waste (19 12 12),Waste Treatment Residues,R_01,0,0,0,266.953,0,0
2022,OSREDNJESLOVENSKA,20 03 07,Bulky Municipal Waste (20 03 07),Municipal Waste,"R_12, R_13",19 12 12,Other Mechanically Treated Waste (19 12 12),Waste Treatment Residues,R_0101,0,0,250.737,0,0,0
2022,OSREDNJESLOVENSKA,20 03 07,Bulky Municipal Waste (20 03 07),Municipal Waste,"R_12, R_13",19 12 12,Other Mechanically Treated Waste (19 12 12),Waste Treatment Residues,R_12,0,0,172.879,0,0,0
2022,OSREDNJESLOVENSKA,20 03 07,Bulky Municipal Waste (20 03 07),Municipal Waste,"R_12, R_13",19 12 12,Other Mechanically Treated Waste (19 12 12),Waste Treatment Residues,"R_12, R_13",0,0,1.02,0,0,0
2022,OSREDNJESLOVENSKA,20 03 07,Bulky Municipal Waste (20 03 07),Municipal Waste,"R_12, R_13",20 01 02,Glass from Municipal Waste (20 01 02),Municipal Waste,"R_12, R_13",0,0,130.55,0,0,0
2022,OSREDNJESLOVENSKA,20 03 07,Bulky Municipal Waste (20 03 07),Municipal Waste,"R_12, R_13",20 01 38,Non-hazardous Wood from Municipal Waste (20 01 38),Municipal Waste,"R_12, R_13",0,0,180.33,0,0,0
2022,OSREDNJESLOVENSKA,20 03 07,Bulky Municipal Waste (20 03 07),Municipal Waste,"R_12, R_13",20 01 40,Metals from Municipal Waste (20 01 40),Municipal Waste,"R_12, R_13",0,0,6.182,0,0,0
2022,OSREDNJESLOVENSKA,20 03 07,Bulky Municipal Waste (20 03 07),Municipal Waste,"R_12, R_13",20 03 07,Bulky Municipal Waste (20 03 07),Municipal Waste,D_01,0,0,8745.174,0,0,0
2022,OSREDNJESLOVENSKA,20 03 07,Bulky Municipal Waste (20 03 07),Municipal Waste,"R_12, R_13",20 03 07,Bulky Municipal Waste (20 03 07),Municipal Waste,"R_12, R_13",0,0,100.58,0,0,0
2022,OSREDNJESLOVENSKA,20 03 07,Bulky Municipal Waste (20 03 07),Municipal Waste,"R_12, R_13",20 03 07,Bulky Municipal Waste (20 03 07),Municipal Waste,undefined,3.9,0,0,0,0,0
2022,PODRAVSKA,02 01 07,Forestry Waste (02 01 07),Agricultural/Forestry Waste,"R_12, R_13",02 01 07,Forestry Waste (02 01 07),Agricultural/Forestry Waste,R_03,0,0,12.74,0,0,0
2022,PODRAVSKA,02 01 07,Forestry Waste (02 01 07),Agricultural/Forestry Waste,"R_12, R_13",19 12 07,Wood Waste from Treatment (not 19 12 06) (19 12 07),Waste Treatment Residues,undefined,0,13.7,0,0,0,0
2022,PODRAVSKA,03 01 05,Sawdust/Shavings/Cuttings (03 01 05),Wood/Paper Production Waste,"R_12, R_13",19 12 07,Wood Waste from Treatment (not 19 12 06) (19 12 07),Waste Treatment Residues,undefined,0,273.16,0,0,0,0
2022,PODRAVSKA,03 01 99,Other Unspecified Wood Waste (03 01 99),Wood/Paper Production Waste,R_12,19 12 12,Other Mechanically Treated Waste (19 12 12),Waste Treatment Residues,R_03,0,0,0,1154.36,0,0
2022,PODRAVSKA,03 03 08,Waste from Sorting of Paper and Cardboard for Recycling (03 03 08),Wood/Paper Production Waste,R_12,19 12 12,Other Mechanically Treated Waste (19 12 12),Waste Treatment Residues,R_01,0,0,0,267.64,0,0
2022,PODRAVSKA,03 03 08,Waste from Sorting of Paper and Cardboard for Recycling (03 03 08),Wood/Paper Production Waste,"R_12, R_13",03 03 08,Waste from Sorting of Paper and Cardboard for Recycling (03 03 08),Wood/Paper Production Waste,R_03,0,0,0,114.14,0,0
2022,PODRAVSKA,03 03 08,Waste from Sorting of Paper and Cardboard for Recycling (03 03 08),Wood/Paper Production Waste,"R_12, R_13",19 12 01,Paper and Cardboard from Waste Treatment (19 12 01),Waste Treatment Residues,R_03,0,0,1895.51,0,0,0
2022,PODRAVSKA,03 03 08,Waste from Sorting of Paper and Cardboard for Recycling (03 03 08),Wood/Paper Production Waste,"R_12, R_13",19 12 01,Paper and Cardboard from Waste Treatment (19 12 01),Waste Treatment Residues,"R_12, R_13",0,0,26.47,0,0,0
2022,PODRAVSKA,12 01 02,Iron Dust and Particles (12 01 02),Metal/Plastic Processing Waste,"R_12, R_13",19 12 01,Paper and Cardboard from Waste Treatment (19 12 01),Waste Treatment Residues,R_04,0,0,0,1831.003,0,0
2022,PODRAVSKA,15 01 01,Paper and Cardboard Packaging (15 01 01),Packaging Waste,"R_12, R_13",15 01 01,Paper and Cardboard Packaging (15 01 01),Packaging Waste,R_03,0,0,0,11494.692,61.46,0
2022,PODRAVSKA,15 01 01,Paper and Cardboard Packaging (15 01 01),Packaging Waste,"R_12, R_13",15 01 01,Paper and Cardboard Packaging (15 01 01),Packaging Waste,R_12,0,0,94.264,0,0,0
2022,PODRAVSKA,15 01 01,Paper and Cardboard Packaging (15 01 01),Packaging Waste,"R_12, R_13",15 01 01,Paper and Cardboard Packaging (15 01 01),Packaging Waste,"R_12, R_13",0,0,1.26,0,0,0
2022,PODRAVSKA,15 01 01,Paper and Cardboard Packaging (15 01 01),Packaging Waste,"R_12, R_13",15 01 01,Paper and Cardboard Packaging (15 01 01),Packaging Waste,undefined,106.006,0,1296.598,0,0,0
2022,PODRAVSKA,15 01 01,Paper and Cardboard Packaging (15 01 01),Packaging Waste,"R_12, R_13",19 12 01,Paper and Cardboard from Waste Treatment (19 12 01),Waste Treatment Residues,R_03,0,0,818.11,1409.149,0,0
2022,PODRAVSKA,15 01 01,Paper and Cardboard Packaging (15 01 01),Packaging Waste,"R_12, R_13",19 12 01,Paper and Cardboard from Waste Treatment (19 12 01),Waste Treatment Residues,"R_12, R_13",0,0,807.014,0,0,0
2022,PODRAVSKA,15 01 03,Wooden Packaging (15 01 03),Packaging Waste,"R_12, R_13",15 01 03,Wooden Packaging (15 01 03),Packaging Waste,R_01,0,0,180.32,0,0,0
2022,PODRAVSKA,15 01 03,Wooden Packaging (15 01 03),Packaging Waste,"R_12, R_13",15 01 03,Wooden Packaging (15 01 03),Packaging Waste,R_03,0,0,2583.12,340.337,0,0
2022,PODRAVSKA,15 01 03,Wooden Packaging (15 01 03),Packaging Waste,"R_12, R_13",15 01 03,Wooden Packaging (15 01 03),Packaging Waste,undefined,3.4,0,0,0,0,0
2022,PODRAVSKA,15 01 03,Wooden Packaging (15 01 03),Packaging Waste,"R_12, R_13",19 12 07,Wood Waste from Treatment (not 19 12 06) (19 12 07),Waste Treatment Residues,"R_12, R_13",0,0,290.969,0,0,0
2022,PODRAVSKA,15 01 03,Wooden Packaging (15 01 03),Packaging Waste,"R_12, R_13",19 12 07,Wood Waste from Treatment (not 19 12 06) (19 12 07),Waste Treatment Residues,undefined,4.036,0,0,0,0,0
2022,PODRAVSKA,15 01 03,Wooden Packaging (15 01 03),Packaging Waste,"R_12, R_13",19 12 12,Other Mechanically Treated Waste (19 12 12),Waste Treatment Residues,undefined,15.782,0,0,0,0,0
2022,PODRAVSKA,15 01 06,Mixed Packaging (15 01 06),Packaging Waste,R_12,15 01 01,Paper and Cardboard Packaging (15 01 01),Packaging Waste,"R_12, R_13",0,0,0.78,0,0,0
2022,PODRAVSKA,15 01 06,Mixed Packaging (15 01 06),Packaging Waste,"R_12, R_13",15 01 01,Paper and Cardboard Packaging (15 01 01),Packaging Waste,R_03,0,0,0,1682.38,0,0
2022,PODRAVSKA,15 01 06,Mixed Packaging (15 01 06),Packaging Waste,"R_12, R_13",15 01 03,Wooden Packaging (15 01 03),Packaging Waste,R_03,0,0,254.85,0,0,0
2022,PODRAVSKA,19 12 01,Paper and Cardboard from Waste Treatment (19 12 01),Waste Treatment Residues,"R_12, R_13",19 12 01,Paper and Cardboard from Waste Treatment (19 12 01),Waste Treatment Residues,R_03,0,0,334.18,288.521,81.74,0
2022,PODRAVSKA,19 12 01,Paper and Cardboard from Waste Treatment (19 12 01),Waste Treatment Residues,"R_12, R_13",19 12 12,Other Mechanically Treated Waste (19 12 12),Waste Treatment Residues,R_01,0,0,0,143.94,0,0
2022,PODRAVSKA,19 12 07,Wood Waste from Treatment (not 19 12 06) (19 12 07),Waste Treatment Residues,"R_12, R_13",19 12 12,Other Mechanically Treated Waste (19 12 12),Waste Treatment Residues,undefined,5.622,0,0,0,0,0
2022,PODRAVSKA,20 01 01,Paper and Cardboard from Municipal Waste (20 01 01),Municipal Waste,BO,20 01 01,Paper and Cardboard from Municipal Waste (20 01 01),Municipal Waste,"R_12, R_13",0,0,164.128,0,0,0
2022,PODRAVSKA,20 01 01,Paper and Cardboard from Municipal Waste (20 01 01),Municipal Waste,BO,20 01 01,Paper and Cardboard from Municipal Waste (20 01 01),Municipal Waste,undefined,7.58,0,0,0,0,0
2022,PODRAVSKA,20 01 01,Paper and Cardboard from Municipal Waste (20 01 01),Municipal Waste,R_12,20 01 01,Paper and Cardboard from Municipal Waste (20 01 01),Municipal Waste,"R_12, R_13",0,0,1398.399,0,0,0
2022,PODRAVSKA,20 01 01,Paper and Cardboard from Municipal Waste (20 01 01),Municipal Waste,"R_12, R_13",19 12 01,Paper and Cardboard from Waste Treatment (19 12 01),Waste Treatment Residues,R_03,0,0,15.44,4172.815,0,0
2022,PODRAVSKA,20 01 01,Paper and Cardboard from Municipal Waste (20 01 01),Municipal Waste,"R_12, R_13",19 12 01,Paper and Cardboard from Waste Treatment (19 12 01),Waste Treatment Residues,R_05,0,0,8.7,0,0,0
2022,PODRAVSKA,20 01 01,Paper and Cardboard from Municipal Waste (20 01 01),Municipal Waste,"R_12, R_13",19 12 01,Paper and Cardboard from Waste Treatment (19 12 01),Waste Treatment Residues,"R_12, R_13",0,0,98.53,0,0,0
2022,PODRAVSKA,20 01 01,Paper and Cardboard from Municipal Waste (20 01 01),Municipal Waste,"R_12, R_13",19 12 01,Paper and Cardboard from Waste Treatment (19 12 01),Waste Treatment Residues,undefined,0,42.191,0,0,0,0
2022,PODRAVSKA,20 01 01,Paper and Cardboard from Municipal Waste (20 01 01),Municipal Waste,"R_12, R_13",20 01 01,Paper and Cardboard from Municipal Waste (20 01 01),Municipal Waste,R_03,0,0,0,3815.963,0,0
2022,PODRAVSKA,20 01 01,Paper and Cardboard from Municipal Waste (20 01 01),Municipal Waste,"R_12, R_13",20 01 01,Paper and Cardboard from Municipal Waste (20 01 01),Municipal Waste,undefined,374.31,23.6,182.56,0,0,0
2022,PODRAVSKA,20 01 35*,Hazardous Waste Electrical Equipment (20 01 35*),Municipal Waste,"R_12, R_13",19 12 07,Wood Waste from Treatment (not 19 12 06) (19 12 07),Waste Treatment Residues,undefined,0,5.622,0,0,0,0
2022,PODRAVSKA,20 01 36,Non-Hazardous Waste Electrical Equipment (20 01 36),Municipal Waste,"R_12, R_13",20 01 01,Paper and Cardboard from Municipal Waste (20 01 01),Municipal Waste,"R_12, R_13",0,0,3.92,0,0,0
2022,PODRAVSKA,20 01 38,Non-hazardous Wood from Municipal Waste (20 01 38),Municipal Waste,"R_12, R_13",15 01 03,Wooden Packaging (15 01 03),Packaging Waste,R_03,0,0,0,34.97,0,0
2022,PODRAVSKA,20 01 38,Non-hazardous Wood from Municipal Waste (20 01 38),Municipal Waste,"R_12, R_13",19 12 12,Other Mechanically Treated Waste (19 12 12),Waste Treatment Residues,R_01,0,0,0,0.326,0,0
2022,PODRAVSKA,20 01 38,Non-hazardous Wood from Municipal Waste (20 01 38),Municipal Waste,"R_12, R_13",20 01 38,Non-hazardous Wood from Municipal Waste (20 01 38),Municipal Waste,undefined,0,180.36,0,0,0,0
2022,PODRAVSKA,20 03 01,Mixed Municipal Waste (20 03 01),Municipal Waste,"D_08,09",19 12 01,Paper and Cardboard from Waste Treatment (19 12 01),Waste Treatment Residues,"R_12, R_13",0,0,13.51,0,0,0
2022,PODRAVSKA,20 03 01,Mixed Municipal Waste (20 03 01),Municipal Waste,"D_08,09",19 12 01,Paper and Cardboard from Waste Treatment (19 12 01),Waste Treatment Residues,undefined,0,24.06,0,0,0,0
2022,PODRAVSKA,20 03 01,Mixed Municipal Waste (20 03 01),Municipal Waste,D_09,20 01 01,Paper and Cardboard from Municipal Waste (20 01 01),Municipal Waste,"R_12, R_13",0,0,1387.352,0,0,0
2022,PODRAVSKA,20 03 01,Mixed Municipal Waste (20 03 01),Municipal Waste,D_09,20 01 01,Paper and Cardboard from Municipal Waste (20 01 01),Municipal Waste,undefined,5.36,0,0,0,0,0
2022,PODRAVSKA,20 03 07,Bulky Municipal Waste (20 03 07),Municipal Waste,"D_08,09",19 12 02,Ferrous Metals from Mechanical Treatment (19 12 02),Waste Treatment Residues,"R_12, R_13",0,0,24.54,0,0,0
2022,PODRAVSKA,20 03 07,Bulky Municipal Waste (20 03 07),Municipal Waste,"D_08,09",19 12 12,Other Mechanically Treated Waste (19 12 12),Waste Treatment Residues,R_12,0,0,186.5,0,0,0
2022,PODRAVSKA,20 03 07,Bulky Municipal Waste (20 03 07),Municipal Waste,"D_08,09",20 03 01,Mixed Municipal Waste (20 03 01),Municipal Waste,"D_08,09",0,0,279.75,0,0,0
2022,PODRAVSKA,20 03 07,Bulky Municipal Waste (20 03 07),Municipal Waste,R_12,19 12 12,Other Mechanically Treated Waste (19 12 12),Waste Treatment Residues,R_03,0,0,0,2000,0,0
2022,PODRAVSKA,20 03 07,Bulky Municipal Waste (20 03 07),Municipal Waste,R_12,20 01 38,Non-hazardous Wood from Municipal Waste (20 01 38),Municipal Waste,R_03,0,0,84.924,0,0,0
2022,PODRAVSKA,20 03 07,Bulky Municipal Waste (20 03 07),Municipal Waste,R_12,20 03 07,Bulky Municipal Waste (20 03 07),Municipal Waste,"R_12, R_13",0,0,670.46,0,0,0
2022,PODRAVSKA,20 03 07,Bulky Municipal Waste (20 03 07),Municipal Waste,"R_12, R_13",19 12 02,Ferrous Metals from Mechanical Treatment (19 12 02),Waste Treatment Residues,R_04,0,0,0,155.465,0,0
2022,PODRAVSKA,20 03 07,Bulky Municipal Waste (20 03 07),Municipal Waste,"R_12, R_13",19 12 02,Ferrous Metals from Mechanical Treatment (19 12 02),Waste Treatment Residues,undefined,2.55,0,0,0,0,0
2022,PODRAVSKA,20 03 07,Bulky Municipal Waste (20 03 07),Municipal Waste,"R_12, R_13",19 12 03,Non-Ferrous Metals from Mechanical Treatment (19 12 03),Waste Treatment Residues,R_04,0,0,0,3.8,0,0
2022,PODRAVSKA,20 03 07,Bulky Municipal Waste (20 03 07),Municipal Waste,"R_12, R_13",19 12 03,Non-Ferrous Metals from Mechanical Treatment (19 12 03),Waste Treatment Residues,undefined,2,0,0,0,0,0
2022,PODRAVSKA,20 03 07,Bulky Municipal Waste (20 03 07),Municipal Waste,"R_12, R_13",19 12 04,Plastics and Rubber from Mechanical Treatment (19 12 04),Waste Treatment Residues,R_03,0,0,0,2.745,0,0
2022,PODRAVSKA,20 03 07,Bulky Municipal Waste (20 03 07),Municipal Waste,"R_12, R_13",19 12 12,Other Mechanically Treated Waste (19 12 12),Waste Treatment Residues,R_01,0,0,0,1698.154,0,0
2022,PODRAVSKA,20 03 07,Bulky Municipal Waste (20 03 07),Municipal Waste,"R_12, R_13",19 12 12,Other Mechanically Treated Waste (19 12 12),Waste Treatment Residues,R_12,0,0,145.833,0,0,0
2022,PODRAVSKA,20 03 07,Bulky Municipal Waste (20 03 07),Municipal Waste,"R_12, R_13",19 12 12,Other Mechanically Treated Waste (19 12 12),Waste Treatment Residues,undefined,565.553,0,0,0,0,0
2022,PODRAVSKA,20 03 07,Bulky Municipal Waste (20 03 07),Municipal Waste,"R_12, R_13",20 03 07,Bulky Municipal Waste (20 03 07),Municipal Waste,undefined,100.705,0,0,0,0,0
2022,POMURSKA,03 01 05,Sawdust/Shavings/Cuttings (03 01 05),Wood/Paper Production Waste,"R_12, R_13",03 01 05,Sawdust/Shavings/Cuttings (03 01 05),Wood/Paper Production Waste,"R_12, R_13",0,0,355.517,0,0,0
2022,POMURSKA,03 01 05,Sawdust/Shavings/Cuttings (03 01 05),Wood/Paper Production Waste,"R_12, R_13",19 12 07,Wood Waste from Treatment (not 19 12 06) (19 12 07),Waste Treatment Residues,R_03,0,0,0,1294.243,0,0
2022,POMURSKA,03 01 05,Sawdust/Shavings/Cuttings (03 01 05),Wood/Paper Production Waste,"R_12, R_13",20 01 38,Non-hazardous Wood from Municipal Waste (20 01 38),Municipal Waste,R_03,0,0,138.32,0,0,0
2022,POMURSKA,15 01 01,Paper and Cardboard Packaging (15 01 01),Packaging Waste,"R_12, R_13",15 01 01,Paper and Cardboard Packaging (15 01 01),Packaging Waste,R_03,0,0,0,3404.793,0,0
2022,POMURSKA,15 01 01,Paper and Cardboard Packaging (15 01 01),Packaging Waste,"R_12, R_13",15 01 01,Paper and Cardboard Packaging (15 01 01),Packaging Waste,"R_12, R_13",0,0,182.84,0,0,0
2022,POMURSKA,15 01 01,Paper and Cardboard Packaging (15 01 01),Packaging Waste,"R_12, R_13",15 01 01,Paper and Cardboard Packaging (15 01 01),Packaging Waste,undefined,169.09,137.955,0,0,0,0
2022,POMURSKA,15 01 01,Paper and Cardboard Packaging (15 01 01),Packaging Waste,"R_12, R_13",20 01 01,Paper and Cardboard from Municipal Waste (20 01 01),Municipal Waste,"R_12, R_13",0,0,118.137,0,0,0
2022,POMURSKA,15 01 01,Paper and Cardboard Packaging (15 01 01),Packaging Waste,"R_12, R_13",20 01 01,Paper and Cardboard from Municipal Waste (20 01 01),Municipal Waste,undefined,0,37.56,0,0,0,0
2022,POMURSKA,15 01 03,Wooden Packaging (15 01 03),Packaging Waste,"R_12, R_13",15 01 03,Wooden Packaging (15 01 03),Packaging Waste,R_03,0,0,139.88,0,0,0
2022,POMURSKA,15 01 03,Wooden Packaging (15 01 03),Packaging Waste,"R_12, R_13",15 01 03,Wooden Packaging (15 01 03),Packaging Waste,undefined,20.827,0,0,0,0,0
2022,POMURSKA,15 01 03,Wooden Packaging (15 01 03),Packaging Waste,"R_12, R_13",19 12 07,Wood Waste from Treatment (not 19 12 06) (19 12 07),Waste Treatment Residues,R_03,0,0,0,358.949,0,0
2022,POMURSKA,19 12 07,Wood Waste from Treatment (not 19 12 06) (19 12 07),Waste Treatment Residues,"R_12, R_13",19 12 07,Wood Waste from Treatment (not 19 12 06) (19 12 07),Waste Treatment Residues,R_03,0,0,0,124.268,0,0
2022,POMURSKA,20 01 01,Paper and Cardboard from Municipal Waste (20 01 01),Municipal Waste,"R_12, R_13",15 01 01,Paper and Cardboard Packaging (15 01 01),Packaging Waste,R_03,0,0,0,190.25,0,0
2022,POMURSKA,20 01 01,Paper and Cardboard from Municipal Waste (20 01 01),Municipal Waste,"R_12, R_13",19 12 01,Paper and Cardboard from Waste Treatment (19 12 01),Waste Treatment Residues,R_03,0,0,0,1023.88,0,0
2022,POMURSKA,20 01 01,Paper and Cardboard from Municipal Waste (20 01 01),Municipal Waste,"R_12, R_13",19 12 01,Paper and Cardboard from Waste Treatment (19 12 01),Waste Treatment Residues,undefined,45.3,0,0,0,0,0
2022,POMURSKA,20 01 01,Paper and Cardboard from Municipal Waste (20 01 01),Municipal Waste,"R_12, R_13",20 01 01,Paper and Cardboard from Municipal Waste (20 01 01),Municipal Waste,R_03,0,0,0,630.46,0,0
2022,POMURSKA,20 01 01,Paper and Cardboard from Municipal Waste (20 01 01),Municipal Waste,"R_12, R_13",20 01 01,Paper and Cardboard from Municipal Waste (20 01 01),Municipal Waste,"R_12, R_13",0,0,220.286,0,0,0
2022,POMURSKA,20 01 01,Paper and Cardboard from Municipal Waste (20 01 01),Municipal Waste,"R_12, R_13",20 01 01,Paper and Cardboard from Municipal Waste (20 01 01),Municipal Waste,undefined,309.808,172.34,0,0,0,0
2022,POMURSKA,20 01 38,Non-hazardous Wood from Municipal Waste (20 01 38),Municipal Waste,BO,20 01 38,Non-hazardous Wood from Municipal Waste (20 01 38),Municipal Waste,"R_12, R_13",0,0,40.48,0,0,0
2022,POMURSKA,20 01 38,Non-hazardous Wood from Municipal Waste (20 01 38),Municipal Waste,"R_12, R_13",20 01 38,Non-hazardous Wood from Municipal Waste (20 01 38),Municipal Waste,R_03,0,0,1.84,0,0,0
2022,POMURSKA,20 01 38,Non-hazardous Wood from Municipal Waste (20 01 38),Municipal Waste,"R_12, R_13",20 01 38,Non-hazardous Wood from Municipal Waste (20 01 38),Municipal Waste,"R_12, R_13",0,0,938.38,0,0,0
2022,POMURSKA,20 03 01,Mixed Municipal Waste (20 03 01),Municipal Waste,"D_08,09",20 01 38,Non-hazardous Wood from Municipal Waste (20 01 38),Municipal Waste,"R_12, R_13",0,0,11.96,0,0,0
2022,POMURSKA,20 03 07,Bulky Municipal Waste (20 03 07),Municipal Waste,D_01,20 03 07,Bulky Municipal Waste (20 03 07),Municipal Waste,undefined,0,0,0,0,0,590.56
2022,POMURSKA,20 03 07,Bulky Municipal Waste (20 03 07),Municipal Waste,"R_12, R_13",15 01 10*,Hazardous Contaminated Packaging (15 01 10*),Packaging Waste,undefined,0,0.404,0,0,0,0
2022,POMURSKA,20 03 07,Bulky Municipal Waste (20 03 07),Municipal Waste,"R_12, R_13",16 01 03,End-of-Life Tyres (16 01 03),Miscellaneous Waste,undefined,0,56.428,0,0,0,0
2022,POMURSKA,20 03 07,Bulky Municipal Waste (20 03 07),Municipal Waste,"R_12, R_13",16 01 07*,Oil Filters (16 01 07*),Miscellaneous Waste,undefined,0,0.198,0,0,0,0
2022,POMURSKA,20 03 07,Bulky Municipal Waste (20 03 07),Municipal Waste,"R_12, R_13",16 03 03*,Hazardous Inorganic Wastes (16 03 03*),Miscellaneous Waste,undefined,0,0.359,0,0,0,0
2022,POMURSKA,20 03 07,Bulky Municipal Waste (20 03 07),Municipal Waste,"R_12, R_13",19 12 02,Ferrous Metals from Mechanical Treatment (19 12 02),Waste Treatment Residues,R_04,0,0,372.16,149.78,0,0
2022,POMURSKA,20 03 07,Bulky Municipal Waste (20 03 07),Municipal Waste,"R_12, R_13",19 12 04,Plastics and Rubber from Mechanical Treatment (19 12 04),Waste Treatment Residues,"R_12, R_13",0,0,200.11,0,0,0
2022,POMURSKA,20 03 07,Bulky Municipal Waste (20 03 07),Municipal Waste,"R_12, R_13",19 12 05,Glass from Mechanical Treatment (19 12 05),Waste Treatment Residues,undefined,0,4.94,0,0,0,0
2022,POMURSKA,20 03 07,Bulky Municipal Waste (20 03 07),Municipal Waste,"R_12, R_13",19 12 12,Other Mechanically Treated Waste (19 12 12),Waste Treatment Residues,R_01,0,0,2322.339,0,0,0
2022,POMURSKA,20 03 07,Bulky Municipal Waste (20 03 07),Municipal Waste,"R_12, R_13",19 12 12,Other Mechanically Treated Waste (19 12 12),Waste Treatment Residues,"R_12, R_13",0,0,5.882,0,0,0
2022,POMURSKA,20 03 07,Bulky Municipal Waste (20 03 07),Municipal Waste,"R_12, R_13",20 01 26*,Non-Edible Oils and Fats (20 01 26*),Municipal Waste,undefined,0,0.551,0,0,0,0
2022,POMURSKA,20 03 07,Bulky Municipal Waste (20 03 07),Municipal Waste,"R_12, R_13",20 01 27*,"Hazardous Paints, Inks, Adhesives (20 01 27*)",Municipal Waste,undefined,0,1.948,0,0,0,0
2022,POMURSKA,20 03 07,Bulky Municipal Waste (20 03 07),Municipal Waste,"R_12, R_13",20 01 35*,Hazardous Waste Electrical Equipment (20 01 35*),Municipal Waste,undefined,0,8.158,0,0,0,0
2022,POMURSKA,20 03 07,Bulky Municipal Waste (20 03 07),Municipal Waste,"R_12, R_13",20 01 36,Non-Hazardous Waste Electrical Equipment (20 01 36),Municipal Waste,"R_12, R_13",0,0,43.64,0,0,0
2022,POMURSKA,20 03 07,Bulky Municipal Waste (20 03 07),Municipal Waste,"R_12, R_13",20 01 36,Non-Hazardous Waste Electrical Equipment (20 01 36),Municipal Waste,undefined,0,10.51,0,0,0,0
2022,POMURSKA,20 03 07,Bulky Municipal Waste (20 03 07),Municipal Waste,"R_12, R_13",20 01 38,Non-hazardous Wood from Municipal Waste (20 01 38),Municipal Waste,"R_12, R_13",0,0,894.34,0,0,0
2022,POMURSKA,20 03 07,Bulky Municipal Waste (20 03 07),Municipal Waste,"R_12, R_13",20 03 07,Bulky Municipal Waste (20 03 07),Municipal Waste,"R_12, R_13",0,0,3.38,0,0,0
2022,POMURSKA,20 03 07,Bulky Municipal Waste (20 03 07),Municipal Waste,"R_12, R_13",20 03 07,Bulky Municipal Waste (20 03 07),Municipal Waste,undefined,47.431,0,0,0,0,0
2022,POSAVSKA,03 03 01,Bark and Wood Waste from Pulp/Paper Production (03 03 01),Wood/Paper Production Waste,BO,03 03 01,Bark and Wood Waste from Pulp/Paper Production (03 03 01),Wood/Paper Production Waste,undefined,1254.389,0,0,0,0,0
2022,POSAVSKA,15 01 01,Paper and Cardboard Packaging (15 01 01),Packaging Waste,BO,15 01 01,Paper and Cardboard Packaging (15 01 01),Packaging Waste,R_03,0,0,0,3752.72,0,0
2022,POSAVSKA,15 01 01,Paper and Cardboard Packaging (15 01 01),Packaging Waste,BO,15 01 01,Paper and Cardboard Packaging (15 01 01),Packaging Waste,R_12,0,0,926.399,0,0,0
2022,POSAVSKA,15 01 01,Paper and Cardboard Packaging (15 01 01),Packaging Waste,BO,15 01 01,Paper and Cardboard Packaging (15 01 01),Packaging Waste,undefined,44.586,0,0,0,0,0
2022,POSAVSKA,15 01 01,Paper and Cardboard Packaging (15 01 01),Packaging Waste,R_12,19 12 01,Paper and Cardboard from Waste Treatment (19 12 01),Waste Treatment Residues,R_03,0,0,1229.074,0,0,0
2022,POSAVSKA,15 01 01,Paper and Cardboard Packaging (15 01 01),Packaging Waste,R_12,19 12 04,Plastics and Rubber from Mechanical Treatment (19 12 04),Waste Treatment Residues,undefined,0,3.28,0,0,0,0
2022,POSAVSKA,15 01 01,Paper and Cardboard Packaging (15 01 01),Packaging Waste,"R_12, R_13",15 01 01,Paper and Cardboard Packaging (15 01 01),Packaging Waste,R_03,0,0,0,534.33,0,0
2022,POSAVSKA,15 01 01,Paper and Cardboard Packaging (15 01 01),Packaging Waste,"R_12, R_13",19 12 01,Paper and Cardboard from Waste Treatment (19 12 01),Waste Treatment Residues,R_03,0,0,654.1,0,0,0
2022,POSAVSKA,15 01 03,Wooden Packaging (15 01 03),Packaging Waste,BO,15 01 03,Wooden Packaging (15 01 03),Packaging Waste,"R_12, R_13",0,0,1.707,0,0,0
2022,POSAVSKA,15 01 03,Wooden Packaging (15 01 03),Packaging Waste,BO,15 01 03,Wooden Packaging (15 01 03),Packaging Waste,undefined,4.681,0,0,0,0,0
2022,POSAVSKA,15 01 03,Wooden Packaging (15 01 03),Packaging Waste,"R_12, R_13",15 01 03,Wooden Packaging (15 01 03),Packaging Waste,R_03,0,0,10.52,0,0,0
2022,POSAVSKA,15 01 03,Wooden Packaging (15 01 03),Packaging Waste,"R_12, R_13",15 01 03,Wooden Packaging (15 01 03),Packaging Waste,"R_12, R_13",0,0,107.44,0,0,0
2022,POSAVSKA,15 01 06,Mixed Packaging (15 01 06),Packaging Waste,"R_12, R_13",15 01 01,Paper and Cardboard Packaging (15 01 01),Packaging Waste,"R_12, R_13",0,0,25.56,0,0,0
2022,POSAVSKA,19 12 01,Paper and Cardboard from Waste Treatment (19 12 01),Waste Treatment Residues,BO,19 12 01,Paper and Cardboard from Waste Treatment (19 12 01),Waste Treatment Residues,undefined,1675.138,0,0,0,0,0
2022,POSAVSKA,19 12 01,Paper and Cardboard from Waste Treatment (19 12 01),Waste Treatment Residues,R_03,03 03 07,Mechanically Separated Rejects from Pulping (03 03 07),Wood/Paper Production Waste,R_12,0,0,39.556,0,0,0
2022,POSAVSKA,19 12 01,Paper and Cardboard from Waste Treatment (19 12 01),Waste Treatment Residues,R_03,03 03 07,Mechanically Separated Rejects from Pulping (03 03 07),Wood/Paper Production Waste,R_13,0,0,29.629,0,0,0
2022,POSAVSKA,19 12 01,Paper and Cardboard from Waste Treatment (19 12 01),Waste Treatment Residues,R_03,03 03 07,Mechanically Separated Rejects from Pulping (03 03 07),Wood/Paper Production Waste,undefined,1843.61,0,0,0,0,0
2022,POSAVSKA,19 12 01,Paper and Cardboard from Waste Treatment (19 12 01),Waste Treatment Residues,R_03,03 03 10,Fiber Rejects and Sludge from Mechanical Separation (03 03 10),Wood/Paper Production Waste,R_01,0,0,3750.077,0,0,0
2022,POSAVSKA,19 12 01,Paper and Cardboard from Waste Treatment (19 12 01),Waste Treatment Residues,R_03,03 03 10,Fiber Rejects and Sludge from Mechanical Separation (03 03 10),Wood/Paper Production Waste,undefined,7912.943,0,0,0,0,0
2022,POSAVSKA,19 12 01,Paper and Cardboard from Waste Treatment (19 12 01),Waste Treatment Residues,R_03,19 12 02,Ferrous Metals from Mechanical Treatment (19 12 02),Waste Treatment Residues,"R_12, R_13",0,0,34.79,0,0,0
2022,POSAVSKA,20 01 01,Paper and Cardboard from Municipal Waste (20 01 01),Municipal Waste,BO,20 01 01,Paper and Cardboard from Municipal Waste (20 01 01),Municipal Waste,R_03,0,0,1083.467,3560.74,0,0
2022,POSAVSKA,20 01 01,Paper and Cardboard from Municipal Waste (20 01 01),Municipal Waste,BO,20 01 01,Paper and Cardboard from Municipal Waste (20 01 01),Municipal Waste,undefined,950.043,0,0,0,0,0
2022,POSAVSKA,20 01 01,Paper and Cardboard from Municipal Waste (20 01 01),Municipal Waste,R_03,03 03 07,Mechanically Separated Rejects from Pulping (03 03 07),Wood/Paper Production Waste,R_12,0,0,22.342,0,0,0
2022,POSAVSKA,20 01 01,Paper and Cardboard from Municipal Waste (20 01 01),Municipal Waste,R_03,03 03 07,Mechanically Separated Rejects from Pulping (03 03 07),Wood/Paper Production Waste,R_13,0,0,16.735,0,0,0
2022,POSAVSKA,20 01 01,Paper and Cardboard from Municipal Waste (20 01 01),Municipal Waste,R_03,03 03 07,Mechanically Separated Rejects from Pulping (03 03 07),Wood/Paper Production Waste,undefined,1041.379,0,0,0,0,0
2022,POSAVSKA,20 01 01,Paper and Cardboard from Municipal Waste (20 01 01),Municipal Waste,R_03,03 03 10,Fiber Rejects and Sludge from Mechanical Separation (03 03 10),Wood/Paper Production Waste,R_01,0,0,2118.263,0,0,0
2022,POSAVSKA,20 01 01,Paper and Cardboard from Municipal Waste (20 01 01),Municipal Waste,R_03,03 03 10,Fiber Rejects and Sludge from Mechanical Separation (03 03 10),Wood/Paper Production Waste,undefined,4469.692,0,0,0,0,0
2022,POSAVSKA,20 01 01,Paper and Cardboard from Municipal Waste (20 01 01),Municipal Waste,R_03,19 12 02,Ferrous Metals from Mechanical Treatment (19 12 02),Waste Treatment Residues,"R_12, R_13",0,0,19.65,0,0,0
2022,POSAVSKA,20 01 01,Paper and Cardboard from Municipal Waste (20 01 01),Municipal Waste,"R_12, R_13",15 01 01,Paper and Cardboard Packaging (15 01 01),Packaging Waste,R_03,0,0,0,1169.3,0,0
2022,POSAVSKA,20 01 01,Paper and Cardboard from Municipal Waste (20 01 01),Municipal Waste,"R_12, R_13",19 12 01,Paper and Cardboard from Waste Treatment (19 12 01),Waste Treatment Residues,R_03,0,0,0,235.94,0,0
2022,POSAVSKA,20 01 01,Paper and Cardboard from Municipal Waste (20 01 01),Municipal Waste,"R_12, R_13",19 12 01,Paper and Cardboard from Waste Treatment (19 12 01),Waste Treatment Residues,"R_12, R_13",0,0,232.46,0,0,0
2022,POSAVSKA,20 01 01,Paper and Cardboard from Municipal Waste (20 01 01),Municipal Waste,"R_12, R_13",19 12 12,Other Mechanically Treated Waste (19 12 12),Waste Treatment Residues,R_01,0,0,0,344.178,0,0
2022,POSAVSKA,20 01 38,Non-hazardous Wood from Municipal Waste (20 01 38),Municipal Waste,R_01,20 01 38,Non-hazardous Wood from Municipal Waste (20 01 38),Municipal Waste,undefined,132.208,0,0,0,0,0
2022,POSAVSKA,20 03 07,Bulky Municipal Waste (20 03 07),Municipal Waste,R_12,19 12 12,Other Mechanically Treated Waste (19 12 12),Waste Treatment Residues,R_01,0,0,0,4987.12,0,0
2022,PRIMORSKO-NOTRANJSKA,15 01 01,Paper and Cardboard Packaging (15 01 01),Packaging Waste,BO,15 01 01,Paper and Cardboard Packaging (15 01 01),Packaging Waste,"R_12, R_13",0,0,204.76,0,0,0
2022,PRIMORSKO-NOTRANJSKA,15 01 01,Paper and Cardboard Packaging (15 01 01),Packaging Waste,"R_12, R_13",15 01 01,Paper and Cardboard Packaging (15 01 01),Packaging Waste,undefined,2.715,0,0,0,0,0
2022,PRIMORSKO-NOTRANJSKA,15 01 03,Wooden Packaging (15 01 03),Packaging Waste,BO,15 01 03,Wooden Packaging (15 01 03),Packaging Waste,undefined,26.44,0,0,0,0,0
2022,PRIMORSKO-NOTRANJSKA,15 01 03,Wooden Packaging (15 01 03),Packaging Waste,"R_12, R_13",15 01 03,Wooden Packaging (15 01 03),Packaging Waste,undefined,12.828,0,0,0,0,0
2022,SAVINJSKA,03 01 05,Sawdust/Shavings/Cuttings (03 01 05),Wood/Paper Production Waste,"R_12, R_13",03 01 05,Sawdust/Shavings/Cuttings (03 01 05),Wood/Paper Production Waste,undefined,0,0.6,0,0,0,0
2022,SAVINJSKA,03 03 07,Mechanically Separated Rejects from Pulping (03 03 07),Wood/Paper Production Waste,"R_12, R_13",19 12 01,Paper and Cardboard from Waste Treatment (19 12 01),Waste Treatment Residues,R_03,0,0,0,24.942,0,0
2022,SAVINJSKA,03 03 07,Mechanically Separated Rejects from Pulping (03 03 07),Wood/Paper Production Waste,"R_12, R_13",19 12 01,Paper and Cardboard from Waste Treatment (19 12 01),Waste Treatment Residues,undefined,64.342,0,0,0,0,0
2022,SAVINJSKA,03 03 08,Waste from Sorting of Paper and Cardboard for Recycling (03 03 08),Wood/Paper Production Waste,BO,03 03 08,Waste from Sorting of Paper and Cardboard for Recycling (03 03 08),Wood/Paper Production Waste,undefined,80.1,0,0,0,0,0
2022,SAVINJSKA,03 03 08,Waste from Sorting of Paper and Cardboard for Recycling (03 03 08),Wood/Paper Production Waste,R_03,19 12 04,Plastics and Rubber from Mechanical Treatment (19 12 04),Waste Treatment Residues,R_12,0,0,40.59,0,0,0
2022,SAVINJSKA,03 03 08,Waste from Sorting of Paper and Cardboard for Recycling (03 03 08),Wood/Paper Production Waste,R_03,19 12 04,Plastics and Rubber from Mechanical Treatment (19 12 04),Waste Treatment Residues,undefined,0,0,0,0,0,0
2022,SAVINJSKA,03 03 08,Waste from Sorting of Paper and Cardboard for Recycling (03 03 08),Wood/Paper Production Waste,"R_12, R_13",19 12 01,Paper and Cardboard from Waste Treatment (19 12 01),Waste Treatment Residues,R_03,0,0,105.234,1462.12,0,0
2022,SAVINJSKA,03 03 08,Waste from Sorting of Paper and Cardboard for Recycling (03 03 08),Wood/Paper Production Waste,"R_12, R_13",19 12 01,Paper and Cardboard from Waste Treatment (19 12 01),Waste Treatment Residues,R_04,0,0,0,276.13,0,0
2022,SAVINJSKA,15 01 01,Paper and Cardboard Packaging (15 01 01),Packaging Waste,BO,15 01 01,Paper and Cardboard Packaging (15 01 01),Packaging Waste,"R_12, R_13",0,0,8.14,0,0,0
2022,SAVINJSKA,15 01 01,Paper and Cardboard Packaging (15 01 01),Packaging Waste,BO,15 01 01,Paper and Cardboard Packaging (15 01 01),Packaging Waste,undefined,15.42,11.3,0,0,0,0
2022,SAVINJSKA,15 01 01,Paper and Cardboard Packaging (15 01 01),Packaging Waste,R_03,19 12 04,Plastics and Rubber from Mechanical Treatment (19 12 04),Waste Treatment Residues,R_12,0,0,2.73,0,0,0
2022,SAVINJSKA,15 01 01,Paper and Cardboard Packaging (15 01 01),Packaging Waste,R_03,19 12 04,Plastics and Rubber from Mechanical Treatment (19 12 04),Waste Treatment Residues,undefined,0,0,0,0,0,0
2022,SAVINJSKA,15 01 01,Paper and Cardboard Packaging (15 01 01),Packaging Waste,"R_12, R_13",15 01 01,Paper and Cardboard Packaging (15 01 01),Packaging Waste,R_03,0,0,0,15585.457,407.82,0
2022,SAVINJSKA,15 01 01,Paper and Cardboard Packaging (15 01 01),Packaging Waste,"R_12, R_13",15 01 01,Paper and Cardboard Packaging (15 01 01),Packaging Waste,"R_12, R_13",0,0,709.958,0,0,0
2022,SAVINJSKA,15 01 01,Paper and Cardboard Packaging (15 01 01),Packaging Waste,"R_12, R_13",15 01 01,Paper and Cardboard Packaging (15 01 01),Packaging Waste,undefined,167.596,382.436,0,0,0,0
2022,SAVINJSKA,15 01 01,Paper and Cardboard Packaging (15 01 01),Packaging Waste,"R_12, R_13",19 12 01,Paper and Cardboard from Waste Treatment (19 12 01),Waste Treatment Residues,R_03,0,0,2140.131,0,0,0
2022,SAVINJSKA,15 01 01,Paper and Cardboard Packaging (15 01 01),Packaging Waste,"R_12, R_13",20 01 01,Paper and Cardboard from Municipal Waste (20 01 01),Municipal Waste,undefined,0,3.535,0,0,0,0
2022,SAVINJSKA,15 01 03,Wooden Packaging (15 01 03),Packaging Waste,BO,15 01 03,Wooden Packaging (15 01 03),Packaging Waste,undefined,20.68,0,0,0,0,0
2022,SAVINJSKA,15 01 03,Wooden Packaging (15 01 03),Packaging Waste,R_01,10 01 01,"Ash, slag and boiler dust (excluding boiler dust listed under 10 01 04) (10 01 01)",Thermal Process Waste,undefined,0,21.83,0,0,0,0
2022,SAVINJSKA,15 01 03,Wooden Packaging (15 01 03),Packaging Waste,"R_12, R_13",15 01 03,Wooden Packaging (15 01 03),Packaging Waste,R_01,0,0,547.36,0,0,0
2022,SAVINJSKA,15 01 03,Wooden Packaging (15 01 03),Packaging Waste,"R_12, R_13",15 01 03,Wooden Packaging (15 01 03),Packaging Waste,R_03,0,0,2761.18,71.56,0,0
2022,SAVINJSKA,15 01 03,Wooden Packaging (15 01 03),Packaging Waste,"R_12, R_13",15 01 03,Wooden Packaging (15 01 03),Packaging Waste,undefined,56.16,0,0,0,0,0
2022,SAVINJSKA,15 01 03,Wooden Packaging (15 01 03),Packaging Waste,"R_12, R_13",19 12 07,Wood Waste from Treatment (not 19 12 06) (19 12 07),Waste Treatment Residues,R_03,0,0,0,332.564,0,0
2022,SAVINJSKA,15 01 03,Wooden Packaging (15 01 03),Packaging Waste,"R_12, R_13",19 12 12,Other Mechanically Treated Waste (19 12 12),Waste Treatment Residues,D_13,0,0,5.508,0,0,0
2022,SAVINJSKA,17 02 01,Construction Wood Waste (17 02 01),Construction/Demolition Waste,D_01,17 02 01,Construction Wood Waste (17 02 01),Construction/Demolition Waste,undefined,0,0,0,0,0,5.92
2022,SAVINJSKA,17 02 01,Construction Wood Waste (17 02 01),Construction/Demolition Waste,R_12,19 12 12,Other Mechanically Treated Waste (19 12 12),Waste Treatment Residues,D_01,0,0,33.52,0,0,0
2022,SAVINJSKA,17 02 01,Construction Wood Waste (17 02 01),Construction/Demolition Waste,"R_12, R_13",19 12 07,Wood Waste from Treatment (not 19 12 06) (19 12 07),Waste Treatment Residues,R_05,0,0,0,66.127,0,0
2022,SAVINJSKA,19 12 01,Paper and Cardboard from Waste Treatment (19 12 01),Waste Treatment Residues,BO,19 12 01,Paper and Cardboard from Waste Treatment (19 12 01),Waste Treatment Residues,undefined,7.2,0,0,0,0,0
2022,SAVINJSKA,19 12 01,Paper and Cardboard from Waste Treatment (19 12 01),Waste Treatment Residues,R_03,19 12 04,Plastics and Rubber from Mechanical Treatment (19 12 04),Waste Treatment Residues,R_12,0,0,2.42,0,0,0
2022,SAVINJSKA,19 12 01,Paper and Cardboard from Waste Treatment (19 12 01),Waste Treatment Residues,R_03,19 12 04,Plastics and Rubber from Mechanical Treatment (19 12 04),Waste Treatment Residues,undefined,0,0,0,0,0,0
2022,SAVINJSKA,19 12 01,Paper and Cardboard from Waste Treatment (19 12 01),Waste Treatment Residues,"R_12, R_13",19 12 01,Paper and Cardboard from Waste Treatment (19 12 01),Waste Treatment Residues,undefined,98.401,0,0,0,0,0
2022,SAVINJSKA,19 12 07,Wood Waste from Treatment (not 19 12 06) (19 12 07),Waste Treatment Residues,"R_12, R_13",03 01 05,Sawdust/Shavings/Cuttings (03 01 05),Wood/Paper Production Waste,undefined,0,84.6,0,0,0,0
2022,SAVINJSKA,19 12 07,Wood Waste from Treatment (not 19 12 06) (19 12 07),Waste Treatment Residues,"R_12, R_13",19 12 07,Wood Waste from Treatment (not 19 12 06) (19 12 07),Waste Treatment Residues,R_01,0,0,0,41.56,0,0
2022,SAVINJSKA,19 12 07,Wood Waste from Treatment (not 19 12 06) (19 12 07),Waste Treatment Residues,"R_12, R_13",19 12 07,Wood Waste from Treatment (not 19 12 06) (19 12 07),Waste Treatment Residues,R_03,0,0,0,1256.73,0,0
2022,SAVINJSKA,19 12 07,Wood Waste from Treatment (not 19 12 06) (19 12 07),Waste Treatment Residues,"R_12, R_13",19 12 07,Wood Waste from Treatment (not 19 12 06) (19 12 07),Waste Treatment Residues,R_05,0,0,0,760.053,0,0
2022,SAVINJSKA,19 12 07,Wood Waste from Treatment (not 19 12 06) (19 12 07),Waste Treatment Residues,"R_12, R_13",19 12 07,Wood Waste from Treatment (not 19 12 06) (19 12 07),Waste Treatment Residues,undefined,93.251,0,0,0,0,0
2022,SAVINJSKA,20 01 01,Paper and Cardboard from Municipal Waste (20 01 01),Municipal Waste,"R_12, R_13",15 01 01,Paper and Cardboard Packaging (15 01 01),Packaging Waste,R_03,0,0,0,601.281,0,0
2022,SAVINJSKA,20 01 01,Paper and Cardboard from Municipal Waste (20 01 01),Municipal Waste,"R_12, R_13",15 01 01,Paper and Cardboard Packaging (15 01 01),Packaging Waste,"R_12, R_13",0,0,1082.911,0,0,0
2022,SAVINJSKA,20 01 01,Paper and Cardboard from Municipal Waste (20 01 01),Municipal Waste,"R_12, R_13",19 12 01,Paper and Cardboard from Waste Treatment (19 12 01),Waste Treatment Residues,R_03,0,0,0,285.188,0,0
2022,SAVINJSKA,20 01 01,Paper and Cardboard from Municipal Waste (20 01 01),Municipal Waste,"R_12, R_13",19 12 01,Paper and Cardboard from Waste Treatment (19 12 01),Waste Treatment Residues,"R_12, R_13",0,0,0,3507.42,0,0
2022,SAVINJSKA,20 01 01,Paper and Cardboard from Municipal Waste (20 01 01),Municipal Waste,"R_12, R_13",19 12 12,Other Mechanically Treated Waste (19 12 12),Waste Treatment Residues,D_13,0,0,331.772,0,0,0
2022,SAVINJSKA,20 01 01,Paper and Cardboard from Municipal Waste (20 01 01),Municipal Waste,"R_12, R_13",20 01 01,Paper and Cardboard from Municipal Waste (20 01 01),Municipal Waste,R_03,0,0,333.26,3149.92,0,0
2022,SAVINJSKA,20 01 01,Paper and Cardboard from Municipal Waste (20 01 01),Municipal Waste,"R_12, R_13",20 01 01,Paper and Cardboard from Municipal Waste (20 01 01),Municipal Waste,undefined,25.044,16.823,0,0,0,0
2022,SAVINJSKA,20 01 38,Non-hazardous Wood from Municipal Waste (20 01 38),Municipal Waste,R_01,10 01 01,"Ash, slag and boiler dust (excluding boiler dust listed under 10 01 04) (10 01 01)",Thermal Process Waste,undefined,0,2.33,0,0,0,0
2022,SAVINJSKA,20 01 38,Non-hazardous Wood from Municipal Waste (20 01 38),Municipal Waste,R_0302,19 05 03,Compost Not Meeting Specifications (19 05 03),Waste Treatment Residues,R_10,0,0,27.2,0,0,0
2022,SAVINJSKA,20 01 38,Non-hazardous Wood from Municipal Waste (20 01 38),Municipal Waste,R_0302,19 05 03,Compost Not Meeting Specifications (19 05 03),Waste Treatment Residues,undefined,24.13,0,0,0,0,0
2022,SAVINJSKA,20 01 38,Non-hazardous Wood from Municipal Waste (20 01 38),Municipal Waste,R_12,19 12 12,Other Mechanically Treated Waste (19 12 12),Waste Treatment Residues,D_01,0,0,190.42,0,0,0
2022,SAVINJSKA,20 01 38,Non-hazardous Wood from Municipal Waste (20 01 38),Municipal Waste,"R_12, R_13",19 12 07,Wood Waste from Treatment (not 19 12 06) (19 12 07),Waste Treatment Residues,R_03,0,0,0,42.086,0,0
2022,SAVINJSKA,20 03 07,Bulky Municipal Waste (20 03 07),Municipal Waste,R_0302,19 05 03,Compost Not Meeting Specifications (19 05 03),Waste Treatment Residues,R_10,0,0,5.38,0,0,0
2022,SAVINJSKA,20 03 07,Bulky Municipal Waste (20 03 07),Municipal Waste,R_0302,19 05 03,Compost Not Meeting Specifications (19 05 03),Waste Treatment Residues,undefined,5.66,0,0,0,0,0
2022,SAVINJSKA,20 03 07,Bulky Municipal Waste (20 03 07),Municipal Waste,R_12,19 12 07,Wood Waste from Treatment (not 19 12 06) (19 12 07),Waste Treatment Residues,"R_12, R_13",0,0,791.74,0,0,0
2022,SAVINJSKA,20 03 07,Bulky Municipal Waste (20 03 07),Municipal Waste,R_12,19 12 07,Wood Waste from Treatment (not 19 12 06) (19 12 07),Waste Treatment Residues,undefined,0,53.78,0,0,0,0
2022,SAVINJSKA,20 03 07,Bulky Municipal Waste (20 03 07),Municipal Waste,R_12,19 12 12,Other Mechanically Treated Waste (19 12 12),Waste Treatment Residues,D_01,0,0,11509.25,0,0,0
2022,SAVINJSKA,20 03 07,Bulky Municipal Waste (20 03 07),Municipal Waste,"R_12, R_13",19 12 12,Other Mechanically Treated Waste (19 12 12),Waste Treatment Residues,R_12,0,0,19.992,0,0,0
2022,ZASAVSKA,15 01 06,Mixed Packaging (15 01 06),Packaging Waste,"R_12, R_13",15 01 01,Paper and Cardboard Packaging (15 01 01),Packaging Waste,R_03,0,0,214.055,0,0,0
2022,ZASAVSKA,15 01 06,Mixed Packaging (15 01 06),Packaging Waste,"R_12, R_13",15 01 01,Paper and Cardboard Packaging (15 01 01),Packaging Waste,undefined,4.965,0,0,0,0,0
2022,ZASAVSKA,17 02 01,Construction Wood Waste (17 02 01),Construction/Demolition Waste,BO,17 02 01,Construction Wood Waste (17 02 01),Construction/Demolition Waste,undefined,11.58,0,0,0,0,0
2022,ZASAVSKA,19 12 01,Paper and Cardboard from Waste Treatment (19 12 01),Waste Treatment Residues,BO,19 12 01,Paper and Cardboard from Waste Treatment (19 12 01),Waste Treatment Residues,undefined,29.66,0,0,0,0,0
2022,ZASAVSKA,20 01 38,Non-hazardous Wood from Municipal Waste (20 01 38),Municipal Waste,BO,20 01 38,Non-hazardous Wood from Municipal Waste (20 01 38),Municipal Waste,undefined,427.41,0,0,0,0,0
2022,ZASAVSKA,20 01 38,Non-hazardous Wood from Municipal Waste (20 01 38),Municipal Waste,"R_12, R_13",20 01 38,Non-hazardous Wood from Municipal Waste (20 01 38),Municipal Waste,R_03,0,0,19.82,0,0,0
2022,ZASAVSKA,20 03 07,Bulky Municipal Waste (20 03 07),Municipal Waste,"R_12, R_13",12 01 04,Non-Ferrous Metal Dust and Particles (12 01 04),Metal/Plastic Processing Waste,undefined,0,1.623,0,0,0,0
2022,ZASAVSKA,20 03 07,Bulky Municipal Waste (20 03 07),Municipal Waste,"R_12, R_13",15 01 04,Metal Packaging (15 01 04),Packaging Waste,undefined,33.63,7.42,0,0,0,0
2022,ZASAVSKA,20 03 07,Bulky Municipal Waste (20 03 07),Municipal Waste,"R_12, R_13",16 01 03,End-of-Life Tyres (16 01 03),Miscellaneous Waste,undefined,0,23.5,0,0,0,0
2022,ZASAVSKA,20 03 07,Bulky Municipal Waste (20 03 07),Municipal Waste,"R_12, R_13",19 12 07,Wood Waste from Treatment (not 19 12 06) (19 12 07),Waste Treatment Residues,R_0303,0,0,52.14,0,0,0
2022,ZASAVSKA,20 03 07,Bulky Municipal Waste (20 03 07),Municipal Waste,"R_12, R_13",20 01 23*,Discarded Equipment Containing CFCs (20 01 23*),Municipal Waste,undefined,0,6.26,0,0,0,0
2022,ZASAVSKA,20 03 07,Bulky Municipal Waste (20 03 07),Municipal Waste,"R_12, R_13",20 01 36,Non-Hazardous Waste Electrical Equipment (20 01 36),Municipal Waste,undefined,0,5.26,0,0,0,0
2022,ZASAVSKA,20 03 07,Bulky Municipal Waste (20 03 07),Municipal Waste,"R_12, R_13",20 01 39,Plastics from Municipal Waste (20 01 39),Municipal Waste,R_05,0,0,0.098,0,0,0
2022,ZASAVSKA,20 03 07,Bulky Municipal Waste (20 03 07),Municipal Waste,"R_12, R_13",20 02 03,Non-biodegradable Garden and Park Waste (20 02 03),Municipal Waste,undefined,0,2.78,0,0,0,0
2023,GORENJSKA,03 01 05,Sawdust/Shavings/Cuttings (03 01 05),Wood/Paper Production Waste,R_01,10 01 01,"Ash, slag and boiler dust (excluding boiler dust listed under 10 01 04) (10 01 01)",Thermal Process Waste,R_05,0,0,525.642,0,0,0
2023,GORENJSKA,03 01 05,Sawdust/Shavings/Cuttings (03 01 05),Wood/Paper Production Waste,R_03,19 12 07,Wood Waste from Treatment (not 19 12 06) (19 12 07),Waste Treatment Residues,"R_12, R_13",0,0,0,209.921,0,0
2023,GORENJSKA,03 01 05,Sawdust/Shavings/Cuttings (03 01 05),Wood/Paper Production Waste,"R_12, R_13",20 01 38,Non-hazardous Wood from Municipal Waste (20 01 38),Municipal Waste,"R_12, R_13",0,0,133.82,0,0,0
2023,GORENJSKA,03 03 08,Waste from Sorting of Paper and Cardboard for Recycling (03 03 08),Wood/Paper Production Waste,"R_12, R_13",19 12 12,Other Mechanically Treated Waste (19 12 12),Waste Treatment Residues,D_01,0,0,32.54,0,0,0
2023,GORENJSKA,03 03 99,Other Unspecified Paper Waste (03 03 99),Wood/Paper Production Waste,"R_12, R_13",19 12 01,Paper and Cardboard from Waste Treatment (19 12 01),Waste Treatment Residues,R_03,0,0,109.706,0,0,0
2023,GORENJSKA,15 01 01,Paper and Cardboard Packaging (15 01 01),Packaging Waste,"R_12, R_13",15 01 01,Paper and Cardboard Packaging (15 01 01),Packaging Waste,R_03,0,0,0,316.24,0,0
2023,GORENJSKA,15 01 01,Paper and Cardboard Packaging (15 01 01),Packaging Waste,"R_12, R_13",15 01 01,Paper and Cardboard Packaging (15 01 01),Packaging Waste,undefined,70.3,0,0,0,0,0
2023,GORENJSKA,15 01 01,Paper and Cardboard Packaging (15 01 01),Packaging Waste,"R_12, R_13",19 12 01,Paper and Cardboard from Waste Treatment (19 12 01),Waste Treatment Residues,R_03,0,0,20.25,629.1,0,0
2023,GORENJSKA,15 01 01,Paper and Cardboard Packaging (15 01 01),Packaging Waste,"R_12, R_13",19 12 12,Other Mechanically Treated Waste (19 12 12),Waste Treatment Residues,D_01,0,0,2463.271,0,0,0
2023,GORENJSKA,15 01 01,Paper and Cardboard Packaging (15 01 01),Packaging Waste,"R_12, R_13",19 12 12,Other Mechanically Treated Waste (19 12 12),Waste Treatment Residues,"R_12, R_13",0,0,1.82,0,0,0
2023,GORENJSKA,15 01 03,Wooden Packaging (15 01 03),Packaging Waste,R_01,10 01 01,"Ash, slag and boiler dust (excluding boiler dust listed under 10 01 04) (10 01 01)",Thermal Process Waste,R_05,0,0,34,0,0,0
2023,GORENJSKA,15 01 03,Wooden Packaging (15 01 03),Packaging Waste,R_03,15 01 03,Wooden Packaging (15 01 03),Packaging Waste,undefined,3637.282,0,0,0,0,0
2023,GORENJSKA,15 01 03,Wooden Packaging (15 01 03),Packaging Waste,"R_12, R_13",15 01 03,Wooden Packaging (15 01 03),Packaging Waste,R_03,0,0,477.7,0,0,0
2023,GORENJSKA,15 01 03,Wooden Packaging (15 01 03),Packaging Waste,"R_12, R_13",15 01 03,Wooden Packaging (15 01 03),Packaging Waste,"R_12, R_13",0,0,661.42,0,0,0
2023,GORENJSKA,15 01 03,Wooden Packaging (15 01 03),Packaging Waste,"R_12, R_13",20 01 38,Non-hazardous Wood from Municipal Waste (20 01 38),Municipal Waste,"R_12, R_13",0,0,642.732,0,0,0
2023,GORENJSKA,15 01 05,Composite Packaging (15 01 05),Packaging Waste,"R_12, R_13",19 12 01,Paper and Cardboard from Waste Treatment (19 12 01),Waste Treatment Residues,R_03,0,0,24.905,0,0,0
2023,GORENJSKA,17 02 01,Construction Wood Waste (17 02 01),Construction/Demolition Waste,BO,17 02 01,Construction Wood Waste (17 02 01),Construction/Demolition Waste,undefined,142.1,0,0,0,0,0
2023,GORENJSKA,17 02 01,Construction Wood Waste (17 02 01),Construction/Demolition Waste,R_01,10 01 01,"Ash, slag and boiler dust (excluding boiler dust listed under 10 01 04) (10 01 01)",Thermal Process Waste,R_05,0,0,1445.98,0,0,0
2023,GORENJSKA,17 02 01,Construction Wood Waste (17 02 01),Construction/Demolition Waste,R_03,19 12 07,Wood Waste from Treatment (not 19 12 06) (19 12 07),Waste Treatment Residues,"R_12, R_13",0,0,0,35.51,0,0
2023,GORENJSKA,17 02 01,Construction Wood Waste (17 02 01),Construction/Demolition Waste,R_12,19 12 07,Wood Waste from Treatment (not 19 12 06) (19 12 07),Waste Treatment Residues,R_03,0,0,1.956,0,0,0
2023,GORENJSKA,17 02 01,Construction Wood Waste (17 02 01),Construction/Demolition Waste,"R_12, R_13",17 02 01,Construction Wood Waste (17 02 01),Construction/Demolition Waste,R_03,0,0,139.63,0,0,0
2023,GORENJSKA,17 02 01,Construction Wood Waste (17 02 01),Construction/Demolition Waste,"R_12, R_13",19 12 12,Other Mechanically Treated Waste (19 12 12),Waste Treatment Residues,D_01,0,0,20.24,0,0,0
2023,GORENJSKA,17 02 01,Construction Wood Waste (17 02 01),Construction/Demolition Waste,"R_12, R_13",20 01 38,Non-hazardous Wood from Municipal Waste (20 01 38),Municipal Waste,"R_12, R_13",0,0,20.228,0,0,0
2023,GORENJSKA,19 12 01,Paper and Cardboard from Waste Treatment (19 12 01),Waste Treatment Residues,"R_12, R_13",19 12 01,Paper and Cardboard from Waste Treatment (19 12 01),Waste Treatment Residues,"R_12, R_13",0,0,143.75,0,0,0
2023,GORENJSKA,19 12 01,Paper and Cardboard from Waste Treatment (19 12 01),Waste Treatment Residues,"R_12, R_13",19 12 01,Paper and Cardboard from Waste Treatment (19 12 01),Waste Treatment Residues,undefined,227.485,0,0,0,0,0
2023,GORENJSKA,19 12 07,Wood Waste from Treatment (not 19 12 06) (19 12 07),Waste Treatment Residues,R_01,10 01 01,"Ash, slag and boiler dust (excluding boiler dust listed under 10 01 04) (10 01 01)",Thermal Process Waste,R_05,0,0,303.18,0,0,0
2023,GORENJSKA,19 12 07,Wood Waste from Treatment (not 19 12 06) (19 12 07),Waste Treatment Residues,R_03,19 12 07,Wood Waste from Treatment (not 19 12 06) (19 12 07),Waste Treatment Residues,"R_12, R_13",0,0,0,2939.66,0,0
2023,GORENJSKA,19 12 07,Wood Waste from Treatment (not 19 12 06) (19 12 07),Waste Treatment Residues,"R_12, R_13",19 10 06,Other Fractions from Shredding (19 10 06),Waste Treatment Residues,undefined,8.254,0,0,0,0,0
2023,GORENJSKA,19 12 07,Wood Waste from Treatment (not 19 12 06) (19 12 07),Waste Treatment Residues,"R_12, R_13",19 12 07,Wood Waste from Treatment (not 19 12 06) (19 12 07),Waste Treatment Residues,undefined,33.757,0,0,0,0,0
2023,GORENJSKA,20 01 01,Paper and Cardboard from Municipal Waste (20 01 01),Municipal Waste,"R_12, R_13",19 12 01,Paper and Cardboard from Waste Treatment (19 12 01),Waste Treatment Residues,R_03,0,0,4.339,0,0,0
2023,GORENJSKA,20 01 01,Paper and Cardboard from Municipal Waste (20 01 01),Municipal Waste,"R_12, R_13",19 12 12,Other Mechanically Treated Waste (19 12 12),Waste Treatment Residues,D_01,0,0,1545.559,0,0,0
2023,GORENJSKA,20 01 01,Paper and Cardboard from Municipal Waste (20 01 01),Municipal Waste,"R_12, R_13",20 01 01,Paper and Cardboard from Municipal Waste (20 01 01),Municipal Waste,R_03,0,0,207.537,0,0,0
2023,GORENJSKA,20 01 01,Paper and Cardboard from Municipal Waste (20 01 01),Municipal Waste,"R_12, R_13",20 01 01,Paper and Cardboard from Municipal Waste (20 01 01),Municipal Waste,"R_12, R_13",0,0,19.14,0,0,0
2023,GORENJSKA,20 01 38,Non-hazardous Wood from Municipal Waste (20 01 38),Municipal Waste,R_03,19 12 07,Wood Waste from Treatment (not 19 12 06) (19 12 07),Waste Treatment Residues,"R_12, R_13",0,0,0,7699.5,0,0
2023,GORENJSKA,20 01 38,Non-hazardous Wood from Municipal Waste (20 01 38),Municipal Waste,"R_12, R_13",20 01 38,Non-hazardous Wood from Municipal Waste (20 01 38),Municipal Waste,R_03,0,0,0,42.1,0,0
2023,GORENJSKA,20 01 38,Non-hazardous Wood from Municipal Waste (20 01 38),Municipal Waste,"R_12, R_13",20 01 38,Non-hazardous Wood from Municipal Waste (20 01 38),Municipal Waste,undefined,0,33.846,0,0,0,0
2023,GORENJSKA,20 01 40,Metals from Municipal Waste (20 01 40),Municipal Waste,"R_12, R_13",20 01 38,Non-hazardous Wood from Municipal Waste (20 01 38),Municipal Waste,undefined,0,8.254,0,0,0,0
2023,GORENJSKA,20 02 03,Non-biodegradable Garden and Park Waste (20 02 03),Municipal Waste,"R_12, R_13",19 12 07,Wood Waste from Treatment (not 19 12 06) (19 12 07),Waste Treatment Residues,"R_12, R_13",0,0,6.24,0,0,0
2023,GORENJSKA,20 03 07,Bulky Municipal Waste (20 03 07),Municipal Waste,D_01,20 03 07,Bulky Municipal Waste (20 03 07),Municipal Waste,undefined,0,0,0,0,0,2304.148
2023,GORENJSKA,20 03 07,Bulky Municipal Waste (20 03 07),Municipal Waste,R_12,20 03 07,Bulky Municipal Waste (20 03 07),Municipal Waste,R_12,0,0,247.08,0,0,0
2023,GORENJSKA,20 03 07,Bulky Municipal Waste (20 03 07),Municipal Waste,R_12,20 03 07,Bulky Municipal Waste (20 03 07),Municipal Waste,undefined,441.53,0,0,0,0,0
2023,GORENJSKA,20 03 07,Bulky Municipal Waste (20 03 07),Municipal Waste,"R_12, R_13",19 10 01,Ferrous Metal Waste from Shredding (19 10 01),Waste Treatment Residues,R_04,0,0,0,2.555,0,0
2023,GORENJSKA,20 03 07,Bulky Municipal Waste (20 03 07),Municipal Waste,"R_12, R_13",19 10 02,Non-Ferrous Metal Waste from Shredding (19 10 02),Waste Treatment Residues,R_04,0,0,26.14,0,0,0
2023,GORENJSKA,20 03 07,Bulky Municipal Waste (20 03 07),Municipal Waste,"R_12, R_13",20 01 01,Paper and Cardboard from Municipal Waste (20 01 01),Municipal Waste,undefined,0,2.52,0,0,0,0
2023,GORENJSKA,20 03 07,Bulky Municipal Waste (20 03 07),Municipal Waste,"R_12, R_13",20 01 38,Non-hazardous Wood from Municipal Waste (20 01 38),Municipal Waste,undefined,0,88.06,0,0,0,0
2023,GORENJSKA,20 03 07,Bulky Municipal Waste (20 03 07),Municipal Waste,"R_12, R_13",20 01 40,Metals from Municipal Waste (20 01 40),Municipal Waste,undefined,0,2.3,0,0,0,0
2023,GORIŠKA,03 01 05,Sawdust/Shavings/Cuttings (03 01 05),Wood/Paper Production Waste,BO,03 01 05,Sawdust/Shavings/Cuttings (03 01 05),Wood/Paper Production Waste,undefined,5.06,0,0,0,0,0
2023,GORIŠKA,09 01 07,Silver-Containing Photographic Films and Paper (09 01 07),Photographic Industry Waste,"R_12, R_13",19 12 01,Paper and Cardboard from Waste Treatment (19 12 01),Waste Treatment Residues,undefined,0.81,0,0,0,0,0
2023,GORIŠKA,12 01 02,Iron Dust and Particles (12 01 02),Metal/Plastic Processing Waste,R_12,19 12 01,Paper and Cardboard from Waste Treatment (19 12 01),Waste Treatment Residues,"R_12, R_13",0,0,0.68,0,0,0
2023,GORIŠKA,12 01 03,Non-Ferrous Metal Turnings (12 01 03),Metal/Plastic Processing Waste,R_12,15 01 03,Wooden Packaging (15 01 03),Packaging Waste,undefined,0,1.02,0,0,0,0
2023,GORIŠKA,12 01 03,Non-Ferrous Metal Turnings (12 01 03),Metal/Plastic Processing Waste,R_12,19 12 01,Paper and Cardboard from Waste Treatment (19 12 01),Waste Treatment Residues,"R_12, R_13",0,0,1.08,0,0,0
2023,GORIŠKA,12 01 04,Non-Ferrous Metal Dust and Particles (12 01 04),Metal/Plastic Processing Waste,R_12,15 01 03,Wooden Packaging (15 01 03),Packaging Waste,undefined,0,0.88,0,0,0,0
2023,GORIŠKA,12 01 04,Non-Ferrous Metal Dust and Particles (12 01 04),Metal/Plastic Processing Waste,R_12,19 12 01,Paper and Cardboard from Waste Treatment (19 12 01),Waste Treatment Residues,"R_12, R_13",0,0,2.755,0,0,0
2023,GORIŠKA,12 01 04,Non-Ferrous Metal Dust and Particles (12 01 04),Metal/Plastic Processing Waste,"R_12, R_13",19 12 01,Paper and Cardboard from Waste Treatment (19 12 01),Waste Treatment Residues,undefined,1.05,0,0,0,0,0
2023,GORIŠKA,15 01 01,Paper and Cardboard Packaging (15 01 01),Packaging Waste,R_12,15 01 01,Paper and Cardboard Packaging (15 01 01),Packaging Waste,R_03,0,0,223.1,0,0,0
2023,GORIŠKA,15 01 01,Paper and Cardboard Packaging (15 01 01),Packaging Waste,R_12,15 01 01,Paper and Cardboard Packaging (15 01 01),Packaging Waste,"R_12, R_13",0,0,844.689,0,0,0
2023,GORIŠKA,15 01 01,Paper and Cardboard Packaging (15 01 01),Packaging Waste,"R_12, R_13",15 01 01,Paper and Cardboard Packaging (15 01 01),Packaging Waste,R_03,0,0,0,2877.383,0,0
2023,GORIŠKA,15 01 01,Paper and Cardboard Packaging (15 01 01),Packaging Waste,"R_12, R_13",15 01 01,Paper and Cardboard Packaging (15 01 01),Packaging Waste,"R_12, R_13",0,0,338.527,0,0,0
2023,GORIŠKA,15 01 01,Paper and Cardboard Packaging (15 01 01),Packaging Waste,"R_12, R_13",15 01 01,Paper and Cardboard Packaging (15 01 01),Packaging Waste,undefined,15.966,0,0,0,0,0
2023,GORIŠKA,15 01 01,Paper and Cardboard Packaging (15 01 01),Packaging Waste,"R_12, R_13",19 12 01,Paper and Cardboard from Waste Treatment (19 12 01),Waste Treatment Residues,"R_12, R_13",0,0,0.117,0,0,0
2023,GORIŠKA,15 01 03,Wooden Packaging (15 01 03),Packaging Waste,"R_12, R_13",15 01 03,Wooden Packaging (15 01 03),Packaging Waste,R_03,0,0,716.74,0,0,0
2023,GORIŠKA,15 01 03,Wooden Packaging (15 01 03),Packaging Waste,"R_12, R_13",15 01 03,Wooden Packaging (15 01 03),Packaging Waste,"R_12, R_13",0,0,3.56,0,0,0
2023,GORIŠKA,15 01 03,Wooden Packaging (15 01 03),Packaging Waste,"R_12, R_13",19 12 07,Wood Waste from Treatment (not 19 12 06) (19 12 07),Waste Treatment Residues,undefined,2.975,0,0,0,0,0
2023,GORIŠKA,15 01 03,Wooden Packaging (15 01 03),Packaging Waste,"R_12, R_13",19 12 12,Other Mechanically Treated Waste (19 12 12),Waste Treatment Residues,"R_12, R_13",0,0,17.221,0,0,0
2023,GORIŠKA,16 02 11*,Discarded Equipment Containing Chlorofluorocarbons (16 02 11*),Miscellaneous Waste,R_12,15 01 03,Wooden Packaging (15 01 03),Packaging Waste,undefined,0,6.23,0,0,0,0
2023,GORIŠKA,16 02 16,Components Removed from Discarded Equipment (16 02 16),Miscellaneous Waste,R_12,15 01 03,Wooden Packaging (15 01 03),Packaging Waste,undefined,0,2.25,0,0,0,0
2023,GORIŠKA,16 02 16,Components Removed from Discarded Equipment (16 02 16),Miscellaneous Waste,R_12,19 12 01,Paper and Cardboard from Waste Treatment (19 12 01),Waste Treatment Residues,"R_12, R_13",0,0,3.28,0,0,0
2023,GORIŠKA,16 02 16,Components Removed from Discarded Equipment (16 02 16),Miscellaneous Waste,"R_12, R_13",19 12 01,Paper and Cardboard from Waste Treatment (19 12 01),Waste Treatment Residues,R_12,0,0,0.746,0,0,0
2023,GORIŠKA,16 03 04,Non-Hazardous Inorganic Wastes (16 03 04),Miscellaneous Waste,R_12,15 01 03,Wooden Packaging (15 01 03),Packaging Waste,undefined,0,2.3,0,0,0,0
2023,GORIŠKA,16 03 04,Non-Hazardous Inorganic Wastes (16 03 04),Miscellaneous Waste,R_12,19 12 01,Paper and Cardboard from Waste Treatment (19 12 01),Waste Treatment Residues,"R_12, R_13",0,0,8.798,0,0,0
2023,GORIŠKA,16 03 04,Non-Hazardous Inorganic Wastes (16 03 04),Miscellaneous Waste,"R_12, R_13",19 12 01,Paper and Cardboard from Waste Treatment (19 12 01),Waste Treatment Residues,undefined,0.387,0,0,0,0,0
2023,GORIŠKA,19 12 01,Paper and Cardboard from Waste Treatment (19 12 01),Waste Treatment Residues,BO,19 12 01,Paper and Cardboard from Waste Treatment (19 12 01),Waste Treatment Residues,R_12,0,0,5.363,0,0,0
2023,GORIŠKA,19 12 01,Paper and Cardboard from Waste Treatment (19 12 01),Waste Treatment Residues,R_12,19 12 01,Paper and Cardboard from Waste Treatment (19 12 01),Waste Treatment Residues,"R_12, R_13",0,0,9.762,0,0,0
2023,GORIŠKA,19 12 01,Paper and Cardboard from Waste Treatment (19 12 01),Waste Treatment Residues,"R_12, R_13",19 12 01,Paper and Cardboard from Waste Treatment (19 12 01),Waste Treatment Residues,"R_12, R_13",0,0,0.49,0,0,0
2023,GORIŠKA,19 12 01,Paper and Cardboard from Waste Treatment (19 12 01),Waste Treatment Residues,"R_12, R_13",19 12 01,Paper and Cardboard from Waste Treatment (19 12 01),Waste Treatment Residues,undefined,7.734,0,0,0,0,0
2023,GORIŠKA,20 01 01,Paper and Cardboard from Municipal Waste (20 01 01),Municipal Waste,R_12,20 01 01,Paper and Cardboard from Municipal Waste (20 01 01),Municipal Waste,R_03,0,0,608.128,0,0,0
2023,GORIŠKA,20 01 01,Paper and Cardboard from Municipal Waste (20 01 01),Municipal Waste,R_12,20 01 01,Paper and Cardboard from Municipal Waste (20 01 01),Municipal Waste,"R_12, R_13",0,0,878.161,0,0,0
2023,GORIŠKA,20 01 01,Paper and Cardboard from Municipal Waste (20 01 01),Municipal Waste,"R_12, R_13",19 12 01,Paper and Cardboard from Waste Treatment (19 12 01),Waste Treatment Residues,R_03,0,0,118.46,0,0,0
2023,GORIŠKA,20 01 01,Paper and Cardboard from Municipal Waste (20 01 01),Municipal Waste,"R_12, R_13",19 12 01,Paper and Cardboard from Waste Treatment (19 12 01),Waste Treatment Residues,"R_12, R_13",0,0,661.768,0,0,0
2023,GORIŠKA,20 01 01,Paper and Cardboard from Municipal Waste (20 01 01),Municipal Waste,"R_12, R_13",20 01 01,Paper and Cardboard from Municipal Waste (20 01 01),Municipal Waste,R_03,0,0,43.13,20.315,0,0
2023,GORIŠKA,20 01 01,Paper and Cardboard from Municipal Waste (20 01 01),Municipal Waste,"R_12, R_13",20 01 01,Paper and Cardboard from Municipal Waste (20 01 01),Municipal Waste,"R_12, R_13",0,0,1.169,0,0,0
2023,GORIŠKA,20 01 01,Paper and Cardboard from Municipal Waste (20 01 01),Municipal Waste,"R_12, R_13",20 01 01,Paper and Cardboard from Municipal Waste (20 01 01),Municipal Waste,undefined,7.379,0,0,0,0,0
2023,GORIŠKA,20 03 07,Bulky Municipal Waste (20 03 07),Municipal Waste,"R_12, R_13",19 12 12,Other Mechanically Treated Waste (19 12 12),Waste Treatment Residues,"R_12, R_13",0,0,4.989,0,0,0
2023,JUGOVZHODNA SLOVENIJA,03 01 05,Sawdust/Shavings/Cuttings (03 01 05),Wood/Paper Production Waste,"R_12, R_13",03 01 05,Sawdust/Shavings/Cuttings (03 01 05),Wood/Paper Production Waste,undefined,0,1558.85,0,0,0,0
2023,JUGOVZHODNA SLOVENIJA,03 01 05,Sawdust/Shavings/Cuttings (03 01 05),Wood/Paper Production Waste,"R_12, R_13",19 12 07,Wood Waste from Treatment (not 19 12 06) (19 12 07),Waste Treatment Residues,undefined,0,1638.13,0,0,0,0
2023,JUGOVZHODNA SLOVENIJA,03 01 05,Sawdust/Shavings/Cuttings (03 01 05),Wood/Paper Production Waste,"R_12, R_13",19 12 12,Other Mechanically Treated Waste (19 12 12),Waste Treatment Residues,R_12,0,0,249.629,0,0,0
2023,JUGOVZHODNA SLOVENIJA,03 03 08,Waste from Sorting of Paper and Cardboard for Recycling (03 03 08),Wood/Paper Production Waste,"R_12, R_13",19 12 01,Paper and Cardboard from Waste Treatment (19 12 01),Waste Treatment Residues,R_03,0,0,21.55,218.351,65.16,0
2023,JUGOVZHODNA SLOVENIJA,03 03 08,Waste from Sorting of Paper and Cardboard for Recycling (03 03 08),Wood/Paper Production Waste,"R_12, R_13",19 12 01,Paper and Cardboard from Waste Treatment (19 12 01),Waste Treatment Residues,"R_12, R_13",0,0,665.354,0,0,0
2023,JUGOVZHODNA SLOVENIJA,03 03 08,Waste from Sorting of Paper and Cardboard for Recycling (03 03 08),Wood/Paper Production Waste,"R_12, R_13",20 01 01,Paper and Cardboard from Municipal Waste (20 01 01),Municipal Waste,R_03,0,0,0,823.39,0,0
2023,JUGOVZHODNA SLOVENIJA,03 03 99,Other Unspecified Paper Waste (03 03 99),Wood/Paper Production Waste,"R_12, R_13",19 12 01,Paper and Cardboard from Waste Treatment (19 12 01),Waste Treatment Residues,R_03,0,0,0,10.732,0,0
2023,JUGOVZHODNA SLOVENIJA,07 02 13,Waste Plastics (07 02 13),Organic Chemical Waste,R_03,15 01 01,Paper and Cardboard Packaging (15 01 01),Packaging Waste,R_03,0,0,113.1,0,0,0
2023,JUGOVZHODNA SLOVENIJA,07 02 13,Waste Plastics (07 02 13),Organic Chemical Waste,R_03,15 01 03,Wooden Packaging (15 01 03),Packaging Waste,R_03,0,0,38.81,0,0,0
2023,JUGOVZHODNA SLOVENIJA,15 01 01,Paper and Cardboard Packaging (15 01 01),Packaging Waste,"R_12, R_13",15 01 01,Paper and Cardboard Packaging (15 01 01),Packaging Waste,R_03,0,0,0,4863.031,24.07,0
2023,JUGOVZHODNA SLOVENIJA,15 01 01,Paper and Cardboard Packaging (15 01 01),Packaging Waste,"R_12, R_13",15 01 01,Paper and Cardboard Packaging (15 01 01),Packaging Waste,R_12,0,0,590.814,0,0,0
2023,JUGOVZHODNA SLOVENIJA,15 01 01,Paper and Cardboard Packaging (15 01 01),Packaging Waste,"R_12, R_13",15 01 01,Paper and Cardboard Packaging (15 01 01),Packaging Waste,undefined,151.987,0,0,0,0,0
2023,JUGOVZHODNA SLOVENIJA,15 01 01,Paper and Cardboard Packaging (15 01 01),Packaging Waste,"R_12, R_13",19 12 01,Paper and Cardboard from Waste Treatment (19 12 01),Waste Treatment Residues,R_03,0,0,634.283,75.64,0.54,0
2023,JUGOVZHODNA SLOVENIJA,15 01 01,Paper and Cardboard Packaging (15 01 01),Packaging Waste,"R_12, R_13",19 12 01,Paper and Cardboard from Waste Treatment (19 12 01),Waste Treatment Residues,"R_12, R_13",0,0,38.5,0,0,0
2023,JUGOVZHODNA SLOVENIJA,15 01 01,Paper and Cardboard Packaging (15 01 01),Packaging Waste,"R_12, R_13",19 12 01,Paper and Cardboard from Waste Treatment (19 12 01),Waste Treatment Residues,undefined,80.417,0,0,0,0,0
2023,JUGOVZHODNA SLOVENIJA,15 01 01,Paper and Cardboard Packaging (15 01 01),Packaging Waste,"R_12, R_13",19 12 12,Other Mechanically Treated Waste (19 12 12),Waste Treatment Residues,R_12,0,0,86.307,0,0,0
2023,JUGOVZHODNA SLOVENIJA,15 01 01,Paper and Cardboard Packaging (15 01 01),Packaging Waste,"R_12, R_13",20 01 01,Paper and Cardboard from Municipal Waste (20 01 01),Municipal Waste,R_03,0,0,0,33.455,0,0
2023,JUGOVZHODNA SLOVENIJA,15 01 01,Paper and Cardboard Packaging (15 01 01),Packaging Waste,"R_12, R_13",20 01 01,Paper and Cardboard from Municipal Waste (20 01 01),Municipal Waste,undefined,58.049,0,0,0,0,0
2023,JUGOVZHODNA SLOVENIJA,15 01 03,Wooden Packaging (15 01 03),Packaging Waste,"R_12, R_13",15 01 03,Wooden Packaging (15 01 03),Packaging Waste,R_03,0,0,465.78,0,0,0
2023,JUGOVZHODNA SLOVENIJA,15 01 03,Wooden Packaging (15 01 03),Packaging Waste,"R_12, R_13",15 01 03,Wooden Packaging (15 01 03),Packaging Waste,"R_12, R_13",0,0,1828.421,0,0,0
2023,JUGOVZHODNA SLOVENIJA,15 01 03,Wooden Packaging (15 01 03),Packaging Waste,"R_12, R_13",19 12 07,Wood Waste from Treatment (not 19 12 06) (19 12 07),Waste Treatment Residues,undefined,0,34.92,0,0,0,0
2023,JUGOVZHODNA SLOVENIJA,15 01 03,Wooden Packaging (15 01 03),Packaging Waste,"R_12, R_13",19 12 12,Other Mechanically Treated Waste (19 12 12),Waste Treatment Residues,"R_12, R_13",0,0,86.975,0,0,0
2023,JUGOVZHODNA SLOVENIJA,17 02 01,Construction Wood Waste (17 02 01),Construction/Demolition Waste,"R_12, R_13",19 12 12,Other Mechanically Treated Waste (19 12 12),Waste Treatment Residues,R_12,0,0,293.058,0,0,0
2023,JUGOVZHODNA SLOVENIJA,19 12 01,Paper and Cardboard from Waste Treatment (19 12 01),Waste Treatment Residues,"R_12, R_13",19 12 01,Paper and Cardboard from Waste Treatment (19 12 01),Waste Treatment Residues,R_03,0,0,0,0,22.98,0
2023,JUGOVZHODNA SLOVENIJA,19 12 01,Paper and Cardboard from Waste Treatment (19 12 01),Waste Treatment Residues,"R_12, R_13",19 12 01,Paper and Cardboard from Waste Treatment (19 12 01),Waste Treatment Residues,undefined,0.52,0,0,0,0,0
2023,JUGOVZHODNA SLOVENIJA,19 12 07,Wood Waste from Treatment (not 19 12 06) (19 12 07),Waste Treatment Residues,"R_12, R_13",19 12 07,Wood Waste from Treatment (not 19 12 06) (19 12 07),Waste Treatment Residues,undefined,0,1.56,0,0,0,0
2023,JUGOVZHODNA SLOVENIJA,20 01 01,Paper and Cardboard from Municipal Waste (20 01 01),Municipal Waste,"R_12, R_13",19 12 01,Paper and Cardboard from Waste Treatment (19 12 01),Waste Treatment Residues,R_03,0,0,294.963,568.379,0,0
2023,JUGOVZHODNA SLOVENIJA,20 01 01,Paper and Cardboard from Municipal Waste (20 01 01),Municipal Waste,"R_12, R_13",20 01 01,Paper and Cardboard from Municipal Waste (20 01 01),Municipal Waste,R_03,0,0,820.628,607.9,0,0
2023,JUGOVZHODNA SLOVENIJA,20 01 38,Non-hazardous Wood from Municipal Waste (20 01 38),Municipal Waste,"R_12, R_13",20 01 38,Non-hazardous Wood from Municipal Waste (20 01 38),Municipal Waste,"R_12, R_13",0,0,19.41,0,0,0
2023,JUGOVZHODNA SLOVENIJA,20 01 38,Non-hazardous Wood from Municipal Waste (20 01 38),Municipal Waste,"R_12, R_13",20 01 38,Non-hazardous Wood from Municipal Waste (20 01 38),Municipal Waste,undefined,0,16.82,0,0,0,0
2023,JUGOVZHODNA SLOVENIJA,20 03 07,Bulky Municipal Waste (20 03 07),Municipal Waste,D_01,20 03 07,Bulky Municipal Waste (20 03 07),Municipal Waste,undefined,0,0,0,0,0,11354.86
2023,JUGOVZHODNA SLOVENIJA,20 03 07,Bulky Municipal Waste (20 03 07),Municipal Waste,R_12,16 01 03,End-of-Life Tyres (16 01 03),Miscellaneous Waste,undefined,0,1.52,0,0,0,0
2023,JUGOVZHODNA SLOVENIJA,20 03 07,Bulky Municipal Waste (20 03 07),Municipal Waste,R_12,20 01 23*,Discarded Equipment Containing CFCs (20 01 23*),Municipal Waste,undefined,0,22.64,0,0,0,0
2023,JUGOVZHODNA SLOVENIJA,20 03 07,Bulky Municipal Waste (20 03 07),Municipal Waste,R_12,20 01 35*,Hazardous Waste Electrical Equipment (20 01 35*),Municipal Waste,undefined,0,6.76,0,0,0,0
2023,JUGOVZHODNA SLOVENIJA,20 03 07,Bulky Municipal Waste (20 03 07),Municipal Waste,R_12,20 01 36,Non-Hazardous Waste Electrical Equipment (20 01 36),Municipal Waste,"R_12, R_13",0,0,32.16,0,0,0
2023,JUGOVZHODNA SLOVENIJA,20 03 07,Bulky Municipal Waste (20 03 07),Municipal Waste,R_12,20 01 36,Non-Hazardous Waste Electrical Equipment (20 01 36),Municipal Waste,undefined,0,35.12,0,0,0,0
2023,JUGOVZHODNA SLOVENIJA,20 03 07,Bulky Municipal Waste (20 03 07),Municipal Waste,R_12,20 01 38,Non-hazardous Wood from Municipal Waste (20 01 38),Municipal Waste,"R_12, R_13",0,0,98.56,0,0,0
2023,JUGOVZHODNA SLOVENIJA,20 03 07,Bulky Municipal Waste (20 03 07),Municipal Waste,"R_12, R_13",19 12 12,Other Mechanically Treated Waste (19 12 12),Waste Treatment Residues,D_01,0,0,4.989,0,0,0
2023,JUGOVZHODNA SLOVENIJA,20 03 07,Bulky Municipal Waste (20 03 07),Municipal Waste,"R_12, R_13",19 12 12,Other Mechanically Treated Waste (19 12 12),Waste Treatment Residues,R_12,0,0,22.715,0,0,0
2023,JUGOVZHODNA SLOVENIJA,20 03 07,Bulky Municipal Waste (20 03 07),Municipal Waste,"R_12, R_13",20 01 40,Metals from Municipal Waste (20 01 40),Municipal Waste,undefined,0,48.34,0,0,0,0
2023,JUGOVZHODNA SLOVENIJA,20 03 07,Bulky Municipal Waste (20 03 07),Municipal Waste,"R_12, R_13",20 03 07,Bulky Municipal Waste (20 03 07),Municipal Waste,"R_12, R_13",0,0,1442.81,0,0,0
2023,JUGOVZHODNA SLOVENIJA,20 03 07,Bulky Municipal Waste (20 03 07),Municipal Waste,"R_12, R_13",20 03 07,Bulky Municipal Waste (20 03 07),Municipal Waste,undefined,135.09,0,0,0,0,0
2023,KOROŠKA,03 01 05,Sawdust/Shavings/Cuttings (03 01 05),Wood/Paper Production Waste,R_01,03 01 05,Sawdust/Shavings/Cuttings (03 01 05),Wood/Paper Production Waste,D_01,0,0,8.12,0,0,0
2023,KOROŠKA,03 03 99,Other Unspecified Paper Waste (03 03 99),Wood/Paper Production Waste,"R_12, R_13",19 12 01,Paper and Cardboard from Waste Treatment (19 12 01),Waste Treatment Residues,R_03,0,0,131.164,0,0,0
2023,KOROŠKA,15 01 01,Paper and Cardboard Packaging (15 01 01),Packaging Waste,"R_12, R_13",15 01 01,Paper and Cardboard Packaging (15 01 01),Packaging Waste,R_03,0,0,0,1069.665,0,0
2023,KOROŠKA,15 01 01,Paper and Cardboard Packaging (15 01 01),Packaging Waste,"R_12, R_13",15 01 01,Paper and Cardboard Packaging (15 01 01),Packaging Waste,undefined,0,51.945,0,0,0,0
2023,KOROŠKA,15 01 01,Paper and Cardboard Packaging (15 01 01),Packaging Waste,"R_12, R_13",19 12 12,Other Mechanically Treated Waste (19 12 12),Waste Treatment Residues,"D_08,09",0,0,7.8,0,0,0
2023,KOROŠKA,15 01 01,Paper and Cardboard Packaging (15 01 01),Packaging Waste,"R_12, R_13",20 01 01,Paper and Cardboard from Municipal Waste (20 01 01),Municipal Waste,R_03,0,0,0,32.666,0,0
2023,KOROŠKA,15 01 03,Wooden Packaging (15 01 03),Packaging Waste,"R_12, R_13",15 01 03,Wooden Packaging (15 01 03),Packaging Waste,R_03,0,0,301.94,0,0,0
2023,KOROŠKA,15 01 06,Mixed Packaging (15 01 06),Packaging Waste,"R_12, R_13",15 01 01,Paper and Cardboard Packaging (15 01 01),Packaging Waste,R_03,0,0,0,95.72,0,0
2023,KOROŠKA,15 01 06,Mixed Packaging (15 01 06),Packaging Waste,"R_12, R_13",15 01 01,Paper and Cardboard Packaging (15 01 01),Packaging Waste,undefined,0,46.48,0,0,0,0
2023,KOROŠKA,15 01 06,Mixed Packaging (15 01 06),Packaging Waste,"R_12, R_13",20 01 01,Paper and Cardboard from Municipal Waste (20 01 01),Municipal Waste,undefined,0,138.522,0,0,0,0
2023,KOROŠKA,20 01 01,Paper and Cardboard from Municipal Waste (20 01 01),Municipal Waste,"R_12, R_13",19 12 01,Paper and Cardboard from Waste Treatment (19 12 01),Waste Treatment Residues,R_03,0,0,778.3,0,0,0
2023,KOROŠKA,20 01 01,Paper and Cardboard from Municipal Waste (20 01 01),Municipal Waste,"R_12, R_13",20 01 01,Paper and Cardboard from Municipal Waste (20 01 01),Municipal Waste,R_03,0,0,0,16.498,0,0
2023,KOROŠKA,20 01 01,Paper and Cardboard from Municipal Waste (20 01 01),Municipal Waste,"R_12, R_13",20 01 01,Paper and Cardboard from Municipal Waste (20 01 01),Municipal Waste,undefined,0,414,0,0,0,0
2023,KOROŠKA,20 03 07,Bulky Municipal Waste (20 03 07),Municipal Waste,"R_12, R_13",19 12 12,Other Mechanically Treated Waste (19 12 12),Waste Treatment Residues,D_01,0,0,1683.28,0,0,0
2023,KOROŠKA,20 03 07,Bulky Municipal Waste (20 03 07),Municipal Waste,"R_12, R_13",19 12 12,Other Mechanically Treated Waste (19 12 12),Waste Treatment Residues,"D_08,09",0,0,755.667,0,0,0
2023,KOROŠKA,20 03 07,Bulky Municipal Waste (20 03 07),Municipal Waste,"R_12, R_13",20 01 38,Non-hazardous Wood from Municipal Waste (20 01 38),Municipal Waste,R_03,0,0,1700.38,0,0,0
2023,KOROŠKA,20 03 07,Bulky Municipal Waste (20 03 07),Municipal Waste,"R_12, R_13",20 01 40,Metals from Municipal Waste (20 01 40),Municipal Waste,"R_12, R_13",0,0,154.78,0,0,0
2023,KOROŠKA,20 03 07,Bulky Municipal Waste (20 03 07),Municipal Waste,"R_12, R_13",20 01 40,Metals from Municipal Waste (20 01 40),Municipal Waste,undefined,0,146.528,0,0,0,0
2023,OBALNO-KRAŠKA,03 01 05,Sawdust/Shavings/Cuttings (03 01 05),Wood/Paper Production Waste,"R_12, R_13",17 02 01,Construction Wood Waste (17 02 01),Construction/Demolition Waste,R_03,0,0,187.685,0,0,0
2023,OBALNO-KRAŠKA,03 01 99,Other Unspecified Wood Waste (03 01 99),Wood/Paper Production Waste,"R_12, R_13",17 02 01,Construction Wood Waste (17 02 01),Construction/Demolition Waste,R_03,0,0,51.325,0,0,0
2023,OBALNO-KRAŠKA,03 03 08,Waste from Sorting of Paper and Cardboard for Recycling (03 03 08),Wood/Paper Production Waste,"R_12, R_13",19 12 01,Paper and Cardboard from Waste Treatment (19 12 01),Waste Treatment Residues,R_03,0,0,0,60.56,0,0
2023,OBALNO-KRAŠKA,03 03 08,Waste from Sorting of Paper and Cardboard for Recycling (03 03 08),Wood/Paper Production Waste,"R_12, R_13",19 12 01,Paper and Cardboard from Waste Treatment (19 12 01),Waste Treatment Residues,"R_12, R_13",0,0,92.02,0,0,0
2023,OBALNO-KRAŠKA,15 01 01,Paper and Cardboard Packaging (15 01 01),Packaging Waste,"R_12, R_13",15 01 01,Paper and Cardboard Packaging (15 01 01),Packaging Waste,R_03,0,0,0,1695.127,0,0
2023,OBALNO-KRAŠKA,15 01 01,Paper and Cardboard Packaging (15 01 01),Packaging Waste,"R_12, R_13",15 01 01,Paper and Cardboard Packaging (15 01 01),Packaging Waste,undefined,55.031,0,0,0,0,0
2023,OBALNO-KRAŠKA,15 01 01,Paper and Cardboard Packaging (15 01 01),Packaging Waste,"R_12, R_13",19 12 01,Paper and Cardboard from Waste Treatment (19 12 01),Waste Treatment Residues,"R_12, R_13",0,0,48.963,0,0,0
2023,OBALNO-KRAŠKA,15 01 01,Paper and Cardboard Packaging (15 01 01),Packaging Waste,"R_12, R_13",19 12 01,Paper and Cardboard from Waste Treatment (19 12 01),Waste Treatment Residues,undefined,34.84,0,0,0,0,0
2023,OBALNO-KRAŠKA,15 01 02,Plastic Packaging (15 01 02),Packaging Waste,R_03,15 01 03,Wooden Packaging (15 01 03),Packaging Waste,R_03,0,0,0,3.64,0,0
2023,OBALNO-KRAŠKA,15 01 02,Plastic Packaging (15 01 02),Packaging Waste,R_03,15 01 03,Wooden Packaging (15 01 03),Packaging Waste,"R_12, R_13",0,0,5.96,0,0,0
2023,OBALNO-KRAŠKA,15 01 02,Plastic Packaging (15 01 02),Packaging Waste,R_03,15 01 03,Wooden Packaging (15 01 03),Packaging Waste,undefined,0,1.916,0,0,0,0
2023,OBALNO-KRAŠKA,15 01 03,Wooden Packaging (15 01 03),Packaging Waste,"R_12, R_13",15 01 03,Wooden Packaging (15 01 03),Packaging Waste,R_03,0,0,469.109,0,0,0
2023,OBALNO-KRAŠKA,15 01 03,Wooden Packaging (15 01 03),Packaging Waste,"R_12, R_13",15 01 03,Wooden Packaging (15 01 03),Packaging Waste,undefined,11.59,0,0,0,0,0
2023,OBALNO-KRAŠKA,15 01 03,Wooden Packaging (15 01 03),Packaging Waste,"R_12, R_13",19 12 07,Wood Waste from Treatment (not 19 12 06) (19 12 07),Waste Treatment Residues,undefined,0,40.64,0,0,0,0
2023,OBALNO-KRAŠKA,15 01 05,Composite Packaging (15 01 05),Packaging Waste,"R_12, R_13",19 12 01,Paper and Cardboard from Waste Treatment (19 12 01),Waste Treatment Residues,R_03,0,0,0,2.27,0,0
2023,OBALNO-KRAŠKA,17 02 01,Construction Wood Waste (17 02 01),Construction/Demolition Waste,BO,17 02 01,Construction Wood Waste (17 02 01),Construction/Demolition Waste,undefined,8.4,0,0,0,0,0
2023,OBALNO-KRAŠKA,17 02 01,Construction Wood Waste (17 02 01),Construction/Demolition Waste,"R_12, R_13",15 01 03,Wooden Packaging (15 01 03),Packaging Waste,R_03,0,0,99.41,0,0,0
2023,OBALNO-KRAŠKA,19 12 01,Paper and Cardboard from Waste Treatment (19 12 01),Waste Treatment Residues,"R_12, R_13",19 12 01,Paper and Cardboard from Waste Treatment (19 12 01),Waste Treatment Residues,"R_12, R_13",0,0,13.29,0,0,0
2023,OBALNO-KRAŠKA,19 12 07,Wood Waste from Treatment (not 19 12 06) (19 12 07),Waste Treatment Residues,"R_12, R_13",19 12 07,Wood Waste from Treatment (not 19 12 06) (19 12 07),Waste Treatment Residues,undefined,10.87,0,0,0,0,0
2023,OBALNO-KRAŠKA,20 01 01,Paper and Cardboard from Municipal Waste (20 01 01),Municipal Waste,"R_12, R_13",19 12 01,Paper and Cardboard from Waste Treatment (19 12 01),Waste Treatment Residues,"R_12, R_13",0,0,227.576,0,0,0
2023,OBALNO-KRAŠKA,20 01 01,Paper and Cardboard from Municipal Waste (20 01 01),Municipal Waste,"R_12, R_13",20 01 01,Paper and Cardboard from Municipal Waste (20 01 01),Municipal Waste,R_03,0,0,156.283,48.09,0,0
2023,OBALNO-KRAŠKA,20 01 01,Paper and Cardboard from Municipal Waste (20 01 01),Municipal Waste,"R_12, R_13",20 01 01,Paper and Cardboard from Municipal Waste (20 01 01),Municipal Waste,R_04,0,0,0,23.626,0,0
2023,OBALNO-KRAŠKA,20 01 01,Paper and Cardboard from Municipal Waste (20 01 01),Municipal Waste,"R_12, R_13",20 01 01,Paper and Cardboard from Municipal Waste (20 01 01),Municipal Waste,undefined,51.436,0,0,0,0,0
2023,OBALNO-KRAŠKA,20 01 38,Non-hazardous Wood from Municipal Waste (20 01 38),Municipal Waste,"R_12, R_13",15 01 03,Wooden Packaging (15 01 03),Packaging Waste,R_03,0,0,204.611,0,0,0
2023,OBALNO-KRAŠKA,20 01 38,Non-hazardous Wood from Municipal Waste (20 01 38),Municipal Waste,"R_12, R_13",19 12 07,Wood Waste from Treatment (not 19 12 06) (19 12 07),Waste Treatment Residues,undefined,5.524,0,0,0,0,0
2023,OBALNO-KRAŠKA,20 03 07,Bulky Municipal Waste (20 03 07),Municipal Waste,"R_12, R_13",19 12 12,Other Mechanically Treated Waste (19 12 12),Waste Treatment Residues,R_12,0,0,45.079,0,0,0
2023,OSREDNJESLOVENSKA,03 01 05,Sawdust/Shavings/Cuttings (03 01 05),Wood/Paper Production Waste,R_01,10 01 15,"Ash, slag and boiler dust from co-incineration plants other than those mentioned in 10 01 14 (10 01 15)",Thermal Process Waste,D_10,0,0,6.76,0,0,0
2023,OSREDNJESLOVENSKA,03 01 05,Sawdust/Shavings/Cuttings (03 01 05),Wood/Paper Production Waste,R_03,03 01 05,Sawdust/Shavings/Cuttings (03 01 05),Wood/Paper Production Waste,undefined,0,0,0,0,0,0
2023,OSREDNJESLOVENSKA,03 01 05,Sawdust/Shavings/Cuttings (03 01 05),Wood/Paper Production Waste,R_03,19 12 07,Wood Waste from Treatment (not 19 12 06) (19 12 07),Waste Treatment Residues,R_01,0,0,0,631.46,0,0
2023,OSREDNJESLOVENSKA,03 01 05,Sawdust/Shavings/Cuttings (03 01 05),Wood/Paper Production Waste,R_03,19 12 07,Wood Waste from Treatment (not 19 12 06) (19 12 07),Waste Treatment Residues,R_03,0,0,0,258.08,0,0
2023,OSREDNJESLOVENSKA,03 01 05,Sawdust/Shavings/Cuttings (03 01 05),Wood/Paper Production Waste,R_12,19 12 12,Other Mechanically Treated Waste (19 12 12),Waste Treatment Residues,"R_12, R_13",0,0,17.98,0,0,0
2023,OSREDNJESLOVENSKA,03 01 05,Sawdust/Shavings/Cuttings (03 01 05),Wood/Paper Production Waste,"R_12, R_13",19 12 07,Wood Waste from Treatment (not 19 12 06) (19 12 07),Waste Treatment Residues,R_03,0,0,0,1525.02,0,0
2023,OSREDNJESLOVENSKA,03 03 01,Bark and Wood Waste from Pulp/Paper Production (03 03 01),Wood/Paper Production Waste,R_12,19 12 07,Wood Waste from Treatment (not 19 12 06) (19 12 07),Waste Treatment Residues,R_01,0,0,21.78,0,0,0
2023,OSREDNJESLOVENSKA,03 03 01,Bark and Wood Waste from Pulp/Paper Production (03 03 01),Wood/Paper Production Waste,"R_12, R_13",19 12 12,Other Mechanically Treated Waste (19 12 12),Waste Treatment Residues,R_12,0,0,20.718,0,0,0
2023,OSREDNJESLOVENSKA,03 03 08,Waste from Sorting of Paper and Cardboard for Recycling (03 03 08),Wood/Paper Production Waste,BO,03 03 08,Waste from Sorting of Paper and Cardboard for Recycling (03 03 08),Wood/Paper Production Waste,undefined,2144.83,0,0,0,0,0
2023,OSREDNJESLOVENSKA,03 03 08,Waste from Sorting of Paper and Cardboard for Recycling (03 03 08),Wood/Paper Production Waste,R_03,03 03 10,Fiber Rejects and Sludge from Mechanical Separation (03 03 10),Wood/Paper Production Waste,R_03,0,0,1186,0,0,0
2023,OSREDNJESLOVENSKA,03 03 08,Waste from Sorting of Paper and Cardboard for Recycling (03 03 08),Wood/Paper Production Waste,"R_12, R_13",03 03 08,Waste from Sorting of Paper and Cardboard for Recycling (03 03 08),Wood/Paper Production Waste,"R_12, R_13",0,0,42.98,0,0,0
2023,OSREDNJESLOVENSKA,03 03 08,Waste from Sorting of Paper and Cardboard for Recycling (03 03 08),Wood/Paper Production Waste,"R_12, R_13",15 01 01,Paper and Cardboard Packaging (15 01 01),Packaging Waste,R_03,0,0,0,661.19,0,0
2023,OSREDNJESLOVENSKA,03 03 08,Waste from Sorting of Paper and Cardboard for Recycling (03 03 08),Wood/Paper Production Waste,"R_12, R_13",19 12 01,Paper and Cardboard from Waste Treatment (19 12 01),Waste Treatment Residues,R_03,0,0,6428.09,0,0,0
2023,OSREDNJESLOVENSKA,03 03 08,Waste from Sorting of Paper and Cardboard for Recycling (03 03 08),Wood/Paper Production Waste,"R_12, R_13",19 12 01,Paper and Cardboard from Waste Treatment (19 12 01),Waste Treatment Residues,"R_12, R_13",0,0,118.337,0,0,0
2023,OSREDNJESLOVENSKA,03 03 08,Waste from Sorting of Paper and Cardboard for Recycling (03 03 08),Wood/Paper Production Waste,"R_12, R_13",19 12 12,Other Mechanically Treated Waste (19 12 12),Waste Treatment Residues,R_01,0,0,0,53.64,0,0
2023,OSREDNJESLOVENSKA,03 03 08,Waste from Sorting of Paper and Cardboard for Recycling (03 03 08),Wood/Paper Production Waste,"R_12, R_13",19 12 12,Other Mechanically Treated Waste (19 12 12),Waste Treatment Residues,R_12,0,0,1326.085,0,0,0
2023,OSREDNJESLOVENSKA,03 03 99,Other Unspecified Paper Waste (03 03 99),Wood/Paper Production Waste,"R_12, R_13",19 12 01,Paper and Cardboard from Waste Treatment (19 12 01),Waste Treatment Residues,R_03,0,0,122.76,0,0,0
2023,OSREDNJESLOVENSKA,08 01 11*,Waste Paints and Varnishes Containing Hazardous Substances (08 01 11*),Surface Treatment Waste,R_12,19 12 07,Wood Waste from Treatment (not 19 12 06) (19 12 07),Waste Treatment Residues,"R_12, R_13",0,0,57.98,0,0,0
2023,OSREDNJESLOVENSKA,14 06 03*,Other Solvents and Solvent Mixtures (14 06 03*),Solvent/Refrigerant Waste,D_13,19 12 07,Wood Waste from Treatment (not 19 12 06) (19 12 07),Waste Treatment Residues,undefined,10.932,0,0,0,0,0
2023,OSREDNJESLOVENSKA,15 01 01,Paper and Cardboard Packaging (15 01 01),Packaging Waste,R_03,03 03 07,Mechanically Separated Rejects from Pulping (03 03 07),Wood/Paper Production Waste,R_12,0,0,156.823,0,0,0
2023,OSREDNJESLOVENSKA,15 01 01,Paper and Cardboard Packaging (15 01 01),Packaging Waste,R_03,03 03 08,Waste from Sorting of Paper and Cardboard for Recycling (03 03 08),Wood/Paper Production Waste,"R_12, R_13",0,0,1.66,0,0,0
2023,OSREDNJESLOVENSKA,15 01 01,Paper and Cardboard Packaging (15 01 01),Packaging Waste,"R_12, R_13",15 01 01,Paper and Cardboard Packaging (15 01 01),Packaging Waste,R_03,0,0,506.121,18370.128,17405.429,0
2023,OSREDNJESLOVENSKA,15 01 01,Paper and Cardboard Packaging (15 01 01),Packaging Waste,"R_12, R_13",15 01 01,Paper and Cardboard Packaging (15 01 01),Packaging Waste,R_12,0,0,252.845,0,0,0
2023,OSREDNJESLOVENSKA,15 01 01,Paper and Cardboard Packaging (15 01 01),Packaging Waste,"R_12, R_13",15 01 01,Paper and Cardboard Packaging (15 01 01),Packaging Waste,"R_12, R_13",0,0,2085.462,0,0,0
2023,OSREDNJESLOVENSKA,15 01 01,Paper and Cardboard Packaging (15 01 01),Packaging Waste,"R_12, R_13",15 01 01,Paper and Cardboard Packaging (15 01 01),Packaging Waste,undefined,129.938,0,0,0,0,0
2023,OSREDNJESLOVENSKA,15 01 01,Paper and Cardboard Packaging (15 01 01),Packaging Waste,"R_12, R_13",19 12 01,Paper and Cardboard from Waste Treatment (19 12 01),Waste Treatment Residues,R_03,0,0,3074.043,0,11325.353,0
2023,OSREDNJESLOVENSKA,15 01 01,Paper and Cardboard Packaging (15 01 01),Packaging Waste,"R_12, R_13",19 12 01,Paper and Cardboard from Waste Treatment (19 12 01),Waste Treatment Residues,"R_12, R_13",0,0,1155.273,0,0,0
2023,OSREDNJESLOVENSKA,15 01 01,Paper and Cardboard Packaging (15 01 01),Packaging Waste,R_13,15 01 01,Paper and Cardboard Packaging (15 01 01),Packaging Waste,"R_12, R_13",0,0,424.937,0,0,0
2023,OSREDNJESLOVENSKA,15 01 02,Plastic Packaging (15 01 02),Packaging Waste,R_03,15 01 01,Paper and Cardboard Packaging (15 01 01),Packaging Waste,R_03,0,0,5.34,0,0,0
2023,OSREDNJESLOVENSKA,15 01 03,Wooden Packaging (15 01 03),Packaging Waste,PU,15 01 03,Wooden Packaging (15 01 03),Packaging Waste,PU,0,0,0.6,0,0,0
2023,OSREDNJESLOVENSKA,15 01 03,Wooden Packaging (15 01 03),Packaging Waste,R_01,12 01 02,Iron Dust and Particles (12 01 02),Metal/Plastic Processing Waste,"R_12, R_13",0,0,2.63,0,0,0
2023,OSREDNJESLOVENSKA,15 01 03,Wooden Packaging (15 01 03),Packaging Waste,R_03,19 12 07,Wood Waste from Treatment (not 19 12 06) (19 12 07),Waste Treatment Residues,R_03,0,0,0,10585.153,0,0
2023,OSREDNJESLOVENSKA,15 01 03,Wooden Packaging (15 01 03),Packaging Waste,"R_12, R_13",15 01 03,Wooden Packaging (15 01 03),Packaging Waste,R_03,0,0,2559.63,0,0,0
2023,OSREDNJESLOVENSKA,15 01 03,Wooden Packaging (15 01 03),Packaging Waste,"R_12, R_13",15 01 03,Wooden Packaging (15 01 03),Packaging Waste,"R_12, R_13",0,0,93.228,0,0,0
2023,OSREDNJESLOVENSKA,15 01 03,Wooden Packaging (15 01 03),Packaging Waste,"R_12, R_13",15 01 03,Wooden Packaging (15 01 03),Packaging Waste,undefined,68.422,0,0,0,0,0
2023,OSREDNJESLOVENSKA,15 01 03,Wooden Packaging (15 01 03),Packaging Waste,"R_12, R_13",19 12 02,Ferrous Metals from Mechanical Treatment (19 12 02),Waste Treatment Residues,R_04,0,0,82.283,0,0,0
2023,OSREDNJESLOVENSKA,15 01 03,Wooden Packaging (15 01 03),Packaging Waste,"R_12, R_13",19 12 07,Wood Waste from Treatment (not 19 12 06) (19 12 07),Waste Treatment Residues,R_03,0,0,0,4034.408,0,0
2023,OSREDNJESLOVENSKA,15 01 03,Wooden Packaging (15 01 03),Packaging Waste,"R_12, R_13",19 12 12,Other Mechanically Treated Waste (19 12 12),Waste Treatment Residues,R_12,0,0,154.281,0,0,0
2023,OSREDNJESLOVENSKA,15 01 03,Wooden Packaging (15 01 03),Packaging Waste,"R_12, R_13",19 12 12,Other Mechanically Treated Waste (19 12 12),Waste Treatment Residues,"R_12, R_13",0,0,1.315,0,0,0
2023,OSREDNJESLOVENSKA,15 01 03,Wooden Packaging (15 01 03),Packaging Waste,"R_12, R_13",20 01 38,Non-hazardous Wood from Municipal Waste (20 01 38),Municipal Waste,"R_12, R_13",0,0,35.38,0,0,0
2023,OSREDNJESLOVENSKA,15 01 03,Wooden Packaging (15 01 03),Packaging Waste,R_13,15 01 03,Wooden Packaging (15 01 03),Packaging Waste,R_03,0,0,100.75,173.005,0,0
2023,OSREDNJESLOVENSKA,15 01 03,Wooden Packaging (15 01 03),Packaging Waste,R_13,15 01 03,Wooden Packaging (15 01 03),Packaging Waste,"R_12, R_13",0,0,24.175,0,0,0
2023,OSREDNJESLOVENSKA,15 01 05,Composite Packaging (15 01 05),Packaging Waste,"R_12, R_13",19 12 01,Paper and Cardboard from Waste Treatment (19 12 01),Waste Treatment Residues,R_03,0,0,191.44,0,0,0
2023,OSREDNJESLOVENSKA,15 01 05,Composite Packaging (15 01 05),Packaging Waste,"R_12, R_13",19 12 07,Wood Waste from Treatment (not 19 12 06) (19 12 07),Waste Treatment Residues,R_03,0,0,0,1.853,0,0
2023,OSREDNJESLOVENSKA,15 01 06,Mixed Packaging (15 01 06),Packaging Waste,"R_12, R_13",15 01 01,Paper and Cardboard Packaging (15 01 01),Packaging Waste,R_03,0,0,502.62,410.267,0,0
2023,OSREDNJESLOVENSKA,15 01 06,Mixed Packaging (15 01 06),Packaging Waste,"R_12, R_13",15 01 01,Paper and Cardboard Packaging (15 01 01),Packaging Waste,"R_12, R_13",0,0,105.31,0,0,0
2023,OSREDNJESLOVENSKA,15 01 06,Mixed Packaging (15 01 06),Packaging Waste,"R_12, R_13",15 01 01,Paper and Cardboard Packaging (15 01 01),Packaging Waste,undefined,13.982,0,0,0,0,0
2023,OSREDNJESLOVENSKA,15 01 06,Mixed Packaging (15 01 06),Packaging Waste,"R_12, R_13",20 03 07,Bulky Municipal Waste (20 03 07),Municipal Waste,"R_12, R_13",0,0,9.2,0,0,0
2023,OSREDNJESLOVENSKA,16 02 14,Discarded Equipment Not Otherwise Specified (16 02 14),Miscellaneous Waste,"R_12, R_13",15 01 01,Paper and Cardboard Packaging (15 01 01),Packaging Waste,"R_12, R_13",0,0,3.8,0,0,0
2023,OSREDNJESLOVENSKA,16 02 14,Discarded Equipment Not Otherwise Specified (16 02 14),Miscellaneous Waste,"R_12, R_13",20 01 38,Non-hazardous Wood from Municipal Waste (20 01 38),Municipal Waste,"R_12, R_13",0,0,15,0,0,0
2023,OSREDNJESLOVENSKA,16 03 06,Non-Hazardous Organic Wastes (16 03 06),Miscellaneous Waste,R_0301,15 01 01,Paper and Cardboard Packaging (15 01 01),Packaging Waste,"R_12, R_13",0,0,63.82,0,0,0
2023,OSREDNJESLOVENSKA,16 03 06,Non-Hazardous Organic Wastes (16 03 06),Miscellaneous Waste,R_0301,15 01 03,Wooden Packaging (15 01 03),Packaging Waste,R_03,0,0,64.84,0,0,0
2023,OSREDNJESLOVENSKA,16 03 06,Non-Hazardous Organic Wastes (16 03 06),Miscellaneous Waste,"R_12, R_13",15 01 01,Paper and Cardboard Packaging (15 01 01),Packaging Waste,"R_12, R_13",0,0,2.32,0,0,0
2023,OSREDNJESLOVENSKA,16 08 03,Spent Catalysts Containing Transition Metals (16 08 03),Miscellaneous Waste,R_12,19 12 07,Wood Waste from Treatment (not 19 12 06) (19 12 07),Waste Treatment Residues,undefined,8.93,0,0,0,0,0
2023,OSREDNJESLOVENSKA,17 02 01,Construction Wood Waste (17 02 01),Construction/Demolition Waste,R_03,19 12 07,Wood Waste from Treatment (not 19 12 06) (19 12 07),Waste Treatment Residues,R_03,0,0,0,2883.17,0,0
2023,OSREDNJESLOVENSKA,17 02 01,Construction Wood Waste (17 02 01),Construction/Demolition Waste,R_12,19 12 02,Ferrous Metals from Mechanical Treatment (19 12 02),Waste Treatment Residues,"R_12, R_13",0,0,20.89,0,0,0
2023,OSREDNJESLOVENSKA,17 02 01,Construction Wood Waste (17 02 01),Construction/Demolition Waste,R_12,19 12 03,Non-Ferrous Metals from Mechanical Treatment (19 12 03),Waste Treatment Residues,"R_12, R_13",0,0,0.868,0,0,0
2023,OSREDNJESLOVENSKA,17 02 01,Construction Wood Waste (17 02 01),Construction/Demolition Waste,R_12,19 12 07,Wood Waste from Treatment (not 19 12 06) (19 12 07),Waste Treatment Residues,R_01,0,0,89.88,0,0,0
2023,OSREDNJESLOVENSKA,17 02 01,Construction Wood Waste (17 02 01),Construction/Demolition Waste,R_12,19 12 07,Wood Waste from Treatment (not 19 12 06) (19 12 07),Waste Treatment Residues,R_03,0,0,37.07,0,0,0
2023,OSREDNJESLOVENSKA,17 02 01,Construction Wood Waste (17 02 01),Construction/Demolition Waste,R_12,20 01 38,Non-hazardous Wood from Municipal Waste (20 01 38),Municipal Waste,R_12,0,0,9.22,0,0,0
2023,OSREDNJESLOVENSKA,17 02 01,Construction Wood Waste (17 02 01),Construction/Demolition Waste,"R_12, R_13",17 02 01,Construction Wood Waste (17 02 01),Construction/Demolition Waste,R_03,0,0,604.92,0,0,0
2023,OSREDNJESLOVENSKA,17 02 01,Construction Wood Waste (17 02 01),Construction/Demolition Waste,"R_12, R_13",19 12 07,Wood Waste from Treatment (not 19 12 06) (19 12 07),Waste Treatment Residues,R_03,0,0,0,1037.911,0,0
2023,OSREDNJESLOVENSKA,17 02 01,Construction Wood Waste (17 02 01),Construction/Demolition Waste,"R_12, R_13",19 12 12,Other Mechanically Treated Waste (19 12 12),Waste Treatment Residues,R_12,0,0,233.161,0,0,0
2023,OSREDNJESLOVENSKA,17 02 01,Construction Wood Waste (17 02 01),Construction/Demolition Waste,R_13,15 01 03,Wooden Packaging (15 01 03),Packaging Waste,R_03,0,0,0,28.18,0,0
2023,OSREDNJESLOVENSKA,17 02 01,Construction Wood Waste (17 02 01),Construction/Demolition Waste,R_13,17 02 01,Construction Wood Waste (17 02 01),Construction/Demolition Waste,R_03,0,0,47.36,0,0,0
2023,OSREDNJESLOVENSKA,19 12 01,Paper and Cardboard from Waste Treatment (19 12 01),Waste Treatment Residues,BO,19 12 01,Paper and Cardboard from Waste Treatment (19 12 01),Waste Treatment Residues,undefined,4207.67,0,0,0,0,0
2023,OSREDNJESLOVENSKA,19 12 01,Paper and Cardboard from Waste Treatment (19 12 01),Waste Treatment Residues,R_03,03 03 07,Mechanically Separated Rejects from Pulping (03 03 07),Wood/Paper Production Waste,R_12,0,0,2195.519,0,0,0
2023,OSREDNJESLOVENSKA,19 12 01,Paper and Cardboard from Waste Treatment (19 12 01),Waste Treatment Residues,R_03,03 03 08,Waste from Sorting of Paper and Cardboard for Recycling (03 03 08),Wood/Paper Production Waste,"R_12, R_13",0,0,23.234,0,0,0
2023,OSREDNJESLOVENSKA,19 12 01,Paper and Cardboard from Waste Treatment (19 12 01),Waste Treatment Residues,"R_12, R_13",19 12 01,Paper and Cardboard from Waste Treatment (19 12 01),Waste Treatment Residues,R_03,0,0,437.342,923.717,1207.923,0
2023,OSREDNJESLOVENSKA,19 12 01,Paper and Cardboard from Waste Treatment (19 12 01),Waste Treatment Residues,"R_12, R_13",19 12 01,Paper and Cardboard from Waste Treatment (19 12 01),Waste Treatment Residues,"R_12, R_13",0,0,7869.082,0,0,0
2023,OSREDNJESLOVENSKA,19 12 01,Paper and Cardboard from Waste Treatment (19 12 01),Waste Treatment Residues,"R_12, R_13",19 12 12,Other Mechanically Treated Waste (19 12 12),Waste Treatment Residues,R_01,0,0,0,4.9,0,0
2023,OSREDNJESLOVENSKA,19 12 01,Paper and Cardboard from Waste Treatment (19 12 01),Waste Treatment Residues,R_13,19 12 01,Paper and Cardboard from Waste Treatment (19 12 01),Waste Treatment Residues,"R_12, R_13",0,0,91.85,0,0,0
2023,OSREDNJESLOVENSKA,19 12 04,Plastics and Rubber from Mechanical Treatment (19 12 04),Waste Treatment Residues,R_03,19 12 01,Paper and Cardboard from Waste Treatment (19 12 01),Waste Treatment Residues,R_01,0,0,88.6,0,0,0
2023,OSREDNJESLOVENSKA,19 12 07,Wood Waste from Treatment (not 19 12 06) (19 12 07),Waste Treatment Residues,R_03,19 12 07,Wood Waste from Treatment (not 19 12 06) (19 12 07),Waste Treatment Residues,R_03,0,0,0,3551.76,0,0
2023,OSREDNJESLOVENSKA,19 12 07,Wood Waste from Treatment (not 19 12 06) (19 12 07),Waste Treatment Residues,"R_12, R_13",19 12 07,Wood Waste from Treatment (not 19 12 06) (19 12 07),Waste Treatment Residues,R_03,0,0,0,63.86,0,0
2023,OSREDNJESLOVENSKA,19 12 07,Wood Waste from Treatment (not 19 12 06) (19 12 07),Waste Treatment Residues,"R_12, R_13",19 12 07,Wood Waste from Treatment (not 19 12 06) (19 12 07),Waste Treatment Residues,undefined,31,0,0,0,0,0
2023,OSREDNJESLOVENSKA,19 12 07,Wood Waste from Treatment (not 19 12 06) (19 12 07),Waste Treatment Residues,"R_12, R_13",19 12 12,Other Mechanically Treated Waste (19 12 12),Waste Treatment Residues,R_12,0,0,30.208,0,0,0
2023,OSREDNJESLOVENSKA,19 12 12,Other Mechanically Treated Waste (19 12 12),Waste Treatment Residues,"R_12, R_13",19 12 07,Wood Waste from Treatment (not 19 12 06) (19 12 07),Waste Treatment Residues,R_03,0,0,0,20.34,0,0
2023,OSREDNJESLOVENSKA,20 01 01,Paper and Cardboard from Municipal Waste (20 01 01),Municipal Waste,BO,20 01 01,Paper and Cardboard from Municipal Waste (20 01 01),Municipal Waste,undefined,1.296,0,0,0,0,0
2023,OSREDNJESLOVENSKA,20 01 01,Paper and Cardboard from Municipal Waste (20 01 01),Municipal Waste,D_13,19 02 04*,Mixed Waste Containing Hazardous Substances (19 02 04*),Waste Treatment Residues,D_10,0,0,0,1.038,0,0
2023,OSREDNJESLOVENSKA,20 01 01,Paper and Cardboard from Municipal Waste (20 01 01),Municipal Waste,R_03,03 03 07,Mechanically Separated Rejects from Pulping (03 03 07),Wood/Paper Production Waste,R_01,0,0,0,1614.55,0,0
2023,OSREDNJESLOVENSKA,20 01 01,Paper and Cardboard from Municipal Waste (20 01 01),Municipal Waste,R_03,03 03 07,Mechanically Separated Rejects from Pulping (03 03 07),Wood/Paper Production Waste,R_12,0,0,3549.718,0,0,0
2023,OSREDNJESLOVENSKA,20 01 01,Paper and Cardboard from Municipal Waste (20 01 01),Municipal Waste,R_03,03 03 07,Mechanically Separated Rejects from Pulping (03 03 07),Wood/Paper Production Waste,"R_12, R_13",0,0,324.53,0,0,0
2023,OSREDNJESLOVENSKA,20 01 01,Paper and Cardboard from Municipal Waste (20 01 01),Municipal Waste,R_03,03 03 08,Waste from Sorting of Paper and Cardboard for Recycling (03 03 08),Wood/Paper Production Waste,"R_12, R_13",0,0,58.086,0,0,0
2023,OSREDNJESLOVENSKA,20 01 01,Paper and Cardboard from Municipal Waste (20 01 01),Municipal Waste,R_12,19 12 12,Other Mechanically Treated Waste (19 12 12),Waste Treatment Residues,"R_12, R_13",0,0,1.727,0,0,0
2023,OSREDNJESLOVENSKA,20 01 01,Paper and Cardboard from Municipal Waste (20 01 01),Municipal Waste,R_12,20 01 01,Paper and Cardboard from Municipal Waste (20 01 01),Municipal Waste,"R_12, R_13",0,0,0.106,0,0,0
2023,OSREDNJESLOVENSKA,20 01 01,Paper and Cardboard from Municipal Waste (20 01 01),Municipal Waste,"R_12, R_13",15 01 01,Paper and Cardboard Packaging (15 01 01),Packaging Waste,R_03,0,0,0,2841.522,1123.105,0
2023,OSREDNJESLOVENSKA,20 01 01,Paper and Cardboard from Municipal Waste (20 01 01),Municipal Waste,"R_12, R_13",19 12 01,Paper and Cardboard from Waste Treatment (19 12 01),Waste Treatment Residues,R_03,0,0,6278.144,2769.329,7010.494,0
2023,OSREDNJESLOVENSKA,20 01 01,Paper and Cardboard from Municipal Waste (20 01 01),Municipal Waste,"R_12, R_13",19 12 01,Paper and Cardboard from Waste Treatment (19 12 01),Waste Treatment Residues,"R_12, R_13",0,0,980.183,0,0,0
2023,OSREDNJESLOVENSKA,20 01 01,Paper and Cardboard from Municipal Waste (20 01 01),Municipal Waste,"R_12, R_13",19 12 01,Paper and Cardboard from Waste Treatment (19 12 01),Waste Treatment Residues,undefined,2906.937,0,0,0,0,0
2023,OSREDNJESLOVENSKA,20 01 01,Paper and Cardboard from Municipal Waste (20 01 01),Municipal Waste,"R_12, R_13",20 01 01,Paper and Cardboard from Municipal Waste (20 01 01),Municipal Waste,R_03,0,0,4438.227,10133.757,372.16,0
2023,OSREDNJESLOVENSKA,20 01 01,Paper and Cardboard from Municipal Waste (20 01 01),Municipal Waste,"R_12, R_13",20 01 01,Paper and Cardboard from Municipal Waste (20 01 01),Municipal Waste,R_12,0,0,0,827.474,0,0
2023,OSREDNJESLOVENSKA,20 01 01,Paper and Cardboard from Municipal Waste (20 01 01),Municipal Waste,"R_12, R_13",20 01 01,Paper and Cardboard from Municipal Waste (20 01 01),Municipal Waste,"R_12, R_13",0,0,680.87,24.36,0,0
2023,OSREDNJESLOVENSKA,20 01 01,Paper and Cardboard from Municipal Waste (20 01 01),Municipal Waste,"R_12, R_13",20 01 01,Paper and Cardboard from Municipal Waste (20 01 01),Municipal Waste,undefined,60.493,1241.832,0,0,0,0
2023,OSREDNJESLOVENSKA,20 01 21*,Mercury-Containing Waste (20 01 21*),Municipal Waste,R_12,19 12 01,Paper and Cardboard from Waste Treatment (19 12 01),Waste Treatment Residues,"R_12, R_13",0,0,6.02,0,0,0
2023,OSREDNJESLOVENSKA,20 01 27*,"Hazardous Paints, Inks, Adhesives (20 01 27*)",Municipal Waste,D_13,19 12 07,Wood Waste from Treatment (not 19 12 06) (19 12 07),Waste Treatment Residues,undefined,0.573,0,0,0,0,0
2023,OSREDNJESLOVENSKA,20 01 28,"Non-Hazardous Paints, Inks, Adhesives (20 01 28)",Municipal Waste,R_12,19 12 07,Wood Waste from Treatment (not 19 12 06) (19 12 07),Waste Treatment Residues,undefined,11.302,0,0,0,0,0
2023,OSREDNJESLOVENSKA,20 01 36,Non-Hazardous Waste Electrical Equipment (20 01 36),Municipal Waste,"R_12, R_13",15 01 01,Paper and Cardboard Packaging (15 01 01),Packaging Waste,"R_12, R_13",0,0,13.48,0,0,0
2023,OSREDNJESLOVENSKA,20 01 36,Non-Hazardous Waste Electrical Equipment (20 01 36),Municipal Waste,"R_12, R_13",20 01 38,Non-hazardous Wood from Municipal Waste (20 01 38),Municipal Waste,"R_12, R_13",0,0,27.91,0,0,0
2023,OSREDNJESLOVENSKA,20 01 38,Non-hazardous Wood from Municipal Waste (20 01 38),Municipal Waste,BO,20 01 38,Non-hazardous Wood from Municipal Waste (20 01 38),Municipal Waste,undefined,2438.086,0,0,0,0,0
2023,OSREDNJESLOVENSKA,20 01 38,Non-hazardous Wood from Municipal Waste (20 01 38),Municipal Waste,R_03,17 04 05,Iron and Steel Waste (17 04 05),Construction/Demolition Waste,R_03,0,0,567.169,0,0,0
2023,OSREDNJESLOVENSKA,20 01 38,Non-hazardous Wood from Municipal Waste (20 01 38),Municipal Waste,R_03,19 12 07,Wood Waste from Treatment (not 19 12 06) (19 12 07),Waste Treatment Residues,R_03,0,0,0,26856.848,0,0
2023,OSREDNJESLOVENSKA,20 01 38,Non-hazardous Wood from Municipal Waste (20 01 38),Municipal Waste,R_12,19 12 07,Wood Waste from Treatment (not 19 12 06) (19 12 07),Waste Treatment Residues,R_01,0,0,426.54,0,0,0
2023,OSREDNJESLOVENSKA,20 01 38,Non-hazardous Wood from Municipal Waste (20 01 38),Municipal Waste,"R_12, R_13",19 12 02,Ferrous Metals from Mechanical Treatment (19 12 02),Waste Treatment Residues,"R_12, R_13",0,0,680.715,0,0,0
2023,OSREDNJESLOVENSKA,20 01 38,Non-hazardous Wood from Municipal Waste (20 01 38),Municipal Waste,"R_12, R_13",19 12 07,Wood Waste from Treatment (not 19 12 06) (19 12 07),Waste Treatment Residues,R_03,0,0,0,10152.981,0,0
2023,OSREDNJESLOVENSKA,20 01 38,Non-hazardous Wood from Municipal Waste (20 01 38),Municipal Waste,"R_12, R_13",19 12 12,Other Mechanically Treated Waste (19 12 12),Waste Treatment Residues,R_12,0,0,126.535,0,0,0
2023,OSREDNJESLOVENSKA,20 01 38,Non-hazardous Wood from Municipal Waste (20 01 38),Municipal Waste,"R_12, R_13",20 01 38,Non-hazardous Wood from Municipal Waste (20 01 38),Municipal Waste,R_01,0,0,637.14,0,0,0
2023,OSREDNJESLOVENSKA,20 01 38,Non-hazardous Wood from Municipal Waste (20 01 38),Municipal Waste,"R_12, R_13",20 01 38,Non-hazardous Wood from Municipal Waste (20 01 38),Municipal Waste,R_0302,0,0,1078.08,0,0,0
2023,OSREDNJESLOVENSKA,20 01 38,Non-hazardous Wood from Municipal Waste (20 01 38),Municipal Waste,"R_12, R_13",20 01 38,Non-hazardous Wood from Municipal Waste (20 01 38),Municipal Waste,R_12,0,0,9172.58,0,0,0
2023,OSREDNJESLOVENSKA,20 01 39,Plastics from Municipal Waste (20 01 39),Municipal Waste,R_03,15 01 03,Wooden Packaging (15 01 03),Packaging Waste,R_03,0,0,48.92,0,0,0
2023,OSREDNJESLOVENSKA,20 02 01,Biodegradable Garden and Park Waste (20 02 01),Municipal Waste,R_03,19 12 07,Wood Waste from Treatment (not 19 12 06) (19 12 07),Waste Treatment Residues,R_03,0,0,0,3424.239,0,0
2023,OSREDNJESLOVENSKA,20 03 01,Mixed Municipal Waste (20 03 01),Municipal Waste,"D_08,09",19 12 01,Paper and Cardboard from Waste Treatment (19 12 01),Waste Treatment Residues,"R_12, R_13",0,0,385.82,0,0,0
2023,OSREDNJESLOVENSKA,20 03 07,Bulky Municipal Waste (20 03 07),Municipal Waste,BO,20 03 07,Bulky Municipal Waste (20 03 07),Municipal Waste,undefined,99.84,0,0,0,0,0
2023,OSREDNJESLOVENSKA,20 03 07,Bulky Municipal Waste (20 03 07),Municipal Waste,R_12,19 12 02,Ferrous Metals from Mechanical Treatment (19 12 02),Waste Treatment Residues,"R_12, R_13",0,0,524.474,0,0,0
2023,OSREDNJESLOVENSKA,20 03 07,Bulky Municipal Waste (20 03 07),Municipal Waste,R_12,19 12 12,Other Mechanically Treated Waste (19 12 12),Waste Treatment Residues,"R_12, R_13",0,0,20964.103,0,0,0
2023,OSREDNJESLOVENSKA,20 03 07,Bulky Municipal Waste (20 03 07),Municipal Waste,"R_12, R_13",19 12 02,Ferrous Metals from Mechanical Treatment (19 12 02),Waste Treatment Residues,R_04,0,0,1177.522,0,0,0
2023,OSREDNJESLOVENSKA,20 03 07,Bulky Municipal Waste (20 03 07),Municipal Waste,"R_12, R_13",19 12 02,Ferrous Metals from Mechanical Treatment (19 12 02),Waste Treatment Residues,"R_12, R_13",0,0,1792.03,0,0,0
2023,OSREDNJESLOVENSKA,20 03 07,Bulky Municipal Waste (20 03 07),Municipal Waste,"R_12, R_13",19 12 02,Ferrous Metals from Mechanical Treatment (19 12 02),Waste Treatment Residues,R_13,0,0,0,17.738,0,0
2023,OSREDNJESLOVENSKA,20 03 07,Bulky Municipal Waste (20 03 07),Municipal Waste,"R_12, R_13",19 12 04,Plastics and Rubber from Mechanical Treatment (19 12 04),Waste Treatment Residues,R_03,0,0,0,11.866,0,0
2023,OSREDNJESLOVENSKA,20 03 07,Bulky Municipal Waste (20 03 07),Municipal Waste,"R_12, R_13",19 12 04,Plastics and Rubber from Mechanical Treatment (19 12 04),Waste Treatment Residues,"R_12, R_13",0,0,0.6,0,0,0
2023,OSREDNJESLOVENSKA,20 03 07,Bulky Municipal Waste (20 03 07),Municipal Waste,"R_12, R_13",19 12 07,Wood Waste from Treatment (not 19 12 06) (19 12 07),Waste Treatment Residues,R_03,0,0,0,142.287,0,0
2023,OSREDNJESLOVENSKA,20 03 07,Bulky Municipal Waste (20 03 07),Municipal Waste,"R_12, R_13",19 12 07,Wood Waste from Treatment (not 19 12 06) (19 12 07),Waste Treatment Residues,"R_12, R_13",0,0,1.1,0,0,0
2023,OSREDNJESLOVENSKA,20 03 07,Bulky Municipal Waste (20 03 07),Municipal Waste,"R_12, R_13",19 12 12,Other Mechanically Treated Waste (19 12 12),Waste Treatment Residues,D_01,0,0,152.865,0,0,0
2023,OSREDNJESLOVENSKA,20 03 07,Bulky Municipal Waste (20 03 07),Municipal Waste,"R_12, R_13",19 12 12,Other Mechanically Treated Waste (19 12 12),Waste Treatment Residues,R_01,0,0,0,1058.614,0,0
2023,OSREDNJESLOVENSKA,20 03 07,Bulky Municipal Waste (20 03 07),Municipal Waste,"R_12, R_13",19 12 12,Other Mechanically Treated Waste (19 12 12),Waste Treatment Residues,R_0101,0,0,565.888,0,0,0
2023,OSREDNJESLOVENSKA,20 03 07,Bulky Municipal Waste (20 03 07),Municipal Waste,"R_12, R_13",19 12 12,Other Mechanically Treated Waste (19 12 12),Waste Treatment Residues,"R_12, R_13",0,0,588.749,0,0,0
2023,OSREDNJESLOVENSKA,20 03 07,Bulky Municipal Waste (20 03 07),Municipal Waste,"R_12, R_13",19 12 12,Other Mechanically Treated Waste (19 12 12),Waste Treatment Residues,undefined,0,178.352,0,0,0,0
2023,OSREDNJESLOVENSKA,20 03 07,Bulky Municipal Waste (20 03 07),Municipal Waste,"R_12, R_13",20 01 02,Glass from Municipal Waste (20 01 02),Municipal Waste,"R_12, R_13",0,0,47.72,0,0,0
2023,OSREDNJESLOVENSKA,20 03 07,Bulky Municipal Waste (20 03 07),Municipal Waste,"R_12, R_13",20 01 38,Non-hazardous Wood from Municipal Waste (20 01 38),Municipal Waste,R_03,0,0,113.47,0,0,0
2023,OSREDNJESLOVENSKA,20 03 07,Bulky Municipal Waste (20 03 07),Municipal Waste,"R_12, R_13",20 01 38,Non-hazardous Wood from Municipal Waste (20 01 38),Municipal Waste,"R_12, R_13",0,0,27.15,0,0,0
2023,OSREDNJESLOVENSKA,20 03 07,Bulky Municipal Waste (20 03 07),Municipal Waste,"R_12, R_13",20 01 39,Plastics from Municipal Waste (20 01 39),Municipal Waste,R_03,0,0,1.18,0,0,0
2023,OSREDNJESLOVENSKA,20 03 07,Bulky Municipal Waste (20 03 07),Municipal Waste,"R_12, R_13",20 01 40,Metals from Municipal Waste (20 01 40),Municipal Waste,"R_12, R_13",0,0,22.674,0,0,0
2023,OSREDNJESLOVENSKA,20 03 07,Bulky Municipal Waste (20 03 07),Municipal Waste,"R_12, R_13",20 03 07,Bulky Municipal Waste (20 03 07),Municipal Waste,D_01,0,0,9072.84,0,0,0
2023,OSREDNJESLOVENSKA,20 03 07,Bulky Municipal Waste (20 03 07),Municipal Waste,"R_12, R_13",20 03 07,Bulky Municipal Waste (20 03 07),Municipal Waste,"R_12, R_13",0,0,489.48,0,0,0
2023,OSREDNJESLOVENSKA,20 03 07,Bulky Municipal Waste (20 03 07),Municipal Waste,"R_12, R_13",20 03 07,Bulky Municipal Waste (20 03 07),Municipal Waste,undefined,7.8,0,0,0,0,0
2023,PODRAVSKA,03 01 99,Other Unspecified Wood Waste (03 01 99),Wood/Paper Production Waste,"R_12, R_13",19 12 12,Other Mechanically Treated Waste (19 12 12),Waste Treatment Residues,R_01,0,0,0,1036.33,0,0
2023,PODRAVSKA,03 03 08,Waste from Sorting of Paper and Cardboard for Recycling (03 03 08),Wood/Paper Production Waste,R_12,19 12 10,Refuse-Derived Fuel (19 12 10),Waste Treatment Residues,R_01,0,0,0,0,289.515,0
2023,PODRAVSKA,03 03 08,Waste from Sorting of Paper and Cardboard for Recycling (03 03 08),Wood/Paper Production Waste,"R_12, R_13",19 12 01,Paper and Cardboard from Waste Treatment (19 12 01),Waste Treatment Residues,R_03,0,0,1242.06,457.733,0,0
2023,PODRAVSKA,03 03 08,Waste from Sorting of Paper and Cardboard for Recycling (03 03 08),Wood/Paper Production Waste,"R_12, R_13",20 01 01,Paper and Cardboard from Municipal Waste (20 01 01),Municipal Waste,R_03,0,0,6.56,0,0,0
2023,PODRAVSKA,03 03 99,Other Unspecified Paper Waste (03 03 99),Wood/Paper Production Waste,"R_12, R_13",20 01 01,Paper and Cardboard from Municipal Waste (20 01 01),Municipal Waste,R_03,0,0,21.86,0,0,0
2023,PODRAVSKA,12 01 02,Iron Dust and Particles (12 01 02),Metal/Plastic Processing Waste,"R_12, R_13",19 12 01,Paper and Cardboard from Waste Treatment (19 12 01),Waste Treatment Residues,undefined,12.471,0,0,0,0,0
2023,PODRAVSKA,15 01 01,Paper and Cardboard Packaging (15 01 01),Packaging Waste,R_12,19 12 10,Refuse-Derived Fuel (19 12 10),Waste Treatment Residues,R_01,0,0,0,18.356,0,0
2023,PODRAVSKA,15 01 01,Paper and Cardboard Packaging (15 01 01),Packaging Waste,"R_12, R_13",15 01 01,Paper and Cardboard Packaging (15 01 01),Packaging Waste,R_02,0,0,0,185.31,0,0
2023,PODRAVSKA,15 01 01,Paper and Cardboard Packaging (15 01 01),Packaging Waste,"R_12, R_13",15 01 01,Paper and Cardboard Packaging (15 01 01),Packaging Waste,R_03,0,0,20.1,12380.916,1108.16,0
2023,PODRAVSKA,15 01 01,Paper and Cardboard Packaging (15 01 01),Packaging Waste,"R_12, R_13",15 01 01,Paper and Cardboard Packaging (15 01 01),Packaging Waste,"R_12, R_13",0,0,1091.528,0,0,0
2023,PODRAVSKA,15 01 01,Paper and Cardboard Packaging (15 01 01),Packaging Waste,"R_12, R_13",15 01 01,Paper and Cardboard Packaging (15 01 01),Packaging Waste,undefined,39.654,0,0,0,0,0
2023,PODRAVSKA,15 01 01,Paper and Cardboard Packaging (15 01 01),Packaging Waste,"R_12, R_13",19 12 01,Paper and Cardboard from Waste Treatment (19 12 01),Waste Treatment Residues,R_03,0,0,615.685,330.342,0,0
2023,PODRAVSKA,15 01 01,Paper and Cardboard Packaging (15 01 01),Packaging Waste,"R_12, R_13",19 12 01,Paper and Cardboard from Waste Treatment (19 12 01),Waste Treatment Residues,"R_12, R_13",0,0,717.01,0,0,0
2023,PODRAVSKA,15 01 01,Paper and Cardboard Packaging (15 01 01),Packaging Waste,"R_12, R_13",19 12 02,Ferrous Metals from Mechanical Treatment (19 12 02),Waste Treatment Residues,"R_12, R_13",0,0,3.4,0,0,0
2023,PODRAVSKA,15 01 01,Paper and Cardboard Packaging (15 01 01),Packaging Waste,"R_12, R_13",20 01 01,Paper and Cardboard from Municipal Waste (20 01 01),Municipal Waste,R_03,0,0,288.053,0,0,0
2023,PODRAVSKA,15 01 01,Paper and Cardboard Packaging (15 01 01),Packaging Waste,"R_12, R_13",20 01 01,Paper and Cardboard from Municipal Waste (20 01 01),Municipal Waste,"R_12, R_13",0,0,356.297,0,0,0
2023,PODRAVSKA,15 01 01,Paper and Cardboard Packaging (15 01 01),Packaging Waste,"R_12, R_13",20 01 01,Paper and Cardboard from Municipal Waste (20 01 01),Municipal Waste,undefined,55.319,0,0,0,0,0
2023,PODRAVSKA,15 01 03,Wooden Packaging (15 01 03),Packaging Waste,"R_12, R_13",15 01 03,Wooden Packaging (15 01 03),Packaging Waste,R_03,0,0,4909.06,6.8,0,0
2023,PODRAVSKA,15 01 03,Wooden Packaging (15 01 03),Packaging Waste,"R_12, R_13",15 01 03,Wooden Packaging (15 01 03),Packaging Waste,"R_12, R_13",0,0,132.925,0,0,0
2023,PODRAVSKA,15 01 03,Wooden Packaging (15 01 03),Packaging Waste,"R_12, R_13",15 01 03,Wooden Packaging (15 01 03),Packaging Waste,undefined,7.436,0,0,0,0,0
2023,PODRAVSKA,15 01 03,Wooden Packaging (15 01 03),Packaging Waste,"R_12, R_13",19 12 12,Other Mechanically Treated Waste (19 12 12),Waste Treatment Residues,R_01,0,0,0,2.991,0,0
2023,PODRAVSKA,15 01 03,Wooden Packaging (15 01 03),Packaging Waste,"R_12, R_13",19 12 12,Other Mechanically Treated Waste (19 12 12),Waste Treatment Residues,R_12,0,0,135.44,0,0,0
2023,PODRAVSKA,15 01 03,Wooden Packaging (15 01 03),Packaging Waste,"R_12, R_13",20 01 40,Metals from Municipal Waste (20 01 40),Municipal Waste,undefined,186.032,0,0,0,0,0
2023,PODRAVSKA,15 01 05,Composite Packaging (15 01 05),Packaging Waste,"R_12, R_13",19 12 01,Paper and Cardboard from Waste Treatment (19 12 01),Waste Treatment Residues,undefined,0,49.44,0,0,0,0
2023,PODRAVSKA,15 01 06,Mixed Packaging (15 01 06),Packaging Waste,"R_12, R_13",15 01 01,Paper and Cardboard Packaging (15 01 01),Packaging Waste,R_03,0,0,0,2434.813,0,0
2023,PODRAVSKA,15 01 06,Mixed Packaging (15 01 06),Packaging Waste,"R_12, R_13",15 01 03,Wooden Packaging (15 01 03),Packaging Waste,R_03,0,0,1.46,0,0,0
2023,PODRAVSKA,15 01 06,Mixed Packaging (15 01 06),Packaging Waste,"R_12, R_13",19 12 01,Paper and Cardboard from Waste Treatment (19 12 01),Waste Treatment Residues,R_03,0,0,0,106.997,0,0
2023,PODRAVSKA,19 12 01,Paper and Cardboard from Waste Treatment (19 12 01),Waste Treatment Residues,"R_12, R_13",19 12 01,Paper and Cardboard from Waste Treatment (19 12 01),Waste Treatment Residues,R_03,0,0,294.841,0,0,0
2023,PODRAVSKA,19 12 01,Paper and Cardboard from Waste Treatment (19 12 01),Waste Treatment Residues,"R_12, R_13",19 12 01,Paper and Cardboard from Waste Treatment (19 12 01),Waste Treatment Residues,undefined,19.94,0,0,0,0,0
2023,PODRAVSKA,19 12 07,Wood Waste from Treatment (not 19 12 06) (19 12 07),Waste Treatment Residues,"R_12, R_13",19 12 12,Other Mechanically Treated Waste (19 12 12),Waste Treatment Residues,R_01,0,0,0,27.42,0,0
2023,PODRAVSKA,19 12 07,Wood Waste from Treatment (not 19 12 06) (19 12 07),Waste Treatment Residues,"R_12, R_13",19 12 12,Other Mechanically Treated Waste (19 12 12),Waste Treatment Residues,R_12,0,0,4.036,0,0,0
2023,PODRAVSKA,20 01 01,Paper and Cardboard from Municipal Waste (20 01 01),Municipal Waste,BO,20 01 01,Paper and Cardboard from Municipal Waste (20 01 01),Municipal Waste,R_12,0,0,5.36,0,0,0
2023,PODRAVSKA,20 01 01,Paper and Cardboard from Municipal Waste (20 01 01),Municipal Waste,BO,20 01 01,Paper and Cardboard from Municipal Waste (20 01 01),Municipal Waste,undefined,7.42,0,0,0,0,0
2023,PODRAVSKA,20 01 01,Paper and Cardboard from Municipal Waste (20 01 01),Municipal Waste,D_10,19 01 12,Bottom Ash and Slag (19 01 12),Waste Treatment Residues,D_01,0,0,35.352,0,0,0
2023,PODRAVSKA,20 01 01,Paper and Cardboard from Municipal Waste (20 01 01),Municipal Waste,R_12,15 01 01,Paper and Cardboard Packaging (15 01 01),Packaging Waste,R_03,0,0,0,21.88,0,0
2023,PODRAVSKA,20 01 01,Paper and Cardboard from Municipal Waste (20 01 01),Municipal Waste,R_12,19 12 10,Refuse-Derived Fuel (19 12 10),Waste Treatment Residues,R_01,0,0,0,0,700.9,0
2023,PODRAVSKA,20 01 01,Paper and Cardboard from Municipal Waste (20 01 01),Municipal Waste,R_12,20 01 01,Paper and Cardboard from Municipal Waste (20 01 01),Municipal Waste,R_03,0,0,0,26.3,0,0
2023,PODRAVSKA,20 01 01,Paper and Cardboard from Municipal Waste (20 01 01),Municipal Waste,R_12,20 01 01,Paper and Cardboard from Municipal Waste (20 01 01),Municipal Waste,"R_12, R_13",0,0,1322.46,0,0,0
2023,PODRAVSKA,20 01 01,Paper and Cardboard from Municipal Waste (20 01 01),Municipal Waste,R_12,20 01 01,Paper and Cardboard from Municipal Waste (20 01 01),Municipal Waste,undefined,10,68.537,0,0,0,0
2023,PODRAVSKA,20 01 01,Paper and Cardboard from Municipal Waste (20 01 01),Municipal Waste,"R_12, R_13",19 12 01,Paper and Cardboard from Waste Treatment (19 12 01),Waste Treatment Residues,R_03,0,0,1552.661,1747.039,494.9,0
2023,PODRAVSKA,20 01 01,Paper and Cardboard from Municipal Waste (20 01 01),Municipal Waste,"R_12, R_13",20 01 01,Paper and Cardboard from Municipal Waste (20 01 01),Municipal Waste,R_03,0,0,417.264,1362.682,0,0
2023,PODRAVSKA,20 01 01,Paper and Cardboard from Municipal Waste (20 01 01),Municipal Waste,"R_12, R_13",20 01 01,Paper and Cardboard from Municipal Waste (20 01 01),Municipal Waste,"R_12, R_13",0,0,382.91,0,0,0
2023,PODRAVSKA,20 01 01,Paper and Cardboard from Municipal Waste (20 01 01),Municipal Waste,"R_12, R_13",20 01 01,Paper and Cardboard from Municipal Waste (20 01 01),Municipal Waste,undefined,45.576,47.4,0,0,0,0
2023,PODRAVSKA,20 01 36,Non-Hazardous Waste Electrical Equipment (20 01 36),Municipal Waste,"R_12, R_13",20 01 01,Paper and Cardboard from Municipal Waste (20 01 01),Municipal Waste,"R_12, R_13",0,0,2.02,0,0,0
2023,PODRAVSKA,20 01 38,Non-hazardous Wood from Municipal Waste (20 01 38),Municipal Waste,BO,20 01 38,Non-hazardous Wood from Municipal Waste (20 01 38),Municipal Waste,R_03,0,0,503.438,0,0,0
2023,PODRAVSKA,20 01 38,Non-hazardous Wood from Municipal Waste (20 01 38),Municipal Waste,R_0302,19 12 12,Other Mechanically Treated Waste (19 12 12),Waste Treatment Residues,undefined,0,299.36,0,0,0,0
2023,PODRAVSKA,20 01 38,Non-hazardous Wood from Municipal Waste (20 01 38),Municipal Waste,"R_12, R_13",19 12 12,Other Mechanically Treated Waste (19 12 12),Waste Treatment Residues,R_01,0,0,0,134.605,0,0
2023,PODRAVSKA,20 01 38,Non-hazardous Wood from Municipal Waste (20 01 38),Municipal Waste,"R_12, R_13",20 01 38,Non-hazardous Wood from Municipal Waste (20 01 38),Municipal Waste,undefined,0,108.24,0,0,0,0
2023,PODRAVSKA,20 03 01,Mixed Municipal Waste (20 03 01),Municipal Waste,D_09,20 01 01,Paper and Cardboard from Municipal Waste (20 01 01),Municipal Waste,R_12,0,0,654.04,0,0,0
2023,PODRAVSKA,20 03 01,Mixed Municipal Waste (20 03 01),Municipal Waste,D_09,20 01 01,Paper and Cardboard from Municipal Waste (20 01 01),Municipal Waste,"R_12, R_13",0,0,469.12,0,0,0
2023,PODRAVSKA,20 03 01,Mixed Municipal Waste (20 03 01),Municipal Waste,D_09,20 01 01,Paper and Cardboard from Municipal Waste (20 01 01),Municipal Waste,undefined,59.28,0,0,0,0,0
2023,PODRAVSKA,20 03 07,Bulky Municipal Waste (20 03 07),Municipal Waste,"D_08,09",19 12 02,Ferrous Metals from Mechanical Treatment (19 12 02),Waste Treatment Residues,"R_12, R_13",0,0,72.18,0,0,0
2023,PODRAVSKA,20 03 07,Bulky Municipal Waste (20 03 07),Municipal Waste,"D_08,09",19 12 12,Other Mechanically Treated Waste (19 12 12),Waste Treatment Residues,R_12,0,0,279.55,0,0,0
2023,PODRAVSKA,20 03 07,Bulky Municipal Waste (20 03 07),Municipal Waste,"D_08,09",20 03 01,Mixed Municipal Waste (20 03 01),Municipal Waste,"D_08,09",0,0,347.05,0,0,0
2023,PODRAVSKA,20 03 07,Bulky Municipal Waste (20 03 07),Municipal Waste,R_12,19 12 10,Refuse-Derived Fuel (19 12 10),Waste Treatment Residues,R_01,0,0,0,29.2,3084.84,0
2023,PODRAVSKA,20 03 07,Bulky Municipal Waste (20 03 07),Municipal Waste,R_12,20 01 38,Non-hazardous Wood from Municipal Waste (20 01 38),Municipal Waste,R_03,0,0,120,0,0,0
2023,PODRAVSKA,20 03 07,Bulky Municipal Waste (20 03 07),Municipal Waste,R_12,20 03 07,Bulky Municipal Waste (20 03 07),Municipal Waste,"R_12, R_13",0,0,1571.88,0,0,0
2023,PODRAVSKA,20 03 07,Bulky Municipal Waste (20 03 07),Municipal Waste,"R_12, R_13",19 12 02,Ferrous Metals from Mechanical Treatment (19 12 02),Waste Treatment Residues,R_04,0,0,0,99.498,0,0
2023,PODRAVSKA,20 03 07,Bulky Municipal Waste (20 03 07),Municipal Waste,"R_12, R_13",19 12 03,Non-Ferrous Metals from Mechanical Treatment (19 12 03),Waste Treatment Residues,R_04,0,0,0,7.62,0,0
2023,PODRAVSKA,20 03 07,Bulky Municipal Waste (20 03 07),Municipal Waste,"R_12, R_13",19 12 12,Other Mechanically Treated Waste (19 12 12),Waste Treatment Residues,R_01,0,0,0,3841.724,0,0
2023,PODRAVSKA,20 03 07,Bulky Municipal Waste (20 03 07),Municipal Waste,"R_12, R_13",19 12 12,Other Mechanically Treated Waste (19 12 12),Waste Treatment Residues,R_12,0,0,180.53,0,0,0
2023,PODRAVSKA,20 03 07,Bulky Municipal Waste (20 03 07),Municipal Waste,"R_12, R_13",20 03 07,Bulky Municipal Waste (20 03 07),Municipal Waste,D_01,0,0,1961.56,0,0,0
2023,PODRAVSKA,20 03 07,Bulky Municipal Waste (20 03 07),Municipal Waste,"R_12, R_13",20 03 07,Bulky Municipal Waste (20 03 07),Municipal Waste,"R_12, R_13",0,0,107.26,0,0,0
2023,POMURSKA,03 01 05,Sawdust/Shavings/Cuttings (03 01 05),Wood/Paper Production Waste,"R_12, R_13",19 12 07,Wood Waste from Treatment (not 19 12 06) (19 12 07),Waste Treatment Residues,R_03,0,0,0,1950.61,0,0
2023,POMURSKA,03 01 99,Other Unspecified Wood Waste (03 01 99),Wood/Paper Production Waste,"R_12, R_13",15 01 03,Wooden Packaging (15 01 03),Packaging Waste,R_03,0,0,93.125,0,0,0
2023,POMURSKA,15 01 01,Paper and Cardboard Packaging (15 01 01),Packaging Waste,BO,15 01 01,Paper and Cardboard Packaging (15 01 01),Packaging Waste,"R_12, R_13",0,0,166.035,0,0,0
2023,POMURSKA,15 01 01,Paper and Cardboard Packaging (15 01 01),Packaging Waste,"R_12, R_13",15 01 01,Paper and Cardboard Packaging (15 01 01),Packaging Waste,R_03,0,0,0,2322.325,0,0
2023,POMURSKA,15 01 01,Paper and Cardboard Packaging (15 01 01),Packaging Waste,"R_12, R_13",15 01 01,Paper and Cardboard Packaging (15 01 01),Packaging Waste,"R_12, R_13",0,0,303.95,0,0,0
2023,POMURSKA,15 01 01,Paper and Cardboard Packaging (15 01 01),Packaging Waste,"R_12, R_13",15 01 01,Paper and Cardboard Packaging (15 01 01),Packaging Waste,undefined,112.467,192.126,0,0,0,0
2023,POMURSKA,15 01 03,Wooden Packaging (15 01 03),Packaging Waste,"R_12, R_13",15 01 03,Wooden Packaging (15 01 03),Packaging Waste,R_03,0,0,146.115,0,0,0
2023,POMURSKA,15 01 03,Wooden Packaging (15 01 03),Packaging Waste,"R_12, R_13",19 12 07,Wood Waste from Treatment (not 19 12 06) (19 12 07),Waste Treatment Residues,R_03,0,0,0,551.67,0,0
2023,POMURSKA,15 01 03,Wooden Packaging (15 01 03),Packaging Waste,"R_12, R_13",19 12 07,Wood Waste from Treatment (not 19 12 06) (19 12 07),Waste Treatment Residues,undefined,10.827,0,0,0,0,0
2023,POMURSKA,15 01 03,Wooden Packaging (15 01 03),Packaging Waste,"R_12, R_13",19 12 12,Other Mechanically Treated Waste (19 12 12),Waste Treatment Residues,"R_12, R_13",0,0,117.596,0,0,0
2023,POMURSKA,15 01 06,Mixed Packaging (15 01 06),Packaging Waste,"R_12, R_13",15 01 01,Paper and Cardboard Packaging (15 01 01),Packaging Waste,"R_12, R_13",0,0,256.215,0,0,0
2023,POMURSKA,15 01 06,Mixed Packaging (15 01 06),Packaging Waste,"R_12, R_13",20 01 01,Paper and Cardboard from Municipal Waste (20 01 01),Municipal Waste,"R_12, R_13",0,0,220.428,0,0,0
2023,POMURSKA,15 01 06,Mixed Packaging (15 01 06),Packaging Waste,"R_12, R_13",20 01 01,Paper and Cardboard from Municipal Waste (20 01 01),Municipal Waste,undefined,55.337,0,0,0,0,0
2023,POMURSKA,19 12 01,Paper and Cardboard from Waste Treatment (19 12 01),Waste Treatment Residues,D_10,19 01 12,Bottom Ash and Slag (19 01 12),Waste Treatment Residues,undefined,0,0.183,0,0,0,0
2023,POMURSKA,19 12 01,Paper and Cardboard from Waste Treatment (19 12 01),Waste Treatment Residues,"R_12, R_13",19 12 01,Paper and Cardboard from Waste Treatment (19 12 01),Waste Treatment Residues,R_03,0,0,0,586.76,0,0
2023,POMURSKA,19 12 01,Paper and Cardboard from Waste Treatment (19 12 01),Waste Treatment Residues,"R_12, R_13",19 12 01,Paper and Cardboard from Waste Treatment (19 12 01),Waste Treatment Residues,undefined,4.435,0,0,0,0,0
2023,POMURSKA,19 12 01,Paper and Cardboard from Waste Treatment (19 12 01),Waste Treatment Residues,"R_12, R_13",19 12 12,Other Mechanically Treated Waste (19 12 12),Waste Treatment Residues,"R_12, R_13",0,0,15.28,0,0,0
2023,POMURSKA,20 01 01,Paper and Cardboard from Municipal Waste (20 01 01),Municipal Waste,BO,20 01 01,Paper and Cardboard from Municipal Waste (20 01 01),Municipal Waste,"R_12, R_13",0,0,272.72,0,0,0
2023,POMURSKA,20 01 01,Paper and Cardboard from Municipal Waste (20 01 01),Municipal Waste,BO,20 01 01,Paper and Cardboard from Municipal Waste (20 01 01),Municipal Waste,undefined,0,24.24,0,0,0,0
2023,POMURSKA,20 01 01,Paper and Cardboard from Municipal Waste (20 01 01),Municipal Waste,"R_12, R_13",15 01 01,Paper and Cardboard Packaging (15 01 01),Packaging Waste,R_03,0,0,0,347.633,0,0
2023,POMURSKA,20 01 01,Paper and Cardboard from Municipal Waste (20 01 01),Municipal Waste,"R_12, R_13",19 12 12,Other Mechanically Treated Waste (19 12 12),Waste Treatment Residues,"R_12, R_13",0,0,415.456,0,0,0
2023,POMURSKA,20 01 01,Paper and Cardboard from Municipal Waste (20 01 01),Municipal Waste,"R_12, R_13",20 01 01,Paper and Cardboard from Municipal Waste (20 01 01),Municipal Waste,R_03,0,0,361.576,749.429,0,0
2023,POMURSKA,20 01 01,Paper and Cardboard from Municipal Waste (20 01 01),Municipal Waste,"R_12, R_13",20 01 01,Paper and Cardboard from Municipal Waste (20 01 01),Municipal Waste,"R_12, R_13",0,0,43.611,0,0,0
2023,POMURSKA,20 01 01,Paper and Cardboard from Municipal Waste (20 01 01),Municipal Waste,"R_12, R_13",20 01 01,Paper and Cardboard from Municipal Waste (20 01 01),Municipal Waste,undefined,105.813,159.58,0,0,0,0
2023,POMURSKA,20 01 38,Non-hazardous Wood from Municipal Waste (20 01 38),Municipal Waste,R_12,20 01 38,Non-hazardous Wood from Municipal Waste (20 01 38),Municipal Waste,R_03,0,0,608.88,0,0,0
2023,POMURSKA,20 01 38,Non-hazardous Wood from Municipal Waste (20 01 38),Municipal Waste,R_12,20 01 38,Non-hazardous Wood from Municipal Waste (20 01 38),Municipal Waste,"R_12, R_13",0,0,352.38,0,0,0
2023,POMURSKA,20 01 38,Non-hazardous Wood from Municipal Waste (20 01 38),Municipal Waste,"R_12, R_13",19 12 12,Other Mechanically Treated Waste (19 12 12),Waste Treatment Residues,"R_12, R_13",0,0,352.58,0,0,0
2023,POMURSKA,20 03 01,Mixed Municipal Waste (20 03 01),Municipal Waste,"D_08,09",20 01 38,Non-hazardous Wood from Municipal Waste (20 01 38),Municipal Waste,undefined,64.2,0,0,0,0,0
2023,POMURSKA,20 03 07,Bulky Municipal Waste (20 03 07),Municipal Waste,D_01,20 03 07,Bulky Municipal Waste (20 03 07),Municipal Waste,undefined,0,0,0,0,0,366.72
2023,POMURSKA,20 03 07,Bulky Municipal Waste (20 03 07),Municipal Waste,"R_12, R_13",15 01 10*,Hazardous Contaminated Packaging (15 01 10*),Packaging Waste,undefined,0,0.204,0,0,0,0
2023,POMURSKA,20 03 07,Bulky Municipal Waste (20 03 07),Municipal Waste,"R_12, R_13",16 01 03,End-of-Life Tyres (16 01 03),Miscellaneous Waste,undefined,0,40.44,0,0,0,0
2023,POMURSKA,20 03 07,Bulky Municipal Waste (20 03 07),Municipal Waste,"R_12, R_13",16 01 07*,Oil Filters (16 01 07*),Miscellaneous Waste,undefined,0,0.093,0,0,0,0
2023,POMURSKA,20 03 07,Bulky Municipal Waste (20 03 07),Municipal Waste,"R_12, R_13",19 12 02,Ferrous Metals from Mechanical Treatment (19 12 02),Waste Treatment Residues,R_04,0,0,0,990.12,0,0
2023,POMURSKA,20 03 07,Bulky Municipal Waste (20 03 07),Municipal Waste,"R_12, R_13",19 12 02,Ferrous Metals from Mechanical Treatment (19 12 02),Waste Treatment Residues,undefined,2.088,0,0,0,0,0
2023,POMURSKA,20 03 07,Bulky Municipal Waste (20 03 07),Municipal Waste,"R_12, R_13",19 12 05,Glass from Mechanical Treatment (19 12 05),Waste Treatment Residues,R_05,0,0,0,11.66,0,0
2023,POMURSKA,20 03 07,Bulky Municipal Waste (20 03 07),Municipal Waste,"R_12, R_13",19 12 12,Other Mechanically Treated Waste (19 12 12),Waste Treatment Residues,R_01,0,0,0,23.9,0,0
2023,POMURSKA,20 03 07,Bulky Municipal Waste (20 03 07),Municipal Waste,"R_12, R_13",19 12 12,Other Mechanically Treated Waste (19 12 12),Waste Treatment Residues,R_04,0,0,0,23.62,0,0
2023,POMURSKA,20 03 07,Bulky Municipal Waste (20 03 07),Municipal Waste,"R_12, R_13",19 12 12,Other Mechanically Treated Waste (19 12 12),Waste Treatment Residues,R_12,0,0,1399.493,0,0,0
2023,POMURSKA,20 03 07,Bulky Municipal Waste (20 03 07),Municipal Waste,"R_12, R_13",19 12 12,Other Mechanically Treated Waste (19 12 12),Waste Treatment Residues,undefined,0,997.06,0,0,0,0
2023,POMURSKA,20 03 07,Bulky Municipal Waste (20 03 07),Municipal Waste,"R_12, R_13",20 01 23*,Discarded Equipment Containing CFCs (20 01 23*),Municipal Waste,undefined,16.59,4.31,0,0,0,0
2023,POMURSKA,20 03 07,Bulky Municipal Waste (20 03 07),Municipal Waste,"R_12, R_13",20 01 26*,Non-Edible Oils and Fats (20 01 26*),Municipal Waste,undefined,0,0.2,0,0,0,0
2023,POMURSKA,20 03 07,Bulky Municipal Waste (20 03 07),Municipal Waste,"R_12, R_13",20 01 27*,"Hazardous Paints, Inks, Adhesives (20 01 27*)",Municipal Waste,undefined,0,0.847,0,0,0,0
2023,POMURSKA,20 03 07,Bulky Municipal Waste (20 03 07),Municipal Waste,"R_12, R_13",20 01 35*,Hazardous Waste Electrical Equipment (20 01 35*),Municipal Waste,undefined,5.246,9.563,0,0,0,0
2023,POMURSKA,20 03 07,Bulky Municipal Waste (20 03 07),Municipal Waste,"R_12, R_13",20 01 36,Non-Hazardous Waste Electrical Equipment (20 01 36),Municipal Waste,"R_12, R_13",0,0,85.29,0,0,0
2023,POMURSKA,20 03 07,Bulky Municipal Waste (20 03 07),Municipal Waste,"R_12, R_13",20 01 36,Non-Hazardous Waste Electrical Equipment (20 01 36),Municipal Waste,undefined,12.07,44.56,0,0,0,0
2023,POMURSKA,20 03 07,Bulky Municipal Waste (20 03 07),Municipal Waste,"R_12, R_13",20 01 38,Non-hazardous Wood from Municipal Waste (20 01 38),Municipal Waste,R_03,0,0,1012.28,0,0,0
2023,POMURSKA,20 03 07,Bulky Municipal Waste (20 03 07),Municipal Waste,"R_12, R_13",20 01 38,Non-hazardous Wood from Municipal Waste (20 01 38),Municipal Waste,undefined,26.98,0,0,0,0,0
2023,POMURSKA,20 03 07,Bulky Municipal Waste (20 03 07),Municipal Waste,"R_12, R_13",20 01 39,Plastics from Municipal Waste (20 01 39),Municipal Waste,undefined,117.717,0,0,0,0,0
2023,POMURSKA,20 03 07,Bulky Municipal Waste (20 03 07),Municipal Waste,"R_12, R_13",20 01 40,Metals from Municipal Waste (20 01 40),Municipal Waste,"R_12, R_13",0,0,36.731,0,0,0
2023,POMURSKA,20 03 07,Bulky Municipal Waste (20 03 07),Municipal Waste,"R_12, R_13",20 01 40,Metals from Municipal Waste (20 01 40),Municipal Waste,undefined,40.06,0,0,0,0,0
2023,POMURSKA,20 03 07,Bulky Municipal Waste (20 03 07),Municipal Waste,"R_12, R_13",20 03 07,Bulky Municipal Waste (20 03 07),Municipal Waste,"R_12, R_13",0,0,9.174,0,0,0
2023,POMURSKA,20 03 07,Bulky Municipal Waste (20 03 07),Municipal Waste,"R_12, R_13",20 03 07,Bulky Municipal Waste (20 03 07),Municipal Waste,undefined,81.94,0,0,0,0,0
2023,POSAVSKA,03 03 01,Bark and Wood Waste from Pulp/Paper Production (03 03 01),Wood/Paper Production Waste,R_01,10 01 01,"Ash, slag and boiler dust (excluding boiler dust listed under 10 01 04) (10 01 01)",Thermal Process Waste,R_00,0,0,5.11,0,0,0
2023,POSAVSKA,03 03 08,Waste from Sorting of Paper and Cardboard for Recycling (03 03 08),Wood/Paper Production Waste,"R_12, R_13",19 12 01,Paper and Cardboard from Waste Treatment (19 12 01),Waste Treatment Residues,R_03,0,0,390.823,0,0,0
2023,POSAVSKA,03 03 99,Other Unspecified Paper Waste (03 03 99),Wood/Paper Production Waste,"R_12, R_13",19 12 01,Paper and Cardboard from Waste Treatment (19 12 01),Waste Treatment Residues,R_03,0,0,9.38,0,0,0
2023,POSAVSKA,03 03 99,Other Unspecified Paper Waste (03 03 99),Wood/Paper Production Waste,"R_12, R_13",19 12 01,Paper and Cardboard from Waste Treatment (19 12 01),Waste Treatment Residues,"R_12, R_13",0,0,89.72,0,0,0
2023,POSAVSKA,15 01 01,Paper and Cardboard Packaging (15 01 01),Packaging Waste,BO,15 01 01,Paper and Cardboard Packaging (15 01 01),Packaging Waste,R_03,0,0,0,2414.891,0,0
2023,POSAVSKA,15 01 01,Paper and Cardboard Packaging (15 01 01),Packaging Waste,BO,15 01 01,Paper and Cardboard Packaging (15 01 01),Packaging Waste,undefined,44.629,0,0,0,0,0
2023,POSAVSKA,15 01 01,Paper and Cardboard Packaging (15 01 01),Packaging Waste,R_12,19 12 01,Paper and Cardboard from Waste Treatment (19 12 01),Waste Treatment Residues,R_03,0,0,2295.256,0,0,0
2023,POSAVSKA,15 01 01,Paper and Cardboard Packaging (15 01 01),Packaging Waste,R_12,19 12 04,Plastics and Rubber from Mechanical Treatment (19 12 04),Waste Treatment Residues,"R_12, R_13",0,0,10.37,0,0,0
2023,POSAVSKA,15 01 01,Paper and Cardboard Packaging (15 01 01),Packaging Waste,"R_12, R_13",15 01 01,Paper and Cardboard Packaging (15 01 01),Packaging Waste,R_03,0,0,0,22.28,0,0
2023,POSAVSKA,15 01 01,Paper and Cardboard Packaging (15 01 01),Packaging Waste,"R_12, R_13",19 12 01,Paper and Cardboard from Waste Treatment (19 12 01),Waste Treatment Residues,R_03,0,0,844.279,0,0,0
2023,POSAVSKA,15 01 03,Wooden Packaging (15 01 03),Packaging Waste,R_01,10 01 01,"Ash, slag and boiler dust (excluding boiler dust listed under 10 01 04) (10 01 01)",Thermal Process Waste,R_00,0,0,1.37,0,0,0
2023,POSAVSKA,15 01 03,Wooden Packaging (15 01 03),Packaging Waste,"R_12, R_13",15 01 03,Wooden Packaging (15 01 03),Packaging Waste,R_03,0,0,147.3,0,0,0
2023,POSAVSKA,15 01 03,Wooden Packaging (15 01 03),Packaging Waste,"R_12, R_13",15 01 03,Wooden Packaging (15 01 03),Packaging Waste,"R_12, R_13",0,0,35.32,0,0,0
2023,POSAVSKA,15 01 06,Mixed Packaging (15 01 06),Packaging Waste,"R_12, R_13",19 12 01,Paper and Cardboard from Waste Treatment (19 12 01),Waste Treatment Residues,R_03,0,0,23.301,0,0,0
2023,POSAVSKA,19 12 01,Paper and Cardboard from Waste Treatment (19 12 01),Waste Treatment Residues,BO,19 12 01,Paper and Cardboard from Waste Treatment (19 12 01),Waste Treatment Residues,undefined,1128.605,0,0,0,0,0
2023,POSAVSKA,19 12 01,Paper and Cardboard from Waste Treatment (19 12 01),Waste Treatment Residues,R_03,03 03 07,Mechanically Separated Rejects from Pulping (03 03 07),Wood/Paper Production Waste,R_01,0,0,127.542,0,0,0
2023,POSAVSKA,19 12 01,Paper and Cardboard from Waste Treatment (19 12 01),Waste Treatment Residues,R_03,03 03 07,Mechanically Separated Rejects from Pulping (03 03 07),Wood/Paper Production Waste,R_12,0,0,48.57,0,0,0
2023,POSAVSKA,19 12 01,Paper and Cardboard from Waste Treatment (19 12 01),Waste Treatment Residues,R_03,03 03 07,Mechanically Separated Rejects from Pulping (03 03 07),Wood/Paper Production Waste,undefined,1374.844,0,0,0,0,0
2023,POSAVSKA,19 12 01,Paper and Cardboard from Waste Treatment (19 12 01),Waste Treatment Residues,R_03,03 03 10,Fiber Rejects and Sludge from Mechanical Separation (03 03 10),Wood/Paper Production Waste,D_09,0,0,938.369,0,0,0
2023,POSAVSKA,19 12 01,Paper and Cardboard from Waste Treatment (19 12 01),Waste Treatment Residues,R_03,03 03 10,Fiber Rejects and Sludge from Mechanical Separation (03 03 10),Wood/Paper Production Waste,R_01,0,0,7706.073,0,0,0
2023,POSAVSKA,19 12 01,Paper and Cardboard from Waste Treatment (19 12 01),Waste Treatment Residues,R_03,03 03 10,Fiber Rejects and Sludge from Mechanical Separation (03 03 10),Wood/Paper Production Waste,undefined,4583.35,0,0,0,0,0
2023,POSAVSKA,19 12 01,Paper and Cardboard from Waste Treatment (19 12 01),Waste Treatment Residues,R_03,19 12 02,Ferrous Metals from Mechanical Treatment (19 12 02),Waste Treatment Residues,"R_12, R_13",0,0,52.54,0,0,0
2023,POSAVSKA,20 01 01,Paper and Cardboard from Municipal Waste (20 01 01),Municipal Waste,BO,20 01 01,Paper and Cardboard from Municipal Waste (20 01 01),Municipal Waste,undefined,927.118,0,0,0,0,0
2023,POSAVSKA,20 01 01,Paper and Cardboard from Municipal Waste (20 01 01),Municipal Waste,R_03,03 03 07,Mechanically Separated Rejects from Pulping (03 03 07),Wood/Paper Production Waste,R_01,0,0,99.951,0,0,0
2023,POSAVSKA,20 01 01,Paper and Cardboard from Municipal Waste (20 01 01),Municipal Waste,R_03,03 03 07,Mechanically Separated Rejects from Pulping (03 03 07),Wood/Paper Production Waste,R_12,0,0,38.063,0,0,0
2023,POSAVSKA,20 01 01,Paper and Cardboard from Municipal Waste (20 01 01),Municipal Waste,R_03,03 03 07,Mechanically Separated Rejects from Pulping (03 03 07),Wood/Paper Production Waste,undefined,1077.424,0,0,0,0,0
2023,POSAVSKA,20 01 01,Paper and Cardboard from Municipal Waste (20 01 01),Municipal Waste,R_03,03 03 10,Fiber Rejects and Sludge from Mechanical Separation (03 03 10),Wood/Paper Production Waste,D_09,0,0,735.373,0,0,0
2023,POSAVSKA,20 01 01,Paper and Cardboard from Municipal Waste (20 01 01),Municipal Waste,R_03,03 03 10,Fiber Rejects and Sludge from Mechanical Separation (03 03 10),Wood/Paper Production Waste,R_01,0,0,6039.023,0,0,0
2023,POSAVSKA,20 01 01,Paper and Cardboard from Municipal Waste (20 01 01),Municipal Waste,R_03,03 03 10,Fiber Rejects and Sludge from Mechanical Separation (03 03 10),Wood/Paper Production Waste,undefined,3591.835,0,0,0,0,0
2023,POSAVSKA,20 01 01,Paper and Cardboard from Municipal Waste (20 01 01),Municipal Waste,R_03,19 12 02,Ferrous Metals from Mechanical Treatment (19 12 02),Waste Treatment Residues,"R_12, R_13",0,0,35.754,0,0,0
2023,POSAVSKA,20 01 01,Paper and Cardboard from Municipal Waste (20 01 01),Municipal Waste,R_03,19 12 02,Ferrous Metals from Mechanical Treatment (19 12 02),Waste Treatment Residues,undefined,0,5.42,0,0,0,0
2023,POSAVSKA,20 01 01,Paper and Cardboard from Municipal Waste (20 01 01),Municipal Waste,"R_12, R_13",15 01 01,Paper and Cardboard Packaging (15 01 01),Packaging Waste,R_03,0,0,22.7,2867.409,0,0
2023,POSAVSKA,20 01 01,Paper and Cardboard from Municipal Waste (20 01 01),Municipal Waste,"R_12, R_13",15 01 01,Paper and Cardboard Packaging (15 01 01),Packaging Waste,"R_12, R_13",0,0,17.14,0,0,0
2023,POSAVSKA,20 01 01,Paper and Cardboard from Municipal Waste (20 01 01),Municipal Waste,"R_12, R_13",15 01 02,Plastic Packaging (15 01 02),Packaging Waste,R_03,0,0,996.6,918.44,0,0
2023,POSAVSKA,20 01 01,Paper and Cardboard from Municipal Waste (20 01 01),Municipal Waste,"R_12, R_13",15 01 02,Plastic Packaging (15 01 02),Packaging Waste,"R_12, R_13",0,0,226.108,0,0,0
2023,POSAVSKA,20 01 01,Paper and Cardboard from Municipal Waste (20 01 01),Municipal Waste,"R_12, R_13",15 01 05,Composite Packaging (15 01 05),Packaging Waste,undefined,0,24.22,0,0,0,0
2023,POSAVSKA,20 01 01,Paper and Cardboard from Municipal Waste (20 01 01),Municipal Waste,"R_12, R_13",19 12 01,Paper and Cardboard from Waste Treatment (19 12 01),Waste Treatment Residues,R_03,0,0,138.599,0,0,0
2023,POSAVSKA,20 01 01,Paper and Cardboard from Municipal Waste (20 01 01),Municipal Waste,"R_12, R_13",20 01 01,Paper and Cardboard from Municipal Waste (20 01 01),Municipal Waste,R_03,0,0,0,1845.11,0,0
2023,POSAVSKA,20 01 01,Paper and Cardboard from Municipal Waste (20 01 01),Municipal Waste,"R_12, R_13",20 01 01,Paper and Cardboard from Municipal Waste (20 01 01),Municipal Waste,"R_12, R_13",0,0,0,23.9,0,0
2023,POSAVSKA,20 01 38,Non-hazardous Wood from Municipal Waste (20 01 38),Municipal Waste,BO,20 01 38,Non-hazardous Wood from Municipal Waste (20 01 38),Municipal Waste,undefined,103.355,0,0,0,0,0
2023,POSAVSKA,20 01 38,Non-hazardous Wood from Municipal Waste (20 01 38),Municipal Waste,R_01,10 01 01,"Ash, slag and boiler dust (excluding boiler dust listed under 10 01 04) (10 01 01)",Thermal Process Waste,R_00,0,0,59.91,0,0,0
2023,POSAVSKA,20 01 38,Non-hazardous Wood from Municipal Waste (20 01 38),Municipal Waste,"R_12, R_13",19 12 12,Other Mechanically Treated Waste (19 12 12),Waste Treatment Residues,R_01,0,0,0,1.46,0,0
2023,POSAVSKA,20 03 01,Mixed Municipal Waste (20 03 01),Municipal Waste,"D_08,09",19 12 01,Paper and Cardboard from Waste Treatment (19 12 01),Waste Treatment Residues,R_03,0,0,0,681.66,139.26,0
2023,POSAVSKA,20 03 07,Bulky Municipal Waste (20 03 07),Municipal Waste,BO,20 03 07,Bulky Municipal Waste (20 03 07),Municipal Waste,undefined,1645.33,0,0,0,0,0
2023,POSAVSKA,20 03 07,Bulky Municipal Waste (20 03 07),Municipal Waste,"R_12, R_13",19 12 12,Other Mechanically Treated Waste (19 12 12),Waste Treatment Residues,undefined,5.18,0,0,0,0,0
2023,PRIMORSKO-NOTRANJSKA,15 01 01,Paper and Cardboard Packaging (15 01 01),Packaging Waste,"R_12, R_13",15 01 01,Paper and Cardboard Packaging (15 01 01),Packaging Waste,"R_12, R_13",0,0,109.384,0,0,0
2023,PRIMORSKO-NOTRANJSKA,15 01 01,Paper and Cardboard Packaging (15 01 01),Packaging Waste,"R_12, R_13",15 01 01,Paper and Cardboard Packaging (15 01 01),Packaging Waste,undefined,5.815,0,0,0,0,0
2023,PRIMORSKO-NOTRANJSKA,15 01 03,Wooden Packaging (15 01 03),Packaging Waste,"R_12, R_13",15 01 03,Wooden Packaging (15 01 03),Packaging Waste,R_04,0,0,0,40.72,0,0
2023,PRIMORSKO-NOTRANJSKA,15 01 03,Wooden Packaging (15 01 03),Packaging Waste,"R_12, R_13",15 01 03,Wooden Packaging (15 01 03),Packaging Waste,undefined,12.828,0,0,0,0,0
2023,SAVINJSKA,03 01 05,Sawdust/Shavings/Cuttings (03 01 05),Wood/Paper Production Waste,R_01,10 01 01,"Ash, slag and boiler dust (excluding boiler dust listed under 10 01 04) (10 01 01)",Thermal Process Waste,undefined,0.3,0,0,0,0,0
2023,SAVINJSKA,03 01 05,Sawdust/Shavings/Cuttings (03 01 05),Wood/Paper Production Waste,"R_12, R_13",03 01 05,Sawdust/Shavings/Cuttings (03 01 05),Wood/Paper Production Waste,undefined,0,246,0,0,0,0
2023,SAVINJSKA,03 01 05,Sawdust/Shavings/Cuttings (03 01 05),Wood/Paper Production Waste,"R_12, R_13",19 12 12,Other Mechanically Treated Waste (19 12 12),Waste Treatment Residues,R_01,0,0,29.235,0,0,0
2023,SAVINJSKA,03 03 08,Waste from Sorting of Paper and Cardboard for Recycling (03 03 08),Wood/Paper Production Waste,R_03,19 12 04,Plastics and Rubber from Mechanical Treatment (19 12 04),Waste Treatment Residues,R_12,0,0,5.22,0,0,0
2023,SAVINJSKA,03 03 08,Waste from Sorting of Paper and Cardboard for Recycling (03 03 08),Wood/Paper Production Waste,"R_12, R_13",03 03 08,Waste from Sorting of Paper and Cardboard for Recycling (03 03 08),Wood/Paper Production Waste,R_03,0,0,0,20.94,0,0
2023,SAVINJSKA,03 03 08,Waste from Sorting of Paper and Cardboard for Recycling (03 03 08),Wood/Paper Production Waste,"R_12, R_13",15 01 01,Paper and Cardboard Packaging (15 01 01),Packaging Waste,R_03,0,0,0,679.773,0,0
2023,SAVINJSKA,03 03 08,Waste from Sorting of Paper and Cardboard for Recycling (03 03 08),Wood/Paper Production Waste,"R_12, R_13",19 12 01,Paper and Cardboard from Waste Treatment (19 12 01),Waste Treatment Residues,R_03,0,0,0,410.533,71.935,0
2023,SAVINJSKA,03 03 08,Waste from Sorting of Paper and Cardboard for Recycling (03 03 08),Wood/Paper Production Waste,"R_12, R_13",19 12 12,Other Mechanically Treated Waste (19 12 12),Waste Treatment Residues,R_01,0,0,339.703,0,0,0
2023,SAVINJSKA,15 01 01,Paper and Cardboard Packaging (15 01 01),Packaging Waste,BO,15 01 01,Paper and Cardboard Packaging (15 01 01),Packaging Waste,"R_12, R_13",0,0,5.11,0,0,0
2023,SAVINJSKA,15 01 01,Paper and Cardboard Packaging (15 01 01),Packaging Waste,BO,15 01 01,Paper and Cardboard Packaging (15 01 01),Packaging Waste,undefined,2.51,10.12,0,0,0,0
2023,SAVINJSKA,15 01 01,Paper and Cardboard Packaging (15 01 01),Packaging Waste,R_03,19 12 04,Plastics and Rubber from Mechanical Treatment (19 12 04),Waste Treatment Residues,R_12,0,0,1.26,0,0,0
2023,SAVINJSKA,15 01 01,Paper and Cardboard Packaging (15 01 01),Packaging Waste,"R_12, R_13",15 01 01,Paper and Cardboard Packaging (15 01 01),Packaging Waste,R_03,0,0,0,8297.615,2494.8,0
2023,SAVINJSKA,15 01 01,Paper and Cardboard Packaging (15 01 01),Packaging Waste,"R_12, R_13",15 01 01,Paper and Cardboard Packaging (15 01 01),Packaging Waste,"R_12, R_13",0,0,103.25,0,0,0
2023,SAVINJSKA,15 01 01,Paper and Cardboard Packaging (15 01 01),Packaging Waste,"R_12, R_13",15 01 01,Paper and Cardboard Packaging (15 01 01),Packaging Waste,undefined,0,495.14,0,0,0,0
2023,SAVINJSKA,15 01 01,Paper and Cardboard Packaging (15 01 01),Packaging Waste,"R_12, R_13",19 12 12,Other Mechanically Treated Waste (19 12 12),Waste Treatment Residues,D_13,0,0,457.379,0,0,0
2023,SAVINJSKA,15 01 03,Wooden Packaging (15 01 03),Packaging Waste,BO,15 01 03,Wooden Packaging (15 01 03),Packaging Waste,undefined,20.68,0,0,0,0,0
2023,SAVINJSKA,15 01 03,Wooden Packaging (15 01 03),Packaging Waste,R_01,10 01 01,"Ash, slag and boiler dust (excluding boiler dust listed under 10 01 04) (10 01 01)",Thermal Process Waste,undefined,17.7,0,0,0,0,0
2023,SAVINJSKA,15 01 03,Wooden Packaging (15 01 03),Packaging Waste,R_03,19 12 12,Other Mechanically Treated Waste (19 12 12),Waste Treatment Residues,"R_12, R_13",0,0,19.02,0,0,0
2023,SAVINJSKA,15 01 03,Wooden Packaging (15 01 03),Packaging Waste,"R_12, R_13",15 01 03,Wooden Packaging (15 01 03),Packaging Waste,R_01,0,0,591.32,0,0,0
2023,SAVINJSKA,15 01 03,Wooden Packaging (15 01 03),Packaging Waste,"R_12, R_13",15 01 03,Wooden Packaging (15 01 03),Packaging Waste,R_03,0,0,2263.189,286.82,0,0
2023,SAVINJSKA,15 01 03,Wooden Packaging (15 01 03),Packaging Waste,"R_12, R_13",19 12 07,Wood Waste from Treatment (not 19 12 06) (19 12 07),Waste Treatment Residues,R_01,0,0,0,1123.081,0,0
2023,SAVINJSKA,15 01 03,Wooden Packaging (15 01 03),Packaging Waste,"R_12, R_13",19 12 07,Wood Waste from Treatment (not 19 12 06) (19 12 07),Waste Treatment Residues,R_03,0,0,0,1777.49,0,0
2023,SAVINJSKA,15 01 03,Wooden Packaging (15 01 03),Packaging Waste,"R_12, R_13",19 12 07,Wood Waste from Treatment (not 19 12 06) (19 12 07),Waste Treatment Residues,R_12,0,0,0,125.345,0,0
2023,SAVINJSKA,15 01 03,Wooden Packaging (15 01 03),Packaging Waste,"R_12, R_13",19 12 12,Other Mechanically Treated Waste (19 12 12),Waste Treatment Residues,D_13,0,0,3.571,0,0,0
2023,SAVINJSKA,15 01 03,Wooden Packaging (15 01 03),Packaging Waste,"R_12, R_13",19 12 12,Other Mechanically Treated Waste (19 12 12),Waste Treatment Residues,R_01,0,0,206.426,0,0,0
2023,SAVINJSKA,15 01 05,Composite Packaging (15 01 05),Packaging Waste,"R_12, R_13",19 12 01,Paper and Cardboard from Waste Treatment (19 12 01),Waste Treatment Residues,R_03,0,0,793.28,0,0,0
2023,SAVINJSKA,17 02 01,Construction Wood Waste (17 02 01),Construction/Demolition Waste,D_01,17 02 01,Construction Wood Waste (17 02 01),Construction/Demolition Waste,undefined,0,0,0,0,0,20.97
2023,SAVINJSKA,17 02 01,Construction Wood Waste (17 02 01),Construction/Demolition Waste,R_12,19 12 12,Other Mechanically Treated Waste (19 12 12),Waste Treatment Residues,D_01,0,0,2.62,0,0,0
2023,SAVINJSKA,17 02 01,Construction Wood Waste (17 02 01),Construction/Demolition Waste,"R_12, R_13",19 12 12,Other Mechanically Treated Waste (19 12 12),Waste Treatment Residues,R_01,0,0,325.559,0,0,0
2023,SAVINJSKA,19 12 01,Paper and Cardboard from Waste Treatment (19 12 01),Waste Treatment Residues,BO,19 12 01,Paper and Cardboard from Waste Treatment (19 12 01),Waste Treatment Residues,undefined,9,0,0,0,0,0
2023,SAVINJSKA,19 12 01,Paper and Cardboard from Waste Treatment (19 12 01),Waste Treatment Residues,R_03,19 12 04,Plastics and Rubber from Mechanical Treatment (19 12 04),Waste Treatment Residues,R_12,0,0,2.43,0,0,0
2023,SAVINJSKA,19 12 01,Paper and Cardboard from Waste Treatment (19 12 01),Waste Treatment Residues,"R_12, R_13",19 12 01,Paper and Cardboard from Waste Treatment (19 12 01),Waste Treatment Residues,R_03,0,0,0,146.047,0,0
2023,SAVINJSKA,19 12 01,Paper and Cardboard from Waste Treatment (19 12 01),Waste Treatment Residues,"R_12, R_13",19 12 01,Paper and Cardboard from Waste Treatment (19 12 01),Waste Treatment Residues,undefined,183.407,0,0,0,0,0
2023,SAVINJSKA,19 12 07,Wood Waste from Treatment (not 19 12 06) (19 12 07),Waste Treatment Residues,R_01,10 01 01,"Ash, slag and boiler dust (excluding boiler dust listed under 10 01 04) (10 01 01)",Thermal Process Waste,undefined,4.7,0,0,0,0,0
2023,SAVINJSKA,19 12 07,Wood Waste from Treatment (not 19 12 06) (19 12 07),Waste Treatment Residues,"R_12, R_13",19 12 07,Wood Waste from Treatment (not 19 12 06) (19 12 07),Waste Treatment Residues,R_12,0,0,0,16.115,0,0
2023,SAVINJSKA,19 12 07,Wood Waste from Treatment (not 19 12 06) (19 12 07),Waste Treatment Residues,"R_12, R_13",19 12 07,Wood Waste from Treatment (not 19 12 06) (19 12 07),Waste Treatment Residues,undefined,149.411,22.74,0,0,0,0
2023,SAVINJSKA,20 01 01,Paper and Cardboard from Municipal Waste (20 01 01),Municipal Waste,"R_12, R_13",15 01 01,Paper and Cardboard Packaging (15 01 01),Packaging Waste,R_03,0,0,0,11287.446,0,0
2023,SAVINJSKA,20 01 01,Paper and Cardboard from Municipal Waste (20 01 01),Municipal Waste,"R_12, R_13",15 01 01,Paper and Cardboard Packaging (15 01 01),Packaging Waste,undefined,54.239,0,0,0,0,0
2023,SAVINJSKA,20 01 01,Paper and Cardboard from Municipal Waste (20 01 01),Municipal Waste,"R_12, R_13",19 12 01,Paper and Cardboard from Waste Treatment (19 12 01),Waste Treatment Residues,R_03,0,0,558.031,0,23.64,0
2023,SAVINJSKA,20 01 01,Paper and Cardboard from Municipal Waste (20 01 01),Municipal Waste,"R_12, R_13",19 12 01,Paper and Cardboard from Waste Treatment (19 12 01),Waste Treatment Residues,undefined,0,18.537,0,0,0,0
2023,SAVINJSKA,20 01 01,Paper and Cardboard from Municipal Waste (20 01 01),Municipal Waste,"R_12, R_13",20 01 01,Paper and Cardboard from Municipal Waste (20 01 01),Municipal Waste,R_03,0,0,1069.446,2412.636,0,0
2023,SAVINJSKA,20 01 01,Paper and Cardboard from Municipal Waste (20 01 01),Municipal Waste,"R_12, R_13",20 01 01,Paper and Cardboard from Municipal Waste (20 01 01),Municipal Waste,R_04,0,0,0,348.278,0,0
2023,SAVINJSKA,20 01 01,Paper and Cardboard from Municipal Waste (20 01 01),Municipal Waste,"R_12, R_13",20 01 01,Paper and Cardboard from Municipal Waste (20 01 01),Municipal Waste,undefined,122.505,0,0,0,0,0
2023,SAVINJSKA,20 01 38,Non-hazardous Wood from Municipal Waste (20 01 38),Municipal Waste,R_01,10 01 01,"Ash, slag and boiler dust (excluding boiler dust listed under 10 01 04) (10 01 01)",Thermal Process Waste,undefined,37.9,0,0,0,0,0
2023,SAVINJSKA,20 01 38,Non-hazardous Wood from Municipal Waste (20 01 38),Municipal Waste,R_0302,19 05 03,Compost Not Meeting Specifications (19 05 03),Waste Treatment Residues,R_10,0,0,15.26,0,0,0
2023,SAVINJSKA,20 01 38,Non-hazardous Wood from Municipal Waste (20 01 38),Municipal Waste,R_0302,19 05 03,Compost Not Meeting Specifications (19 05 03),Waste Treatment Residues,undefined,35.56,0,0,0,0,0
2023,SAVINJSKA,20 01 38,Non-hazardous Wood from Municipal Waste (20 01 38),Municipal Waste,R_12,19 12 07,Wood Waste from Treatment (not 19 12 06) (19 12 07),Waste Treatment Residues,R_03,0,0,1256.6,0,0,0
2023,SAVINJSKA,20 01 38,Non-hazardous Wood from Municipal Waste (20 01 38),Municipal Waste,R_12,19 12 12,Other Mechanically Treated Waste (19 12 12),Waste Treatment Residues,D_01,0,0,250.82,0,0,0
2023,SAVINJSKA,20 01 38,Non-hazardous Wood from Municipal Waste (20 01 38),Municipal Waste,"R_12, R_13",19 12 07,Wood Waste from Treatment (not 19 12 06) (19 12 07),Waste Treatment Residues,R_03,0,0,0,431.11,0,0
2023,SAVINJSKA,20 03 07,Bulky Municipal Waste (20 03 07),Municipal Waste,BO,20 03 07,Bulky Municipal Waste (20 03 07),Municipal Waste,undefined,18488.69,0,0,0,0,0
2023,SAVINJSKA,20 03 07,Bulky Municipal Waste (20 03 07),Municipal Waste,R_0302,19 05 03,Compost Not Meeting Specifications (19 05 03),Waste Treatment Residues,R_10,0,0,2.77,0,0,0
2023,SAVINJSKA,20 03 07,Bulky Municipal Waste (20 03 07),Municipal Waste,R_0302,19 05 03,Compost Not Meeting Specifications (19 05 03),Waste Treatment Residues,undefined,7.32,0,0,0,0,0
2023,SAVINJSKA,20 03 07,Bulky Municipal Waste (20 03 07),Municipal Waste,R_12,19 12 02,Ferrous Metals from Mechanical Treatment (19 12 02),Waste Treatment Residues,undefined,0,23.68,0,0,0,0
2023,SAVINJSKA,20 03 07,Bulky Municipal Waste (20 03 07),Municipal Waste,R_12,19 12 12,Other Mechanically Treated Waste (19 12 12),Waste Treatment Residues,D_01,0,0,13332.5,0,0,0
2023,SAVINJSKA,20 03 07,Bulky Municipal Waste (20 03 07),Municipal Waste,R_12,20 01 23*,Discarded Equipment Containing CFCs (20 01 23*),Municipal Waste,undefined,0,14.18,0,0,0,0
2023,SAVINJSKA,20 03 07,Bulky Municipal Waste (20 03 07),Municipal Waste,R_12,20 01 36,Non-Hazardous Waste Electrical Equipment (20 01 36),Municipal Waste,undefined,0,32.14,0,0,0,0
2023,SAVINJSKA,20 03 07,Bulky Municipal Waste (20 03 07),Municipal Waste,"R_12, R_13",19 12 12,Other Mechanically Treated Waste (19 12 12),Waste Treatment Residues,R_01,0,0,312.899,0,0,0
2023,SAVINJSKA,20 03 07,Bulky Municipal Waste (20 03 07),Municipal Waste,"R_12, R_13",20 03 07,Bulky Municipal Waste (20 03 07),Municipal Waste,undefined,1.304,0,0,0,0,0
2023,ZASAVSKA,15 01 01,Paper and Cardboard Packaging (15 01 01),Packaging Waste,BO,15 01 01,Paper and Cardboard Packaging (15 01 01),Packaging Waste,undefined,4.965,0,0,0,0,0
2023,ZASAVSKA,15 01 06,Mixed Packaging (15 01 06),Packaging Waste,"R_12, R_13",15 01 01,Paper and Cardboard Packaging (15 01 01),Packaging Waste,R_03,0,0,170.3,0,0,0
2023,ZASAVSKA,15 01 06,Mixed Packaging (15 01 06),Packaging Waste,"R_12, R_13",15 01 01,Paper and Cardboard Packaging (15 01 01),Packaging Waste,undefined,29.84,0,0,0,0,0
2023,ZASAVSKA,17 02 01,Construction Wood Waste (17 02 01),Construction/Demolition Waste,BO,17 02 01,Construction Wood Waste (17 02 01),Construction/Demolition Waste,undefined,11.58,0,0,0,0,0
2023,ZASAVSKA,19 12 01,Paper and Cardboard from Waste Treatment (19 12 01),Waste Treatment Residues,"R_12, R_13",19 12 01,Paper and Cardboard from Waste Treatment (19 12 01),Waste Treatment Residues,R_03,0,0,29.66,0,0,0
2023,ZASAVSKA,20 01 38,Non-hazardous Wood from Municipal Waste (20 01 38),Municipal Waste,"R_12, R_13",20 01 38,Non-hazardous Wood from Municipal Waste (20 01 38),Municipal Waste,R_05,0,0,8.48,0,0,0
2023,ZASAVSKA,20 01 38,Non-hazardous Wood from Municipal Waste (20 01 38),Municipal Waste,"R_12, R_13",20 01 38,Non-hazardous Wood from Municipal Waste (20 01 38),Municipal Waste,undefined,416.21,0,0,0,0,0
2023,ZASAVSKA,20 03 01,Mixed Municipal Waste (20 03 01),Municipal Waste,"D_08,09",19 12 01,Paper and Cardboard from Waste Treatment (19 12 01),Waste Treatment Residues,R_03,0,0,28.76,0,0,0
2023,ZASAVSKA,20 03 07,Bulky Municipal Waste (20 03 07),Municipal Waste,"R_12, R_13",16 01 03,End-of-Life Tyres (16 01 03),Miscellaneous Waste,undefined,0,8.68,0,0,0,0
2023,ZASAVSKA,20 03 07,Bulky Municipal Waste (20 03 07),Municipal Waste,"R_12, R_13",17 06 04,Other Insulation Materials (17 06 04),Construction/Demolition Waste,D_01,0,0,47.44,0,0,0
2023,ZASAVSKA,20 03 07,Bulky Municipal Waste (20 03 07),Municipal Waste,"R_12, R_13",17 06 04,Other Insulation Materials (17 06 04),Construction/Demolition Waste,R_05,0,0,2.56,0,0,0
2023,ZASAVSKA,20 03 07,Bulky Municipal Waste (20 03 07),Municipal Waste,"R_12, R_13",17 06 05*,Construction Materials Containing Asbestos (17 06 05*),Construction/Demolition Waste,D_01,0,0,15.41,0,0,0
2023,ZASAVSKA,20 03 07,Bulky Municipal Waste (20 03 07),Municipal Waste,"R_12, R_13",17 08 02,Gypsum-Based Construction Materials (17 08 02),Construction/Demolition Waste,R_05,0,0,40.7,0,0,0
2023,ZASAVSKA,20 03 07,Bulky Municipal Waste (20 03 07),Municipal Waste,"R_12, R_13",17 08 02,Gypsum-Based Construction Materials (17 08 02),Construction/Demolition Waste,undefined,109.3,0,0,0,0,0
2023,ZASAVSKA,20 03 07,Bulky Municipal Waste (20 03 07),Municipal Waste,"R_12, R_13",19 05 01,Non-Compostable Fraction of Municipal Waste (19 05 01),Waste Treatment Residues,D_01,0,0,151.52,0,0,0
2023,ZASAVSKA,20 03 07,Bulky Municipal Waste (20 03 07),Municipal Waste,"R_12, R_13",19 12 01,Paper and Cardboard from Waste Treatment (19 12 01),Waste Treatment Residues,R_03,0,0,2.58,0,0,0
2023,ZASAVSKA,20 03 07,Bulky Municipal Waste (20 03 07),Municipal Waste,"R_12, R_13",19 12 02,Ferrous Metals from Mechanical Treatment (19 12 02),Waste Treatment Residues,R_04,0,0,27.2,0,0,0
2023,ZASAVSKA,20 03 07,Bulky Municipal Waste (20 03 07),Municipal Waste,"R_12, R_13",19 12 07,Wood Waste from Treatment (not 19 12 06) (19 12 07),Waste Treatment Residues,R_03,0,0,155.38,0,0,0
2023,ZASAVSKA,20 03 07,Bulky Municipal Waste (20 03 07),Municipal Waste,"R_12, R_13",19 12 09,Minerals from Mechanical Treatment (19 12 09),Waste Treatment Residues,D_01,0,0,325.89,0,0,0
2023,ZASAVSKA,20 03 07,Bulky Municipal Waste (20 03 07),Municipal Waste,"R_12, R_13",19 12 12,Other Mechanically Treated Waste (19 12 12),Waste Treatment Residues,R_01,0,0,160.18,0,0,0
2023,ZASAVSKA,20 03 07,Bulky Municipal Waste (20 03 07),Municipal Waste,"R_12, R_13",19 12 12,Other Mechanically Treated Waste (19 12 12),Waste Treatment Residues,undefined,5.6,0,0,0,0,0
2023,ZASAVSKA,20 03 07,Bulky Municipal Waste (20 03 07),Municipal Waste,"R_12, R_13",20 01 23*,Discarded Equipment Containing CFCs (20 01 23*),Municipal Waste,undefined,0,7.12,0,0,0,0
2023,ZASAVSKA,20 03 07,Bulky Municipal Waste (20 03 07),Municipal Waste,"R_12, R_13",20 01 36,Non-Hazardous Waste Electrical Equipment (20 01 36),Municipal Waste,undefined,0,4.94,0,0,0,0
2023,ZASAVSKA,20 03 07,Bulky Municipal Waste (20 03 07),Municipal Waste,"R_12, R_13",20 01 40,Metals from Municipal Waste (20 01 40),Municipal Waste,R_04,0,0,13.6,0,0,0
2024,GORENJSKA,03 01 05,Sawdust/Shavings/Cuttings (03 01 05),Wood/Paper Production Waste,R_01,10 01 01,"Ash, slag and boiler dust (excluding boiler dust listed under 10 01 04) (10 01 01)",Thermal Process Waste,R_05,0,0,1276.948,0,0,0
2024,GORENJSKA,03 01 05,Sawdust/Shavings/Cuttings (03 01 05),Wood/Paper Production Waste,"R_12, R_13",03 01 05,Sawdust/Shavings/Cuttings (03 01 05),Wood/Paper Production Waste,R_03,0,0,27.89,0,0,0
2024,GORENJSKA,03 01 05,Sawdust/Shavings/Cuttings (03 01 05),Wood/Paper Production Waste,"R_12, R_13",19 12 07,Wood Waste from Treatment (not 19 12 06) (19 12 07),Waste Treatment Residues,R_03,0,0,0,227.04,0,0
2024,GORENJSKA,03 01 05,Sawdust/Shavings/Cuttings (03 01 05),Wood/Paper Production Waste,"R_12, R_13",19 12 07,Wood Waste from Treatment (not 19 12 06) (19 12 07),Waste Treatment Residues,"R_12, R_13",0,0,64.09,0,0,0
2024,GORENJSKA,03 03 08,Waste from Sorting of Paper and Cardboard for Recycling (03 03 08),Wood/Paper Production Waste,"R_12, R_13",19 12 12,Other Mechanically Treated Waste (19 12 12),Waste Treatment Residues,"R_12, R_13",0,0,53.215,0,0,0
2024,GORENJSKA,15 01 01,Paper and Cardboard Packaging (15 01 01),Packaging Waste,"R_12, R_13",15 01 01,Paper and Cardboard Packaging (15 01 01),Packaging Waste,"R_12, R_13",0,0,3180.156,0,0,0
2024,GORENJSKA,15 01 01,Paper and Cardboard Packaging (15 01 01),Packaging Waste,"R_12, R_13",15 01 01,Paper and Cardboard Packaging (15 01 01),Packaging Waste,undefined,70.484,0,0,0,0,0
2024,GORENJSKA,15 01 01,Paper and Cardboard Packaging (15 01 01),Packaging Waste,"R_12, R_13",19 12 04,Plastics and Rubber from Mechanical Treatment (19 12 04),Waste Treatment Residues,R_03,0,0,153.06,0,0,0
2024,GORENJSKA,15 01 03,Wooden Packaging (15 01 03),Packaging Waste,R_01,10 01 01,"Ash, slag and boiler dust (excluding boiler dust listed under 10 01 04) (10 01 01)",Thermal Process Waste,R_05,0,0,58.18,0,0,0
2024,GORENJSKA,15 01 03,Wooden Packaging (15 01 03),Packaging Waste,"R_12, R_13",15 01 03,Wooden Packaging (15 01 03),Packaging Waste,R_03,0,0,903.12,0,0,0
2024,GORENJSKA,15 01 03,Wooden Packaging (15 01 03),Packaging Waste,"R_12, R_13",15 01 03,Wooden Packaging (15 01 03),Packaging Waste,"R_12, R_13",0,0,961.88,0,0,0
2024,GORENJSKA,15 01 03,Wooden Packaging (15 01 03),Packaging Waste,"R_12, R_13",15 01 03,Wooden Packaging (15 01 03),Packaging Waste,undefined,13.857,0,0,0,0,0
2024,GORENJSKA,15 01 03,Wooden Packaging (15 01 03),Packaging Waste,"R_12, R_13",19 12 07,Wood Waste from Treatment (not 19 12 06) (19 12 07),Waste Treatment Residues,R_03,0,0,0,6085.22,0,0
2024,GORENJSKA,15 01 03,Wooden Packaging (15 01 03),Packaging Waste,"R_12, R_13",19 12 07,Wood Waste from Treatment (not 19 12 06) (19 12 07),Waste Treatment Residues,"R_12, R_13",0,0,40.139,0,0,0
2024,GORENJSKA,15 01 03,Wooden Packaging (15 01 03),Packaging Waste,"R_12, R_13",19 12 07,Wood Waste from Treatment (not 19 12 06) (19 12 07),Waste Treatment Residues,undefined,2264.182,0,0,0,0,0
2024,GORENJSKA,17 02 01,Construction Wood Waste (17 02 01),Construction/Demolition Waste,BO,17 02 01,Construction Wood Waste (17 02 01),Construction/Demolition Waste,undefined,142.1,0,0,0,0,0
2024,GORENJSKA,17 02 01,Construction Wood Waste (17 02 01),Construction/Demolition Waste,R_01,10 01 01,"Ash, slag and boiler dust (excluding boiler dust listed under 10 01 04) (10 01 01)",Thermal Process Waste,R_05,0,0,732.77,0,0,0
2024,GORENJSKA,17 02 01,Construction Wood Waste (17 02 01),Construction/Demolition Waste,"R_12, R_13",17 02 01,Construction Wood Waste (17 02 01),Construction/Demolition Waste,R_03,0,0,45.04,0,0,0
2024,GORENJSKA,17 02 01,Construction Wood Waste (17 02 01),Construction/Demolition Waste,"R_12, R_13",17 02 01,Construction Wood Waste (17 02 01),Construction/Demolition Waste,undefined,179.5,0,0,0,0,0
2024,GORENJSKA,17 02 01,Construction Wood Waste (17 02 01),Construction/Demolition Waste,"R_12, R_13",19 12 07,Wood Waste from Treatment (not 19 12 06) (19 12 07),Waste Treatment Residues,R_03,0,0,0,682.21,0,0
2024,GORENJSKA,17 02 01,Construction Wood Waste (17 02 01),Construction/Demolition Waste,"R_12, R_13",19 12 07,Wood Waste from Treatment (not 19 12 06) (19 12 07),Waste Treatment Residues,"R_12, R_13",0,0,42.286,0,0,0
2024,GORENJSKA,19 12 01,Paper and Cardboard from Waste Treatment (19 12 01),Waste Treatment Residues,"R_12, R_13",19 12 01,Paper and Cardboard from Waste Treatment (19 12 01),Waste Treatment Residues,R_03,0,0,364.418,410.655,0,0
2024,GORENJSKA,19 12 01,Paper and Cardboard from Waste Treatment (19 12 01),Waste Treatment Residues,"R_12, R_13",19 12 01,Paper and Cardboard from Waste Treatment (19 12 01),Waste Treatment Residues,"R_12, R_13",0,0,188.05,0,0,0
2024,GORENJSKA,19 12 07,Wood Waste from Treatment (not 19 12 06) (19 12 07),Waste Treatment Residues,"R_12, R_13",19 12 07,Wood Waste from Treatment (not 19 12 06) (19 12 07),Waste Treatment Residues,R_03,0,0,9.9,5.05,0,0
2024,GORENJSKA,19 12 07,Wood Waste from Treatment (not 19 12 06) (19 12 07),Waste Treatment Residues,"R_12, R_13",19 12 07,Wood Waste from Treatment (not 19 12 06) (19 12 07),Waste Treatment Residues,"R_12, R_13",0,0,24.047,0,0,0
2024,GORENJSKA,20 01 01,Paper and Cardboard from Municipal Waste (20 01 01),Municipal Waste,"R_12, R_13",19 12 01,Paper and Cardboard from Waste Treatment (19 12 01),Waste Treatment Residues,R_03,0,0,0,516.255,0,0
2024,GORENJSKA,20 01 01,Paper and Cardboard from Municipal Waste (20 01 01),Municipal Waste,"R_12, R_13",19 12 01,Paper and Cardboard from Waste Treatment (19 12 01),Waste Treatment Residues,undefined,1.278,0,0,0,0,0
2024,GORENJSKA,20 01 01,Paper and Cardboard from Municipal Waste (20 01 01),Municipal Waste,"R_12, R_13",19 12 12,Other Mechanically Treated Waste (19 12 12),Waste Treatment Residues,R_01,0,0,0,973.196,0,0
2024,GORENJSKA,20 01 01,Paper and Cardboard from Municipal Waste (20 01 01),Municipal Waste,"R_12, R_13",20 01 01,Paper and Cardboard from Municipal Waste (20 01 01),Municipal Waste,R_03,0,0,411.33,0,0,0
2024,GORENJSKA,20 01 01,Paper and Cardboard from Municipal Waste (20 01 01),Municipal Waste,"R_12, R_13",20 01 01,Paper and Cardboard from Municipal Waste (20 01 01),Municipal Waste,undefined,83.44,0,0,0,0,0
2024,GORENJSKA,20 01 38,Non-hazardous Wood from Municipal Waste (20 01 38),Municipal Waste,"R_12, R_13",19 12 07,Wood Waste from Treatment (not 19 12 06) (19 12 07),Waste Treatment Residues,R_03,0,0,0,7397.08,0,0
2024,GORENJSKA,20 01 38,Non-hazardous Wood from Municipal Waste (20 01 38),Municipal Waste,"R_12, R_13",20 01 38,Non-hazardous Wood from Municipal Waste (20 01 38),Municipal Waste,"R_12, R_13",0,0,445.62,0,0,0
2024,GORENJSKA,20 02 03,Non-biodegradable Garden and Park Waste (20 02 03),Municipal Waste,"R_12, R_13",19 12 07,Wood Waste from Treatment (not 19 12 06) (19 12 07),Waste Treatment Residues,"R_12, R_13",0,0,11.4,0,0,0
2024,GORENJSKA,20 03 07,Bulky Municipal Waste (20 03 07),Municipal Waste,D_01,20 03 07,Bulky Municipal Waste (20 03 07),Municipal Waste,undefined,0,0,0,0,0,2424.5
2024,GORENJSKA,20 03 07,Bulky Municipal Waste (20 03 07),Municipal Waste,"R_12, R_13",20 01 01,Paper and Cardboard from Municipal Waste (20 01 01),Municipal Waste,undefined,0,1.66,0,0,0,0
2024,GORENJSKA,20 03 07,Bulky Municipal Waste (20 03 07),Municipal Waste,"R_12, R_13",20 01 38,Non-hazardous Wood from Municipal Waste (20 01 38),Municipal Waste,undefined,0,32.7,0,0,0,0
2024,GORENJSKA,20 03 07,Bulky Municipal Waste (20 03 07),Municipal Waste,"R_12, R_13",20 01 40,Metals from Municipal Waste (20 01 40),Municipal Waste,undefined,0,1.12,0,0,0,0
2024,GORENJSKA,20 03 07,Bulky Municipal Waste (20 03 07),Municipal Waste,"R_12, R_13",20 03 07,Bulky Municipal Waste (20 03 07),Municipal Waste,"R_12, R_13",0,0,117.355,0,0,0
2024,GORENJSKA,20 03 07,Bulky Municipal Waste (20 03 07),Municipal Waste,"R_12, R_13",20 03 07,Bulky Municipal Waste (20 03 07),Municipal Waste,undefined,921.27,0,0,0,0,0
2024,GORIŠKA,03 01 05,Sawdust/Shavings/Cuttings (03 01 05),Wood/Paper Production Waste,R_03,03 01 05,Sawdust/Shavings/Cuttings (03 01 05),Wood/Paper Production Waste,R_03,0,0,0,0,0,0
2024,GORIŠKA,09 01 07,Silver-Containing Photographic Films and Paper (09 01 07),Photographic Industry Waste,"R_12, R_13",19 12 01,Paper and Cardboard from Waste Treatment (19 12 01),Waste Treatment Residues,undefined,0.675,0,0,0,0,0
2024,GORIŠKA,12 01 02,Iron Dust and Particles (12 01 02),Metal/Plastic Processing Waste,R_12,19 12 01,Paper and Cardboard from Waste Treatment (19 12 01),Waste Treatment Residues,"R_12, R_13",0,0,0.69,0,0,0
2024,GORIŠKA,12 01 03,Non-Ferrous Metal Turnings (12 01 03),Metal/Plastic Processing Waste,R_12,15 01 03,Wooden Packaging (15 01 03),Packaging Waste,undefined,0,1.25,0,0,0,0
2024,GORIŠKA,12 01 03,Non-Ferrous Metal Turnings (12 01 03),Metal/Plastic Processing Waste,R_12,19 12 01,Paper and Cardboard from Waste Treatment (19 12 01),Waste Treatment Residues,"R_12, R_13",0,0,0.75,0,0,0
2024,GORIŠKA,12 01 04,Non-Ferrous Metal Dust and Particles (12 01 04),Metal/Plastic Processing Waste,R_12,15 01 03,Wooden Packaging (15 01 03),Packaging Waste,R_13,0,0,6.52,0,0,0
2024,GORIŠKA,12 01 04,Non-Ferrous Metal Dust and Particles (12 01 04),Metal/Plastic Processing Waste,R_12,19 12 01,Paper and Cardboard from Waste Treatment (19 12 01),Waste Treatment Residues,"R_12, R_13",0,0,8.02,0,0,0
2024,GORIŠKA,12 01 04,Non-Ferrous Metal Dust and Particles (12 01 04),Metal/Plastic Processing Waste,"R_12, R_13",19 12 01,Paper and Cardboard from Waste Treatment (19 12 01),Waste Treatment Residues,undefined,0.53,0,0,0,0,0
2024,GORIŠKA,12 01 05,NA,Metal/Plastic Processing Waste,R_12,15 01 03,Wooden Packaging (15 01 03),Packaging Waste,undefined,0,0.82,0,0,0,0
2024,GORIŠKA,12 01 05,NA,Metal/Plastic Processing Waste,R_12,19 12 01,Paper and Cardboard from Waste Treatment (19 12 01),Waste Treatment Residues,"R_12, R_13",0,0,1.45,0,0,0
2024,GORIŠKA,12 01 99,NA,Metal/Plastic Processing Waste,R_12,19 12 01,Paper and Cardboard from Waste Treatment (19 12 01),Waste Treatment Residues,"R_12, R_13",0,0,0.27,0,0,0
2024,GORIŠKA,15 01 01,Paper and Cardboard Packaging (15 01 01),Packaging Waste,R_12,15 01 01,Paper and Cardboard Packaging (15 01 01),Packaging Waste,R_03,0,0,45.37,0,0,0
2024,GORIŠKA,15 01 01,Paper and Cardboard Packaging (15 01 01),Packaging Waste,R_12,15 01 01,Paper and Cardboard Packaging (15 01 01),Packaging Waste,R_12,0,0,126.88,0,0,0
2024,GORIŠKA,15 01 01,Paper and Cardboard Packaging (15 01 01),Packaging Waste,R_12,15 01 01,Paper and Cardboard Packaging (15 01 01),Packaging Waste,"R_12, R_13",0,0,78.678,0,0,0
2024,GORIŠKA,15 01 01,Paper and Cardboard Packaging (15 01 01),Packaging Waste,"R_12, R_13",15 01 01,Paper and Cardboard Packaging (15 01 01),Packaging Waste,R_03,0,0,0,3397.01,0,0
2024,GORIŠKA,15 01 01,Paper and Cardboard Packaging (15 01 01),Packaging Waste,"R_12, R_13",15 01 01,Paper and Cardboard Packaging (15 01 01),Packaging Waste,"R_12, R_13",0,0,401.632,0,0,0
2024,GORIŠKA,15 01 01,Paper and Cardboard Packaging (15 01 01),Packaging Waste,"R_12, R_13",15 01 01,Paper and Cardboard Packaging (15 01 01),Packaging Waste,undefined,17.329,0,0,0,0,0
2024,GORIŠKA,15 01 03,Wooden Packaging (15 01 03),Packaging Waste,"R_12, R_13",15 01 03,Wooden Packaging (15 01 03),Packaging Waste,R_03,0,0,535.73,0,0,0
2024,GORIŠKA,15 01 03,Wooden Packaging (15 01 03),Packaging Waste,"R_12, R_13",15 01 03,Wooden Packaging (15 01 03),Packaging Waste,"R_12, R_13",0,0,48.617,0,0,0
2024,GORIŠKA,15 01 03,Wooden Packaging (15 01 03),Packaging Waste,"R_12, R_13",15 01 03,Wooden Packaging (15 01 03),Packaging Waste,undefined,1.225,0,0,0,0,0
2024,GORIŠKA,16 01 18,Non-ferrous Metals (16 01 18),Miscellaneous Waste,R_12,15 01 03,Wooden Packaging (15 01 03),Packaging Waste,R_13,0,0,0.85,0,0,0
2024,GORIŠKA,16 02 16,Components Removed from Discarded Equipment (16 02 16),Miscellaneous Waste,R_12,15 01 03,Wooden Packaging (15 01 03),Packaging Waste,R_13,0,0,4.1,0,0,0
2024,GORIŠKA,16 02 16,Components Removed from Discarded Equipment (16 02 16),Miscellaneous Waste,R_12,19 12 01,Paper and Cardboard from Waste Treatment (19 12 01),Waste Treatment Residues,"R_12, R_13",0,0,8.046,0,0,0
2024,GORIŠKA,16 02 16,Components Removed from Discarded Equipment (16 02 16),Miscellaneous Waste,"R_12, R_13",19 12 01,Paper and Cardboard from Waste Treatment (19 12 01),Waste Treatment Residues,undefined,1.02,0,0,0,0,0
2024,GORIŠKA,16 03 04,Non-Hazardous Inorganic Wastes (16 03 04),Miscellaneous Waste,R_12,15 01 03,Wooden Packaging (15 01 03),Packaging Waste,undefined,0,7.2,0,0,0,0
2024,GORIŠKA,16 03 04,Non-Hazardous Inorganic Wastes (16 03 04),Miscellaneous Waste,R_12,19 12 01,Paper and Cardboard from Waste Treatment (19 12 01),Waste Treatment Residues,"R_12, R_13",0,0,25.8,0,0,0
2024,GORIŠKA,16 03 04,Non-Hazardous Inorganic Wastes (16 03 04),Miscellaneous Waste,"R_12, R_13",19 12 01,Paper and Cardboard from Waste Treatment (19 12 01),Waste Treatment Residues,undefined,1.242,0,0,0,0,0
2024,GORIŠKA,17 02 01,Construction Wood Waste (17 02 01),Construction/Demolition Waste,"R_12, R_13",17 02 01,Construction Wood Waste (17 02 01),Construction/Demolition Waste,R_03,0,0,233.02,0,0,0
2024,GORIŠKA,17 04 05,Iron and Steel Waste (17 04 05),Construction/Demolition Waste,R_12,15 01 03,Wooden Packaging (15 01 03),Packaging Waste,undefined,0,0.98,0,0,0,0
2024,GORIŠKA,17 04 05,Iron and Steel Waste (17 04 05),Construction/Demolition Waste,R_12,19 12 01,Paper and Cardboard from Waste Treatment (19 12 01),Waste Treatment Residues,"R_12, R_13",0,0,1.02,0,0,0
2024,GORIŠKA,17 04 11,NA,Construction/Demolition Waste,R_12,15 01 03,Wooden Packaging (15 01 03),Packaging Waste,undefined,0,0.57,0,0,0,0
2024,GORIŠKA,17 04 11,NA,Construction/Demolition Waste,R_12,19 12 01,Paper and Cardboard from Waste Treatment (19 12 01),Waste Treatment Residues,"R_12, R_13",0,0,0.85,0,0,0
2024,GORIŠKA,19 12 01,Paper and Cardboard from Waste Treatment (19 12 01),Waste Treatment Residues,BO,19 12 01,Paper and Cardboard from Waste Treatment (19 12 01),Waste Treatment Residues,R_12,0,0,2.247,0,0,0
2024,GORIŠKA,19 12 01,Paper and Cardboard from Waste Treatment (19 12 01),Waste Treatment Residues,R_12,19 12 01,Paper and Cardboard from Waste Treatment (19 12 01),Waste Treatment Residues,"R_12, R_13",0,0,4.744,0,0,0
2024,GORIŠKA,19 12 01,Paper and Cardboard from Waste Treatment (19 12 01),Waste Treatment Residues,"R_12, R_13",19 12 01,Paper and Cardboard from Waste Treatment (19 12 01),Waste Treatment Residues,R_03,0,0,157.26,0,0,0
2024,GORIŠKA,19 12 01,Paper and Cardboard from Waste Treatment (19 12 01),Waste Treatment Residues,"R_12, R_13",19 12 01,Paper and Cardboard from Waste Treatment (19 12 01),Waste Treatment Residues,"R_12, R_13",0,0,26,0,0,0
2024,GORIŠKA,19 12 02,Ferrous Metals from Mechanical Treatment (19 12 02),Waste Treatment Residues,R_12,15 01 03,Wooden Packaging (15 01 03),Packaging Waste,undefined,0,1.02,0,0,0,0
2024,GORIŠKA,19 12 03,Non-Ferrous Metals from Mechanical Treatment (19 12 03),Waste Treatment Residues,R_12,15 01 03,Wooden Packaging (15 01 03),Packaging Waste,undefined,0,5.03,0,0,0,0
2024,GORIŠKA,19 12 03,Non-Ferrous Metals from Mechanical Treatment (19 12 03),Waste Treatment Residues,R_12,19 12 01,Paper and Cardboard from Waste Treatment (19 12 01),Waste Treatment Residues,"R_12, R_13",0,0,6.1,0,0,0
2024,GORIŠKA,19 12 07,Wood Waste from Treatment (not 19 12 06) (19 12 07),Waste Treatment Residues,"R_12, R_13",19 12 07,Wood Waste from Treatment (not 19 12 06) (19 12 07),Waste Treatment Residues,"R_12, R_13",0,0,2.975,0,0,0
2024,GORIŠKA,20 01 01,Paper and Cardboard from Municipal Waste (20 01 01),Municipal Waste,R_12,20 01 01,Paper and Cardboard from Municipal Waste (20 01 01),Municipal Waste,R_03,0,0,189.56,0,0,0
2024,GORIŠKA,20 01 01,Paper and Cardboard from Municipal Waste (20 01 01),Municipal Waste,R_12,20 01 01,Paper and Cardboard from Municipal Waste (20 01 01),Municipal Waste,"R_12, R_13",0,0,260.98,0,0,0
2024,GORIŠKA,20 01 01,Paper and Cardboard from Municipal Waste (20 01 01),Municipal Waste,"R_12, R_13",19 12 01,Paper and Cardboard from Waste Treatment (19 12 01),Waste Treatment Residues,"R_12, R_13",0,0,32.906,0,0,0
2024,GORIŠKA,20 01 01,Paper and Cardboard from Municipal Waste (20 01 01),Municipal Waste,"R_12, R_13",20 01 01,Paper and Cardboard from Municipal Waste (20 01 01),Municipal Waste,R_03,0,0,0,120.5,0,0
2024,GORIŠKA,20 01 01,Paper and Cardboard from Municipal Waste (20 01 01),Municipal Waste,"R_12, R_13",20 01 01,Paper and Cardboard from Municipal Waste (20 01 01),Municipal Waste,"R_12, R_13",0,0,543.828,0,0,0
2024,GORIŠKA,20 01 01,Paper and Cardboard from Municipal Waste (20 01 01),Municipal Waste,"R_12, R_13",20 01 01,Paper and Cardboard from Municipal Waste (20 01 01),Municipal Waste,undefined,40.021,0,0,0,0,0
2024,GORIŠKA,20 03 07,Bulky Municipal Waste (20 03 07),Municipal Waste,R_12,20 03 07,Bulky Municipal Waste (20 03 07),Municipal Waste,D_01,0,0,78.32,0,0,0
2024,GORIŠKA,20 03 07,Bulky Municipal Waste (20 03 07),Municipal Waste,"R_12, R_13",20 03 07,Bulky Municipal Waste (20 03 07),Municipal Waste,"R_12, R_13",0,0,17.1,0,0,0
2024,JUGOVZHODNA SLOVENIJA,02 01 04,NA,Agricultural/Forestry Waste,R_03,19 12 01,Paper and Cardboard from Waste Treatment (19 12 01),Waste Treatment Residues,R_12,0,0,3.921,0,0,0
2024,JUGOVZHODNA SLOVENIJA,03 01 01,Bark and Cork Waste (03 01 01),Wood/Paper Production Waste,"R_12, R_13",19 12 07,Wood Waste from Treatment (not 19 12 06) (19 12 07),Waste Treatment Residues,undefined,0,7.58,0,0,0,0
2024,JUGOVZHODNA SLOVENIJA,03 01 05,Sawdust/Shavings/Cuttings (03 01 05),Wood/Paper Production Waste,"R_12, R_13",03 01 05,Sawdust/Shavings/Cuttings (03 01 05),Wood/Paper Production Waste,"R_12, R_13",0,0,531.044,0,0,0
2024,JUGOVZHODNA SLOVENIJA,03 01 05,Sawdust/Shavings/Cuttings (03 01 05),Wood/Paper Production Waste,"R_12, R_13",03 01 05,Sawdust/Shavings/Cuttings (03 01 05),Wood/Paper Production Waste,undefined,0,156.757,0,0,0,0
2024,JUGOVZHODNA SLOVENIJA,03 01 05,Sawdust/Shavings/Cuttings (03 01 05),Wood/Paper Production Waste,"R_12, R_13",15 01 03,Wooden Packaging (15 01 03),Packaging Waste,R_03,0,0,48.466,0,0,0
2024,JUGOVZHODNA SLOVENIJA,03 01 05,Sawdust/Shavings/Cuttings (03 01 05),Wood/Paper Production Waste,"R_12, R_13",15 01 03,Wooden Packaging (15 01 03),Packaging Waste,"R_12, R_13",0,0,1891.92,0,0,0
2024,JUGOVZHODNA SLOVENIJA,03 01 05,Sawdust/Shavings/Cuttings (03 01 05),Wood/Paper Production Waste,"R_12, R_13",19 12 07,Wood Waste from Treatment (not 19 12 06) (19 12 07),Waste Treatment Residues,undefined,0,154.96,0,0,0,0
2024,JUGOVZHODNA SLOVENIJA,03 03 01,Bark and Wood Waste from Pulp/Paper Production (03 03 01),Wood/Paper Production Waste,"R_12, R_13",19 12 07,Wood Waste from Treatment (not 19 12 06) (19 12 07),Waste Treatment Residues,undefined,0,1.797,0,0,0,0
2024,JUGOVZHODNA SLOVENIJA,03 03 08,Waste from Sorting of Paper and Cardboard for Recycling (03 03 08),Wood/Paper Production Waste,"R_12, R_13",15 01 01,Paper and Cardboard Packaging (15 01 01),Packaging Waste,R_03,0,0,0,273.055,0,0
2024,JUGOVZHODNA SLOVENIJA,03 03 08,Waste from Sorting of Paper and Cardboard for Recycling (03 03 08),Wood/Paper Production Waste,"R_12, R_13",19 12 01,Paper and Cardboard from Waste Treatment (19 12 01),Waste Treatment Residues,R_03,0,0,0,109.732,139.63,0
2024,JUGOVZHODNA SLOVENIJA,03 03 08,Waste from Sorting of Paper and Cardboard for Recycling (03 03 08),Wood/Paper Production Waste,"R_12, R_13",19 12 12,Other Mechanically Treated Waste (19 12 12),Waste Treatment Residues,R_01,0,0,0,80.5,0,0
2024,JUGOVZHODNA SLOVENIJA,03 03 08,Waste from Sorting of Paper and Cardboard for Recycling (03 03 08),Wood/Paper Production Waste,"R_12, R_13",19 12 12,Other Mechanically Treated Waste (19 12 12),Waste Treatment Residues,R_12,0,0,63.17,0,0,0
2024,JUGOVZHODNA SLOVENIJA,03 03 08,Waste from Sorting of Paper and Cardboard for Recycling (03 03 08),Wood/Paper Production Waste,"R_12, R_13",20 01 01,Paper and Cardboard from Municipal Waste (20 01 01),Municipal Waste,R_03,0,0,0,1190.102,0,0
2024,JUGOVZHODNA SLOVENIJA,03 03 99,Other Unspecified Paper Waste (03 03 99),Wood/Paper Production Waste,"R_12, R_13",19 12 01,Paper and Cardboard from Waste Treatment (19 12 01),Waste Treatment Residues,R_03,0,0,0,22.88,110,0
2024,JUGOVZHODNA SLOVENIJA,07 02 13,Waste Plastics (07 02 13),Organic Chemical Waste,R_03,15 01 03,Wooden Packaging (15 01 03),Packaging Waste,"R_12, R_13",0,0,31.07,0,0,0
2024,JUGOVZHODNA SLOVENIJA,07 02 13,Waste Plastics (07 02 13),Organic Chemical Waste,R_03,19 12 01,Paper and Cardboard from Waste Treatment (19 12 01),Waste Treatment Residues,R_12,0,0,6.869,0,0,0
2024,JUGOVZHODNA SLOVENIJA,15 01 01,Paper and Cardboard Packaging (15 01 01),Packaging Waste,"R_12, R_13",15 01 01,Paper and Cardboard Packaging (15 01 01),Packaging Waste,R_03,0,0,0,4151.833,0,0
2024,JUGOVZHODNA SLOVENIJA,15 01 01,Paper and Cardboard Packaging (15 01 01),Packaging Waste,"R_12, R_13",15 01 01,Paper and Cardboard Packaging (15 01 01),Packaging Waste,R_12,0,0,681.58,0,0,0
2024,JUGOVZHODNA SLOVENIJA,15 01 01,Paper and Cardboard Packaging (15 01 01),Packaging Waste,"R_12, R_13",15 01 01,Paper and Cardboard Packaging (15 01 01),Packaging Waste,"R_12, R_13",0,0,151.92,0,0,0
2024,JUGOVZHODNA SLOVENIJA,15 01 01,Paper and Cardboard Packaging (15 01 01),Packaging Waste,"R_12, R_13",15 01 01,Paper and Cardboard Packaging (15 01 01),Packaging Waste,undefined,32.463,0,0,0,0,0
2024,JUGOVZHODNA SLOVENIJA,15 01 01,Paper and Cardboard Packaging (15 01 01),Packaging Waste,"R_12, R_13",19 12 01,Paper and Cardboard from Waste Treatment (19 12 01),Waste Treatment Residues,R_03,0,0,680.88,0,0,0
2024,JUGOVZHODNA SLOVENIJA,15 01 01,Paper and Cardboard Packaging (15 01 01),Packaging Waste,"R_12, R_13",20 01 01,Paper and Cardboard from Municipal Waste (20 01 01),Municipal Waste,R_03,0,0,0,28.74,0,0
2024,JUGOVZHODNA SLOVENIJA,15 01 02,Plastic Packaging (15 01 02),Packaging Waste,R_03,15 01 01,Paper and Cardboard Packaging (15 01 01),Packaging Waste,"R_12, R_13",0,0,72.78,0,0,0
2024,JUGOVZHODNA SLOVENIJA,15 01 02,Plastic Packaging (15 01 02),Packaging Waste,R_03,19 12 01,Paper and Cardboard from Waste Treatment (19 12 01),Waste Treatment Residues,R_03,0,0,0,47.425,0,0
2024,JUGOVZHODNA SLOVENIJA,15 01 02,Plastic Packaging (15 01 02),Packaging Waste,R_03,19 12 01,Paper and Cardboard from Waste Treatment (19 12 01),Waste Treatment Residues,R_12,0,0,39.752,0,0,0
2024,JUGOVZHODNA SLOVENIJA,15 01 03,Wooden Packaging (15 01 03),Packaging Waste,"R_12, R_13",15 01 03,Wooden Packaging (15 01 03),Packaging Waste,PU,0,0,71.16,0,0,0
2024,JUGOVZHODNA SLOVENIJA,15 01 03,Wooden Packaging (15 01 03),Packaging Waste,"R_12, R_13",15 01 03,Wooden Packaging (15 01 03),Packaging Waste,R_01,0,0,5,0,0,0
2024,JUGOVZHODNA SLOVENIJA,15 01 03,Wooden Packaging (15 01 03),Packaging Waste,"R_12, R_13",15 01 03,Wooden Packaging (15 01 03),Packaging Waste,R_03,0,0,1583.224,0,0,0
2024,JUGOVZHODNA SLOVENIJA,15 01 03,Wooden Packaging (15 01 03),Packaging Waste,"R_12, R_13",15 01 03,Wooden Packaging (15 01 03),Packaging Waste,"R_12, R_13",0,0,154.96,0,0,0
2024,JUGOVZHODNA SLOVENIJA,15 01 03,Wooden Packaging (15 01 03),Packaging Waste,"R_12, R_13",15 01 03,Wooden Packaging (15 01 03),Packaging Waste,undefined,30.27,0,0,0,0,0
2024,JUGOVZHODNA SLOVENIJA,15 01 03,Wooden Packaging (15 01 03),Packaging Waste,"R_12, R_13",19 12 12,Other Mechanically Treated Waste (19 12 12),Waste Treatment Residues,R_01,0,0,0,26.648,0,0
2024,JUGOVZHODNA SLOVENIJA,15 01 03,Wooden Packaging (15 01 03),Packaging Waste,R_13,15 01 03,Wooden Packaging (15 01 03),Packaging Waste,"R_12, R_13",0,0,16.597,0,0,0
2024,JUGOVZHODNA SLOVENIJA,15 01 03,Wooden Packaging (15 01 03),Packaging Waste,R_13,19 12 12,Other Mechanically Treated Waste (19 12 12),Waste Treatment Residues,R_0101,0,0,49.999,0,0,0
2024,JUGOVZHODNA SLOVENIJA,15 01 03,Wooden Packaging (15 01 03),Packaging Waste,R_13,19 12 12,Other Mechanically Treated Waste (19 12 12),Waste Treatment Residues,R_12,0,0,9.415,0,0,0
2024,JUGOVZHODNA SLOVENIJA,15 01 06,Mixed Packaging (15 01 06),Packaging Waste,"R_12, R_13",15 01 03,Wooden Packaging (15 01 03),Packaging Waste,R_03,0,0,634.2,0,0,0
2024,JUGOVZHODNA SLOVENIJA,15 01 06,Mixed Packaging (15 01 06),Packaging Waste,"R_12, R_13",19 12 01,Paper and Cardboard from Waste Treatment (19 12 01),Waste Treatment Residues,R_03,0,0,139.544,0,0,0
2024,JUGOVZHODNA SLOVENIJA,15 01 06,Mixed Packaging (15 01 06),Packaging Waste,"R_12, R_13",20 01 01,Paper and Cardboard from Municipal Waste (20 01 01),Municipal Waste,R_03,0,0,0,33.346,0,0
2024,JUGOVZHODNA SLOVENIJA,17 02 01,Construction Wood Waste (17 02 01),Construction/Demolition Waste,"R_12, R_13",19 12 07,Wood Waste from Treatment (not 19 12 06) (19 12 07),Waste Treatment Residues,undefined,0,377.123,0,0,0,0
2024,JUGOVZHODNA SLOVENIJA,19 12 01,Paper and Cardboard from Waste Treatment (19 12 01),Waste Treatment Residues,"R_12, R_13",19 12 01,Paper and Cardboard from Waste Treatment (19 12 01),Waste Treatment Residues,R_03,0,0,299.2,30.258,0,0
2024,JUGOVZHODNA SLOVENIJA,19 12 01,Paper and Cardboard from Waste Treatment (19 12 01),Waste Treatment Residues,"R_12, R_13",19 12 01,Paper and Cardboard from Waste Treatment (19 12 01),Waste Treatment Residues,undefined,50.679,0,0,0,0,0
2024,JUGOVZHODNA SLOVENIJA,19 12 04,Plastics and Rubber from Mechanical Treatment (19 12 04),Waste Treatment Residues,R_03,19 12 01,Paper and Cardboard from Waste Treatment (19 12 01),Waste Treatment Residues,R_12,0,0,68.498,0,0,0
2024,JUGOVZHODNA SLOVENIJA,20 01 01,Paper and Cardboard from Municipal Waste (20 01 01),Municipal Waste,"R_12, R_13",20 01 01,Paper and Cardboard from Municipal Waste (20 01 01),Municipal Waste,R_03,0,0,1233.425,498.117,0,0
2024,JUGOVZHODNA SLOVENIJA,20 01 01,Paper and Cardboard from Municipal Waste (20 01 01),Municipal Waste,"R_12, R_13",20 01 01,Paper and Cardboard from Municipal Waste (20 01 01),Municipal Waste,undefined,107.839,0,0,0,0,0
2024,JUGOVZHODNA SLOVENIJA,20 01 38,Non-hazardous Wood from Municipal Waste (20 01 38),Municipal Waste,"R_12, R_13",19 12 12,Other Mechanically Treated Waste (19 12 12),Waste Treatment Residues,undefined,26,0,0,0,0,0
2024,JUGOVZHODNA SLOVENIJA,20 01 38,Non-hazardous Wood from Municipal Waste (20 01 38),Municipal Waste,R_13,19 12 12,Other Mechanically Treated Waste (19 12 12),Waste Treatment Residues,R_01,0,0,0,3.84,0,0
2024,JUGOVZHODNA SLOVENIJA,20 03 07,Bulky Municipal Waste (20 03 07),Municipal Waste,D_01,20 03 07,Bulky Municipal Waste (20 03 07),Municipal Waste,undefined,0,0,0,0,0,16036.45
2024,JUGOVZHODNA SLOVENIJA,20 03 07,Bulky Municipal Waste (20 03 07),Municipal Waste,R_12,16 01 03,End-of-Life Tyres (16 01 03),Miscellaneous Waste,undefined,0,2.84,0,0,0,0
2024,JUGOVZHODNA SLOVENIJA,20 03 07,Bulky Municipal Waste (20 03 07),Municipal Waste,R_12,20 01 02,Glass from Municipal Waste (20 01 02),Municipal Waste,"R_12, R_13",0,0,0.8,0,0,0
2024,JUGOVZHODNA SLOVENIJA,20 03 07,Bulky Municipal Waste (20 03 07),Municipal Waste,R_12,20 01 23*,Discarded Equipment Containing CFCs (20 01 23*),Municipal Waste,undefined,0,8.41,0,0,0,0
2024,JUGOVZHODNA SLOVENIJA,20 03 07,Bulky Municipal Waste (20 03 07),Municipal Waste,R_12,20 01 35*,Hazardous Waste Electrical Equipment (20 01 35*),Municipal Waste,undefined,0,3.87,0,0,0,0
2024,JUGOVZHODNA SLOVENIJA,20 03 07,Bulky Municipal Waste (20 03 07),Municipal Waste,R_12,20 01 36,Non-Hazardous Waste Electrical Equipment (20 01 36),Municipal Waste,"R_12, R_13",0,0,13.04,0,0,0
2024,JUGOVZHODNA SLOVENIJA,20 03 07,Bulky Municipal Waste (20 03 07),Municipal Waste,R_12,20 01 36,Non-Hazardous Waste Electrical Equipment (20 01 36),Municipal Waste,undefined,0,12.9,0,0,0,0
2024,JUGOVZHODNA SLOVENIJA,20 03 07,Bulky Municipal Waste (20 03 07),Municipal Waste,R_12,20 01 38,Non-hazardous Wood from Municipal Waste (20 01 38),Municipal Waste,"R_12, R_13",0,0,165.48,0,0,0
2024,JUGOVZHODNA SLOVENIJA,20 03 07,Bulky Municipal Waste (20 03 07),Municipal Waste,R_12,20 01 40,Metals from Municipal Waste (20 01 40),Municipal Waste,undefined,1,0,0,0,0,0
2024,JUGOVZHODNA SLOVENIJA,20 03 07,Bulky Municipal Waste (20 03 07),Municipal Waste,R_12,20 03 07,Bulky Municipal Waste (20 03 07),Municipal Waste,D_01,0,0,46.07,0,0,0
2024,JUGOVZHODNA SLOVENIJA,20 03 07,Bulky Municipal Waste (20 03 07),Municipal Waste,R_12,20 03 07,Bulky Municipal Waste (20 03 07),Municipal Waste,undefined,16.98,0,0,0,0,0
2024,JUGOVZHODNA SLOVENIJA,20 03 07,Bulky Municipal Waste (20 03 07),Municipal Waste,"R_12, R_13",20 01 40,Metals from Municipal Waste (20 01 40),Municipal Waste,undefined,0,66.3,0,0,0,0
2024,JUGOVZHODNA SLOVENIJA,20 03 07,Bulky Municipal Waste (20 03 07),Municipal Waste,"R_12, R_13",20 03 07,Bulky Municipal Waste (20 03 07),Municipal Waste,D_01,0,0,151.186,0,0,0
2024,JUGOVZHODNA SLOVENIJA,20 03 07,Bulky Municipal Waste (20 03 07),Municipal Waste,"R_12, R_13",20 03 07,Bulky Municipal Waste (20 03 07),Municipal Waste,"R_12, R_13",0,0,1583.937,0,0,0
2024,KOROŠKA,15 01 01,Paper and Cardboard Packaging (15 01 01),Packaging Waste,"R_12, R_13",15 01 01,Paper and Cardboard Packaging (15 01 01),Packaging Waste,R_03,0,0,0,1005.24,0,0
2024,KOROŠKA,15 01 01,Paper and Cardboard Packaging (15 01 01),Packaging Waste,"R_12, R_13",15 01 01,Paper and Cardboard Packaging (15 01 01),Packaging Waste,undefined,0,92.051,0,0,0,0
2024,KOROŠKA,15 01 01,Paper and Cardboard Packaging (15 01 01),Packaging Waste,"R_12, R_13",19 12 12,Other Mechanically Treated Waste (19 12 12),Waste Treatment Residues,"D_08,09",0,0,10.7,0,0,0
2024,KOROŠKA,15 01 03,Wooden Packaging (15 01 03),Packaging Waste,"R_12, R_13",15 01 03,Wooden Packaging (15 01 03),Packaging Waste,R_03,0,0,430.21,0,0,0
2024,KOROŠKA,15 01 06,Mixed Packaging (15 01 06),Packaging Waste,"R_12, R_13",15 01 01,Paper and Cardboard Packaging (15 01 01),Packaging Waste,R_03,0,0,0,62.5,0,0
2024,KOROŠKA,15 01 06,Mixed Packaging (15 01 06),Packaging Waste,"R_12, R_13",20 01 01,Paper and Cardboard from Municipal Waste (20 01 01),Municipal Waste,R_03,0,0,0,132.1,0,0
2024,KOROŠKA,19 12 01,Paper and Cardboard from Waste Treatment (19 12 01),Waste Treatment Residues,"R_12, R_13",19 12 01,Paper and Cardboard from Waste Treatment (19 12 01),Waste Treatment Residues,R_03,0,0,135.575,0,0,0
2024,KOROŠKA,20 01 01,Paper and Cardboard from Municipal Waste (20 01 01),Municipal Waste,"R_12, R_13",19 12 01,Paper and Cardboard from Waste Treatment (19 12 01),Waste Treatment Residues,R_03,0,0,1221.4,0,0,0
2024,KOROŠKA,20 01 01,Paper and Cardboard from Municipal Waste (20 01 01),Municipal Waste,"R_12, R_13",19 12 12,Other Mechanically Treated Waste (19 12 12),Waste Treatment Residues,"D_08,09",0,0,30.2,0,0,0
2024,KOROŠKA,20 01 01,Paper and Cardboard from Municipal Waste (20 01 01),Municipal Waste,"R_12, R_13",20 01 01,Paper and Cardboard from Municipal Waste (20 01 01),Municipal Waste,R_03,0,0,0,423.356,0,0
2024,KOROŠKA,20 01 01,Paper and Cardboard from Municipal Waste (20 01 01),Municipal Waste,"R_12, R_13",20 01 01,Paper and Cardboard from Municipal Waste (20 01 01),Municipal Waste,"R_12, R_13",0,0,33.36,0,0,0
2024,KOROŠKA,20 01 01,Paper and Cardboard from Municipal Waste (20 01 01),Municipal Waste,"R_12, R_13",20 01 01,Paper and Cardboard from Municipal Waste (20 01 01),Municipal Waste,undefined,0,90.524,0,0,0,0
2024,KOROŠKA,20 03 07,Bulky Municipal Waste (20 03 07),Municipal Waste,"R_12, R_13",19 12 12,Other Mechanically Treated Waste (19 12 12),Waste Treatment Residues,D_01,0,0,847.82,0,0,0
2024,KOROŠKA,20 03 07,Bulky Municipal Waste (20 03 07),Municipal Waste,"R_12, R_13",19 12 12,Other Mechanically Treated Waste (19 12 12),Waste Treatment Residues,"D_08,09",0,0,997.36,0,0,0
2024,KOROŠKA,20 03 07,Bulky Municipal Waste (20 03 07),Municipal Waste,"R_12, R_13",19 12 12,Other Mechanically Treated Waste (19 12 12),Waste Treatment Residues,undefined,7509.78,0,0,0,0,0
2024,KOROŠKA,20 03 07,Bulky Municipal Waste (20 03 07),Municipal Waste,"R_12, R_13",20 01 38,Non-hazardous Wood from Municipal Waste (20 01 38),Municipal Waste,R_03,0,0,1536.86,0,0,0
2024,KOROŠKA,20 03 07,Bulky Municipal Waste (20 03 07),Municipal Waste,"R_12, R_13",20 01 40,Metals from Municipal Waste (20 01 40),Municipal Waste,"R_12, R_13",0,0,3.66,0,0,0
2024,KOROŠKA,20 03 07,Bulky Municipal Waste (20 03 07),Municipal Waste,"R_12, R_13",20 01 40,Metals from Municipal Waste (20 01 40),Municipal Waste,undefined,0,68.46,0,0,0,0
2024,OBALNO-KRAŠKA,03 03 08,Waste from Sorting of Paper and Cardboard for Recycling (03 03 08),Wood/Paper Production Waste,"R_12, R_13",19 12 12,Other Mechanically Treated Waste (19 12 12),Waste Treatment Residues,R_13,0,0,84.91,0,0,0
2024,OBALNO-KRAŠKA,15 01 01,Paper and Cardboard Packaging (15 01 01),Packaging Waste,"R_12, R_13",15 01 01,Paper and Cardboard Packaging (15 01 01),Packaging Waste,R_03,0,0,0,380.77,0,0
2024,OBALNO-KRAŠKA,15 01 01,Paper and Cardboard Packaging (15 01 01),Packaging Waste,"R_12, R_13",15 01 01,Paper and Cardboard Packaging (15 01 01),Packaging Waste,"R_12, R_13",0,0,1416.213,0,0,0
2024,OBALNO-KRAŠKA,15 01 01,Paper and Cardboard Packaging (15 01 01),Packaging Waste,"R_12, R_13",19 12 12,Other Mechanically Treated Waste (19 12 12),Waste Treatment Residues,R_13,0,0,100,0,0,0
2024,OBALNO-KRAŠKA,15 01 03,Wooden Packaging (15 01 03),Packaging Waste,"R_12, R_13",15 01 03,Wooden Packaging (15 01 03),Packaging Waste,R_03,0,0,708.69,0,0,0
2024,OBALNO-KRAŠKA,17 02 01,Construction Wood Waste (17 02 01),Construction/Demolition Waste,R_12,17 02 01,Construction Wood Waste (17 02 01),Construction/Demolition Waste,undefined,0,0,0,0,0,0
2024,OBALNO-KRAŠKA,17 02 01,Construction Wood Waste (17 02 01),Construction/Demolition Waste,"R_12, R_13",15 01 03,Wooden Packaging (15 01 03),Packaging Waste,R_03,0,0,112.78,0,0,0
2024,OBALNO-KRAŠKA,17 02 01,Construction Wood Waste (17 02 01),Construction/Demolition Waste,"R_12, R_13",17 02 01,Construction Wood Waste (17 02 01),Construction/Demolition Waste,R_03,0,0,313.06,0,0,0
2024,OBALNO-KRAŠKA,19 12 01,Paper and Cardboard from Waste Treatment (19 12 01),Waste Treatment Residues,"R_12, R_13",19 12 01,Paper and Cardboard from Waste Treatment (19 12 01),Waste Treatment Residues,R_03,0,0,0,2.39,0,0
2024,OBALNO-KRAŠKA,19 12 01,Paper and Cardboard from Waste Treatment (19 12 01),Waste Treatment Residues,"R_12, R_13",19 12 01,Paper and Cardboard from Waste Treatment (19 12 01),Waste Treatment Residues,"R_12, R_13",0,0,34.84,0,0,0
2024,OBALNO-KRAŠKA,19 12 04,Plastics and Rubber from Mechanical Treatment (19 12 04),Waste Treatment Residues,R_03,15 01 03,Wooden Packaging (15 01 03),Packaging Waste,"R_12, R_13",0,0,7.6,0,0,0
2024,OBALNO-KRAŠKA,19 12 07,Wood Waste from Treatment (not 19 12 06) (19 12 07),Waste Treatment Residues,"R_12, R_13",19 12 07,Wood Waste from Treatment (not 19 12 06) (19 12 07),Waste Treatment Residues,R_03,0,0,9.02,0,0,0
2024,OBALNO-KRAŠKA,19 12 07,Wood Waste from Treatment (not 19 12 06) (19 12 07),Waste Treatment Residues,"R_12, R_13",19 12 07,Wood Waste from Treatment (not 19 12 06) (19 12 07),Waste Treatment Residues,undefined,7.374,0,0,0,0,0
2024,OBALNO-KRAŠKA,20 01 01,Paper and Cardboard from Municipal Waste (20 01 01),Municipal Waste,"R_12, R_13",19 12 12,Other Mechanically Treated Waste (19 12 12),Waste Treatment Residues,R_13,0,0,80.418,0,0,0
2024,OBALNO-KRAŠKA,20 01 01,Paper and Cardboard from Municipal Waste (20 01 01),Municipal Waste,"R_12, R_13",20 01 01,Paper and Cardboard from Municipal Waste (20 01 01),Municipal Waste,"R_12, R_13",0,0,541.336,0,0,0
2024,OBALNO-KRAŠKA,20 01 38,Non-hazardous Wood from Municipal Waste (20 01 38),Municipal Waste,"R_12, R_13",03 01 05,Sawdust/Shavings/Cuttings (03 01 05),Wood/Paper Production Waste,R_03,0,0,14.79,0,0,0
2024,OBALNO-KRAŠKA,20 01 38,Non-hazardous Wood from Municipal Waste (20 01 38),Municipal Waste,"R_12, R_13",15 01 03,Wooden Packaging (15 01 03),Packaging Waste,R_03,0,0,23.31,0,0,0
2024,OBALNO-KRAŠKA,20 01 38,Non-hazardous Wood from Municipal Waste (20 01 38),Municipal Waste,"R_12, R_13",15 01 03,Wooden Packaging (15 01 03),Packaging Waste,undefined,11.47,0,0,0,0,0
2024,OBALNO-KRAŠKA,20 01 38,Non-hazardous Wood from Municipal Waste (20 01 38),Municipal Waste,"R_12, R_13",19 12 07,Wood Waste from Treatment (not 19 12 06) (19 12 07),Waste Treatment Residues,undefined,10.481,0,0,0,0,0
2024,OBALNO-KRAŠKA,20 03 07,Bulky Municipal Waste (20 03 07),Municipal Waste,"R_12, R_13",20 03 07,Bulky Municipal Waste (20 03 07),Municipal Waste,"R_12, R_13",0,0,106.552,0,0,0
2024,OSREDNJESLOVENSKA,02 01 04,NA,Agricultural/Forestry Waste,R_03,15 01 03,Wooden Packaging (15 01 03),Packaging Waste,"R_12, R_13",0,0,54.09,0,0,0
2024,OSREDNJESLOVENSKA,02 01 07,Forestry Waste (02 01 07),Agricultural/Forestry Waste,R_03,19 12 07,Wood Waste from Treatment (not 19 12 06) (19 12 07),Waste Treatment Residues,R_01,0,0,0,374.01,0,0
2024,OSREDNJESLOVENSKA,02 03 04,Materials Unsuitable for Use or Processing (02 03 04),Agricultural/Forestry Waste,"R_12, R_13",15 01 03,Wooden Packaging (15 01 03),Packaging Waste,"R_12, R_13",0,0,1,0,0,0
2024,OSREDNJESLOVENSKA,02 05 01,Substances and Products Unfit for Consumption or Processing (02 05 01),Agricultural/Forestry Waste,"R_12, R_13",15 01 01,Paper and Cardboard Packaging (15 01 01),Packaging Waste,"R_12, R_13",0,0,0.3,0,0,0
2024,OSREDNJESLOVENSKA,02 05 01,Substances and Products Unfit for Consumption or Processing (02 05 01),Agricultural/Forestry Waste,"R_12, R_13",15 01 03,Wooden Packaging (15 01 03),Packaging Waste,"R_12, R_13",0,0,2.8,0,0,0
2024,OSREDNJESLOVENSKA,03 01 05,Sawdust/Shavings/Cuttings (03 01 05),Wood/Paper Production Waste,R_01,10 01 15,"Ash, slag and boiler dust from co-incineration plants other than those mentioned in 10 01 14 (10 01 15)",Thermal Process Waste,D_10,0,0,3.94,0,0,0
2024,OSREDNJESLOVENSKA,03 01 05,Sawdust/Shavings/Cuttings (03 01 05),Wood/Paper Production Waste,R_03,19 12 07,Wood Waste from Treatment (not 19 12 06) (19 12 07),Waste Treatment Residues,R_03,0,0,0,956.57,0,0
2024,OSREDNJESLOVENSKA,03 01 05,Sawdust/Shavings/Cuttings (03 01 05),Wood/Paper Production Waste,R_12,19 12 12,Other Mechanically Treated Waste (19 12 12),Waste Treatment Residues,"R_12, R_13",0,0,37.898,0,0,0
2024,OSREDNJESLOVENSKA,03 01 05,Sawdust/Shavings/Cuttings (03 01 05),Wood/Paper Production Waste,"R_12, R_13",03 01 05,Sawdust/Shavings/Cuttings (03 01 05),Wood/Paper Production Waste,"R_12, R_13",0,0,12.5,0,0,0
2024,OSREDNJESLOVENSKA,03 01 05,Sawdust/Shavings/Cuttings (03 01 05),Wood/Paper Production Waste,"R_12, R_13",19 12 07,Wood Waste from Treatment (not 19 12 06) (19 12 07),Waste Treatment Residues,R_03,0,0,0,1650.41,0,0
2024,OSREDNJESLOVENSKA,03 03 01,Bark and Wood Waste from Pulp/Paper Production (03 03 01),Wood/Paper Production Waste,"R_12, R_13",03 03 01,Bark and Wood Waste from Pulp/Paper Production (03 03 01),Wood/Paper Production Waste,"R_12, R_13",0,0,20.82,0,0,0
2024,OSREDNJESLOVENSKA,03 03 08,Waste from Sorting of Paper and Cardboard for Recycling (03 03 08),Wood/Paper Production Waste,BO,03 03 08,Waste from Sorting of Paper and Cardboard for Recycling (03 03 08),Wood/Paper Production Waste,undefined,761.902,0,0,0,0,0
2024,OSREDNJESLOVENSKA,03 03 08,Waste from Sorting of Paper and Cardboard for Recycling (03 03 08),Wood/Paper Production Waste,R_03,03 03 07,Mechanically Separated Rejects from Pulping (03 03 07),Wood/Paper Production Waste,R_12,0,0,46.692,0,0,0
2024,OSREDNJESLOVENSKA,03 03 08,Waste from Sorting of Paper and Cardboard for Recycling (03 03 08),Wood/Paper Production Waste,R_03,03 03 08,Waste from Sorting of Paper and Cardboard for Recycling (03 03 08),Wood/Paper Production Waste,undefined,0,1.372,0,0,0,0
2024,OSREDNJESLOVENSKA,03 03 08,Waste from Sorting of Paper and Cardboard for Recycling (03 03 08),Wood/Paper Production Waste,R_03,03 03 10,Fiber Rejects and Sludge from Mechanical Separation (03 03 10),Wood/Paper Production Waste,R_03,0,0,1451.16,0,0,0
2024,OSREDNJESLOVENSKA,03 03 08,Waste from Sorting of Paper and Cardboard for Recycling (03 03 08),Wood/Paper Production Waste,"R_12, R_13",03 03 08,Waste from Sorting of Paper and Cardboard for Recycling (03 03 08),Wood/Paper Production Waste,"R_12, R_13",0,0,38.5,0,0,0
2024,OSREDNJESLOVENSKA,03 03 08,Waste from Sorting of Paper and Cardboard for Recycling (03 03 08),Wood/Paper Production Waste,"R_12, R_13",15 01 01,Paper and Cardboard Packaging (15 01 01),Packaging Waste,R_03,0,0,0,2336.993,0,0
2024,OSREDNJESLOVENSKA,03 03 08,Waste from Sorting of Paper and Cardboard for Recycling (03 03 08),Wood/Paper Production Waste,"R_12, R_13",19 12 01,Paper and Cardboard from Waste Treatment (19 12 01),Waste Treatment Residues,R_03,0,0,5838.13,0,0,0
2024,OSREDNJESLOVENSKA,03 03 08,Waste from Sorting of Paper and Cardboard for Recycling (03 03 08),Wood/Paper Production Waste,"R_12, R_13",19 12 01,Paper and Cardboard from Waste Treatment (19 12 01),Waste Treatment Residues,"R_12, R_13",0,0,159.617,0,0,0
2024,OSREDNJESLOVENSKA,03 03 99,Other Unspecified Paper Waste (03 03 99),Wood/Paper Production Waste,"R_12, R_13",15 01 01,Paper and Cardboard Packaging (15 01 01),Packaging Waste,R_03,0,0,0,2.304,0,0
2024,OSREDNJESLOVENSKA,08 01 11*,Waste Paints and Varnishes Containing Hazardous Substances (08 01 11*),Surface Treatment Waste,R_12,19 12 07,Wood Waste from Treatment (not 19 12 06) (19 12 07),Waste Treatment Residues,"R_12, R_13",0,0,20.263,0,0,0
2024,OSREDNJESLOVENSKA,15 01 01,Paper and Cardboard Packaging (15 01 01),Packaging Waste,BO,15 01 01,Paper and Cardboard Packaging (15 01 01),Packaging Waste,"R_12, R_13",0,0,7.5,0,0,0
2024,OSREDNJESLOVENSKA,15 01 01,Paper and Cardboard Packaging (15 01 01),Packaging Waste,R_03,03 03 07,Mechanically Separated Rejects from Pulping (03 03 07),Wood/Paper Production Waste,R_12,0,0,2060.006,0,0,0
2024,OSREDNJESLOVENSKA,15 01 01,Paper and Cardboard Packaging (15 01 01),Packaging Waste,R_03,03 03 08,Waste from Sorting of Paper and Cardboard for Recycling (03 03 08),Wood/Paper Production Waste,"R_12, R_13",0,0,19.57,0,0,0
2024,OSREDNJESLOVENSKA,15 01 01,Paper and Cardboard Packaging (15 01 01),Packaging Waste,R_03,03 03 08,Waste from Sorting of Paper and Cardboard for Recycling (03 03 08),Wood/Paper Production Waste,undefined,0,40.952,0,0,0,0
2024,OSREDNJESLOVENSKA,15 01 01,Paper and Cardboard Packaging (15 01 01),Packaging Waste,R_12,19 12 12,Other Mechanically Treated Waste (19 12 12),Waste Treatment Residues,"R_12, R_13",0,0,0.212,0,0,0
2024,OSREDNJESLOVENSKA,15 01 01,Paper and Cardboard Packaging (15 01 01),Packaging Waste,"R_12, R_13",15 01 01,Paper and Cardboard Packaging (15 01 01),Packaging Waste,R_03,0,0,15187.727,33205.053,3894.74,0
2024,OSREDNJESLOVENSKA,15 01 01,Paper and Cardboard Packaging (15 01 01),Packaging Waste,"R_12, R_13",15 01 01,Paper and Cardboard Packaging (15 01 01),Packaging Waste,"R_12, R_13",0,0,1175.392,0,0,0
2024,OSREDNJESLOVENSKA,15 01 01,Paper and Cardboard Packaging (15 01 01),Packaging Waste,"R_12, R_13",15 01 01,Paper and Cardboard Packaging (15 01 01),Packaging Waste,undefined,35.28,0,0,0,0,0
2024,OSREDNJESLOVENSKA,15 01 01,Paper and Cardboard Packaging (15 01 01),Packaging Waste,"R_12, R_13",19 12 01,Paper and Cardboard from Waste Treatment (19 12 01),Waste Treatment Residues,R_03,0,0,2478.512,2028.684,0,0
2024,OSREDNJESLOVENSKA,15 01 01,Paper and Cardboard Packaging (15 01 01),Packaging Waste,"R_12, R_13",19 12 01,Paper and Cardboard from Waste Treatment (19 12 01),Waste Treatment Residues,"R_12, R_13",0,0,364.153,0,0,0
2024,OSREDNJESLOVENSKA,15 01 02,Plastic Packaging (15 01 02),Packaging Waste,R_03,15 01 01,Paper and Cardboard Packaging (15 01 01),Packaging Waste,"R_12, R_13",0,0,2.53,0,0,0
2024,OSREDNJESLOVENSKA,15 01 03,Wooden Packaging (15 01 03),Packaging Waste,BO,15 01 03,Wooden Packaging (15 01 03),Packaging Waste,R_03,0,0,0,43.197,0,0
2024,OSREDNJESLOVENSKA,15 01 03,Wooden Packaging (15 01 03),Packaging Waste,PU,15 01 03,Wooden Packaging (15 01 03),Packaging Waste,"R_12, R_13",0,0,0.66,0,0,0
2024,OSREDNJESLOVENSKA,15 01 03,Wooden Packaging (15 01 03),Packaging Waste,R_01,19 12 02,Ferrous Metals from Mechanical Treatment (19 12 02),Waste Treatment Residues,"R_12, R_13",0,0,1.44,0,0,0
2024,OSREDNJESLOVENSKA,15 01 03,Wooden Packaging (15 01 03),Packaging Waste,R_03,19 12 07,Wood Waste from Treatment (not 19 12 06) (19 12 07),Waste Treatment Residues,R_03,0,0,0,10767.258,0,0
2024,OSREDNJESLOVENSKA,15 01 03,Wooden Packaging (15 01 03),Packaging Waste,"R_12, R_13",15 01 03,Wooden Packaging (15 01 03),Packaging Waste,PU,0,0,150.76,0,0,0
2024,OSREDNJESLOVENSKA,15 01 03,Wooden Packaging (15 01 03),Packaging Waste,"R_12, R_13",15 01 03,Wooden Packaging (15 01 03),Packaging Waste,R_01,0,0,40.14,0,0,0
2024,OSREDNJESLOVENSKA,15 01 03,Wooden Packaging (15 01 03),Packaging Waste,"R_12, R_13",15 01 03,Wooden Packaging (15 01 03),Packaging Waste,R_03,0,0,2940.65,189.632,0,0
2024,OSREDNJESLOVENSKA,15 01 03,Wooden Packaging (15 01 03),Packaging Waste,"R_12, R_13",15 01 03,Wooden Packaging (15 01 03),Packaging Waste,"R_12, R_13",0,0,267.051,0,0,0
2024,OSREDNJESLOVENSKA,15 01 03,Wooden Packaging (15 01 03),Packaging Waste,"R_12, R_13",15 01 03,Wooden Packaging (15 01 03),Packaging Waste,undefined,63.982,0,0,0,0,0
2024,OSREDNJESLOVENSKA,15 01 03,Wooden Packaging (15 01 03),Packaging Waste,"R_12, R_13",19 12 02,Ferrous Metals from Mechanical Treatment (19 12 02),Waste Treatment Residues,R_04,0,0,97.42,0,0,0
2024,OSREDNJESLOVENSKA,15 01 03,Wooden Packaging (15 01 03),Packaging Waste,"R_12, R_13",19 12 07,Wood Waste from Treatment (not 19 12 06) (19 12 07),Waste Treatment Residues,R_03,0,0,0,4773.488,0,0
2024,OSREDNJESLOVENSKA,15 01 03,Wooden Packaging (15 01 03),Packaging Waste,R_13,15 01 03,Wooden Packaging (15 01 03),Packaging Waste,R_03,0,0,58.94,0,0,0
2024,OSREDNJESLOVENSKA,15 01 05,Composite Packaging (15 01 05),Packaging Waste,"R_12, R_13",19 12 01,Paper and Cardboard from Waste Treatment (19 12 01),Waste Treatment Residues,R_03,0,0,740.93,0,0,0
2024,OSREDNJESLOVENSKA,15 01 05,Composite Packaging (15 01 05),Packaging Waste,"R_12, R_13",19 12 07,Wood Waste from Treatment (not 19 12 06) (19 12 07),Waste Treatment Residues,R_03,0,0,0,1.725,0,0
2024,OSREDNJESLOVENSKA,15 01 06,Mixed Packaging (15 01 06),Packaging Waste,"R_12, R_13",15 01 01,Paper and Cardboard Packaging (15 01 01),Packaging Waste,R_03,0,0,0,5031.305,0,0
2024,OSREDNJESLOVENSKA,15 01 06,Mixed Packaging (15 01 06),Packaging Waste,"R_12, R_13",15 01 01,Paper and Cardboard Packaging (15 01 01),Packaging Waste,"R_12, R_13",0,0,193.896,0,0,0
2024,OSREDNJESLOVENSKA,15 01 06,Mixed Packaging (15 01 06),Packaging Waste,"R_12, R_13",19 12 01,Paper and Cardboard from Waste Treatment (19 12 01),Waste Treatment Residues,R_03,0,0,0,944.604,0,0
2024,OSREDNJESLOVENSKA,16 02 14,Discarded Equipment Not Otherwise Specified (16 02 14),Miscellaneous Waste,"R_12, R_13",15 01 01,Paper and Cardboard Packaging (15 01 01),Packaging Waste,"R_12, R_13",0,0,4.1,0,0,0
2024,OSREDNJESLOVENSKA,16 02 14,Discarded Equipment Not Otherwise Specified (16 02 14),Miscellaneous Waste,"R_12, R_13",20 01 38,Non-hazardous Wood from Municipal Waste (20 01 38),Municipal Waste,R_12,0,0,2.44,0,0,0
2024,OSREDNJESLOVENSKA,16 02 14,Discarded Equipment Not Otherwise Specified (16 02 14),Miscellaneous Waste,"R_12, R_13",20 01 38,Non-hazardous Wood from Municipal Waste (20 01 38),Municipal Waste,undefined,0.06,0,0,0,0,0
2024,OSREDNJESLOVENSKA,16 03 06,Non-Hazardous Organic Wastes (16 03 06),Miscellaneous Waste,R_0301,15 01 01,Paper and Cardboard Packaging (15 01 01),Packaging Waste,"R_12, R_13",0,0,28,0,0,0
2024,OSREDNJESLOVENSKA,16 03 06,Non-Hazardous Organic Wastes (16 03 06),Miscellaneous Waste,R_0301,15 01 03,Wooden Packaging (15 01 03),Packaging Waste,R_03,0,0,52.4,0,0,0
2024,OSREDNJESLOVENSKA,16 03 06,Non-Hazardous Organic Wastes (16 03 06),Miscellaneous Waste,"R_12, R_13",15 01 03,Wooden Packaging (15 01 03),Packaging Waste,"R_12, R_13",0,0,0.46,0,0,0
2024,OSREDNJESLOVENSKA,17 02 01,Construction Wood Waste (17 02 01),Construction/Demolition Waste,R_03,19 12 07,Wood Waste from Treatment (not 19 12 06) (19 12 07),Waste Treatment Residues,R_03,0,0,0,4211.59,0,0
2024,OSREDNJESLOVENSKA,17 02 01,Construction Wood Waste (17 02 01),Construction/Demolition Waste,R_12,17 02 01,Construction Wood Waste (17 02 01),Construction/Demolition Waste,R_03,0,0,20.32,0,0,0
2024,OSREDNJESLOVENSKA,17 02 01,Construction Wood Waste (17 02 01),Construction/Demolition Waste,R_12,17 02 01,Construction Wood Waste (17 02 01),Construction/Demolition Waste,undefined,98.26,0,0,0,0,0
2024,OSREDNJESLOVENSKA,17 02 01,Construction Wood Waste (17 02 01),Construction/Demolition Waste,R_12,19 12 02,Ferrous Metals from Mechanical Treatment (19 12 02),Waste Treatment Residues,"R_12, R_13",0,0,12.664,0,0,0
2024,OSREDNJESLOVENSKA,17 02 01,Construction Wood Waste (17 02 01),Construction/Demolition Waste,R_12,19 12 03,Non-Ferrous Metals from Mechanical Treatment (19 12 03),Waste Treatment Residues,"R_12, R_13",0,0,0.736,0,0,0
2024,OSREDNJESLOVENSKA,17 02 01,Construction Wood Waste (17 02 01),Construction/Demolition Waste,R_12,19 12 07,Wood Waste from Treatment (not 19 12 06) (19 12 07),Waste Treatment Residues,R_01,0,0,97.68,0,0,0
2024,OSREDNJESLOVENSKA,17 02 01,Construction Wood Waste (17 02 01),Construction/Demolition Waste,R_12,20 01 38,Non-hazardous Wood from Municipal Waste (20 01 38),Municipal Waste,R_12,0,0,3.04,0,0,0
2024,OSREDNJESLOVENSKA,17 02 01,Construction Wood Waste (17 02 01),Construction/Demolition Waste,"R_12, R_13",17 02 01,Construction Wood Waste (17 02 01),Construction/Demolition Waste,R_03,0,0,595.78,68.04,0,0
2024,OSREDNJESLOVENSKA,17 02 01,Construction Wood Waste (17 02 01),Construction/Demolition Waste,"R_12, R_13",17 02 01,Construction Wood Waste (17 02 01),Construction/Demolition Waste,"R_12, R_13",0,0,336.363,0,0,0
2024,OSREDNJESLOVENSKA,17 02 01,Construction Wood Waste (17 02 01),Construction/Demolition Waste,"R_12, R_13",17 02 01,Construction Wood Waste (17 02 01),Construction/Demolition Waste,undefined,19.98,0,0,0,0,0
2024,OSREDNJESLOVENSKA,17 02 01,Construction Wood Waste (17 02 01),Construction/Demolition Waste,"R_12, R_13",19 12 07,Wood Waste from Treatment (not 19 12 06) (19 12 07),Waste Treatment Residues,R_03,0,0,0,757.92,0,0
2024,OSREDNJESLOVENSKA,17 02 01,Construction Wood Waste (17 02 01),Construction/Demolition Waste,"R_12, R_13",19 12 12,Other Mechanically Treated Waste (19 12 12),Waste Treatment Residues,R_01,0,0,0,21.22,0,0
2024,OSREDNJESLOVENSKA,19 12 01,Paper and Cardboard from Waste Treatment (19 12 01),Waste Treatment Residues,BO,19 12 01,Paper and Cardboard from Waste Treatment (19 12 01),Waste Treatment Residues,undefined,3445.61,0,0,0,0,0
2024,OSREDNJESLOVENSKA,19 12 01,Paper and Cardboard from Waste Treatment (19 12 01),Waste Treatment Residues,R_03,03 03 07,Mechanically Separated Rejects from Pulping (03 03 07),Wood/Paper Production Waste,R_12,0,0,6419.136,0,0,0
2024,OSREDNJESLOVENSKA,19 12 01,Paper and Cardboard from Waste Treatment (19 12 01),Waste Treatment Residues,R_03,03 03 08,Waste from Sorting of Paper and Cardboard for Recycling (03 03 08),Wood/Paper Production Waste,undefined,0,188.593,0,0,0,0
2024,OSREDNJESLOVENSKA,19 12 01,Paper and Cardboard from Waste Treatment (19 12 01),Waste Treatment Residues,"R_12, R_13",19 12 01,Paper and Cardboard from Waste Treatment (19 12 01),Waste Treatment Residues,R_03,0,0,1866.16,1478.233,237.16,0
2024,OSREDNJESLOVENSKA,19 12 01,Paper and Cardboard from Waste Treatment (19 12 01),Waste Treatment Residues,"R_12, R_13",19 12 01,Paper and Cardboard from Waste Treatment (19 12 01),Waste Treatment Residues,"R_12, R_13",0,0,8280.431,0,0,0
2024,OSREDNJESLOVENSKA,19 12 01,Paper and Cardboard from Waste Treatment (19 12 01),Waste Treatment Residues,"R_12, R_13",19 12 01,Paper and Cardboard from Waste Treatment (19 12 01),Waste Treatment Residues,undefined,31.603,0,0,0,545.28,0
2024,OSREDNJESLOVENSKA,19 12 04,Plastics and Rubber from Mechanical Treatment (19 12 04),Waste Treatment Residues,R_03,15 01 01,Paper and Cardboard Packaging (15 01 01),Packaging Waste,R_03,0,0,1.04,0,0,0
2024,OSREDNJESLOVENSKA,19 12 04,Plastics and Rubber from Mechanical Treatment (19 12 04),Waste Treatment Residues,R_03,19 12 01,Paper and Cardboard from Waste Treatment (19 12 01),Waste Treatment Residues,R_01,0,0,140.72,0,0,0
2024,OSREDNJESLOVENSKA,19 12 04,Plastics and Rubber from Mechanical Treatment (19 12 04),Waste Treatment Residues,R_03,19 12 07,Wood Waste from Treatment (not 19 12 06) (19 12 07),Waste Treatment Residues,"R_12, R_13",0,0,8.08,0,0,0
2024,OSREDNJESLOVENSKA,19 12 07,Wood Waste from Treatment (not 19 12 06) (19 12 07),Waste Treatment Residues,R_03,19 12 07,Wood Waste from Treatment (not 19 12 06) (19 12 07),Waste Treatment Residues,R_01,0,0,0,1378.77,0,0
2024,OSREDNJESLOVENSKA,19 12 07,Wood Waste from Treatment (not 19 12 06) (19 12 07),Waste Treatment Residues,R_03,19 12 07,Wood Waste from Treatment (not 19 12 06) (19 12 07),Waste Treatment Residues,R_03,0,0,0,2657.76,0,0
2024,OSREDNJESLOVENSKA,19 12 07,Wood Waste from Treatment (not 19 12 06) (19 12 07),Waste Treatment Residues,R_12,19 12 07,Wood Waste from Treatment (not 19 12 06) (19 12 07),Waste Treatment Residues,"R_12, R_13",0,0,31.737,0,0,0
2024,OSREDNJESLOVENSKA,19 12 07,Wood Waste from Treatment (not 19 12 06) (19 12 07),Waste Treatment Residues,"R_12, R_13",19 12 07,Wood Waste from Treatment (not 19 12 06) (19 12 07),Waste Treatment Residues,R_03,0,0,21.18,135.76,0,0
2024,OSREDNJESLOVENSKA,19 12 07,Wood Waste from Treatment (not 19 12 06) (19 12 07),Waste Treatment Residues,"R_12, R_13",19 12 07,Wood Waste from Treatment (not 19 12 06) (19 12 07),Waste Treatment Residues,"R_12, R_13",0,0,56.319,0,0,0
2024,OSREDNJESLOVENSKA,19 12 07,Wood Waste from Treatment (not 19 12 06) (19 12 07),Waste Treatment Residues,"R_12, R_13",19 12 07,Wood Waste from Treatment (not 19 12 06) (19 12 07),Waste Treatment Residues,undefined,1.136,0,0,0,0,0
2024,OSREDNJESLOVENSKA,20 01 01,Paper and Cardboard from Municipal Waste (20 01 01),Municipal Waste,BO,20 01 01,Paper and Cardboard from Municipal Waste (20 01 01),Municipal Waste,undefined,1692.666,0,0,0,0,0
2024,OSREDNJESLOVENSKA,20 01 01,Paper and Cardboard from Municipal Waste (20 01 01),Municipal Waste,R_03,03 03 07,Mechanically Separated Rejects from Pulping (03 03 07),Wood/Paper Production Waste,R_01,0,0,0,3851.86,0,0
2024,OSREDNJESLOVENSKA,20 01 01,Paper and Cardboard from Municipal Waste (20 01 01),Municipal Waste,R_03,03 03 07,Mechanically Separated Rejects from Pulping (03 03 07),Wood/Paper Production Waste,R_12,0,0,1366.986,0,0,0
2024,OSREDNJESLOVENSKA,20 01 01,Paper and Cardboard from Municipal Waste (20 01 01),Municipal Waste,R_03,03 03 08,Waste from Sorting of Paper and Cardboard for Recycling (03 03 08),Wood/Paper Production Waste,undefined,0,153.329,0,0,0,0
2024,OSREDNJESLOVENSKA,20 01 01,Paper and Cardboard from Municipal Waste (20 01 01),Municipal Waste,R_12,19 12 12,Other Mechanically Treated Waste (19 12 12),Waste Treatment Residues,"R_12, R_13",0,0,0.516,0,0,0
2024,OSREDNJESLOVENSKA,20 01 01,Paper and Cardboard from Municipal Waste (20 01 01),Municipal Waste,R_12,20 01 01,Paper and Cardboard from Municipal Waste (20 01 01),Municipal Waste,"R_12, R_13",0,0,0.58,0,0,0
2024,OSREDNJESLOVENSKA,20 01 01,Paper and Cardboard from Municipal Waste (20 01 01),Municipal Waste,"R_12, R_13",19 12 01,Paper and Cardboard from Waste Treatment (19 12 01),Waste Treatment Residues,R_03,0,0,15299.605,1564.615,907.4,0
2024,OSREDNJESLOVENSKA,20 01 01,Paper and Cardboard from Municipal Waste (20 01 01),Municipal Waste,"R_12, R_13",19 12 01,Paper and Cardboard from Waste Treatment (19 12 01),Waste Treatment Residues,R_12,0,0,0,162.026,0,0
2024,OSREDNJESLOVENSKA,20 01 01,Paper and Cardboard from Municipal Waste (20 01 01),Municipal Waste,"R_12, R_13",19 12 01,Paper and Cardboard from Waste Treatment (19 12 01),Waste Treatment Residues,"R_12, R_13",0,0,1726.481,0,0,0
2024,OSREDNJESLOVENSKA,20 01 01,Paper and Cardboard from Municipal Waste (20 01 01),Municipal Waste,"R_12, R_13",19 12 01,Paper and Cardboard from Waste Treatment (19 12 01),Waste Treatment Residues,undefined,65.177,649.669,0,0,0,0
2024,OSREDNJESLOVENSKA,20 01 01,Paper and Cardboard from Municipal Waste (20 01 01),Municipal Waste,"R_12, R_13",19 12 12,Other Mechanically Treated Waste (19 12 12),Waste Treatment Residues,"R_12, R_13",0,0,16.576,0,0,0
2024,OSREDNJESLOVENSKA,20 01 01,Paper and Cardboard from Municipal Waste (20 01 01),Municipal Waste,"R_12, R_13",20 01 01,Paper and Cardboard from Municipal Waste (20 01 01),Municipal Waste,R_03,0,0,5474.722,13980.324,0,0
2024,OSREDNJESLOVENSKA,20 01 01,Paper and Cardboard from Municipal Waste (20 01 01),Municipal Waste,"R_12, R_13",20 01 01,Paper and Cardboard from Municipal Waste (20 01 01),Municipal Waste,R_12,0,0,24.26,2001.67,0,0
2024,OSREDNJESLOVENSKA,20 01 01,Paper and Cardboard from Municipal Waste (20 01 01),Municipal Waste,"R_12, R_13",20 01 01,Paper and Cardboard from Municipal Waste (20 01 01),Municipal Waste,"R_12, R_13",0,0,904.79,0,47.09,0
2024,OSREDNJESLOVENSKA,20 01 01,Paper and Cardboard from Municipal Waste (20 01 01),Municipal Waste,"R_12, R_13",20 01 01,Paper and Cardboard from Municipal Waste (20 01 01),Municipal Waste,undefined,147.25,0,0,0,0,0
2024,OSREDNJESLOVENSKA,20 01 21*,Mercury-Containing Waste (20 01 21*),Municipal Waste,R_12,19 12 01,Paper and Cardboard from Waste Treatment (19 12 01),Waste Treatment Residues,"R_12, R_13",0,0,6.02,0,0,0
2024,OSREDNJESLOVENSKA,20 01 36,Non-Hazardous Waste Electrical Equipment (20 01 36),Municipal Waste,"R_12, R_13",15 01 01,Paper and Cardboard Packaging (15 01 01),Packaging Waste,"R_12, R_13",0,0,10.358,0,0,0
2024,OSREDNJESLOVENSKA,20 01 36,Non-Hazardous Waste Electrical Equipment (20 01 36),Municipal Waste,"R_12, R_13",19 12 07,Wood Waste from Treatment (not 19 12 06) (19 12 07),Waste Treatment Residues,R_03,0,0,5.74,0,0,0
2024,OSREDNJESLOVENSKA,20 01 36,Non-Hazardous Waste Electrical Equipment (20 01 36),Municipal Waste,"R_12, R_13",20 01 38,Non-hazardous Wood from Municipal Waste (20 01 38),Municipal Waste,R_12,0,0,13.96,0,0,0
2024,OSREDNJESLOVENSKA,20 01 38,Non-hazardous Wood from Municipal Waste (20 01 38),Municipal Waste,BO,20 01 38,Non-hazardous Wood from Municipal Waste (20 01 38),Municipal Waste,undefined,1146.056,0,0,0,0,0
2024,OSREDNJESLOVENSKA,20 01 38,Non-hazardous Wood from Municipal Waste (20 01 38),Municipal Waste,R_03,12 01 02,Iron Dust and Particles (12 01 02),Metal/Plastic Processing Waste,R_03,0,0,6.04,0,0,0
2024,OSREDNJESLOVENSKA,20 01 38,Non-hazardous Wood from Municipal Waste (20 01 38),Municipal Waste,R_03,12 01 02,Iron Dust and Particles (12 01 02),Metal/Plastic Processing Waste,undefined,0,44.601,0,0,0,0
2024,OSREDNJESLOVENSKA,20 01 38,Non-hazardous Wood from Municipal Waste (20 01 38),Municipal Waste,R_03,17 04 02,NA,Construction/Demolition Waste,R_03,0,0,0.04,0,0,0
2024,OSREDNJESLOVENSKA,20 01 38,Non-hazardous Wood from Municipal Waste (20 01 38),Municipal Waste,R_03,17 04 05,Iron and Steel Waste (17 04 05),Construction/Demolition Waste,R_03,0,0,621.022,0,0,0
2024,OSREDNJESLOVENSKA,20 01 38,Non-hazardous Wood from Municipal Waste (20 01 38),Municipal Waste,R_03,17 04 05,Iron and Steel Waste (17 04 05),Construction/Demolition Waste,undefined,0,21.264,0,0,0,0
2024,OSREDNJESLOVENSKA,20 01 38,Non-hazardous Wood from Municipal Waste (20 01 38),Municipal Waste,R_03,19 12 07,Wood Waste from Treatment (not 19 12 06) (19 12 07),Waste Treatment Residues,R_03,0,0,0,28430.463,0,0
2024,OSREDNJESLOVENSKA,20 01 38,Non-hazardous Wood from Municipal Waste (20 01 38),Municipal Waste,R_12,19 12 07,Wood Waste from Treatment (not 19 12 06) (19 12 07),Waste Treatment Residues,R_01,0,0,1266.36,0,0,0
2024,OSREDNJESLOVENSKA,20 01 38,Non-hazardous Wood from Municipal Waste (20 01 38),Municipal Waste,"R_12, R_13",19 12 02,Ferrous Metals from Mechanical Treatment (19 12 02),Waste Treatment Residues,R_04,0,0,191.31,0,0,0
2024,OSREDNJESLOVENSKA,20 01 38,Non-hazardous Wood from Municipal Waste (20 01 38),Municipal Waste,"R_12, R_13",19 12 07,Wood Waste from Treatment (not 19 12 06) (19 12 07),Waste Treatment Residues,R_03,0,0,0,11511.15,0,0
2024,OSREDNJESLOVENSKA,20 01 38,Non-hazardous Wood from Municipal Waste (20 01 38),Municipal Waste,"R_12, R_13",20 01 38,Non-hazardous Wood from Municipal Waste (20 01 38),Municipal Waste,R_0302,0,0,703.88,0,0,0
2024,OSREDNJESLOVENSKA,20 01 38,Non-hazardous Wood from Municipal Waste (20 01 38),Municipal Waste,"R_12, R_13",20 01 38,Non-hazardous Wood from Municipal Waste (20 01 38),Municipal Waste,R_12,0,0,8648.22,0,0,0
2024,OSREDNJESLOVENSKA,20 01 38,Non-hazardous Wood from Municipal Waste (20 01 38),Municipal Waste,"R_12, R_13",20 01 38,Non-hazardous Wood from Municipal Waste (20 01 38),Municipal Waste,"R_12, R_13",0,0,142.487,0,0,0
2024,OSREDNJESLOVENSKA,20 02 01,Biodegradable Garden and Park Waste (20 02 01),Municipal Waste,R_03,19 12 07,Wood Waste from Treatment (not 19 12 06) (19 12 07),Waste Treatment Residues,R_03,0,0,0,4996.36,0,0
2024,OSREDNJESLOVENSKA,20 03 01,Mixed Municipal Waste (20 03 01),Municipal Waste,D_09,19 12 01,Paper and Cardboard from Waste Treatment (19 12 01),Waste Treatment Residues,"R_12, R_13",0,0,334.9,0,0,0
2024,OSREDNJESLOVENSKA,20 03 07,Bulky Municipal Waste (20 03 07),Municipal Waste,BO,20 03 07,Bulky Municipal Waste (20 03 07),Municipal Waste,undefined,146.2,0,0,0,0,0
2024,OSREDNJESLOVENSKA,20 03 07,Bulky Municipal Waste (20 03 07),Municipal Waste,D_01,20 03 07,Bulky Municipal Waste (20 03 07),Municipal Waste,undefined,0,0,0,0,0,1990.52
2024,OSREDNJESLOVENSKA,20 03 07,Bulky Municipal Waste (20 03 07),Municipal Waste,R_12,19 12 02,Ferrous Metals from Mechanical Treatment (19 12 02),Waste Treatment Residues,"R_12, R_13",0,0,526.542,0,0,0
2024,OSREDNJESLOVENSKA,20 03 07,Bulky Municipal Waste (20 03 07),Municipal Waste,R_12,19 12 12,Other Mechanically Treated Waste (19 12 12),Waste Treatment Residues,"R_12, R_13",0,0,11413.658,0,0,0
2024,OSREDNJESLOVENSKA,20 03 07,Bulky Municipal Waste (20 03 07),Municipal Waste,R_12,19 12 12,Other Mechanically Treated Waste (19 12 12),Waste Treatment Residues,undefined,2250,0,0,0,0,0
2024,OSREDNJESLOVENSKA,20 03 07,Bulky Municipal Waste (20 03 07),Municipal Waste,"R_12, R_13",19 12 02,Ferrous Metals from Mechanical Treatment (19 12 02),Waste Treatment Residues,R_04,0,0,2261.09,520.84,0,0
2024,OSREDNJESLOVENSKA,20 03 07,Bulky Municipal Waste (20 03 07),Municipal Waste,"R_12, R_13",19 12 02,Ferrous Metals from Mechanical Treatment (19 12 02),Waste Treatment Residues,"R_12, R_13",0,0,993.53,0,0,0
2024,OSREDNJESLOVENSKA,20 03 07,Bulky Municipal Waste (20 03 07),Municipal Waste,"R_12, R_13",19 12 04,Plastics and Rubber from Mechanical Treatment (19 12 04),Waste Treatment Residues,"R_12, R_13",0,0,0.96,0,0,0
2024,OSREDNJESLOVENSKA,20 03 07,Bulky Municipal Waste (20 03 07),Municipal Waste,"R_12, R_13",19 12 05,Glass from Mechanical Treatment (19 12 05),Waste Treatment Residues,R_05,0,0,0,69.536,0,0
2024,OSREDNJESLOVENSKA,20 03 07,Bulky Municipal Waste (20 03 07),Municipal Waste,"R_12, R_13",19 12 07,Wood Waste from Treatment (not 19 12 06) (19 12 07),Waste Treatment Residues,R_03,0,0,0,1496.407,0,0
2024,OSREDNJESLOVENSKA,20 03 07,Bulky Municipal Waste (20 03 07),Municipal Waste,"R_12, R_13",19 12 07,Wood Waste from Treatment (not 19 12 06) (19 12 07),Waste Treatment Residues,"R_12, R_13",0,0,1.36,0,0,0
2024,OSREDNJESLOVENSKA,20 03 07,Bulky Municipal Waste (20 03 07),Municipal Waste,"R_12, R_13",19 12 12,Other Mechanically Treated Waste (19 12 12),Waste Treatment Residues,R_01,0,0,0,106.995,0,0
2024,OSREDNJESLOVENSKA,20 03 07,Bulky Municipal Waste (20 03 07),Municipal Waste,"R_12, R_13",19 12 12,Other Mechanically Treated Waste (19 12 12),Waste Treatment Residues,"R_12, R_13",0,0,0.92,0,0,0
2024,OSREDNJESLOVENSKA,20 03 07,Bulky Municipal Waste (20 03 07),Municipal Waste,"R_12, R_13",20 01 38,Non-hazardous Wood from Municipal Waste (20 01 38),Municipal Waste,R_03,0,0,91.66,0,0,0
2024,OSREDNJESLOVENSKA,20 03 07,Bulky Municipal Waste (20 03 07),Municipal Waste,"R_12, R_13",20 01 40,Metals from Municipal Waste (20 01 40),Municipal Waste,"R_12, R_13",0,0,14,0,0,0
2024,OSREDNJESLOVENSKA,20 03 07,Bulky Municipal Waste (20 03 07),Municipal Waste,"R_12, R_13",20 03 07,Bulky Municipal Waste (20 03 07),Municipal Waste,D_01,0,0,6995.11,0,0,0
2024,OSREDNJESLOVENSKA,20 03 07,Bulky Municipal Waste (20 03 07),Municipal Waste,"R_12, R_13",20 03 07,Bulky Municipal Waste (20 03 07),Municipal Waste,"R_12, R_13",0,0,950,0,0,0
2024,OSREDNJESLOVENSKA,20 03 07,Bulky Municipal Waste (20 03 07),Municipal Waste,"R_12, R_13",20 03 07,Bulky Municipal Waste (20 03 07),Municipal Waste,undefined,0,94.82,0,0,0,0
2024,PODRAVSKA,02 01 07,Forestry Waste (02 01 07),Agricultural/Forestry Waste,"R_12, R_13",19 12 12,Other Mechanically Treated Waste (19 12 12),Waste Treatment Residues,R_01,0,0,55.5,0,0,0
2024,PODRAVSKA,03 01 01,Bark and Cork Waste (03 01 01),Wood/Paper Production Waste,"R_12, R_13",19 12 12,Other Mechanically Treated Waste (19 12 12),Waste Treatment Residues,R_01,0,0,0,6.27,0,0
2024,PODRAVSKA,03 01 01,Bark and Cork Waste (03 01 01),Wood/Paper Production Waste,"R_12, R_13",20 01 01,Paper and Cardboard from Municipal Waste (20 01 01),Municipal Waste,R_03,0,0,4.97,0,0,0
2024,PODRAVSKA,03 01 05,Sawdust/Shavings/Cuttings (03 01 05),Wood/Paper Production Waste,"R_12, R_13",17 02 01,Construction Wood Waste (17 02 01),Construction/Demolition Waste,R_03,0,0,23.353,0,0,0
2024,PODRAVSKA,03 01 05,Sawdust/Shavings/Cuttings (03 01 05),Wood/Paper Production Waste,"R_12, R_13",19 12 12,Other Mechanically Treated Waste (19 12 12),Waste Treatment Residues,R_01,0,0,0,362.034,0,0
2024,PODRAVSKA,03 01 05,Sawdust/Shavings/Cuttings (03 01 05),Wood/Paper Production Waste,"R_12, R_13",19 12 12,Other Mechanically Treated Waste (19 12 12),Waste Treatment Residues,R_03,0,0,0,6,0,0
2024,PODRAVSKA,03 01 99,Other Unspecified Wood Waste (03 01 99),Wood/Paper Production Waste,"R_12, R_13",19 12 12,Other Mechanically Treated Waste (19 12 12),Waste Treatment Residues,R_01,0,0,0,689.266,0,0
2024,PODRAVSKA,03 03 08,Waste from Sorting of Paper and Cardboard for Recycling (03 03 08),Wood/Paper Production Waste,R_12,19 12 10,Refuse-Derived Fuel (19 12 10),Waste Treatment Residues,R_01,0,0,24.4,0,799.259,0
2024,PODRAVSKA,03 03 08,Waste from Sorting of Paper and Cardboard for Recycling (03 03 08),Wood/Paper Production Waste,R_12,19 12 12,Other Mechanically Treated Waste (19 12 12),Waste Treatment Residues,R_01,0,0,0,182.776,0,0
2024,PODRAVSKA,03 03 08,Waste from Sorting of Paper and Cardboard for Recycling (03 03 08),Wood/Paper Production Waste,"R_12, R_13",19 12 12,Other Mechanically Treated Waste (19 12 12),Waste Treatment Residues,R_01,0,0,0,2887.87,0,0
2024,PODRAVSKA,15 01 01,Paper and Cardboard Packaging (15 01 01),Packaging Waste,BO,15 01 01,Paper and Cardboard Packaging (15 01 01),Packaging Waste,"R_12, R_13",0,0,20.46,0,0,0
2024,PODRAVSKA,15 01 01,Paper and Cardboard Packaging (15 01 01),Packaging Waste,R_12,19 12 12,Other Mechanically Treated Waste (19 12 12),Waste Treatment Residues,R_03,0,0,0,4.973,0,0
2024,PODRAVSKA,15 01 01,Paper and Cardboard Packaging (15 01 01),Packaging Waste,"R_12, R_13",15 01 01,Paper and Cardboard Packaging (15 01 01),Packaging Waste,R_03,0,0,0,11625.34,546.36,0
2024,PODRAVSKA,15 01 01,Paper and Cardboard Packaging (15 01 01),Packaging Waste,"R_12, R_13",15 01 01,Paper and Cardboard Packaging (15 01 01),Packaging Waste,"R_12, R_13",0,0,1940.791,335.56,0,0
2024,PODRAVSKA,15 01 01,Paper and Cardboard Packaging (15 01 01),Packaging Waste,"R_12, R_13",15 01 01,Paper and Cardboard Packaging (15 01 01),Packaging Waste,undefined,193,40.088,0,0,0,0
2024,PODRAVSKA,15 01 01,Paper and Cardboard Packaging (15 01 01),Packaging Waste,"R_12, R_13",19 12 01,Paper and Cardboard from Waste Treatment (19 12 01),Waste Treatment Residues,R_03,0,0,740.22,2448.315,0,0
2024,PODRAVSKA,15 01 01,Paper and Cardboard Packaging (15 01 01),Packaging Waste,"R_12, R_13",19 12 12,Other Mechanically Treated Waste (19 12 12),Waste Treatment Residues,R_03,0,0,0,384.765,0,0
2024,PODRAVSKA,15 01 03,Wooden Packaging (15 01 03),Packaging Waste,"R_12, R_13",15 01 03,Wooden Packaging (15 01 03),Packaging Waste,R_03,0,0,3333.92,14.88,0,0
2024,PODRAVSKA,15 01 03,Wooden Packaging (15 01 03),Packaging Waste,"R_12, R_13",15 01 03,Wooden Packaging (15 01 03),Packaging Waste,R_04,0,0,54.68,0,0,0
2024,PODRAVSKA,15 01 03,Wooden Packaging (15 01 03),Packaging Waste,"R_12, R_13",15 01 03,Wooden Packaging (15 01 03),Packaging Waste,"R_12, R_13",0,0,285.169,0,0,0
2024,PODRAVSKA,15 01 03,Wooden Packaging (15 01 03),Packaging Waste,"R_12, R_13",15 01 03,Wooden Packaging (15 01 03),Packaging Waste,undefined,14.88,0,0,0,0,0
2024,PODRAVSKA,15 01 03,Wooden Packaging (15 01 03),Packaging Waste,"R_12, R_13",19 12 07,Wood Waste from Treatment (not 19 12 06) (19 12 07),Waste Treatment Residues,"R_12, R_13",0,0,33.004,0,0,0
2024,PODRAVSKA,15 01 03,Wooden Packaging (15 01 03),Packaging Waste,"R_12, R_13",19 12 07,Wood Waste from Treatment (not 19 12 06) (19 12 07),Waste Treatment Residues,undefined,23.276,0,0,0,0,0
2024,PODRAVSKA,15 01 05,Composite Packaging (15 01 05),Packaging Waste,"R_12, R_13",15 01 01,Paper and Cardboard Packaging (15 01 01),Packaging Waste,"R_12, R_13",0,0,42.16,0,0,0
2024,PODRAVSKA,15 01 06,Mixed Packaging (15 01 06),Packaging Waste,"R_12, R_13",15 01 03,Wooden Packaging (15 01 03),Packaging Waste,R_03,0,0,28.17,0,0,0
2024,PODRAVSKA,15 01 06,Mixed Packaging (15 01 06),Packaging Waste,"R_12, R_13",19 12 01,Paper and Cardboard from Waste Treatment (19 12 01),Waste Treatment Residues,R_03,0,0,13.522,182.468,0,0
2024,PODRAVSKA,17 02 01,Construction Wood Waste (17 02 01),Construction/Demolition Waste,R_12,17 02 01,Construction Wood Waste (17 02 01),Construction/Demolition Waste,R_03,0,0,87.7,0,0,0
2024,PODRAVSKA,17 02 01,Construction Wood Waste (17 02 01),Construction/Demolition Waste,R_12,17 02 01,Construction Wood Waste (17 02 01),Construction/Demolition Waste,undefined,498.38,0,0,0,0,2.88
2024,PODRAVSKA,17 02 01,Construction Wood Waste (17 02 01),Construction/Demolition Waste,"R_12, R_13",17 02 01,Construction Wood Waste (17 02 01),Construction/Demolition Waste,R_03,0,0,424.827,0,0,0
2024,PODRAVSKA,19 12 01,Paper and Cardboard from Waste Treatment (19 12 01),Waste Treatment Residues,"R_12, R_13",15 01 01,Paper and Cardboard Packaging (15 01 01),Packaging Waste,R_03,0,0,0,317.75,0,0
2024,PODRAVSKA,19 12 01,Paper and Cardboard from Waste Treatment (19 12 01),Waste Treatment Residues,"R_12, R_13",19 12 01,Paper and Cardboard from Waste Treatment (19 12 01),Waste Treatment Residues,R_03,0,0,6.318,812.901,0,0
2024,PODRAVSKA,19 12 01,Paper and Cardboard from Waste Treatment (19 12 01),Waste Treatment Residues,"R_12, R_13",19 12 01,Paper and Cardboard from Waste Treatment (19 12 01),Waste Treatment Residues,"R_12, R_13",0,0,71.58,0,0,0
2024,PODRAVSKA,19 12 01,Paper and Cardboard from Waste Treatment (19 12 01),Waste Treatment Residues,"R_12, R_13",19 12 01,Paper and Cardboard from Waste Treatment (19 12 01),Waste Treatment Residues,undefined,26.46,0,0,0,0,0
2024,PODRAVSKA,19 12 01,Paper and Cardboard from Waste Treatment (19 12 01),Waste Treatment Residues,"R_12, R_13",19 12 12,Other Mechanically Treated Waste (19 12 12),Waste Treatment Residues,R_03,0,0,0,6.02,0,0
2024,PODRAVSKA,19 12 07,Wood Waste from Treatment (not 19 12 06) (19 12 07),Waste Treatment Residues,"R_12, R_13",19 12 12,Other Mechanically Treated Waste (19 12 12),Waste Treatment Residues,R_03,0,0,0,16.46,0,0
2024,PODRAVSKA,20 01 01,Paper and Cardboard from Municipal Waste (20 01 01),Municipal Waste,BO,20 01 01,Paper and Cardboard from Municipal Waste (20 01 01),Municipal Waste,"R_12, R_13",0,0,55.576,0,0,0
2024,PODRAVSKA,20 01 01,Paper and Cardboard from Municipal Waste (20 01 01),Municipal Waste,BO,20 01 01,Paper and Cardboard from Municipal Waste (20 01 01),Municipal Waste,undefined,3.03,59.28,0,0,0,0
2024,PODRAVSKA,20 01 01,Paper and Cardboard from Municipal Waste (20 01 01),Municipal Waste,D_10,19 01 11*,NA,Waste Treatment Residues,undefined,0,5.42,0,0,0,0
2024,PODRAVSKA,20 01 01,Paper and Cardboard from Municipal Waste (20 01 01),Municipal Waste,R_12,19 12 10,Refuse-Derived Fuel (19 12 10),Waste Treatment Residues,R_01,0,0,0,0,340.82,0
2024,PODRAVSKA,20 01 01,Paper and Cardboard from Municipal Waste (20 01 01),Municipal Waste,R_12,20 01 01,Paper and Cardboard from Municipal Waste (20 01 01),Municipal Waste,"R_12, R_13",0,0,1206.52,0,0,0
2024,PODRAVSKA,20 01 01,Paper and Cardboard from Municipal Waste (20 01 01),Municipal Waste,R_12,20 01 01,Paper and Cardboard from Municipal Waste (20 01 01),Municipal Waste,undefined,30.297,86.559,0,0,0,0
2024,PODRAVSKA,20 01 01,Paper and Cardboard from Municipal Waste (20 01 01),Municipal Waste,"R_12, R_13",19 12 01,Paper and Cardboard from Waste Treatment (19 12 01),Waste Treatment Residues,R_03,0,0,3144.163,1484.467,0,0
2024,PODRAVSKA,20 01 01,Paper and Cardboard from Municipal Waste (20 01 01),Municipal Waste,"R_12, R_13",19 12 01,Paper and Cardboard from Waste Treatment (19 12 01),Waste Treatment Residues,"R_12, R_13",0,0,93.2,0,0,0
2024,PODRAVSKA,20 01 01,Paper and Cardboard from Municipal Waste (20 01 01),Municipal Waste,"R_12, R_13",19 12 12,Other Mechanically Treated Waste (19 12 12),Waste Treatment Residues,R_01,0,0,0,523.614,0,0
2024,PODRAVSKA,20 01 01,Paper and Cardboard from Municipal Waste (20 01 01),Municipal Waste,"R_12, R_13",20 01 01,Paper and Cardboard from Municipal Waste (20 01 01),Municipal Waste,R_03,0,0,115.32,2796.29,0,0
2024,PODRAVSKA,20 01 01,Paper and Cardboard from Municipal Waste (20 01 01),Municipal Waste,"R_12, R_13",20 01 01,Paper and Cardboard from Municipal Waste (20 01 01),Municipal Waste,"R_12, R_13",0,0,322.408,0,0,0
2024,PODRAVSKA,20 01 01,Paper and Cardboard from Municipal Waste (20 01 01),Municipal Waste,"R_12, R_13",20 01 01,Paper and Cardboard from Municipal Waste (20 01 01),Municipal Waste,undefined,180.71,28.086,0,0,0,0
2024,PODRAVSKA,20 01 36,Non-Hazardous Waste Electrical Equipment (20 01 36),Municipal Waste,"R_12, R_13",20 01 01,Paper and Cardboard from Municipal Waste (20 01 01),Municipal Waste,undefined,0,0.526,0,0,0,0
2024,PODRAVSKA,20 01 38,Non-hazardous Wood from Municipal Waste (20 01 38),Municipal Waste,R_0302,20 01 38,Non-hazardous Wood from Municipal Waste (20 01 38),Municipal Waste,R_03,0,0,678.41,0,0,0
2024,PODRAVSKA,20 01 38,Non-hazardous Wood from Municipal Waste (20 01 38),Municipal Waste,R_12,20 01 38,Non-hazardous Wood from Municipal Waste (20 01 38),Municipal Waste,R_01,0,0,289.42,0,0,0
2024,PODRAVSKA,20 01 38,Non-hazardous Wood from Municipal Waste (20 01 38),Municipal Waste,"R_12, R_13",19 12 12,Other Mechanically Treated Waste (19 12 12),Waste Treatment Residues,R_01,0,0,0,16.404,0,0
2024,PODRAVSKA,20 01 38,Non-hazardous Wood from Municipal Waste (20 01 38),Municipal Waste,"R_12, R_13",19 12 12,Other Mechanically Treated Waste (19 12 12),Waste Treatment Residues,R_03,0,0,0,24.724,0,0
2024,PODRAVSKA,20 01 38,Non-hazardous Wood from Municipal Waste (20 01 38),Municipal Waste,"R_12, R_13",20 01 38,Non-hazardous Wood from Municipal Waste (20 01 38),Municipal Waste,undefined,0,18.47,0,0,0,0
2024,PODRAVSKA,20 03 01,Mixed Municipal Waste (20 03 01),Municipal Waste,"D_08,09",20 01 01,Paper and Cardboard from Municipal Waste (20 01 01),Municipal Waste,D_05,0,0,0,23.32,0,0
2024,PODRAVSKA,20 03 01,Mixed Municipal Waste (20 03 01),Municipal Waste,D_09,20 01 01,Paper and Cardboard from Municipal Waste (20 01 01),Municipal Waste,R_12,0,0,267.5,0,0,0
2024,PODRAVSKA,20 03 01,Mixed Municipal Waste (20 03 01),Municipal Waste,D_09,20 01 01,Paper and Cardboard from Municipal Waste (20 01 01),Municipal Waste,"R_12, R_13",0,0,1163.98,0,0,0
2024,PODRAVSKA,20 03 01,Mixed Municipal Waste (20 03 01),Municipal Waste,D_09,20 01 01,Paper and Cardboard from Municipal Waste (20 01 01),Municipal Waste,undefined,84.676,85.62,0,0,0,0
2024,PODRAVSKA,20 03 07,Bulky Municipal Waste (20 03 07),Municipal Waste,BO,20 03 07,Bulky Municipal Waste (20 03 07),Municipal Waste,undefined,0,2.38,0,0,0,0
2024,PODRAVSKA,20 03 07,Bulky Municipal Waste (20 03 07),Municipal Waste,R_12,19 12 02,Ferrous Metals from Mechanical Treatment (19 12 02),Waste Treatment Residues,"R_12, R_13",0,0,12.16,0,0,0
2024,PODRAVSKA,20 03 07,Bulky Municipal Waste (20 03 07),Municipal Waste,R_12,19 12 04,Plastics and Rubber from Mechanical Treatment (19 12 04),Waste Treatment Residues,R_03,0,0,4.91,0,0,0
2024,PODRAVSKA,20 03 07,Bulky Municipal Waste (20 03 07),Municipal Waste,R_12,19 12 10,Refuse-Derived Fuel (19 12 10),Waste Treatment Residues,R_01,0,0,0,0,2037.24,0
2024,PODRAVSKA,20 03 07,Bulky Municipal Waste (20 03 07),Municipal Waste,R_12,20 01 38,Non-hazardous Wood from Municipal Waste (20 01 38),Municipal Waste,R_03,0,0,264.494,0,0,0
2024,PODRAVSKA,20 03 07,Bulky Municipal Waste (20 03 07),Municipal Waste,R_12,20 03 07,Bulky Municipal Waste (20 03 07),Municipal Waste,"R_12, R_13",0,0,1097.82,0,0,0
2024,PODRAVSKA,20 03 07,Bulky Municipal Waste (20 03 07),Municipal Waste,R_12,20 03 07,Bulky Municipal Waste (20 03 07),Municipal Waste,undefined,0,529.98,0,0,0,0
2024,PODRAVSKA,20 03 07,Bulky Municipal Waste (20 03 07),Municipal Waste,"R_12, R_13",19 12 02,Ferrous Metals from Mechanical Treatment (19 12 02),Waste Treatment Residues,R_04,0,0,0,125.952,0,0
2024,PODRAVSKA,20 03 07,Bulky Municipal Waste (20 03 07),Municipal Waste,"R_12, R_13",19 12 02,Ferrous Metals from Mechanical Treatment (19 12 02),Waste Treatment Residues,"R_12, R_13",0,0,64.664,0,0,0
2024,PODRAVSKA,20 03 07,Bulky Municipal Waste (20 03 07),Municipal Waste,"R_12, R_13",19 12 12,Other Mechanically Treated Waste (19 12 12),Waste Treatment Residues,R_01,0,0,0,1095.12,0,0
2024,PODRAVSKA,20 03 07,Bulky Municipal Waste (20 03 07),Municipal Waste,"R_12, R_13",19 12 12,Other Mechanically Treated Waste (19 12 12),Waste Treatment Residues,R_0101,0,0,212.933,0,0,0
2024,PODRAVSKA,20 03 07,Bulky Municipal Waste (20 03 07),Municipal Waste,"R_12, R_13",19 12 12,Other Mechanically Treated Waste (19 12 12),Waste Treatment Residues,R_03,0,0,0,2296.018,0,0
2024,PODRAVSKA,20 03 07,Bulky Municipal Waste (20 03 07),Municipal Waste,"R_12, R_13",20 03 01,Mixed Municipal Waste (20 03 01),Municipal Waste,D_08,0,0,452.19,0,0,0
2024,PODRAVSKA,20 03 07,Bulky Municipal Waste (20 03 07),Municipal Waste,"R_12, R_13",20 03 07,Bulky Municipal Waste (20 03 07),Municipal Waste,"R_12, R_13",0,0,306.686,0,0,0
2024,POMURSKA,03 01 05,Sawdust/Shavings/Cuttings (03 01 05),Wood/Paper Production Waste,"R_12, R_13",03 01 05,Sawdust/Shavings/Cuttings (03 01 05),Wood/Paper Production Waste,"R_12, R_13",0,0,474.86,0,0,0
2024,POMURSKA,03 01 05,Sawdust/Shavings/Cuttings (03 01 05),Wood/Paper Production Waste,"R_12, R_13",15 01 03,Wooden Packaging (15 01 03),Packaging Waste,R_03,0,0,0,1128.047,0,0
2024,POMURSKA,03 01 05,Sawdust/Shavings/Cuttings (03 01 05),Wood/Paper Production Waste,"R_12, R_13",15 01 03,Wooden Packaging (15 01 03),Packaging Waste,undefined,64.703,0,0,0,0,0
2024,POMURSKA,03 01 05,Sawdust/Shavings/Cuttings (03 01 05),Wood/Paper Production Waste,"R_12, R_13",19 12 07,Wood Waste from Treatment (not 19 12 06) (19 12 07),Waste Treatment Residues,R_03,0,0,0,285.43,0,0
2024,POMURSKA,15 01 01,Paper and Cardboard Packaging (15 01 01),Packaging Waste,"R_12, R_13",15 01 01,Paper and Cardboard Packaging (15 01 01),Packaging Waste,R_03,0,0,0,870.263,0,0
2024,POMURSKA,15 01 01,Paper and Cardboard Packaging (15 01 01),Packaging Waste,"R_12, R_13",15 01 01,Paper and Cardboard Packaging (15 01 01),Packaging Waste,"R_12, R_13",0,0,460.252,0,0,0
2024,POMURSKA,15 01 01,Paper and Cardboard Packaging (15 01 01),Packaging Waste,"R_12, R_13",15 01 01,Paper and Cardboard Packaging (15 01 01),Packaging Waste,undefined,138.367,145.675,0,0,0,0
2024,POMURSKA,15 01 01,Paper and Cardboard Packaging (15 01 01),Packaging Waste,"R_12, R_13",19 12 01,Paper and Cardboard from Waste Treatment (19 12 01),Waste Treatment Residues,R_03,0,0,0,104.226,0,0
2024,POMURSKA,15 01 01,Paper and Cardboard Packaging (15 01 01),Packaging Waste,"R_12, R_13",19 12 01,Paper and Cardboard from Waste Treatment (19 12 01),Waste Treatment Residues,undefined,95.339,0,0,0,0,0
2024,POMURSKA,15 01 01,Paper and Cardboard Packaging (15 01 01),Packaging Waste,"R_12, R_13",20 01 01,Paper and Cardboard from Municipal Waste (20 01 01),Municipal Waste,R_03,0,0,0,1111.264,0,0
2024,POMURSKA,15 01 01,Paper and Cardboard Packaging (15 01 01),Packaging Waste,"R_12, R_13",20 01 01,Paper and Cardboard from Municipal Waste (20 01 01),Municipal Waste,undefined,66.635,0,0,0,0,0
2024,POMURSKA,15 01 03,Wooden Packaging (15 01 03),Packaging Waste,"R_12, R_13",15 01 03,Wooden Packaging (15 01 03),Packaging Waste,R_03,0,0,308.3,705.173,0,0
2024,POMURSKA,15 01 03,Wooden Packaging (15 01 03),Packaging Waste,"R_12, R_13",19 12 07,Wood Waste from Treatment (not 19 12 06) (19 12 07),Waste Treatment Residues,R_03,0,0,0,64.703,0,0
2024,POMURSKA,15 01 06,Mixed Packaging (15 01 06),Packaging Waste,"R_12, R_13",20 01 01,Paper and Cardboard from Municipal Waste (20 01 01),Municipal Waste,R_03,0,0,0,12.38,0,0
2024,POMURSKA,19 12 01,Paper and Cardboard from Waste Treatment (19 12 01),Waste Treatment Residues,D_10,19 01 12,Bottom Ash and Slag (19 01 12),Waste Treatment Residues,undefined,0,0.154,0,0,0,0
2024,POMURSKA,19 12 01,Paper and Cardboard from Waste Treatment (19 12 01),Waste Treatment Residues,"R_12, R_13",19 12 01,Paper and Cardboard from Waste Treatment (19 12 01),Waste Treatment Residues,undefined,4.435,0,0,0,0,0
2024,POMURSKA,19 12 07,Wood Waste from Treatment (not 19 12 06) (19 12 07),Waste Treatment Residues,"R_12, R_13",19 12 07,Wood Waste from Treatment (not 19 12 06) (19 12 07),Waste Treatment Residues,R_03,0,0,0,209.487,0,0
2024,POMURSKA,20 01 01,Paper and Cardboard from Municipal Waste (20 01 01),Municipal Waste,BO,20 01 01,Paper and Cardboard from Municipal Waste (20 01 01),Municipal Waste,R_03,0,0,0,55.337,0,0
2024,POMURSKA,20 01 01,Paper and Cardboard from Municipal Waste (20 01 01),Municipal Waste,"R_12, R_13",15 01 01,Paper and Cardboard Packaging (15 01 01),Packaging Waste,R_03,0,0,0,95.86,0,0
2024,POMURSKA,20 01 01,Paper and Cardboard from Municipal Waste (20 01 01),Municipal Waste,"R_12, R_13",15 01 01,Paper and Cardboard Packaging (15 01 01),Packaging Waste,"R_12, R_13",0,0,137.241,0,0,0
2024,POMURSKA,20 01 01,Paper and Cardboard from Municipal Waste (20 01 01),Municipal Waste,"R_12, R_13",15 01 01,Paper and Cardboard Packaging (15 01 01),Packaging Waste,undefined,0,89.381,0,0,0,0
2024,POMURSKA,20 01 01,Paper and Cardboard from Municipal Waste (20 01 01),Municipal Waste,"R_12, R_13",19 12 01,Paper and Cardboard from Waste Treatment (19 12 01),Waste Treatment Residues,"R_12, R_13",0,0,24.46,0,0,0
2024,POMURSKA,20 01 01,Paper and Cardboard from Municipal Waste (20 01 01),Municipal Waste,"R_12, R_13",20 01 01,Paper and Cardboard from Municipal Waste (20 01 01),Municipal Waste,R_03,0,0,70.06,2445.51,0,0
2024,POMURSKA,20 01 01,Paper and Cardboard from Municipal Waste (20 01 01),Municipal Waste,"R_12, R_13",20 01 01,Paper and Cardboard from Municipal Waste (20 01 01),Municipal Waste,undefined,26.563,0,0,0,0,0
2024,POMURSKA,20 01 38,Non-hazardous Wood from Municipal Waste (20 01 38),Municipal Waste,BO,20 01 38,Non-hazardous Wood from Municipal Waste (20 01 38),Municipal Waste,R_12,0,0,91.18,0,0,0
2024,POMURSKA,20 01 38,Non-hazardous Wood from Municipal Waste (20 01 38),Municipal Waste,"R_12, R_13",20 01 38,Non-hazardous Wood from Municipal Waste (20 01 38),Municipal Waste,R_12,0,0,751.46,0,0,0
2024,POMURSKA,20 01 38,Non-hazardous Wood from Municipal Waste (20 01 38),Municipal Waste,"R_12, R_13",20 01 38,Non-hazardous Wood from Municipal Waste (20 01 38),Municipal Waste,"R_12, R_13",0,0,4.94,0,0,0
2024,POMURSKA,20 01 38,Non-hazardous Wood from Municipal Waste (20 01 38),Municipal Waste,"R_12, R_13",20 01 38,Non-hazardous Wood from Municipal Waste (20 01 38),Municipal Waste,undefined,370.6,0,0,0,0,0
2024,POMURSKA,20 03 01,Mixed Municipal Waste (20 03 01),Municipal Waste,"D_08,09",20 01 38,Non-hazardous Wood from Municipal Waste (20 01 38),Municipal Waste,undefined,68.46,0,0,0,0,0
2024,POMURSKA,20 03 07,Bulky Municipal Waste (20 03 07),Municipal Waste,D_01,20 03 07,Bulky Municipal Waste (20 03 07),Municipal Waste,undefined,0,0,0,0,0,992.84
2024,POMURSKA,20 03 07,Bulky Municipal Waste (20 03 07),Municipal Waste,"R_12, R_13",15 01 07,Glass Packaging (15 01 07),Packaging Waste,R_05,0,0,0,159.85,0,0
2024,POMURSKA,20 03 07,Bulky Municipal Waste (20 03 07),Municipal Waste,"R_12, R_13",16 01 03,End-of-Life Tyres (16 01 03),Miscellaneous Waste,undefined,0,42.23,0,0,0,0
2024,POMURSKA,20 03 07,Bulky Municipal Waste (20 03 07),Municipal Waste,"R_12, R_13",19 12 02,Ferrous Metals from Mechanical Treatment (19 12 02),Waste Treatment Residues,R_04,0,0,0,20.666,0,0
2024,POMURSKA,20 03 07,Bulky Municipal Waste (20 03 07),Municipal Waste,"R_12, R_13",19 12 02,Ferrous Metals from Mechanical Treatment (19 12 02),Waste Treatment Residues,undefined,225.924,0,0,0,0,0
2024,POMURSKA,20 03 07,Bulky Municipal Waste (20 03 07),Municipal Waste,"R_12, R_13",19 12 04,Plastics and Rubber from Mechanical Treatment (19 12 04),Waste Treatment Residues,undefined,274.32,0,0,0,0,0
2024,POMURSKA,20 03 07,Bulky Municipal Waste (20 03 07),Municipal Waste,"R_12, R_13",19 12 07,Wood Waste from Treatment (not 19 12 06) (19 12 07),Waste Treatment Residues,"R_12, R_13",0,0,198.66,0,0,0
2024,POMURSKA,20 03 07,Bulky Municipal Waste (20 03 07),Municipal Waste,"R_12, R_13",19 12 12,Other Mechanically Treated Waste (19 12 12),Waste Treatment Residues,R_04,0,0,0,718.06,0,0
2024,POMURSKA,20 03 07,Bulky Municipal Waste (20 03 07),Municipal Waste,"R_12, R_13",19 12 12,Other Mechanically Treated Waste (19 12 12),Waste Treatment Residues,undefined,3999.78,0,0,0,0,0
2024,POMURSKA,20 03 07,Bulky Municipal Waste (20 03 07),Municipal Waste,"R_12, R_13",20 01 01,Paper and Cardboard from Municipal Waste (20 01 01),Municipal Waste,R_03,0,0,0,69.258,0,0
2024,POMURSKA,20 03 07,Bulky Municipal Waste (20 03 07),Municipal Waste,"R_12, R_13",20 01 35*,Hazardous Waste Electrical Equipment (20 01 35*),Municipal Waste,undefined,2.36,0.723,0,0,0,0
2024,POMURSKA,20 03 07,Bulky Municipal Waste (20 03 07),Municipal Waste,"R_12, R_13",20 01 36,Non-Hazardous Waste Electrical Equipment (20 01 36),Municipal Waste,undefined,65.4,44.71,0,0,0,0
2024,POMURSKA,20 03 07,Bulky Municipal Waste (20 03 07),Municipal Waste,"R_12, R_13",20 01 38,Non-hazardous Wood from Municipal Waste (20 01 38),Municipal Waste,R_12,0,0,952.6,0,0,0
2024,POMURSKA,20 03 07,Bulky Municipal Waste (20 03 07),Municipal Waste,"R_12, R_13",20 01 38,Non-hazardous Wood from Municipal Waste (20 01 38),Municipal Waste,undefined,364.56,0,0,0,0,0
2024,POMURSKA,20 03 07,Bulky Municipal Waste (20 03 07),Municipal Waste,"R_12, R_13",20 01 40,Metals from Municipal Waste (20 01 40),Municipal Waste,"R_12, R_13",0,0,141.52,0,0,0
2024,POMURSKA,20 03 07,Bulky Municipal Waste (20 03 07),Municipal Waste,"R_12, R_13",20 01 40,Metals from Municipal Waste (20 01 40),Municipal Waste,undefined,42.56,0,0,0,0,0
2024,POMURSKA,20 03 07,Bulky Municipal Waste (20 03 07),Municipal Waste,"R_12, R_13",20 03 07,Bulky Municipal Waste (20 03 07),Municipal Waste,"R_12, R_13",0,0,80.706,0,0,0
2024,POMURSKA,20 03 07,Bulky Municipal Waste (20 03 07),Municipal Waste,"R_12, R_13",20 03 07,Bulky Municipal Waste (20 03 07),Municipal Waste,undefined,267.22,140.08,0,0,0,0
2024,POSAVSKA,03 01 05,Sawdust/Shavings/Cuttings (03 01 05),Wood/Paper Production Waste,BO,03 01 05,Sawdust/Shavings/Cuttings (03 01 05),Wood/Paper Production Waste,"R_12, R_13",0,0,12.42,0,0,0
2024,POSAVSKA,03 03 01,Bark and Wood Waste from Pulp/Paper Production (03 03 01),Wood/Paper Production Waste,BO,03 03 01,Bark and Wood Waste from Pulp/Paper Production (03 03 01),Wood/Paper Production Waste,undefined,467.939,0,0,0,0,0
2024,POSAVSKA,03 03 01,Bark and Wood Waste from Pulp/Paper Production (03 03 01),Wood/Paper Production Waste,R_01,10 01 02,NA,Thermal Process Waste,R_00,0,0,0.583,0,0,0
2024,POSAVSKA,03 03 08,Waste from Sorting of Paper and Cardboard for Recycling (03 03 08),Wood/Paper Production Waste,R_12,19 12 12,Other Mechanically Treated Waste (19 12 12),Waste Treatment Residues,R_01,0,0,19.6,0,0,0
2024,POSAVSKA,15 01 01,Paper and Cardboard Packaging (15 01 01),Packaging Waste,R_12,19 12 01,Paper and Cardboard from Waste Treatment (19 12 01),Waste Treatment Residues,R_03,0,0,1270.051,0,0,0
2024,POSAVSKA,15 01 01,Paper and Cardboard Packaging (15 01 01),Packaging Waste,"R_12, R_13",15 01 01,Paper and Cardboard Packaging (15 01 01),Packaging Waste,R_03,0,0,0,2579.984,0,0
2024,POSAVSKA,15 01 01,Paper and Cardboard Packaging (15 01 01),Packaging Waste,"R_12, R_13",15 01 01,Paper and Cardboard Packaging (15 01 01),Packaging Waste,R_12,0,0,0,87.52,0,0
2024,POSAVSKA,15 01 01,Paper and Cardboard Packaging (15 01 01),Packaging Waste,"R_12, R_13",15 01 01,Paper and Cardboard Packaging (15 01 01),Packaging Waste,"R_12, R_13",0,0,46.92,0,0,0
2024,POSAVSKA,15 01 01,Paper and Cardboard Packaging (15 01 01),Packaging Waste,"R_12, R_13",15 01 01,Paper and Cardboard Packaging (15 01 01),Packaging Waste,undefined,40,0,0,0,0,0
2024,POSAVSKA,15 01 03,Wooden Packaging (15 01 03),Packaging Waste,BO,15 01 03,Wooden Packaging (15 01 03),Packaging Waste,undefined,7,0,0,0,0,0
2024,POSAVSKA,15 01 03,Wooden Packaging (15 01 03),Packaging Waste,R_01,10 01 02,NA,Thermal Process Waste,R_00,0,0,1.06,0,0,0
2024,POSAVSKA,15 01 03,Wooden Packaging (15 01 03),Packaging Waste,"R_12, R_13",15 01 03,Wooden Packaging (15 01 03),Packaging Waste,R_03,0,0,271.98,0,0,0
2024,POSAVSKA,15 01 06,Mixed Packaging (15 01 06),Packaging Waste,"R_12, R_13",15 01 01,Paper and Cardboard Packaging (15 01 01),Packaging Waste,R_03,0,0,0,1110.431,0,0
2024,POSAVSKA,17 02 01,Construction Wood Waste (17 02 01),Construction/Demolition Waste,R_03,19 05 03,Compost Not Meeting Specifications (19 05 03),Waste Treatment Residues,R_03,0,0,30.626,0,0,0
2024,POSAVSKA,19 12 01,Paper and Cardboard from Waste Treatment (19 12 01),Waste Treatment Residues,BO,19 12 01,Paper and Cardboard from Waste Treatment (19 12 01),Waste Treatment Residues,R_03,0,0,0,54.68,0,0
2024,POSAVSKA,19 12 01,Paper and Cardboard from Waste Treatment (19 12 01),Waste Treatment Residues,BO,19 12 01,Paper and Cardboard from Waste Treatment (19 12 01),Waste Treatment Residues,undefined,3910.085,0,0,0,0,0
2024,POSAVSKA,19 12 01,Paper and Cardboard from Waste Treatment (19 12 01),Waste Treatment Residues,R_03,03 03 07,Mechanically Separated Rejects from Pulping (03 03 07),Wood/Paper Production Waste,R_12,0,0,25.626,0,0,0
2024,POSAVSKA,19 12 01,Paper and Cardboard from Waste Treatment (19 12 01),Waste Treatment Residues,R_03,03 03 07,Mechanically Separated Rejects from Pulping (03 03 07),Wood/Paper Production Waste,undefined,1030.736,0,0,0,0,0
2024,POSAVSKA,19 12 01,Paper and Cardboard from Waste Treatment (19 12 01),Waste Treatment Residues,R_03,03 03 10,Fiber Rejects and Sludge from Mechanical Separation (03 03 10),Wood/Paper Production Waste,undefined,8836.895,0,0,0,0,0
2024,POSAVSKA,19 12 01,Paper and Cardboard from Waste Treatment (19 12 01),Waste Treatment Residues,R_03,19 12 02,Ferrous Metals from Mechanical Treatment (19 12 02),Waste Treatment Residues,"R_12, R_13",0,0,35.259,0,0,0
2024,POSAVSKA,19 12 01,Paper and Cardboard from Waste Treatment (19 12 01),Waste Treatment Residues,"R_12, R_13",19 12 01,Paper and Cardboard from Waste Treatment (19 12 01),Waste Treatment Residues,"R_12, R_13",0,0,136.7,0,0,0
2024,POSAVSKA,20 01 01,Paper and Cardboard from Municipal Waste (20 01 01),Municipal Waste,BO,20 01 01,Paper and Cardboard from Municipal Waste (20 01 01),Municipal Waste,undefined,5021.105,0,0,0,0,0
2024,POSAVSKA,20 01 01,Paper and Cardboard from Municipal Waste (20 01 01),Municipal Waste,R_03,03 03 07,Mechanically Separated Rejects from Pulping (03 03 07),Wood/Paper Production Waste,R_01,0,0,131.06,0,0,0
2024,POSAVSKA,20 01 01,Paper and Cardboard from Municipal Waste (20 01 01),Municipal Waste,R_03,03 03 07,Mechanically Separated Rejects from Pulping (03 03 07),Wood/Paper Production Waste,R_12,0,0,34.357,0,0,0
2024,POSAVSKA,20 01 01,Paper and Cardboard from Municipal Waste (20 01 01),Municipal Waste,R_03,03 03 07,Mechanically Separated Rejects from Pulping (03 03 07),Wood/Paper Production Waste,undefined,1250.867,0,0,0,0,0
2024,POSAVSKA,20 01 01,Paper and Cardboard from Municipal Waste (20 01 01),Municipal Waste,R_03,03 03 10,Fiber Rejects and Sludge from Mechanical Separation (03 03 10),Wood/Paper Production Waste,D_09,0,0,79.46,0,0,0
2024,POSAVSKA,20 01 01,Paper and Cardboard from Municipal Waste (20 01 01),Municipal Waste,R_03,03 03 10,Fiber Rejects and Sludge from Mechanical Separation (03 03 10),Wood/Paper Production Waste,R_01,0,0,6046.05,0,0,0
2024,POSAVSKA,20 01 01,Paper and Cardboard from Municipal Waste (20 01 01),Municipal Waste,R_03,03 03 10,Fiber Rejects and Sludge from Mechanical Separation (03 03 10),Wood/Paper Production Waste,undefined,5722.288,0,0,0,0,0
2024,POSAVSKA,20 01 01,Paper and Cardboard from Municipal Waste (20 01 01),Municipal Waste,R_03,19 12 02,Ferrous Metals from Mechanical Treatment (19 12 02),Waste Treatment Residues,"R_12, R_13",0,0,47.273,0,0,0
2024,POSAVSKA,20 01 01,Paper and Cardboard from Municipal Waste (20 01 01),Municipal Waste,"R_12, R_13",15 01 01,Paper and Cardboard Packaging (15 01 01),Packaging Waste,R_03,0,0,0,5048.315,0,0
2024,POSAVSKA,20 01 01,Paper and Cardboard from Municipal Waste (20 01 01),Municipal Waste,"R_12, R_13",15 01 01,Paper and Cardboard Packaging (15 01 01),Packaging Waste,R_12,0,0,18.514,0,0,0
2024,POSAVSKA,20 01 01,Paper and Cardboard from Municipal Waste (20 01 01),Municipal Waste,"R_12, R_13",19 12 01,Paper and Cardboard from Waste Treatment (19 12 01),Waste Treatment Residues,R_03,0,0,1387.845,0,0,0
2024,POSAVSKA,20 01 01,Paper and Cardboard from Municipal Waste (20 01 01),Municipal Waste,"R_12, R_13",20 01 01,Paper and Cardboard from Municipal Waste (20 01 01),Municipal Waste,R_03,0,0,22.82,68.08,0,0
2024,POSAVSKA,20 01 01,Paper and Cardboard from Municipal Waste (20 01 01),Municipal Waste,"R_12, R_13",20 01 01,Paper and Cardboard from Municipal Waste (20 01 01),Municipal Waste,"R_12, R_13",0,0,44.28,0,0,0
2024,POSAVSKA,20 01 38,Non-hazardous Wood from Municipal Waste (20 01 38),Municipal Waste,R_01,10 01 02,NA,Thermal Process Waste,R_00,0,0,2.067,0,0,0
2024,POSAVSKA,20 01 38,Non-hazardous Wood from Municipal Waste (20 01 38),Municipal Waste,R_12,19 12 07,Wood Waste from Treatment (not 19 12 06) (19 12 07),Waste Treatment Residues,R_01,0,0,0,93.84,0,0
2024,POSAVSKA,20 03 01,Mixed Municipal Waste (20 03 01),Municipal Waste,D_08,19 12 01,Paper and Cardboard from Waste Treatment (19 12 01),Waste Treatment Residues,R_03,0,0,0,205.58,0,0
2024,POSAVSKA,20 03 07,Bulky Municipal Waste (20 03 07),Municipal Waste,R_12,19 12 12,Other Mechanically Treated Waste (19 12 12),Waste Treatment Residues,R_01,0,0,342.03,0,0,0
2024,POSAVSKA,20 03 07,Bulky Municipal Waste (20 03 07),Municipal Waste,R_12,20 03 07,Bulky Municipal Waste (20 03 07),Municipal Waste,D_01,0,0,5489.03,0,0,0
2024,PRIMORSKO-NOTRANJSKA,15 01 01,Paper and Cardboard Packaging (15 01 01),Packaging Waste,"R_12, R_13",15 01 01,Paper and Cardboard Packaging (15 01 01),Packaging Waste,"R_12, R_13",0,0,110.8,0,0,0
2024,PRIMORSKO-NOTRANJSKA,15 01 01,Paper and Cardboard Packaging (15 01 01),Packaging Waste,"R_12, R_13",15 01 01,Paper and Cardboard Packaging (15 01 01),Packaging Waste,undefined,11.435,0,0,0,0,0
2024,PRIMORSKO-NOTRANJSKA,15 01 03,Wooden Packaging (15 01 03),Packaging Waste,BO,15 01 03,Wooden Packaging (15 01 03),Packaging Waste,"R_12, R_13",0,0,0,12.58,0,0
2024,PRIMORSKO-NOTRANJSKA,15 01 03,Wooden Packaging (15 01 03),Packaging Waste,"R_12, R_13",15 01 03,Wooden Packaging (15 01 03),Packaging Waste,undefined,12.828,0,0,0,0,0
2024,SAVINJSKA,03 01 05,Sawdust/Shavings/Cuttings (03 01 05),Wood/Paper Production Waste,D_01,03 01 05,Sawdust/Shavings/Cuttings (03 01 05),Wood/Paper Production Waste,undefined,0,0,0,0,0,0.26
2024,SAVINJSKA,03 01 05,Sawdust/Shavings/Cuttings (03 01 05),Wood/Paper Production Waste,R_01,10 01 01,"Ash, slag and boiler dust (excluding boiler dust listed under 10 01 04) (10 01 01)",Thermal Process Waste,undefined,0.03,0,0,0,0,0
2024,SAVINJSKA,03 01 05,Sawdust/Shavings/Cuttings (03 01 05),Wood/Paper Production Waste,"R_12, R_13",15 01 03,Wooden Packaging (15 01 03),Packaging Waste,R_03,0,0,0,167.29,0,0
2024,SAVINJSKA,03 03 01,Bark and Wood Waste from Pulp/Paper Production (03 03 01),Wood/Paper Production Waste,"R_12, R_13",15 01 03,Wooden Packaging (15 01 03),Packaging Waste,R_03,0,0,0,40.22,0,0
2024,SAVINJSKA,03 03 07,Mechanically Separated Rejects from Pulping (03 03 07),Wood/Paper Production Waste,"R_12, R_13",19 12 01,Paper and Cardboard from Waste Treatment (19 12 01),Waste Treatment Residues,undefined,9.298,0,0,0,0,0
2024,SAVINJSKA,03 03 08,Waste from Sorting of Paper and Cardboard for Recycling (03 03 08),Wood/Paper Production Waste,"R_12, R_13",15 01 01,Paper and Cardboard Packaging (15 01 01),Packaging Waste,R_03,0,0,0,1587.259,0,0
2024,SAVINJSKA,03 03 99,Other Unspecified Paper Waste (03 03 99),Wood/Paper Production Waste,"R_12, R_13",15 01 01,Paper and Cardboard Packaging (15 01 01),Packaging Waste,R_03,0,0,0,770.971,0,0
2024,SAVINJSKA,03 03 99,Other Unspecified Paper Waste (03 03 99),Wood/Paper Production Waste,"R_12, R_13",19 12 01,Paper and Cardboard from Waste Treatment (19 12 01),Waste Treatment Residues,undefined,233.087,0,0,0,0,0
2024,SAVINJSKA,15 01 01,Paper and Cardboard Packaging (15 01 01),Packaging Waste,BO,15 01 01,Paper and Cardboard Packaging (15 01 01),Packaging Waste,"R_12, R_13",0,0,15.97,0,0,0
2024,SAVINJSKA,15 01 01,Paper and Cardboard Packaging (15 01 01),Packaging Waste,BO,15 01 01,Paper and Cardboard Packaging (15 01 01),Packaging Waste,undefined,0.09,9.92,0,0,0,0
2024,SAVINJSKA,15 01 01,Paper and Cardboard Packaging (15 01 01),Packaging Waste,"R_12, R_13",15 01 01,Paper and Cardboard Packaging (15 01 01),Packaging Waste,R_03,0,0,0,15170.571,1183.1,0
2024,SAVINJSKA,15 01 01,Paper and Cardboard Packaging (15 01 01),Packaging Waste,"R_12, R_13",15 01 01,Paper and Cardboard Packaging (15 01 01),Packaging Waste,R_04,0,0,0,354.95,0,0
2024,SAVINJSKA,15 01 01,Paper and Cardboard Packaging (15 01 01),Packaging Waste,"R_12, R_13",15 01 01,Paper and Cardboard Packaging (15 01 01),Packaging Waste,"R_12, R_13",0,0,249.55,0,0,0
2024,SAVINJSKA,15 01 01,Paper and Cardboard Packaging (15 01 01),Packaging Waste,"R_12, R_13",15 01 01,Paper and Cardboard Packaging (15 01 01),Packaging Waste,undefined,118.762,611.885,0,0,0,0
2024,SAVINJSKA,15 01 01,Paper and Cardboard Packaging (15 01 01),Packaging Waste,"R_12, R_13",19 12 12,Other Mechanically Treated Waste (19 12 12),Waste Treatment Residues,D_13,0,0,407.236,0,0,0
2024,SAVINJSKA,15 01 03,Wooden Packaging (15 01 03),Packaging Waste,BO,15 01 03,Wooden Packaging (15 01 03),Packaging Waste,undefined,20.68,0,0,0,0,0
2024,SAVINJSKA,15 01 03,Wooden Packaging (15 01 03),Packaging Waste,R_01,10 01 01,"Ash, slag and boiler dust (excluding boiler dust listed under 10 01 04) (10 01 01)",Thermal Process Waste,undefined,12.225,0,0,0,0,0
2024,SAVINJSKA,15 01 03,Wooden Packaging (15 01 03),Packaging Waste,"R_12, R_13",15 01 03,Wooden Packaging (15 01 03),Packaging Waste,R_01,0,0,669.54,0,0,0
2024,SAVINJSKA,15 01 03,Wooden Packaging (15 01 03),Packaging Waste,"R_12, R_13",15 01 03,Wooden Packaging (15 01 03),Packaging Waste,R_03,0,0,3259.742,3418.214,0,0
2024,SAVINJSKA,15 01 03,Wooden Packaging (15 01 03),Packaging Waste,"R_12, R_13",15 01 03,Wooden Packaging (15 01 03),Packaging Waste,undefined,106.194,0,0,0,0,0
2024,SAVINJSKA,15 01 03,Wooden Packaging (15 01 03),Packaging Waste,"R_12, R_13",19 12 12,Other Mechanically Treated Waste (19 12 12),Waste Treatment Residues,D_13,0,0,7.746,0,0,0
2024,SAVINJSKA,17 02 01,Construction Wood Waste (17 02 01),Construction/Demolition Waste,D_01,17 02 01,Construction Wood Waste (17 02 01),Construction/Demolition Waste,undefined,0,0,0,0,0,7.116
2024,SAVINJSKA,17 02 01,Construction Wood Waste (17 02 01),Construction/Demolition Waste,R_12,17 02 01,Construction Wood Waste (17 02 01),Construction/Demolition Waste,undefined,7.88,0,0,0,0,0
2024,SAVINJSKA,17 02 01,Construction Wood Waste (17 02 01),Construction/Demolition Waste,R_12,19 12 07,Wood Waste from Treatment (not 19 12 06) (19 12 07),Waste Treatment Residues,R_03,0,0,49.6,0,0,0
2024,SAVINJSKA,17 02 01,Construction Wood Waste (17 02 01),Construction/Demolition Waste,"R_12, R_13",15 01 03,Wooden Packaging (15 01 03),Packaging Waste,R_03,0,0,0,113.133,0,0
2024,SAVINJSKA,17 02 01,Construction Wood Waste (17 02 01),Construction/Demolition Waste,"R_12, R_13",19 12 07,Wood Waste from Treatment (not 19 12 06) (19 12 07),Waste Treatment Residues,R_03,0,0,0,394.369,0,0
2024,SAVINJSKA,19 12 01,Paper and Cardboard from Waste Treatment (19 12 01),Waste Treatment Residues,BO,19 12 01,Paper and Cardboard from Waste Treatment (19 12 01),Waste Treatment Residues,undefined,4.2,0,0,0,0,0
2024,SAVINJSKA,19 12 01,Paper and Cardboard from Waste Treatment (19 12 01),Waste Treatment Residues,R_03,19 12 04,Plastics and Rubber from Mechanical Treatment (19 12 04),Waste Treatment Residues,R_12,0,0,1.478,0,0,0
2024,SAVINJSKA,19 12 01,Paper and Cardboard from Waste Treatment (19 12 01),Waste Treatment Residues,"R_12, R_13",19 12 01,Paper and Cardboard from Waste Treatment (19 12 01),Waste Treatment Residues,R_03,0,0,372.24,184.04,0,0
2024,SAVINJSKA,19 12 01,Paper and Cardboard from Waste Treatment (19 12 01),Waste Treatment Residues,"R_12, R_13",19 12 01,Paper and Cardboard from Waste Treatment (19 12 01),Waste Treatment Residues,undefined,47.827,0,0,0,0,0
2024,SAVINJSKA,19 12 07,Wood Waste from Treatment (not 19 12 06) (19 12 07),Waste Treatment Residues,"R_12, R_13",19 12 07,Wood Waste from Treatment (not 19 12 06) (19 12 07),Waste Treatment Residues,R_03,0,0,0,113.511,0,0
2024,SAVINJSKA,19 12 07,Wood Waste from Treatment (not 19 12 06) (19 12 07),Waste Treatment Residues,"R_12, R_13",19 12 07,Wood Waste from Treatment (not 19 12 06) (19 12 07),Waste Treatment Residues,undefined,35.9,0,0,0,0,0
2024,SAVINJSKA,20 01 01,Paper and Cardboard from Municipal Waste (20 01 01),Municipal Waste,"R_12, R_13",15 01 01,Paper and Cardboard Packaging (15 01 01),Packaging Waste,R_03,0,0,0,7013.277,0,0
2024,SAVINJSKA,20 01 01,Paper and Cardboard from Municipal Waste (20 01 01),Municipal Waste,"R_12, R_13",19 12 01,Paper and Cardboard from Waste Treatment (19 12 01),Waste Treatment Residues,R_03,0,0,390.58,0,69.96,0
2024,SAVINJSKA,20 01 01,Paper and Cardboard from Municipal Waste (20 01 01),Municipal Waste,"R_12, R_13",19 12 12,Other Mechanically Treated Waste (19 12 12),Waste Treatment Residues,R_12,0,0,370.972,0,0,0
2024,SAVINJSKA,20 01 01,Paper and Cardboard from Municipal Waste (20 01 01),Municipal Waste,"R_12, R_13",20 01 01,Paper and Cardboard from Municipal Waste (20 01 01),Municipal Waste,R_03,0,0,463.582,3097.22,0,0
2024,SAVINJSKA,20 01 01,Paper and Cardboard from Municipal Waste (20 01 01),Municipal Waste,"R_12, R_13",20 01 01,Paper and Cardboard from Municipal Waste (20 01 01),Municipal Waste,undefined,248.654,0,0,0,0,0
2024,SAVINJSKA,20 01 38,Non-hazardous Wood from Municipal Waste (20 01 38),Municipal Waste,R_01,10 01 01,"Ash, slag and boiler dust (excluding boiler dust listed under 10 01 04) (10 01 01)",Thermal Process Waste,undefined,8.275,0,0,0,0,0
2024,SAVINJSKA,20 01 38,Non-hazardous Wood from Municipal Waste (20 01 38),Municipal Waste,R_0302,19 05 03,Compost Not Meeting Specifications (19 05 03),Waste Treatment Residues,undefined,29.59,0,0,0,0,0
2024,SAVINJSKA,20 01 38,Non-hazardous Wood from Municipal Waste (20 01 38),Municipal Waste,"R_12, R_13",15 01 03,Wooden Packaging (15 01 03),Packaging Waste,R_03,0,0,0,119.083,0,0
2024,SAVINJSKA,20 03 07,Bulky Municipal Waste (20 03 07),Municipal Waste,BO,20 03 07,Bulky Municipal Waste (20 03 07),Municipal Waste,undefined,122.18,0,0,0,0,0
2024,SAVINJSKA,20 03 07,Bulky Municipal Waste (20 03 07),Municipal Waste,R_0302,19 05 03,Compost Not Meeting Specifications (19 05 03),Waste Treatment Residues,undefined,5.47,0,0,0,0,0
2024,SAVINJSKA,20 03 07,Bulky Municipal Waste (20 03 07),Municipal Waste,R_12,19 12 02,Ferrous Metals from Mechanical Treatment (19 12 02),Waste Treatment Residues,undefined,0,47.16,0,0,0,0
2024,SAVINJSKA,20 03 07,Bulky Municipal Waste (20 03 07),Municipal Waste,R_12,19 12 07,Wood Waste from Treatment (not 19 12 06) (19 12 07),Waste Treatment Residues,R_03,0,0,1792.4,0,0,0
2024,SAVINJSKA,20 03 07,Bulky Municipal Waste (20 03 07),Municipal Waste,R_12,19 12 12,Other Mechanically Treated Waste (19 12 12),Waste Treatment Residues,D_01,0,0,30832.03,0,0,0
2024,SAVINJSKA,20 03 07,Bulky Municipal Waste (20 03 07),Municipal Waste,R_12,20 01 23*,Discarded Equipment Containing CFCs (20 01 23*),Municipal Waste,undefined,0,30.38,0,0,0,0
2024,SAVINJSKA,20 03 07,Bulky Municipal Waste (20 03 07),Municipal Waste,R_12,20 01 36,Non-Hazardous Waste Electrical Equipment (20 01 36),Municipal Waste,undefined,0,66.58,0,0,0,0
2024,SAVINJSKA,20 03 07,Bulky Municipal Waste (20 03 07),Municipal Waste,"R_12, R_13",20 03 07,Bulky Municipal Waste (20 03 07),Municipal Waste,"R_12, R_13",0,0,125.439,0,0,0
2024,SAVINJSKA,20 03 07,Bulky Municipal Waste (20 03 07),Municipal Waste,R_13,20 03 07,Bulky Municipal Waste (20 03 07),Municipal Waste,undefined,0,40.94,0,0,0,0
2024,ZASAVSKA,15 01 01,Paper and Cardboard Packaging (15 01 01),Packaging Waste,BO,15 01 01,Paper and Cardboard Packaging (15 01 01),Packaging Waste,R_03,0,0,4.965,0,0,0
2024,ZASAVSKA,15 01 01,Paper and Cardboard Packaging (15 01 01),Packaging Waste,BO,15 01 01,Paper and Cardboard Packaging (15 01 01),Packaging Waste,undefined,29.84,0,0,0,0,0
2024,ZASAVSKA,15 01 06,Mixed Packaging (15 01 06),Packaging Waste,"R_12, R_13",15 01 01,Paper and Cardboard Packaging (15 01 01),Packaging Waste,R_03,0,0,152.075,0,0,0
2024,ZASAVSKA,17 02 01,Construction Wood Waste (17 02 01),Construction/Demolition Waste,BO,17 02 01,Construction Wood Waste (17 02 01),Construction/Demolition Waste,undefined,11.58,0,0,0,0,0
2024,ZASAVSKA,20 01 38,Non-hazardous Wood from Municipal Waste (20 01 38),Municipal Waste,"R_12, R_13",20 01 38,Non-hazardous Wood from Municipal Waste (20 01 38),Municipal Waste,undefined,349.8,0,0,0,0,0
2024,ZASAVSKA,20 03 01,Mixed Municipal Waste (20 03 01),Municipal Waste,D_08,19 12 01,Paper and Cardboard from Waste Treatment (19 12 01),Waste Treatment Residues,"R_12, R_13",0,0,55.42,0,0,0
2024,ZASAVSKA,20 03 07,Bulky Municipal Waste (20 03 07),Municipal Waste,"R_12, R_13",16 01 03,End-of-Life Tyres (16 01 03),Miscellaneous Waste,undefined,0,7.36,0,0,0,0
2024,ZASAVSKA,20 03 07,Bulky Municipal Waste (20 03 07),Municipal Waste,"R_12, R_13",17 06 04,Other Insulation Materials (17 06 04),Construction/Demolition Waste,D_01,0,0,3.2,0,0,0
2024,ZASAVSKA,20 03 07,Bulky Municipal Waste (20 03 07),Municipal Waste,"R_12, R_13",17 08 02,Gypsum-Based Construction Materials (17 08 02),Construction/Demolition Waste,R_05,0,0,1.48,0,0,0
2024,ZASAVSKA,20 03 07,Bulky Municipal Waste (20 03 07),Municipal Waste,"R_12, R_13",19 12 01,Paper and Cardboard from Waste Treatment (19 12 01),Waste Treatment Residues,"R_12, R_13",0,0,43.56,0,0,0
2024,ZASAVSKA,20 03 07,Bulky Municipal Waste (20 03 07),Municipal Waste,"R_12, R_13",19 12 02,Ferrous Metals from Mechanical Treatment (19 12 02),Waste Treatment Residues,"R_12, R_13",0,0,18.08,0,0,0
2024,ZASAVSKA,20 03 07,Bulky Municipal Waste (20 03 07),Municipal Waste,"R_12, R_13",19 12 04,Plastics and Rubber from Mechanical Treatment (19 12 04),Waste Treatment Residues,"R_12, R_13",0,0,10.63,0,0,0
2024,ZASAVSKA,20 03 07,Bulky Municipal Waste (20 03 07),Municipal Waste,"R_12, R_13",19 12 07,Wood Waste from Treatment (not 19 12 06) (19 12 07),Waste Treatment Residues,"R_12, R_13",0,0,188.32,0,0,0
2024,ZASAVSKA,20 03 07,Bulky Municipal Waste (20 03 07),Municipal Waste,"R_12, R_13",19 12 09,Minerals from Mechanical Treatment (19 12 09),Waste Treatment Residues,D_01,0,0,198.12,0,0,0
2024,ZASAVSKA,20 03 07,Bulky Municipal Waste (20 03 07),Municipal Waste,"R_12, R_13",19 12 12,Other Mechanically Treated Waste (19 12 12),Waste Treatment Residues,R_01,0,0,157.96,0,0,0
2024,ZASAVSKA,20 03 07,Bulky Municipal Waste (20 03 07),Municipal Waste,"R_12, R_13",20 01 23*,Discarded Equipment Containing CFCs (20 01 23*),Municipal Waste,undefined,0,6.22,0,0,0,0
2024,ZASAVSKA,20 03 07,Bulky Municipal Waste (20 03 07),Municipal Waste,"R_12, R_13",20 01 35*,Hazardous Waste Electrical Equipment (20 01 35*),Municipal Waste,undefined,0,0.83,0,0,0,0
2024,ZASAVSKA,20 03 07,Bulky Municipal Waste (20 03 07),Municipal Waste,"R_12, R_13",20 01 36,Non-Hazardous Waste Electrical Equipment (20 01 36),Municipal Waste,undefined,0,9.41,0,0,0,0
