year,statistical_region,treatment_inlet_delivered_waste_code,input_waste_name,waste_category,treatment_outlet_delivered_waste_code,output_waste_name,waste_category_1,waste_handed_to_collectors_RS,waste_delivered_to_operators_RS,waste_sent_to_EU,waste_sent_to_non_EU
2020,JUGOVZHODNA SLOVENIJA,20 03 07,Bulky Municipal Waste (20 03 07),Municipal Waste,15 01 01,Paper and Cardboard Packaging (15 01 01),Packaging Waste,17.6,0,0,0
2020,JUGOVZHODNA SLOVENIJA,20 03 07,Bulky Municipal Waste (20 03 07),Municipal Waste,15 01 03,Wooden Packaging (15 01 03),Packaging Waste,83.51,0,0,0
2020,JUGOVZHODNA SLOVENIJA,20 03 07,Bulky Municipal Waste (20 03 07),Municipal Waste,15 01 06,Mixed Packaging (15 01 06),Packaging Waste,1.5,0,0,0
2020,JUGOVZHODNA SLOVENIJA,20 03 07,Bulky Municipal Waste (20 03 07),Municipal Waste,16 01 03,End-of-Life Tyres (16 01 03),Miscellaneous Waste,44.97,0,0,0
2020,JUGOVZHODNA SLOVENIJA,20 03 07,Bulky Municipal Waste (20 03 07),Municipal Waste,20 01 01,Paper and Cardboard from Municipal Waste (20 01 01),Municipal Waste,0.88,0,0,0
2020,JUGOVZHODNA SLOVENIJA,20 03 07,Bulky Municipal Waste (20 03 07),Municipal Waste,20 01 02,Glass from Municipal Waste (20 01 02),Municipal Waste,21.91,0,0,0
2020,JUGOVZHODNA SLOVENIJA,20 03 07,Bulky Municipal Waste (20 03 07),Municipal Waste,20 01 23*,Discarded Equipment Containing CFCs (20 01 23*),Municipal Waste,8.41,0,0,0
2020,JUGOVZHODNA SLOVENIJA,20 03 07,Bulky Municipal Waste (20 03 07),Municipal Waste,20 01 35*,Hazardous Waste Electrical Equipment (20 01 35*),Municipal Waste,3.87,0,0,0
2020,JUGOVZHODNA SLOVENIJA,20 03 07,Bulky Municipal Waste (20 03 07),Municipal Waste,20 01 36,Non-Hazardous Waste Electrical Equipment (20 01 36),Municipal Waste,34.57,0,0,0
2020,JUGOVZHODNA SLOVENIJA,20 03 07,Bulky Municipal Waste (20 03 07),Municipal Waste,20 01 38,Non-hazardous Wood from Municipal Waste (20 01 38),Municipal Waste,0,160.28,0,0
2020,JUGOVZHODNA SLOVENIJA,20 03 07,Bulky Municipal Waste (20 03 07),Municipal Waste,20 01 40,Metals from Municipal Waste (20 01 40),Municipal Waste,0.44,24.302,0,0
2020,KOROŠKA,03 01 05,Sawdust/Shavings/Cuttings (03 01 05),Wood/Paper Production Waste,10 01 01,"Ash, slag and boiler dust (excluding boiler dust listed under 10 01 04) (10 01 01)",Thermal Process Waste,0,6.7,0,0
2020,KOROŠKA,20 03 07,Bulky Municipal Waste (20 03 07),Municipal Waste,20 01 38,Non-hazardous Wood from Municipal Waste (20 01 38),Municipal Waste,0,1132.16,0,0
2020,KOROŠKA,20 03 07,Bulky Municipal Waste (20 03 07),Municipal Waste,20 01 40,Metals from Municipal Waste (20 01 40),Municipal Waste,88.4,0,0,0
2020,OSREDNJESLOVENSKA,15 01 03,Wooden Packaging (15 01 03),Packaging Waste,15 01 03,Wooden Packaging (15 01 03),Packaging Waste,0,2.36,0,0
2020,OSREDNJESLOVENSKA,20 01 01,Paper and Cardboard from Municipal Waste (20 01 01),Municipal Waste,19 02 04*,Mixed Waste Containing Hazardous Substances (19 02 04*),Waste Treatment Residues,0,0,0.273,0
2020,OSREDNJESLOVENSKA,20 01 38,Non-hazardous Wood from Municipal Waste (20 01 38),Municipal Waste,19 12 07,Wood Waste from Treatment (not 19 12 06) (19 12 07),Waste Treatment Residues,0,6287.66,0,0
2020,OSREDNJESLOVENSKA,20 01 38,Non-hazardous Wood from Municipal Waste (20 01 38),Municipal Waste,20 01 38,Non-hazardous Wood from Municipal Waste (20 01 38),Municipal Waste,0,1292.56,0,0
2020,OSREDNJESLOVENSKA,20 03 07,Bulky Municipal Waste (20 03 07),Municipal Waste,19 12 02,Ferrous Metals from Mechanical Treatment (19 12 02),Waste Treatment Residues,1.55,727.091,0,0
2020,OSREDNJESLOVENSKA,20 03 07,Bulky Municipal Waste (20 03 07),Municipal Waste,19 12 03,Non-Ferrous Metals from Mechanical Treatment (19 12 03),Waste Treatment Residues,0,167.357,0,0
2020,OSREDNJESLOVENSKA,20 03 07,Bulky Municipal Waste (20 03 07),Municipal Waste,19 12 04,Plastics and Rubber from Mechanical Treatment (19 12 04),Waste Treatment Residues,1.82,20.576,0,0
2020,OSREDNJESLOVENSKA,20 03 07,Bulky Municipal Waste (20 03 07),Municipal Waste,19 12 07,Wood Waste from Treatment (not 19 12 06) (19 12 07),Waste Treatment Residues,2.24,0,0,0
2020,OSREDNJESLOVENSKA,20 03 07,Bulky Municipal Waste (20 03 07),Municipal Waste,19 12 12,Other Mechanically Treated Waste (19 12 12),Waste Treatment Residues,2.68,12763.531,1943.434,0
2020,OSREDNJESLOVENSKA,20 03 07,Bulky Municipal Waste (20 03 07),Municipal Waste,20 01 38,Non-hazardous Wood from Municipal Waste (20 01 38),Municipal Waste,0,89.83,0,0
2020,OSREDNJESLOVENSKA,20 03 07,Bulky Municipal Waste (20 03 07),Municipal Waste,20 01 39,Plastics from Municipal Waste (20 01 39),Municipal Waste,0,1.05,0,0
2020,OSREDNJESLOVENSKA,20 03 07,Bulky Municipal Waste (20 03 07),Municipal Waste,20 01 40,Metals from Municipal Waste (20 01 40),Municipal Waste,0,38.12,0,0
2020,PODRAVSKA,20 01 01,Paper and Cardboard from Municipal Waste (20 01 01),Municipal Waste,03 03 05,Sludges from On-site Wastewater Treatment (03 03 05),Wood/Paper Production Waste,0,6.405,0,0
2020,PODRAVSKA,20 01 01,Paper and Cardboard from Municipal Waste (20 01 01),Municipal Waste,15 01 01,Paper and Cardboard Packaging (15 01 01),Packaging Waste,0,16.003,0,0
2020,PODRAVSKA,20 03 07,Bulky Municipal Waste (20 03 07),Municipal Waste,19 12 12,Other Mechanically Treated Waste (19 12 12),Waste Treatment Residues,378.65,0,0,0
2020,PODRAVSKA,20 03 07,Bulky Municipal Waste (20 03 07),Municipal Waste,20 01 36,Non-Hazardous Waste Electrical Equipment (20 01 36),Municipal Waste,0,22.345,0,0
2020,PODRAVSKA,20 03 07,Bulky Municipal Waste (20 03 07),Municipal Waste,20 01 40,Metals from Municipal Waste (20 01 40),Municipal Waste,0,40.833,0,0
2020,POSAVSKA,20 01 01,Paper and Cardboard from Municipal Waste (20 01 01),Municipal Waste,03 03 07,Mechanically Separated Rejects from Pulping (03 03 07),Wood/Paper Production Waste,0,2998.55,0,0
2020,POSAVSKA,20 01 01,Paper and Cardboard from Municipal Waste (20 01 01),Municipal Waste,03 03 10,Fiber Rejects and Sludge from Mechanical Separation (03 03 10),Wood/Paper Production Waste,0,43898.828,0,0
2020,POSAVSKA,20 01 01,Paper and Cardboard from Municipal Waste (20 01 01),Municipal Waste,19 12 01,Paper and Cardboard from Waste Treatment (19 12 01),Waste Treatment Residues,0,48.86,7536.131,0
2020,POSAVSKA,20 01 01,Paper and Cardboard from Municipal Waste (20 01 01),Municipal Waste,19 12 02,Ferrous Metals from Mechanical Treatment (19 12 02),Waste Treatment Residues,0,130.6,0,0
2020,POSAVSKA,20 01 01,Paper and Cardboard from Municipal Waste (20 01 01),Municipal Waste,19 12 04,Plastics and Rubber from Mechanical Treatment (19 12 04),Waste Treatment Residues,0,9.88,0,0
2020,POSAVSKA,20 01 01,Paper and Cardboard from Municipal Waste (20 01 01),Municipal Waste,20 01 39,Plastics from Municipal Waste (20 01 39),Municipal Waste,0,328.34,0,0
2021,GORENJSKA,03 01 05,Sawdust/Shavings/Cuttings (03 01 05),Wood/Paper Production Waste,03 01 05,Sawdust/Shavings/Cuttings (03 01 05),Wood/Paper Production Waste,0,0,276.647,0
2021,GORENJSKA,15 01 01,Paper and Cardboard Packaging (15 01 01),Packaging Waste,15 01 01,Paper and Cardboard Packaging (15 01 01),Packaging Waste,0,3101.363,0,0
2021,GORENJSKA,15 01 01,Paper and Cardboard Packaging (15 01 01),Packaging Waste,19 12 01,Paper and Cardboard from Waste Treatment (19 12 01),Waste Treatment Residues,0,48.45,0,0
2021,GORENJSKA,15 01 03,Wooden Packaging (15 01 03),Packaging Waste,15 01 03,Wooden Packaging (15 01 03),Packaging Waste,0,1700.78,4558.987,0
2021,GORENJSKA,17 02 01,Construction Wood Waste (17 02 01),Construction/Demolition Waste,17 02 01,Construction Wood Waste (17 02 01),Construction/Demolition Waste,0,10.92,671.57,0
2021,GORENJSKA,19 12 01,Paper and Cardboard from Waste Treatment (19 12 01),Waste Treatment Residues,20 01 01,Paper and Cardboard from Municipal Waste (20 01 01),Municipal Waste,90.57,223.69,0,0
2021,GORENJSKA,19 12 07,Wood Waste from Treatment (not 19 12 06) (19 12 07),Waste Treatment Residues,19 12 07,Wood Waste from Treatment (not 19 12 06) (19 12 07),Waste Treatment Residues,0,0,295.838,0
2021,GORENJSKA,20 01 01,Paper and Cardboard from Municipal Waste (20 01 01),Municipal Waste,19 12 01,Paper and Cardboard from Waste Treatment (19 12 01),Waste Treatment Residues,0,0,1094.51,0
2021,GORENJSKA,20 01 01,Paper and Cardboard from Municipal Waste (20 01 01),Municipal Waste,20 01 01,Paper and Cardboard from Municipal Waste (20 01 01),Municipal Waste,0,860.121,420.32,0
2021,GORENJSKA,20 01 38,Non-hazardous Wood from Municipal Waste (20 01 38),Municipal Waste,15 01 03,Wooden Packaging (15 01 03),Packaging Waste,0,56.42,0,0
2021,GORENJSKA,20 01 38,Non-hazardous Wood from Municipal Waste (20 01 38),Municipal Waste,20 01 38,Non-hazardous Wood from Municipal Waste (20 01 38),Municipal Waste,0,606.87,2574.74,0
2021,GORENJSKA,20 03 07,Bulky Municipal Waste (20 03 07),Municipal Waste,15 01 01,Paper and Cardboard Packaging (15 01 01),Packaging Waste,3.528,0,0,0
2021,GORENJSKA,20 03 07,Bulky Municipal Waste (20 03 07),Municipal Waste,19 12 01,Paper and Cardboard from Waste Treatment (19 12 01),Waste Treatment Residues,4.374,0,0,0
2021,GORENJSKA,20 03 07,Bulky Municipal Waste (20 03 07),Municipal Waste,20 01 38,Non-hazardous Wood from Municipal Waste (20 01 38),Municipal Waste,326.46,0,0,0
2021,GORENJSKA,20 03 07,Bulky Municipal Waste (20 03 07),Municipal Waste,20 01 40,Metals from Municipal Waste (20 01 40),Municipal Waste,6.807,0,0,0
2021,GORENJSKA,20 03 07,Bulky Municipal Waste (20 03 07),Municipal Waste,20 03 07,Bulky Municipal Waste (20 03 07),Municipal Waste,0,1.86,0,0
2021,GORIŠKA,15 01 01,Paper and Cardboard Packaging (15 01 01),Packaging Waste,15 01 01,Paper and Cardboard Packaging (15 01 01),Packaging Waste,45.65,1029.126,0,0
2021,GORIŠKA,15 01 03,Wooden Packaging (15 01 03),Packaging Waste,15 01 03,Wooden Packaging (15 01 03),Packaging Waste,0,353.11,12.18,0
2021,GORIŠKA,19 12 01,Paper and Cardboard from Waste Treatment (19 12 01),Waste Treatment Residues,19 12 01,Paper and Cardboard from Waste Treatment (19 12 01),Waste Treatment Residues,4.79,3.321,21.769,0
2021,GORIŠKA,20 01 01,Paper and Cardboard from Municipal Waste (20 01 01),Municipal Waste,19 12 01,Paper and Cardboard from Waste Treatment (19 12 01),Waste Treatment Residues,0,42.56,1.391,0
2021,GORIŠKA,20 01 01,Paper and Cardboard from Municipal Waste (20 01 01),Municipal Waste,20 01 01,Paper and Cardboard from Municipal Waste (20 01 01),Municipal Waste,88.707,1452.223,0,0
2021,JUGOVZHODNA SLOVENIJA,03 01 05,Sawdust/Shavings/Cuttings (03 01 05),Wood/Paper Production Waste,03 01 05,Sawdust/Shavings/Cuttings (03 01 05),Wood/Paper Production Waste,4677.46,0,0,0
2021,JUGOVZHODNA SLOVENIJA,15 01 01,Paper and Cardboard Packaging (15 01 01),Packaging Waste,15 01 01,Paper and Cardboard Packaging (15 01 01),Packaging Waste,0,598.046,2078.505,0
2021,JUGOVZHODNA SLOVENIJA,15 01 01,Paper and Cardboard Packaging (15 01 01),Packaging Waste,19 12 01,Paper and Cardboard from Waste Treatment (19 12 01),Waste Treatment Residues,0,581.86,3847.42,0
2021,JUGOVZHODNA SLOVENIJA,15 01 03,Wooden Packaging (15 01 03),Packaging Waste,15 01 03,Wooden Packaging (15 01 03),Packaging Waste,93.131,993.03,0,0
2021,JUGOVZHODNA SLOVENIJA,15 01 03,Wooden Packaging (15 01 03),Packaging Waste,19 12 07,Wood Waste from Treatment (not 19 12 06) (19 12 07),Waste Treatment Residues,198.58,0,0,0
2021,JUGOVZHODNA SLOVENIJA,17 02 01,Construction Wood Waste (17 02 01),Construction/Demolition Waste,17 02 01,Construction Wood Waste (17 02 01),Construction/Demolition Waste,0,145.94,0,0
2021,JUGOVZHODNA SLOVENIJA,19 12 01,Paper and Cardboard from Waste Treatment (19 12 01),Waste Treatment Residues,07 03 03*,"Organic Halogenated Solvents, Washing Liquids and Mother Liquors",Organic Chemical Waste,0,4932.64,0,0
2021,JUGOVZHODNA SLOVENIJA,20 01 01,Paper and Cardboard from Municipal Waste (20 01 01),Municipal Waste,15 01 01,Paper and Cardboard Packaging (15 01 01),Packaging Waste,0,0,22.84,0
2021,JUGOVZHODNA SLOVENIJA,20 01 01,Paper and Cardboard from Municipal Waste (20 01 01),Municipal Waste,19 12 01,Paper and Cardboard from Waste Treatment (19 12 01),Waste Treatment Residues,412.818,702.415,301.674,0
2021,JUGOVZHODNA SLOVENIJA,20 01 01,Paper and Cardboard from Municipal Waste (20 01 01),Municipal Waste,20 01 01,Paper and Cardboard from Municipal Waste (20 01 01),Municipal Waste,0,0,2961.225,0
2021,JUGOVZHODNA SLOVENIJA,20 01 38,Non-hazardous Wood from Municipal Waste (20 01 38),Municipal Waste,20 01 38,Non-hazardous Wood from Municipal Waste (20 01 38),Municipal Waste,0,41.45,0,0
2021,JUGOVZHODNA SLOVENIJA,20 03 07,Bulky Municipal Waste (20 03 07),Municipal Waste,15 01 01,Paper and Cardboard Packaging (15 01 01),Packaging Waste,18.46,0,0,0
2021,JUGOVZHODNA SLOVENIJA,20 03 07,Bulky Municipal Waste (20 03 07),Municipal Waste,15 01 02,Plastic Packaging (15 01 02),Packaging Waste,9.35,0,0,0
2021,JUGOVZHODNA SLOVENIJA,20 03 07,Bulky Municipal Waste (20 03 07),Municipal Waste,15 01 03,Wooden Packaging (15 01 03),Packaging Waste,19.93,0,0,0
2021,JUGOVZHODNA SLOVENIJA,20 03 07,Bulky Municipal Waste (20 03 07),Municipal Waste,15 01 06,Mixed Packaging (15 01 06),Packaging Waste,6.96,0,0,0
2021,JUGOVZHODNA SLOVENIJA,20 03 07,Bulky Municipal Waste (20 03 07),Municipal Waste,15 01 07,Glass Packaging (15 01 07),Packaging Waste,6.58,0,0,0
2021,JUGOVZHODNA SLOVENIJA,20 03 07,Bulky Municipal Waste (20 03 07),Municipal Waste,16 01 03,End-of-Life Tyres (16 01 03),Miscellaneous Waste,55.99,0,0,0
2021,JUGOVZHODNA SLOVENIJA,20 03 07,Bulky Municipal Waste (20 03 07),Municipal Waste,20 01 01,Paper and Cardboard from Municipal Waste (20 01 01),Municipal Waste,4.16,0,0,0
2021,JUGOVZHODNA SLOVENIJA,20 03 07,Bulky Municipal Waste (20 03 07),Municipal Waste,20 01 02,Glass from Municipal Waste (20 01 02),Municipal Waste,31.21,0,0,0
2021,JUGOVZHODNA SLOVENIJA,20 03 07,Bulky Municipal Waste (20 03 07),Municipal Waste,20 01 23*,Discarded Equipment Containing CFCs (20 01 23*),Municipal Waste,5.88,0,0,0
2021,JUGOVZHODNA SLOVENIJA,20 03 07,Bulky Municipal Waste (20 03 07),Municipal Waste,20 01 35*,Hazardous Waste Electrical Equipment (20 01 35*),Municipal Waste,2.58,0,0,0
2021,JUGOVZHODNA SLOVENIJA,20 03 07,Bulky Municipal Waste (20 03 07),Municipal Waste,20 01 36,Non-Hazardous Waste Electrical Equipment (20 01 36),Municipal Waste,60.71,0,0,0
2021,JUGOVZHODNA SLOVENIJA,20 03 07,Bulky Municipal Waste (20 03 07),Municipal Waste,20 01 38,Non-hazardous Wood from Municipal Waste (20 01 38),Municipal Waste,186.59,0,0,0
2021,JUGOVZHODNA SLOVENIJA,20 03 07,Bulky Municipal Waste (20 03 07),Municipal Waste,20 01 40,Metals from Municipal Waste (20 01 40),Municipal Waste,0,59.17,0,0
2021,JUGOVZHODNA SLOVENIJA,20 03 07,Bulky Municipal Waste (20 03 07),Municipal Waste,20 03 07,Bulky Municipal Waste (20 03 07),Municipal Waste,231.12,0,0,0
2021,KOROŠKA,03 01 05,Sawdust/Shavings/Cuttings (03 01 05),Wood/Paper Production Waste,10 01 01,"Ash, slag and boiler dust (excluding boiler dust listed under 10 01 04) (10 01 01)",Thermal Process Waste,0,9.1,0,0
2021,KOROŠKA,15 01 01,Paper and Cardboard Packaging (15 01 01),Packaging Waste,15 01 01,Paper and Cardboard Packaging (15 01 01),Packaging Waste,22.7,42.654,990.152,0
2021,KOROŠKA,15 01 01,Paper and Cardboard Packaging (15 01 01),Packaging Waste,19 12 01,Paper and Cardboard from Waste Treatment (19 12 01),Waste Treatment Residues,0,657.44,0,0
2021,KOROŠKA,15 01 03,Wooden Packaging (15 01 03),Packaging Waste,15 01 03,Wooden Packaging (15 01 03),Packaging Waste,0,225.68,0,0
2021,KOROŠKA,19 12 01,Paper and Cardboard from Waste Treatment (19 12 01),Waste Treatment Residues,19 12 01,Paper and Cardboard from Waste Treatment (19 12 01),Waste Treatment Residues,0,0,158.81,0
2021,KOROŠKA,20 01 01,Paper and Cardboard from Municipal Waste (20 01 01),Municipal Waste,19 12 01,Paper and Cardboard from Waste Treatment (19 12 01),Waste Treatment Residues,0,0,199.58,0
2021,KOROŠKA,20 01 01,Paper and Cardboard from Municipal Waste (20 01 01),Municipal Waste,20 01 01,Paper and Cardboard from Municipal Waste (20 01 01),Municipal Waste,0,363.82,1073.686,0
2021,KOROŠKA,20 01 38,Non-hazardous Wood from Municipal Waste (20 01 38),Municipal Waste,15 01 03,Wooden Packaging (15 01 03),Packaging Waste,0,7.8,0,0
2021,KOROŠKA,20 03 07,Bulky Municipal Waste (20 03 07),Municipal Waste,19 12 12,Other Mechanically Treated Waste (19 12 12),Waste Treatment Residues,0,1203.46,0,0
2021,KOROŠKA,20 03 07,Bulky Municipal Waste (20 03 07),Municipal Waste,20 01 38,Non-hazardous Wood from Municipal Waste (20 01 38),Municipal Waste,0,1290.2,0,0
2021,KOROŠKA,20 03 07,Bulky Municipal Waste (20 03 07),Municipal Waste,20 01 40,Metals from Municipal Waste (20 01 40),Municipal Waste,137.82,0,0,0
2021,OBALNO-KRAŠKA,03 03 08,Waste from Sorting of Paper and Cardboard for Recycling (03 03 08),Wood/Paper Production Waste,03 03 08,Waste from Sorting of Paper and Cardboard for Recycling (03 03 08),Wood/Paper Production Waste,0,102.57,0,0
2021,OBALNO-KRAŠKA,15 01 01,Paper and Cardboard Packaging (15 01 01),Packaging Waste,15 01 01,Paper and Cardboard Packaging (15 01 01),Packaging Waste,0,208.551,69.92,0
2021,OBALNO-KRAŠKA,15 01 01,Paper and Cardboard Packaging (15 01 01),Packaging Waste,19 12 01,Paper and Cardboard from Waste Treatment (19 12 01),Waste Treatment Residues,0,0,2079.411,0
2021,OBALNO-KRAŠKA,15 01 03,Wooden Packaging (15 01 03),Packaging Waste,15 01 03,Wooden Packaging (15 01 03),Packaging Waste,0,703.407,0,0
2021,OBALNO-KRAŠKA,17 02 01,Construction Wood Waste (17 02 01),Construction/Demolition Waste,15 01 03,Wooden Packaging (15 01 03),Packaging Waste,0,74.62,0,0
2021,OBALNO-KRAŠKA,17 02 01,Construction Wood Waste (17 02 01),Construction/Demolition Waste,17 02 01,Construction Wood Waste (17 02 01),Construction/Demolition Waste,0,120.58,0,0
2021,OBALNO-KRAŠKA,19 12 01,Paper and Cardboard from Waste Treatment (19 12 01),Waste Treatment Residues,19 12 01,Paper and Cardboard from Waste Treatment (19 12 01),Waste Treatment Residues,0,942.998,1.8,292.34
2021,OBALNO-KRAŠKA,19 12 07,Wood Waste from Treatment (not 19 12 06) (19 12 07),Waste Treatment Residues,15 01 03,Wooden Packaging (15 01 03),Packaging Waste,0,7.56,0,0
2021,OBALNO-KRAŠKA,20 01 01,Paper and Cardboard from Municipal Waste (20 01 01),Municipal Waste,19 12 01,Paper and Cardboard from Waste Treatment (19 12 01),Waste Treatment Residues,0,0,421.479,0
2021,OBALNO-KRAŠKA,20 01 01,Paper and Cardboard from Municipal Waste (20 01 01),Municipal Waste,20 01 01,Paper and Cardboard from Municipal Waste (20 01 01),Municipal Waste,0,260.8,233.51,0
2021,OBALNO-KRAŠKA,20 01 38,Non-hazardous Wood from Municipal Waste (20 01 38),Municipal Waste,15 01 03,Wooden Packaging (15 01 03),Packaging Waste,0,65.333,0,0
2021,OBALNO-KRAŠKA,20 03 07,Bulky Municipal Waste (20 03 07),Municipal Waste,19 12 12,Other Mechanically Treated Waste (19 12 12),Waste Treatment Residues,3.79,8.692,0,0
2021,OSREDNJESLOVENSKA,03 01 05,Sawdust/Shavings/Cuttings (03 01 05),Wood/Paper Production Waste,19 02 04*,Mixed Waste Containing Hazardous Substances (19 02 04*),Waste Treatment Residues,0,0,5.58,0
2021,OSREDNJESLOVENSKA,03 01 05,Sawdust/Shavings/Cuttings (03 01 05),Wood/Paper Production Waste,19 12 07,Wood Waste from Treatment (not 19 12 06) (19 12 07),Waste Treatment Residues,0,68.74,353.5,0
2021,OSREDNJESLOVENSKA,03 03 08,Waste from Sorting of Paper and Cardboard for Recycling (03 03 08),Wood/Paper Production Waste,03 03 08,Waste from Sorting of Paper and Cardboard for Recycling (03 03 08),Wood/Paper Production Waste,0,0,69.88,0
2021,OSREDNJESLOVENSKA,03 03 08,Waste from Sorting of Paper and Cardboard for Recycling (03 03 08),Wood/Paper Production Waste,19 12 01,Paper and Cardboard from Waste Treatment (19 12 01),Waste Treatment Residues,0,5394.58,0,0
2021,OSREDNJESLOVENSKA,15 01 01,Paper and Cardboard Packaging (15 01 01),Packaging Waste,15 01 01,Paper and Cardboard Packaging (15 01 01),Packaging Waste,0,3276.38,23558.325,0
2021,OSREDNJESLOVENSKA,15 01 01,Paper and Cardboard Packaging (15 01 01),Packaging Waste,19 02 04*,Mixed Waste Containing Hazardous Substances (19 02 04*),Waste Treatment Residues,0,0,0.041,0
2021,OSREDNJESLOVENSKA,15 01 01,Paper and Cardboard Packaging (15 01 01),Packaging Waste,19 12 01,Paper and Cardboard from Waste Treatment (19 12 01),Waste Treatment Residues,0,11937.409,6753.721,22.04
2021,OSREDNJESLOVENSKA,15 01 01,Paper and Cardboard Packaging (15 01 01),Packaging Waste,20 01 01,Paper and Cardboard from Municipal Waste (20 01 01),Municipal Waste,1219.552,76.586,0,0
2021,OSREDNJESLOVENSKA,15 01 03,Wooden Packaging (15 01 03),Packaging Waste,12 01 02,Iron Dust and Particles (12 01 02),Metal/Plastic Processing Waste,0,2.71,0,0
2021,OSREDNJESLOVENSKA,15 01 03,Wooden Packaging (15 01 03),Packaging Waste,15 01 03,Wooden Packaging (15 01 03),Packaging Waste,0,3455.305,127.18,0
2021,OSREDNJESLOVENSKA,15 01 03,Wooden Packaging (15 01 03),Packaging Waste,17 02 01,Construction Wood Waste (17 02 01),Construction/Demolition Waste,0,456.62,0,0
2021,OSREDNJESLOVENSKA,15 01 03,Wooden Packaging (15 01 03),Packaging Waste,19 12 02,Ferrous Metals from Mechanical Treatment (19 12 02),Waste Treatment Residues,0,33.62,0,0
2021,OSREDNJESLOVENSKA,15 01 03,Wooden Packaging (15 01 03),Packaging Waste,19 12 07,Wood Waste from Treatment (not 19 12 06) (19 12 07),Waste Treatment Residues,0,141.068,3187.295,0
2021,OSREDNJESLOVENSKA,15 01 03,Wooden Packaging (15 01 03),Packaging Waste,20 01 38,Non-hazardous Wood from Municipal Waste (20 01 38),Municipal Waste,0,187.09,0,0
2021,OSREDNJESLOVENSKA,17 02 01,Construction Wood Waste (17 02 01),Construction/Demolition Waste,19 12 02,Ferrous Metals from Mechanical Treatment (19 12 02),Waste Treatment Residues,0,25.636,0,0
2021,OSREDNJESLOVENSKA,17 02 01,Construction Wood Waste (17 02 01),Construction/Demolition Waste,19 12 03,Non-Ferrous Metals from Mechanical Treatment (19 12 03),Waste Treatment Residues,0,0.058,0,0
2021,OSREDNJESLOVENSKA,17 02 01,Construction Wood Waste (17 02 01),Construction/Demolition Waste,19 12 07,Wood Waste from Treatment (not 19 12 06) (19 12 07),Waste Treatment Residues,0,91.02,408.59,0
2021,OSREDNJESLOVENSKA,19 12 01,Paper and Cardboard from Waste Treatment (19 12 01),Waste Treatment Residues,03 03 07,Mechanically Separated Rejects from Pulping (03 03 07),Wood/Paper Production Waste,0,824.44,0,0
2021,OSREDNJESLOVENSKA,19 12 01,Paper and Cardboard from Waste Treatment (19 12 01),Waste Treatment Residues,19 12 01,Paper and Cardboard from Waste Treatment (19 12 01),Waste Treatment Residues,0,7542.249,4084.34,0
2021,OSREDNJESLOVENSKA,19 12 01,Paper and Cardboard from Waste Treatment (19 12 01),Waste Treatment Residues,19 12 02,Ferrous Metals from Mechanical Treatment (19 12 02),Waste Treatment Residues,0,0,107.98,0
2021,OSREDNJESLOVENSKA,19 12 01,Paper and Cardboard from Waste Treatment (19 12 01),Waste Treatment Residues,19 12 04,Plastics and Rubber from Mechanical Treatment (19 12 04),Waste Treatment Residues,0,5.3,0,0
2021,OSREDNJESLOVENSKA,20 01 01,Paper and Cardboard from Municipal Waste (20 01 01),Municipal Waste,19 02 04*,Mixed Waste Containing Hazardous Substances (19 02 04*),Waste Treatment Residues,0,0,0.067,0
2021,OSREDNJESLOVENSKA,20 01 01,Paper and Cardboard from Municipal Waste (20 01 01),Municipal Waste,19 12 01,Paper and Cardboard from Waste Treatment (19 12 01),Waste Treatment Residues,0,20446.88,12359.425,718.19
2021,OSREDNJESLOVENSKA,20 01 01,Paper and Cardboard from Municipal Waste (20 01 01),Municipal Waste,20 01 01,Paper and Cardboard from Municipal Waste (20 01 01),Municipal Waste,19.65,4681.901,23678.65,0
2021,OSREDNJESLOVENSKA,20 01 38,Non-hazardous Wood from Municipal Waste (20 01 38),Municipal Waste,15 01 04,Metal Packaging (15 01 04),Packaging Waste,0,11.8,0,0
2021,OSREDNJESLOVENSKA,20 01 38,Non-hazardous Wood from Municipal Waste (20 01 38),Municipal Waste,19 12 02,Ferrous Metals from Mechanical Treatment (19 12 02),Waste Treatment Residues,0,110.32,0,0
2021,OSREDNJESLOVENSKA,20 01 38,Non-hazardous Wood from Municipal Waste (20 01 38),Municipal Waste,19 12 07,Wood Waste from Treatment (not 19 12 06) (19 12 07),Waste Treatment Residues,0,9756.9,8394.727,0
2021,OSREDNJESLOVENSKA,20 01 38,Non-hazardous Wood from Municipal Waste (20 01 38),Municipal Waste,19 12 12,Other Mechanically Treated Waste (19 12 12),Waste Treatment Residues,0,71.558,0,0
2021,OSREDNJESLOVENSKA,20 01 38,Non-hazardous Wood from Municipal Waste (20 01 38),Municipal Waste,20 01 38,Non-hazardous Wood from Municipal Waste (20 01 38),Municipal Waste,0,3746.57,0,0
2021,OSREDNJESLOVENSKA,20 03 07,Bulky Municipal Waste (20 03 07),Municipal Waste,15 01 03,Wooden Packaging (15 01 03),Packaging Waste,0,1560,0,0
2021,OSREDNJESLOVENSKA,20 03 07,Bulky Municipal Waste (20 03 07),Municipal Waste,19 12 02,Ferrous Metals from Mechanical Treatment (19 12 02),Waste Treatment Residues,1183.884,2288.106,22.98,0
2021,OSREDNJESLOVENSKA,20 03 07,Bulky Municipal Waste (20 03 07),Municipal Waste,19 12 03,Non-Ferrous Metals from Mechanical Treatment (19 12 03),Waste Treatment Residues,163.691,0,0,0
2021,OSREDNJESLOVENSKA,20 03 07,Bulky Municipal Waste (20 03 07),Municipal Waste,19 12 04,Plastics and Rubber from Mechanical Treatment (19 12 04),Waste Treatment Residues,1.58,0,17.813,0
2021,OSREDNJESLOVENSKA,20 03 07,Bulky Municipal Waste (20 03 07),Municipal Waste,19 12 07,Wood Waste from Treatment (not 19 12 06) (19 12 07),Waste Treatment Residues,2.06,0,113.44,0
2021,OSREDNJESLOVENSKA,20 03 07,Bulky Municipal Waste (20 03 07),Municipal Waste,19 12 08,Textiles from Mechanical Treatment (19 12 08),Waste Treatment Residues,0,0,28.73,0
2021,OSREDNJESLOVENSKA,20 03 07,Bulky Municipal Waste (20 03 07),Municipal Waste,19 12 12,Other Mechanically Treated Waste (19 12 12),Waste Treatment Residues,9091.24,6963.555,0,0
2021,OSREDNJESLOVENSKA,20 03 07,Bulky Municipal Waste (20 03 07),Municipal Waste,20 01 38,Non-hazardous Wood from Municipal Waste (20 01 38),Municipal Waste,0,224.48,0,0
2021,OSREDNJESLOVENSKA,20 03 07,Bulky Municipal Waste (20 03 07),Municipal Waste,20 01 40,Metals from Municipal Waste (20 01 40),Municipal Waste,0,39.08,0,0
2021,OSREDNJESLOVENSKA,20 03 07,Bulky Municipal Waste (20 03 07),Municipal Waste,20 03 07,Bulky Municipal Waste (20 03 07),Municipal Waste,0,2825.14,0,0
2021,PODRAVSKA,15 01 01,Paper and Cardboard Packaging (15 01 01),Packaging Waste,15 01 01,Paper and Cardboard Packaging (15 01 01),Packaging Waste,0,731.826,913.68,0
2021,PODRAVSKA,15 01 01,Paper and Cardboard Packaging (15 01 01),Packaging Waste,19 12 01,Paper and Cardboard from Waste Treatment (19 12 01),Waste Treatment Residues,0,2524.997,388,0
2021,PODRAVSKA,15 01 03,Wooden Packaging (15 01 03),Packaging Waste,15 01 03,Wooden Packaging (15 01 03),Packaging Waste,0,2702.12,0,0
2021,PODRAVSKA,19 12 01,Paper and Cardboard from Waste Treatment (19 12 01),Waste Treatment Residues,19 12 01,Paper and Cardboard from Waste Treatment (19 12 01),Waste Treatment Residues,0,337.751,0,0
2021,PODRAVSKA,20 01 01,Paper and Cardboard from Municipal Waste (20 01 01),Municipal Waste,19 12 01,Paper and Cardboard from Waste Treatment (19 12 01),Waste Treatment Residues,0,1145.56,2455.372,0
2021,PODRAVSKA,20 01 01,Paper and Cardboard from Municipal Waste (20 01 01),Municipal Waste,20 01 01,Paper and Cardboard from Municipal Waste (20 01 01),Municipal Waste,2266.324,1870.767,1080.615,0
2021,PODRAVSKA,20 01 38,Non-hazardous Wood from Municipal Waste (20 01 38),Municipal Waste,15 01 03,Wooden Packaging (15 01 03),Packaging Waste,0,54.76,0,0
2021,PODRAVSKA,20 01 38,Non-hazardous Wood from Municipal Waste (20 01 38),Municipal Waste,20 01 38,Non-hazardous Wood from Municipal Waste (20 01 38),Municipal Waste,0,2557.39,0,0
2021,PODRAVSKA,20 03 07,Bulky Municipal Waste (20 03 07),Municipal Waste,19 12 02,Ferrous Metals from Mechanical Treatment (19 12 02),Waste Treatment Residues,0,0,43.163,0
2021,PODRAVSKA,20 03 07,Bulky Municipal Waste (20 03 07),Municipal Waste,19 12 03,Non-Ferrous Metals from Mechanical Treatment (19 12 03),Waste Treatment Residues,0,0,1.233,0
2021,PODRAVSKA,20 03 07,Bulky Municipal Waste (20 03 07),Municipal Waste,19 12 12,Other Mechanically Treated Waste (19 12 12),Waste Treatment Residues,236.46,0,7487.18,0
2021,PODRAVSKA,20 03 07,Bulky Municipal Waste (20 03 07),Municipal Waste,20 01 40,Metals from Municipal Waste (20 01 40),Municipal Waste,0,9.467,0,0
2021,PODRAVSKA,20 03 07,Bulky Municipal Waste (20 03 07),Municipal Waste,20 03 01,Mixed Municipal Waste (20 03 01),Municipal Waste,0,101.061,0,0
2021,PODRAVSKA,20 03 07,Bulky Municipal Waste (20 03 07),Municipal Waste,20 03 07,Bulky Municipal Waste (20 03 07),Municipal Waste,0,1733.4,0,0
2021,POMURSKA,03 01 05,Sawdust/Shavings/Cuttings (03 01 05),Wood/Paper Production Waste,03 01 05,Sawdust/Shavings/Cuttings (03 01 05),Wood/Paper Production Waste,751.44,0,0,0
2021,POMURSKA,03 01 05,Sawdust/Shavings/Cuttings (03 01 05),Wood/Paper Production Waste,19 12 12,Other Mechanically Treated Waste (19 12 12),Waste Treatment Residues,56.44,90.736,0,0
2021,POMURSKA,03 01 05,Sawdust/Shavings/Cuttings (03 01 05),Wood/Paper Production Waste,20 01 38,Non-hazardous Wood from Municipal Waste (20 01 38),Municipal Waste,0,1393.94,0,0
2021,POMURSKA,15 01 01,Paper and Cardboard Packaging (15 01 01),Packaging Waste,15 01 01,Paper and Cardboard Packaging (15 01 01),Packaging Waste,27.501,514.102,1286.98,0
2021,POMURSKA,15 01 01,Paper and Cardboard Packaging (15 01 01),Packaging Waste,19 12 01,Paper and Cardboard from Waste Treatment (19 12 01),Waste Treatment Residues,0,0,1087.725,0
2021,POMURSKA,15 01 01,Paper and Cardboard Packaging (15 01 01),Packaging Waste,20 01 01,Paper and Cardboard from Municipal Waste (20 01 01),Municipal Waste,0,125.23,0,0
2021,POMURSKA,15 01 03,Wooden Packaging (15 01 03),Packaging Waste,15 01 03,Wooden Packaging (15 01 03),Packaging Waste,0,61.22,0,0
2021,POMURSKA,15 01 03,Wooden Packaging (15 01 03),Packaging Waste,19 12 07,Wood Waste from Treatment (not 19 12 06) (19 12 07),Waste Treatment Residues,0,0,268.66,0
2021,POMURSKA,15 01 03,Wooden Packaging (15 01 03),Packaging Waste,19 12 12,Other Mechanically Treated Waste (19 12 12),Waste Treatment Residues,43.673,70.212,0,0
2021,POMURSKA,19 12 01,Paper and Cardboard from Waste Treatment (19 12 01),Waste Treatment Residues,03 03 07,Mechanically Separated Rejects from Pulping (03 03 07),Wood/Paper Production Waste,2381.58,0,0,0
2021,POMURSKA,19 12 01,Paper and Cardboard from Waste Treatment (19 12 01),Waste Treatment Residues,19 12 01,Paper and Cardboard from Waste Treatment (19 12 01),Waste Treatment Residues,0,0,50.554,0
2021,POMURSKA,20 01 01,Paper and Cardboard from Municipal Waste (20 01 01),Municipal Waste,19 12 01,Paper and Cardboard from Waste Treatment (19 12 01),Waste Treatment Residues,0,0,1479.441,0
2021,POMURSKA,20 01 01,Paper and Cardboard from Municipal Waste (20 01 01),Municipal Waste,19 12 12,Other Mechanically Treated Waste (19 12 12),Waste Treatment Residues,0,1.93,0,0
2021,POMURSKA,20 01 01,Paper and Cardboard from Municipal Waste (20 01 01),Municipal Waste,20 01 01,Paper and Cardboard from Municipal Waste (20 01 01),Municipal Waste,182.59,283.096,607.18,0
2021,POMURSKA,20 01 38,Non-hazardous Wood from Municipal Waste (20 01 38),Municipal Waste,20 01 38,Non-hazardous Wood from Municipal Waste (20 01 38),Municipal Waste,0,1377.797,0,0
2021,POMURSKA,20 03 07,Bulky Municipal Waste (20 03 07),Municipal Waste,15 01 10*,Hazardous Contaminated Packaging (15 01 10*),Packaging Waste,0.43,0,0,0
2021,POMURSKA,20 03 07,Bulky Municipal Waste (20 03 07),Municipal Waste,16 01 03,End-of-Life Tyres (16 01 03),Miscellaneous Waste,41.35,0,0,0
2021,POMURSKA,20 03 07,Bulky Municipal Waste (20 03 07),Municipal Waste,17 01 01,Concrete Waste (17 01 01),Construction/Demolition Waste,0,2.66,0,0
2021,POMURSKA,20 03 07,Bulky Municipal Waste (20 03 07),Municipal Waste,19 12 02,Ferrous Metals from Mechanical Treatment (19 12 02),Waste Treatment Residues,0,509.1,0,0
2021,POMURSKA,20 03 07,Bulky Municipal Waste (20 03 07),Municipal Waste,19 12 04,Plastics and Rubber from Mechanical Treatment (19 12 04),Waste Treatment Residues,0,265.68,0,0
2021,POMURSKA,20 03 07,Bulky Municipal Waste (20 03 07),Municipal Waste,19 12 12,Other Mechanically Treated Waste (19 12 12),Waste Treatment Residues,0,935.25,0,0
2021,POMURSKA,20 03 07,Bulky Municipal Waste (20 03 07),Municipal Waste,20 01 01,Paper and Cardboard from Municipal Waste (20 01 01),Municipal Waste,0,50.16,0,0
2021,POMURSKA,20 03 07,Bulky Municipal Waste (20 03 07),Municipal Waste,20 01 23*,Discarded Equipment Containing CFCs (20 01 23*),Municipal Waste,9.8,0,0,0
2021,POMURSKA,20 03 07,Bulky Municipal Waste (20 03 07),Municipal Waste,20 01 26*,Non-Edible Oils and Fats (20 01 26*),Municipal Waste,0.205,0,0,0
2021,POMURSKA,20 03 07,Bulky Municipal Waste (20 03 07),Municipal Waste,20 01 27*,"Hazardous Paints, Inks, Adhesives (20 01 27*)",Municipal Waste,1.286,0,0,0
2021,POMURSKA,20 03 07,Bulky Municipal Waste (20 03 07),Municipal Waste,20 01 35*,Hazardous Waste Electrical Equipment (20 01 35*),Municipal Waste,29.676,5,0,0
2021,POMURSKA,20 03 07,Bulky Municipal Waste (20 03 07),Municipal Waste,20 01 36,Non-Hazardous Waste Electrical Equipment (20 01 36),Municipal Waste,89.462,0,0,0
2021,POMURSKA,20 03 07,Bulky Municipal Waste (20 03 07),Municipal Waste,20 01 38,Non-hazardous Wood from Municipal Waste (20 01 38),Municipal Waste,0,830.46,0,0
2021,POMURSKA,20 03 07,Bulky Municipal Waste (20 03 07),Municipal Waste,20 03 07,Bulky Municipal Waste (20 03 07),Municipal Waste,0,1239.48,0,0
2021,POSAVSKA,15 01 01,Paper and Cardboard Packaging (15 01 01),Packaging Waste,15 01 01,Paper and Cardboard Packaging (15 01 01),Packaging Waste,0,61.54,1344.98,0
2021,POSAVSKA,15 01 01,Paper and Cardboard Packaging (15 01 01),Packaging Waste,19 12 01,Paper and Cardboard from Waste Treatment (19 12 01),Waste Treatment Residues,0,278.44,0,0
2021,POSAVSKA,15 01 03,Wooden Packaging (15 01 03),Packaging Waste,15 01 03,Wooden Packaging (15 01 03),Packaging Waste,0,209.12,0,0
2021,POSAVSKA,19 12 01,Paper and Cardboard from Waste Treatment (19 12 01),Waste Treatment Residues,19 12 01,Paper and Cardboard from Waste Treatment (19 12 01),Waste Treatment Residues,0,0,394.72,0
2021,POSAVSKA,20 01 01,Paper and Cardboard from Municipal Waste (20 01 01),Municipal Waste,03 03 07,Mechanically Separated Rejects from Pulping (03 03 07),Wood/Paper Production Waste,0,1106.48,0,0
2021,POSAVSKA,20 01 01,Paper and Cardboard from Municipal Waste (20 01 01),Municipal Waste,03 03 10,Fiber Rejects and Sludge from Mechanical Separation (03 03 10),Wood/Paper Production Waste,0,16620.971,0,0
2021,POSAVSKA,20 01 01,Paper and Cardboard from Municipal Waste (20 01 01),Municipal Waste,15 01 01,Paper and Cardboard Packaging (15 01 01),Packaging Waste,0,94.75,3541.22,0
2021,POSAVSKA,20 01 01,Paper and Cardboard from Municipal Waste (20 01 01),Municipal Waste,19 12 01,Paper and Cardboard from Waste Treatment (19 12 01),Waste Treatment Residues,0,48.06,1678.438,0
2021,POSAVSKA,20 01 01,Paper and Cardboard from Municipal Waste (20 01 01),Municipal Waste,19 12 02,Ferrous Metals from Mechanical Treatment (19 12 02),Waste Treatment Residues,0,48.89,0,0
2021,POSAVSKA,20 01 01,Paper and Cardboard from Municipal Waste (20 01 01),Municipal Waste,20 01 01,Paper and Cardboard from Municipal Waste (20 01 01),Municipal Waste,0,1518.528,1705.54,0
2021,POSAVSKA,20 01 01,Paper and Cardboard from Municipal Waste (20 01 01),Municipal Waste,20 01 39,Plastics from Municipal Waste (20 01 39),Municipal Waste,0,60.186,0,0
2021,POSAVSKA,20 03 07,Bulky Municipal Waste (20 03 07),Municipal Waste,20 03 07,Bulky Municipal Waste (20 03 07),Municipal Waste,0,4.66,0,0
2021,PRIMORSKO-NOTRANJSKA,15 01 01,Paper and Cardboard Packaging (15 01 01),Packaging Waste,15 01 01,Paper and Cardboard Packaging (15 01 01),Packaging Waste,0,180.82,0,0
2021,PRIMORSKO-NOTRANJSKA,15 01 03,Wooden Packaging (15 01 03),Packaging Waste,15 01 02,Plastic Packaging (15 01 02),Packaging Waste,0,0,4.9,0
2021,PRIMORSKO-NOTRANJSKA,15 01 03,Wooden Packaging (15 01 03),Packaging Waste,15 01 03,Wooden Packaging (15 01 03),Packaging Waste,0,60.38,0,0
2021,SAVINJSKA,03 03 08,Waste from Sorting of Paper and Cardboard for Recycling (03 03 08),Wood/Paper Production Waste,03 03 08,Waste from Sorting of Paper and Cardboard for Recycling (03 03 08),Wood/Paper Production Waste,0,83.432,0,0
2021,SAVINJSKA,03 03 08,Waste from Sorting of Paper and Cardboard for Recycling (03 03 08),Wood/Paper Production Waste,19 12 04,Plastics and Rubber from Mechanical Treatment (19 12 04),Waste Treatment Residues,0,24.33,0,0
2021,SAVINJSKA,15 01 01,Paper and Cardboard Packaging (15 01 01),Packaging Waste,15 01 01,Paper and Cardboard Packaging (15 01 01),Packaging Waste,12.96,3.86,10854.804,0
2021,SAVINJSKA,15 01 01,Paper and Cardboard Packaging (15 01 01),Packaging Waste,19 12 01,Paper and Cardboard from Waste Treatment (19 12 01),Waste Treatment Residues,0,631.685,136.307,0
2021,SAVINJSKA,15 01 01,Paper and Cardboard Packaging (15 01 01),Packaging Waste,19 12 04,Plastics and Rubber from Mechanical Treatment (19 12 04),Waste Treatment Residues,0,12.21,0,0
2021,SAVINJSKA,15 01 03,Wooden Packaging (15 01 03),Packaging Waste,15 01 03,Wooden Packaging (15 01 03),Packaging Waste,65.16,4445.54,0,0
2021,SAVINJSKA,19 12 01,Paper and Cardboard from Waste Treatment (19 12 01),Waste Treatment Residues,03 03 07,Mechanically Separated Rejects from Pulping (03 03 07),Wood/Paper Production Waste,7096.75,0,0,0
2021,SAVINJSKA,19 12 01,Paper and Cardboard from Waste Treatment (19 12 01),Waste Treatment Residues,19 12 01,Paper and Cardboard from Waste Treatment (19 12 01),Waste Treatment Residues,0,0,1877.281,0
2021,SAVINJSKA,20 01 01,Paper and Cardboard from Municipal Waste (20 01 01),Municipal Waste,19 12 01,Paper and Cardboard from Waste Treatment (19 12 01),Waste Treatment Residues,0,2107.145,6316.44,0
2021,SAVINJSKA,20 01 01,Paper and Cardboard from Municipal Waste (20 01 01),Municipal Waste,19 12 04,Plastics and Rubber from Mechanical Treatment (19 12 04),Waste Treatment Residues,0,11.22,0,0
2021,SAVINJSKA,20 01 01,Paper and Cardboard from Municipal Waste (20 01 01),Municipal Waste,20 01 01,Paper and Cardboard from Municipal Waste (20 01 01),Municipal Waste,0,155.539,7711.572,0
2021,SAVINJSKA,20 01 38,Non-hazardous Wood from Municipal Waste (20 01 38),Municipal Waste,19 12 07,Wood Waste from Treatment (not 19 12 06) (19 12 07),Waste Treatment Residues,0,0,1490.24,0
2021,ZASAVSKA,20 03 07,Bulky Municipal Waste (20 03 07),Municipal Waste,15 01 04,Metal Packaging (15 01 04),Packaging Waste,0,8.96,0,0
2021,ZASAVSKA,20 03 07,Bulky Municipal Waste (20 03 07),Municipal Waste,16 01 03,End-of-Life Tyres (16 01 03),Miscellaneous Waste,0,15.98,0,0
2021,ZASAVSKA,20 03 07,Bulky Municipal Waste (20 03 07),Municipal Waste,20 01 21*,Mercury-Containing Waste (20 01 21*),Municipal Waste,0.11,0,0,0
2021,ZASAVSKA,20 03 07,Bulky Municipal Waste (20 03 07),Municipal Waste,20 01 23*,Discarded Equipment Containing CFCs (20 01 23*),Municipal Waste,11.87,0,0,0
2021,ZASAVSKA,20 03 07,Bulky Municipal Waste (20 03 07),Municipal Waste,20 01 33*,"Batteries and accumulators listed under 16 06 01, 16 06 02 or 16 06 03 and unsorted batteries and accumulators containing these batteries and accumulators (20 01 33*)",Municipal Waste,0.62,0,0,0
2021,ZASAVSKA,20 03 07,Bulky Municipal Waste (20 03 07),Municipal Waste,20 01 35*,Hazardous Waste Electrical Equipment (20 01 35*),Municipal Waste,2.66,0,0,0
2021,ZASAVSKA,20 03 07,Bulky Municipal Waste (20 03 07),Municipal Waste,20 01 36,Non-Hazardous Waste Electrical Equipment (20 01 36),Municipal Waste,16.448,0,0,0
2021,ZASAVSKA,20 03 07,Bulky Municipal Waste (20 03 07),Municipal Waste,20 01 38,Non-hazardous Wood from Municipal Waste (20 01 38),Municipal Waste,0,160.7,0,0
2022,GORENJSKA,03 01 05,Sawdust/Shavings/Cuttings (03 01 05),Wood/Paper Production Waste,19 12 07,Wood Waste from Treatment (not 19 12 06) (19 12 07),Waste Treatment Residues,0,0,159.588,0
2022,GORENJSKA,03 01 05,Sawdust/Shavings/Cuttings (03 01 05),Wood/Paper Production Waste,19 12 07,Wood Waste from Treatment (not 19 12 06) (19 12 07),Waste Treatment Residues,0,0,0,0
2022,GORENJSKA,03 01 05,Sawdust/Shavings/Cuttings (03 01 05),Wood/Paper Production Waste,19 12 12,Other Mechanically Treated Waste (19 12 12),Waste Treatment Residues,0,57.749,0,0
2022,GORENJSKA,03 03 08,Waste from Sorting of Paper and Cardboard for Recycling (03 03 08),Wood/Paper Production Waste,19 12 01,Paper and Cardboard from Waste Treatment (19 12 01),Waste Treatment Residues,0,0,53.329,0
2022,GORENJSKA,15 01 01,Paper and Cardboard Packaging (15 01 01),Packaging Waste,15 01 01,Paper and Cardboard Packaging (15 01 01),Packaging Waste,0,0,1108.76,0
2022,GORENJSKA,15 01 01,Paper and Cardboard Packaging (15 01 01),Packaging Waste,15 01 01,Paper and Cardboard Packaging (15 01 01),Packaging Waste,0,0,0,0
2022,GORENJSKA,15 01 01,Paper and Cardboard Packaging (15 01 01),Packaging Waste,19 12 01,Paper and Cardboard from Waste Treatment (19 12 01),Waste Treatment Residues,0,0,476.377,0
2022,GORENJSKA,15 01 01,Paper and Cardboard Packaging (15 01 01),Packaging Waste,19 12 01,Paper and Cardboard from Waste Treatment (19 12 01),Waste Treatment Residues,0,2847.843,0,0
2022,GORENJSKA,15 01 03,Wooden Packaging (15 01 03),Packaging Waste,15 01 03,Wooden Packaging (15 01 03),Packaging Waste,0,291.18,4396.76,0
2022,GORENJSKA,15 01 03,Wooden Packaging (15 01 03),Packaging Waste,15 01 03,Wooden Packaging (15 01 03),Packaging Waste,0,1182.7,0,0
2022,GORENJSKA,15 01 03,Wooden Packaging (15 01 03),Packaging Waste,20 01 38,Non-hazardous Wood from Municipal Waste (20 01 38),Municipal Waste,0,493.168,0,0
2022,GORENJSKA,17 02 01,Construction Wood Waste (17 02 01),Construction/Demolition Waste,17 02 01,Construction Wood Waste (17 02 01),Construction/Demolition Waste,0,0,0,0
2022,GORENJSKA,17 02 01,Construction Wood Waste (17 02 01),Construction/Demolition Waste,19 12 07,Wood Waste from Treatment (not 19 12 06) (19 12 07),Waste Treatment Residues,0,0,310.685,0
2022,GORENJSKA,17 02 01,Construction Wood Waste (17 02 01),Construction/Demolition Waste,19 12 12,Other Mechanically Treated Waste (19 12 12),Waste Treatment Residues,0,56.119,0,0
2022,GORENJSKA,17 02 01,Construction Wood Waste (17 02 01),Construction/Demolition Waste,20 01 38,Non-hazardous Wood from Municipal Waste (20 01 38),Municipal Waste,0,4.321,0,0
2022,GORENJSKA,19 12 01,Paper and Cardboard from Waste Treatment (19 12 01),Waste Treatment Residues,19 12 01,Paper and Cardboard from Waste Treatment (19 12 01),Waste Treatment Residues,0,0,237.429,0
2022,GORENJSKA,19 12 01,Paper and Cardboard from Waste Treatment (19 12 01),Waste Treatment Residues,19 12 01,Paper and Cardboard from Waste Treatment (19 12 01),Waste Treatment Residues,0,0,0,0
2022,GORENJSKA,19 12 01,Paper and Cardboard from Waste Treatment (19 12 01),Waste Treatment Residues,20 01 01,Paper and Cardboard from Municipal Waste (20 01 01),Municipal Waste,0,247.38,0,0
2022,GORENJSKA,19 12 07,Wood Waste from Treatment (not 19 12 06) (19 12 07),Waste Treatment Residues,19 12 07,Wood Waste from Treatment (not 19 12 06) (19 12 07),Waste Treatment Residues,0,0,89.58,0
2022,GORENJSKA,19 12 07,Wood Waste from Treatment (not 19 12 06) (19 12 07),Waste Treatment Residues,19 12 07,Wood Waste from Treatment (not 19 12 06) (19 12 07),Waste Treatment Residues,0,0,0,0
2022,GORENJSKA,20 01 01,Paper and Cardboard from Municipal Waste (20 01 01),Municipal Waste,19 12 01,Paper and Cardboard from Waste Treatment (19 12 01),Waste Treatment Residues,0,63.52,31.815,0
2022,GORENJSKA,20 01 01,Paper and Cardboard from Municipal Waste (20 01 01),Municipal Waste,19 12 01,Paper and Cardboard from Waste Treatment (19 12 01),Waste Treatment Residues,0,1621.126,0,0
2022,GORENJSKA,20 01 01,Paper and Cardboard from Municipal Waste (20 01 01),Municipal Waste,20 01 01,Paper and Cardboard from Municipal Waste (20 01 01),Municipal Waste,0,93.54,68.21,0
2022,GORENJSKA,20 01 01,Paper and Cardboard from Municipal Waste (20 01 01),Municipal Waste,20 01 01,Paper and Cardboard from Municipal Waste (20 01 01),Municipal Waste,0,0,0,0
2022,GORENJSKA,20 01 38,Non-hazardous Wood from Municipal Waste (20 01 38),Municipal Waste,19 12 07,Wood Waste from Treatment (not 19 12 06) (19 12 07),Waste Treatment Residues,0,0,3707.058,0
2022,GORENJSKA,20 01 38,Non-hazardous Wood from Municipal Waste (20 01 38),Municipal Waste,20 01 38,Non-hazardous Wood from Municipal Waste (20 01 38),Municipal Waste,0,172.919,0,0
2022,GORENJSKA,20 03 07,Bulky Municipal Waste (20 03 07),Municipal Waste,20 03 07,Bulky Municipal Waste (20 03 07),Municipal Waste,0,0,0,0
2022,GORENJSKA,20 03 07,Bulky Municipal Waste (20 03 07),Municipal Waste,19 12 12,Other Mechanically Treated Waste (19 12 12),Waste Treatment Residues,0,34.643,0,0
2022,GORENJSKA,20 03 07,Bulky Municipal Waste (20 03 07),Municipal Waste,20 01 01,Paper and Cardboard from Municipal Waste (20 01 01),Municipal Waste,3.78,0,0,0
2022,GORENJSKA,20 03 07,Bulky Municipal Waste (20 03 07),Municipal Waste,20 01 38,Non-hazardous Wood from Municipal Waste (20 01 38),Municipal Waste,120.01,0,0,0
2022,GORENJSKA,20 03 07,Bulky Municipal Waste (20 03 07),Municipal Waste,20 01 40,Metals from Municipal Waste (20 01 40),Municipal Waste,0.9,0,0,0
2022,GORIŠKA,03 01 05,Sawdust/Shavings/Cuttings (03 01 05),Wood/Paper Production Waste,03 01 05,Sawdust/Shavings/Cuttings (03 01 05),Wood/Paper Production Waste,0,0,0,0
2022,GORIŠKA,15 01 01,Paper and Cardboard Packaging (15 01 01),Packaging Waste,15 01 01,Paper and Cardboard Packaging (15 01 01),Packaging Waste,0,116.05,0,0
2022,GORIŠKA,15 01 01,Paper and Cardboard Packaging (15 01 01),Packaging Waste,15 01 01,Paper and Cardboard Packaging (15 01 01),Packaging Waste,0,621.879,0,0
2022,GORIŠKA,15 01 01,Paper and Cardboard Packaging (15 01 01),Packaging Waste,15 01 01,Paper and Cardboard Packaging (15 01 01),Packaging Waste,0,0,119.236,0
2022,GORIŠKA,15 01 01,Paper and Cardboard Packaging (15 01 01),Packaging Waste,15 01 01,Paper and Cardboard Packaging (15 01 01),Packaging Waste,0,685.417,0,0
2022,GORIŠKA,15 01 01,Paper and Cardboard Packaging (15 01 01),Packaging Waste,15 01 01,Paper and Cardboard Packaging (15 01 01),Packaging Waste,0,0,0,0
2022,GORIŠKA,15 01 03,Wooden Packaging (15 01 03),Packaging Waste,15 01 03,Wooden Packaging (15 01 03),Packaging Waste,0,78.16,433.94,0
2022,GORIŠKA,15 01 03,Wooden Packaging (15 01 03),Packaging Waste,15 01 03,Wooden Packaging (15 01 03),Packaging Waste,0,66.19,0,0
2022,GORIŠKA,17 02 01,Construction Wood Waste (17 02 01),Construction/Demolition Waste,17 02 01,Construction Wood Waste (17 02 01),Construction/Demolition Waste,0,0,0,0
2022,GORIŠKA,19 12 01,Paper and Cardboard from Waste Treatment (19 12 01),Waste Treatment Residues,19 12 01,Paper and Cardboard from Waste Treatment (19 12 01),Waste Treatment Residues,0,1.256,0,0
2022,GORIŠKA,19 12 01,Paper and Cardboard from Waste Treatment (19 12 01),Waste Treatment Residues,20 01 01,Paper and Cardboard from Municipal Waste (20 01 01),Municipal Waste,0,4.101,0,0
2022,GORIŠKA,20 01 01,Paper and Cardboard from Municipal Waste (20 01 01),Municipal Waste,20 01 01,Paper and Cardboard from Municipal Waste (20 01 01),Municipal Waste,0,0,0,0
2022,GORIŠKA,20 01 01,Paper and Cardboard from Municipal Waste (20 01 01),Municipal Waste,20 01 01,Paper and Cardboard from Municipal Waste (20 01 01),Municipal Waste,0,262.06,0,0
2022,GORIŠKA,20 01 01,Paper and Cardboard from Municipal Waste (20 01 01),Municipal Waste,20 01 01,Paper and Cardboard from Municipal Waste (20 01 01),Municipal Waste,0,748.612,0,0
2022,GORIŠKA,20 01 01,Paper and Cardboard from Municipal Waste (20 01 01),Municipal Waste,19 12 01,Paper and Cardboard from Waste Treatment (19 12 01),Waste Treatment Residues,0,0,322.97,0
2022,GORIŠKA,20 01 01,Paper and Cardboard from Municipal Waste (20 01 01),Municipal Waste,19 12 01,Paper and Cardboard from Waste Treatment (19 12 01),Waste Treatment Residues,0,22.34,0,0
2022,GORIŠKA,20 01 01,Paper and Cardboard from Municipal Waste (20 01 01),Municipal Waste,20 01 01,Paper and Cardboard from Municipal Waste (20 01 01),Municipal Waste,0,45.4,0,0
2022,GORIŠKA,20 01 01,Paper and Cardboard from Municipal Waste (20 01 01),Municipal Waste,20 01 01,Paper and Cardboard from Municipal Waste (20 01 01),Municipal Waste,0,290.987,0,0
2022,GORIŠKA,20 01 01,Paper and Cardboard from Municipal Waste (20 01 01),Municipal Waste,20 01 01,Paper and Cardboard from Municipal Waste (20 01 01),Municipal Waste,0,0,0,0
2022,GORIŠKA,20 03 07,Bulky Municipal Waste (20 03 07),Municipal Waste,19 12 12,Other Mechanically Treated Waste (19 12 12),Waste Treatment Residues,0,5.428,0,0
2022,JUGOVZHODNA SLOVENIJA,03 01 05,Sawdust/Shavings/Cuttings (03 01 05),Wood/Paper Production Waste,03 01 05,Sawdust/Shavings/Cuttings (03 01 05),Wood/Paper Production Waste,3527.943,0,0,0
2022,JUGOVZHODNA SLOVENIJA,03 03 08,Waste from Sorting of Paper and Cardboard for Recycling (03 03 08),Wood/Paper Production Waste,03 03 08,Waste from Sorting of Paper and Cardboard for Recycling (03 03 08),Wood/Paper Production Waste,0,67.66,0,0
2022,JUGOVZHODNA SLOVENIJA,03 03 08,Waste from Sorting of Paper and Cardboard for Recycling (03 03 08),Wood/Paper Production Waste,19 12 12,Other Mechanically Treated Waste (19 12 12),Waste Treatment Residues,0,1755.937,0,0
2022,JUGOVZHODNA SLOVENIJA,15 01 01,Paper and Cardboard Packaging (15 01 01),Packaging Waste,15 01 01,Paper and Cardboard Packaging (15 01 01),Packaging Waste,0,0,6138.536,0
2022,JUGOVZHODNA SLOVENIJA,15 01 01,Paper and Cardboard Packaging (15 01 01),Packaging Waste,15 01 01,Paper and Cardboard Packaging (15 01 01),Packaging Waste,0,0,0,0
2022,JUGOVZHODNA SLOVENIJA,15 01 01,Paper and Cardboard Packaging (15 01 01),Packaging Waste,19 12 01,Paper and Cardboard from Waste Treatment (19 12 01),Waste Treatment Residues,0,436.507,563.799,19.46
2022,JUGOVZHODNA SLOVENIJA,15 01 01,Paper and Cardboard Packaging (15 01 01),Packaging Waste,20 01 01,Paper and Cardboard from Municipal Waste (20 01 01),Municipal Waste,0,97.935,0,0
2022,JUGOVZHODNA SLOVENIJA,15 01 03,Wooden Packaging (15 01 03),Packaging Waste,03 01 05,Sawdust/Shavings/Cuttings (03 01 05),Wood/Paper Production Waste,406.277,0,0,0
2022,JUGOVZHODNA SLOVENIJA,15 01 03,Wooden Packaging (15 01 03),Packaging Waste,15 01 03,Wooden Packaging (15 01 03),Packaging Waste,0,51.3,0,0
2022,JUGOVZHODNA SLOVENIJA,15 01 03,Wooden Packaging (15 01 03),Packaging Waste,15 01 03,Wooden Packaging (15 01 03),Packaging Waste,0,74.12,0,0
2022,JUGOVZHODNA SLOVENIJA,15 01 03,Wooden Packaging (15 01 03),Packaging Waste,15 01 03,Wooden Packaging (15 01 03),Packaging Waste,0,739.18,0,0
2022,JUGOVZHODNA SLOVENIJA,15 01 03,Wooden Packaging (15 01 03),Packaging Waste,15 01 03,Wooden Packaging (15 01 03),Packaging Waste,0,0,0,0
2022,JUGOVZHODNA SLOVENIJA,15 01 03,Wooden Packaging (15 01 03),Packaging Waste,19 12 07,Wood Waste from Treatment (not 19 12 06) (19 12 07),Waste Treatment Residues,0,227.734,0,0
2022,JUGOVZHODNA SLOVENIJA,15 01 03,Wooden Packaging (15 01 03),Packaging Waste,15 01 03,Wooden Packaging (15 01 03),Packaging Waste,0,59.759,0,0
2022,JUGOVZHODNA SLOVENIJA,17 02 01,Construction Wood Waste (17 02 01),Construction/Demolition Waste,17 02 01,Construction Wood Waste (17 02 01),Construction/Demolition Waste,0,51.56,0,0
2022,JUGOVZHODNA SLOVENIJA,17 02 01,Construction Wood Waste (17 02 01),Construction/Demolition Waste,19 12 07,Wood Waste from Treatment (not 19 12 06) (19 12 07),Waste Treatment Residues,0,236.16,0,0
2022,JUGOVZHODNA SLOVENIJA,19 12 01,Paper and Cardboard from Waste Treatment (19 12 01),Waste Treatment Residues,19 12 01,Paper and Cardboard from Waste Treatment (19 12 01),Waste Treatment Residues,0,0,217.126,0
2022,JUGOVZHODNA SLOVENIJA,19 12 07,Wood Waste from Treatment (not 19 12 06) (19 12 07),Waste Treatment Residues,19 12 07,Wood Waste from Treatment (not 19 12 06) (19 12 07),Waste Treatment Residues,14.498,0,0,0
2022,JUGOVZHODNA SLOVENIJA,20 01 01,Paper and Cardboard from Municipal Waste (20 01 01),Municipal Waste,19 12 01,Paper and Cardboard from Waste Treatment (19 12 01),Waste Treatment Residues,0,119.31,0,0
2022,JUGOVZHODNA SLOVENIJA,20 01 01,Paper and Cardboard from Municipal Waste (20 01 01),Municipal Waste,19 12 01,Paper and Cardboard from Waste Treatment (19 12 01),Waste Treatment Residues,0,67.78,0,0
2022,JUGOVZHODNA SLOVENIJA,20 01 01,Paper and Cardboard from Municipal Waste (20 01 01),Municipal Waste,20 01 01,Paper and Cardboard from Municipal Waste (20 01 01),Municipal Waste,0,826.248,1342.922,0
2022,JUGOVZHODNA SLOVENIJA,20 01 01,Paper and Cardboard from Municipal Waste (20 01 01),Municipal Waste,20 01 01,Paper and Cardboard from Municipal Waste (20 01 01),Municipal Waste,0,0,0,0
2022,JUGOVZHODNA SLOVENIJA,20 01 38,Non-hazardous Wood from Municipal Waste (20 01 38),Municipal Waste,19 12 07,Wood Waste from Treatment (not 19 12 06) (19 12 07),Waste Treatment Residues,0,22.83,0,0
2022,JUGOVZHODNA SLOVENIJA,20 01 38,Non-hazardous Wood from Municipal Waste (20 01 38),Municipal Waste,20 01 38,Non-hazardous Wood from Municipal Waste (20 01 38),Municipal Waste,0,29.16,0,0
2022,JUGOVZHODNA SLOVENIJA,20 03 07,Bulky Municipal Waste (20 03 07),Municipal Waste,20 03 07,Bulky Municipal Waste (20 03 07),Municipal Waste,0,0,0,0
2022,JUGOVZHODNA SLOVENIJA,20 03 07,Bulky Municipal Waste (20 03 07),Municipal Waste,15 01 01,Paper and Cardboard Packaging (15 01 01),Packaging Waste,3.98,0,0,0
2022,JUGOVZHODNA SLOVENIJA,20 03 07,Bulky Municipal Waste (20 03 07),Municipal Waste,15 01 02,Plastic Packaging (15 01 02),Packaging Waste,0.96,0,0,0
2022,JUGOVZHODNA SLOVENIJA,20 03 07,Bulky Municipal Waste (20 03 07),Municipal Waste,15 01 06,Mixed Packaging (15 01 06),Packaging Waste,1.18,0,0,0
2022,JUGOVZHODNA SLOVENIJA,20 03 07,Bulky Municipal Waste (20 03 07),Municipal Waste,15 01 07,Glass Packaging (15 01 07),Packaging Waste,0.67,0,0,0
2022,JUGOVZHODNA SLOVENIJA,20 03 07,Bulky Municipal Waste (20 03 07),Municipal Waste,16 01 03,End-of-Life Tyres (16 01 03),Miscellaneous Waste,11.1,0,0,0
2022,JUGOVZHODNA SLOVENIJA,20 03 07,Bulky Municipal Waste (20 03 07),Municipal Waste,19 12 12,Other Mechanically Treated Waste (19 12 12),Waste Treatment Residues,0,0,0,0
2022,JUGOVZHODNA SLOVENIJA,20 03 07,Bulky Municipal Waste (20 03 07),Municipal Waste,20 01 01,Paper and Cardboard from Municipal Waste (20 01 01),Municipal Waste,0.5,0,0,0
2022,JUGOVZHODNA SLOVENIJA,20 03 07,Bulky Municipal Waste (20 03 07),Municipal Waste,20 01 02,Glass from Municipal Waste (20 01 02),Municipal Waste,0,3.64,0,0
2022,JUGOVZHODNA SLOVENIJA,20 03 07,Bulky Municipal Waste (20 03 07),Municipal Waste,20 01 02,Glass from Municipal Waste (20 01 02),Municipal Waste,4.73,0,0,0
2022,JUGOVZHODNA SLOVENIJA,20 03 07,Bulky Municipal Waste (20 03 07),Municipal Waste,20 01 23*,Discarded Equipment Containing CFCs (20 01 23*),Municipal Waste,16.88,0,0,0
2022,JUGOVZHODNA SLOVENIJA,20 03 07,Bulky Municipal Waste (20 03 07),Municipal Waste,20 01 35*,Hazardous Waste Electrical Equipment (20 01 35*),Municipal Waste,3.56,0,0,0
2022,JUGOVZHODNA SLOVENIJA,20 03 07,Bulky Municipal Waste (20 03 07),Municipal Waste,20 01 36,Non-Hazardous Waste Electrical Equipment (20 01 36),Municipal Waste,39.78,0,0,0
2022,JUGOVZHODNA SLOVENIJA,20 03 07,Bulky Municipal Waste (20 03 07),Municipal Waste,20 01 38,Non-hazardous Wood from Municipal Waste (20 01 38),Municipal Waste,0,147.72,0,0
2022,JUGOVZHODNA SLOVENIJA,20 03 07,Bulky Municipal Waste (20 03 07),Municipal Waste,20 01 38,Non-hazardous Wood from Municipal Waste (20 01 38),Municipal Waste,32.2,0,0,0
2022,JUGOVZHODNA SLOVENIJA,20 03 07,Bulky Municipal Waste (20 03 07),Municipal Waste,20 01 39,Plastics from Municipal Waste (20 01 39),Municipal Waste,1.31,0,0,0
2022,JUGOVZHODNA SLOVENIJA,20 03 07,Bulky Municipal Waste (20 03 07),Municipal Waste,20 01 40,Metals from Municipal Waste (20 01 40),Municipal Waste,0,18.42,0,0
2022,JUGOVZHODNA SLOVENIJA,20 03 07,Bulky Municipal Waste (20 03 07),Municipal Waste,20 03 07,Bulky Municipal Waste (20 03 07),Municipal Waste,0,15.82,0,0
2022,JUGOVZHODNA SLOVENIJA,20 03 07,Bulky Municipal Waste (20 03 07),Municipal Waste,20 03 07,Bulky Municipal Waste (20 03 07),Municipal Waste,0,1662.72,0,0
2022,JUGOVZHODNA SLOVENIJA,20 03 07,Bulky Municipal Waste (20 03 07),Municipal Waste,20 03 07,Bulky Municipal Waste (20 03 07),Municipal Waste,1.63,0,0,0
2022,KOROŠKA,03 01 05,Sawdust/Shavings/Cuttings (03 01 05),Wood/Paper Production Waste,10 01 01,"Ash, slag and boiler dust (excluding boiler dust listed under 10 01 04) (10 01 01)",Thermal Process Waste,0,8.28,0,0
2022,KOROŠKA,15 01 01,Paper and Cardboard Packaging (15 01 01),Packaging Waste,15 01 01,Paper and Cardboard Packaging (15 01 01),Packaging Waste,0,0,1418.456,0
2022,KOROŠKA,15 01 01,Paper and Cardboard Packaging (15 01 01),Packaging Waste,15 01 01,Paper and Cardboard Packaging (15 01 01),Packaging Waste,0,129.46,0,0
2022,KOROŠKA,15 01 01,Paper and Cardboard Packaging (15 01 01),Packaging Waste,19 12 01,Paper and Cardboard from Waste Treatment (19 12 01),Waste Treatment Residues,0,510.83,0,0
2022,KOROŠKA,15 01 03,Wooden Packaging (15 01 03),Packaging Waste,15 01 03,Wooden Packaging (15 01 03),Packaging Waste,0,225.28,0,0
2022,KOROŠKA,20 01 01,Paper and Cardboard from Municipal Waste (20 01 01),Municipal Waste,19 12 01,Paper and Cardboard from Waste Treatment (19 12 01),Waste Treatment Residues,0,172.19,4123.494,0
2022,KOROŠKA,20 01 01,Paper and Cardboard from Municipal Waste (20 01 01),Municipal Waste,20 01 01,Paper and Cardboard from Municipal Waste (20 01 01),Municipal Waste,0,0,577.25,0
2022,KOROŠKA,20 01 01,Paper and Cardboard from Municipal Waste (20 01 01),Municipal Waste,20 01 01,Paper and Cardboard from Municipal Waste (20 01 01),Municipal Waste,0,313.36,0,0
2022,KOROŠKA,20 01 01,Paper and Cardboard from Municipal Waste (20 01 01),Municipal Waste,20 01 01,Paper and Cardboard from Municipal Waste (20 01 01),Municipal Waste,100.078,0,0,0
2022,KOROŠKA,20 03 07,Bulky Municipal Waste (20 03 07),Municipal Waste,19 12 12,Other Mechanically Treated Waste (19 12 12),Waste Treatment Residues,0,231.96,0,0
2022,KOROŠKA,20 03 07,Bulky Municipal Waste (20 03 07),Municipal Waste,19 12 12,Other Mechanically Treated Waste (19 12 12),Waste Treatment Residues,650,0,0,0
2022,KOROŠKA,20 03 07,Bulky Municipal Waste (20 03 07),Municipal Waste,20 01 38,Non-hazardous Wood from Municipal Waste (20 01 38),Municipal Waste,0,1110.86,0,0
2022,KOROŠKA,20 03 07,Bulky Municipal Waste (20 03 07),Municipal Waste,20 01 40,Metals from Municipal Waste (20 01 40),Municipal Waste,114.05,0,0,0
2022,OBALNO-KRAŠKA,03 03 08,Waste from Sorting of Paper and Cardboard for Recycling (03 03 08),Wood/Paper Production Waste,19 12 12,Other Mechanically Treated Waste (19 12 12),Waste Treatment Residues,0,69.28,0,0
2022,OBALNO-KRAŠKA,15 01 01,Paper and Cardboard Packaging (15 01 01),Packaging Waste,15 01 01,Paper and Cardboard Packaging (15 01 01),Packaging Waste,0,0,1083.093,0
2022,OBALNO-KRAŠKA,15 01 01,Paper and Cardboard Packaging (15 01 01),Packaging Waste,15 01 01,Paper and Cardboard Packaging (15 01 01),Packaging Waste,0,796.101,0,0
2022,OBALNO-KRAŠKA,15 01 01,Paper and Cardboard Packaging (15 01 01),Packaging Waste,15 01 01,Paper and Cardboard Packaging (15 01 01),Packaging Waste,0,0,0,0
2022,OBALNO-KRAŠKA,15 01 03,Wooden Packaging (15 01 03),Packaging Waste,15 01 03,Wooden Packaging (15 01 03),Packaging Waste,0,46.51,0,0
2022,OBALNO-KRAŠKA,15 01 03,Wooden Packaging (15 01 03),Packaging Waste,15 01 03,Wooden Packaging (15 01 03),Packaging Waste,0,473.492,0,0
2022,OBALNO-KRAŠKA,17 02 01,Construction Wood Waste (17 02 01),Construction/Demolition Waste,17 02 01,Construction Wood Waste (17 02 01),Construction/Demolition Waste,0,0,0,0
2022,OBALNO-KRAŠKA,17 02 01,Construction Wood Waste (17 02 01),Construction/Demolition Waste,15 01 03,Wooden Packaging (15 01 03),Packaging Waste,0,17.808,0,0
2022,OBALNO-KRAŠKA,17 02 01,Construction Wood Waste (17 02 01),Construction/Demolition Waste,15 01 03,Wooden Packaging (15 01 03),Packaging Waste,0,84.238,0,0
2022,OBALNO-KRAŠKA,17 02 01,Construction Wood Waste (17 02 01),Construction/Demolition Waste,17 02 01,Construction Wood Waste (17 02 01),Construction/Demolition Waste,0,267.34,0,0
2022,OBALNO-KRAŠKA,19 12 01,Paper and Cardboard from Waste Treatment (19 12 01),Waste Treatment Residues,19 12 01,Paper and Cardboard from Waste Treatment (19 12 01),Waste Treatment Residues,0,0,0,0
2022,OBALNO-KRAŠKA,19 12 07,Wood Waste from Treatment (not 19 12 06) (19 12 07),Waste Treatment Residues,15 01 03,Wooden Packaging (15 01 03),Packaging Waste,0,7.03,0,0
2022,OBALNO-KRAŠKA,20 01 01,Paper and Cardboard from Municipal Waste (20 01 01),Municipal Waste,19 12 01,Paper and Cardboard from Waste Treatment (19 12 01),Waste Treatment Residues,0,0,16.19,0
2022,OBALNO-KRAŠKA,20 01 01,Paper and Cardboard from Municipal Waste (20 01 01),Municipal Waste,20 01 01,Paper and Cardboard from Municipal Waste (20 01 01),Municipal Waste,0,0,22.2,0
2022,OBALNO-KRAŠKA,20 01 01,Paper and Cardboard from Municipal Waste (20 01 01),Municipal Waste,20 01 01,Paper and Cardboard from Municipal Waste (20 01 01),Municipal Waste,0,597.983,0,0
2022,OBALNO-KRAŠKA,20 01 01,Paper and Cardboard from Municipal Waste (20 01 01),Municipal Waste,20 01 01,Paper and Cardboard from Municipal Waste (20 01 01),Municipal Waste,0,0,0,0
2022,OBALNO-KRAŠKA,20 01 38,Non-hazardous Wood from Municipal Waste (20 01 38),Municipal Waste,15 01 03,Wooden Packaging (15 01 03),Packaging Waste,0,80.902,0,0
2022,OBALNO-KRAŠKA,20 01 38,Non-hazardous Wood from Municipal Waste (20 01 38),Municipal Waste,15 01 03,Wooden Packaging (15 01 03),Packaging Waste,0,21.88,0,0
2022,OBALNO-KRAŠKA,20 03 07,Bulky Municipal Waste (20 03 07),Municipal Waste,19 12 12,Other Mechanically Treated Waste (19 12 12),Waste Treatment Residues,0,21.263,0,0
2022,OSREDNJESLOVENSKA,03 01 05,Sawdust/Shavings/Cuttings (03 01 05),Wood/Paper Production Waste,03 01 05,Sawdust/Shavings/Cuttings (03 01 05),Wood/Paper Production Waste,0,0,0,0
2022,OSREDNJESLOVENSKA,03 01 05,Sawdust/Shavings/Cuttings (03 01 05),Wood/Paper Production Waste,19 12 07,Wood Waste from Treatment (not 19 12 06) (19 12 07),Waste Treatment Residues,0,0,1033.45,0
2022,OSREDNJESLOVENSKA,03 01 05,Sawdust/Shavings/Cuttings (03 01 05),Wood/Paper Production Waste,19 12 12,Other Mechanically Treated Waste (19 12 12),Waste Treatment Residues,0,1.1,0,0
2022,OSREDNJESLOVENSKA,03 01 05,Sawdust/Shavings/Cuttings (03 01 05),Wood/Paper Production Waste,15 01 03,Wooden Packaging (15 01 03),Packaging Waste,0,0.46,0,0
2022,OSREDNJESLOVENSKA,03 01 05,Sawdust/Shavings/Cuttings (03 01 05),Wood/Paper Production Waste,19 12 07,Wood Waste from Treatment (not 19 12 06) (19 12 07),Waste Treatment Residues,0,0,1826.7,0
2022,OSREDNJESLOVENSKA,03 03 01,Bark and Wood Waste from Pulp/Paper Production (03 03 01),Wood/Paper Production Waste,20 01 01,Paper and Cardboard from Municipal Waste (20 01 01),Municipal Waste,0,0,1406.902,0
2022,OSREDNJESLOVENSKA,03 03 08,Waste from Sorting of Paper and Cardboard for Recycling (03 03 08),Wood/Paper Production Waste,19 12 01,Paper and Cardboard from Waste Treatment (19 12 01),Waste Treatment Residues,0,7770.86,0,0
2022,OSREDNJESLOVENSKA,03 03 08,Waste from Sorting of Paper and Cardboard for Recycling (03 03 08),Wood/Paper Production Waste,19 12 01,Paper and Cardboard from Waste Treatment (19 12 01),Waste Treatment Residues,0,104.041,0,0
2022,OSREDNJESLOVENSKA,15 01 01,Paper and Cardboard Packaging (15 01 01),Packaging Waste,15 01 01,Paper and Cardboard Packaging (15 01 01),Packaging Waste,0,434.92,0,0
2022,OSREDNJESLOVENSKA,15 01 01,Paper and Cardboard Packaging (15 01 01),Packaging Waste,15 01 01,Paper and Cardboard Packaging (15 01 01),Packaging Waste,0,0,0,0
2022,OSREDNJESLOVENSKA,15 01 01,Paper and Cardboard Packaging (15 01 01),Packaging Waste,03 03 07,Mechanically Separated Rejects from Pulping (03 03 07),Wood/Paper Production Waste,0,2583.67,0,0
2022,OSREDNJESLOVENSKA,15 01 01,Paper and Cardboard Packaging (15 01 01),Packaging Waste,03 03 07,Mechanically Separated Rejects from Pulping (03 03 07),Wood/Paper Production Waste,0,0,0,0
2022,OSREDNJESLOVENSKA,15 01 01,Paper and Cardboard Packaging (15 01 01),Packaging Waste,15 01 01,Paper and Cardboard Packaging (15 01 01),Packaging Waste,0,0.734,0,0
2022,OSREDNJESLOVENSKA,15 01 01,Paper and Cardboard Packaging (15 01 01),Packaging Waste,15 01 01,Paper and Cardboard Packaging (15 01 01),Packaging Waste,0,5910.661,35275.9,3984.47
2022,OSREDNJESLOVENSKA,15 01 01,Paper and Cardboard Packaging (15 01 01),Packaging Waste,15 01 01,Paper and Cardboard Packaging (15 01 01),Packaging Waste,0,63.7,0,0
2022,OSREDNJESLOVENSKA,15 01 01,Paper and Cardboard Packaging (15 01 01),Packaging Waste,15 01 01,Paper and Cardboard Packaging (15 01 01),Packaging Waste,0,487.37,0,0
2022,OSREDNJESLOVENSKA,15 01 01,Paper and Cardboard Packaging (15 01 01),Packaging Waste,15 01 01,Paper and Cardboard Packaging (15 01 01),Packaging Waste,0,466.244,0,0
2022,OSREDNJESLOVENSKA,15 01 01,Paper and Cardboard Packaging (15 01 01),Packaging Waste,19 12 01,Paper and Cardboard from Waste Treatment (19 12 01),Waste Treatment Residues,0,6156.103,4729.41,1296.93
2022,OSREDNJESLOVENSKA,15 01 01,Paper and Cardboard Packaging (15 01 01),Packaging Waste,19 12 01,Paper and Cardboard from Waste Treatment (19 12 01),Waste Treatment Residues,0,35.731,0,0
2022,OSREDNJESLOVENSKA,15 01 01,Paper and Cardboard Packaging (15 01 01),Packaging Waste,19 12 01,Paper and Cardboard from Waste Treatment (19 12 01),Waste Treatment Residues,0,285.884,0,0
2022,OSREDNJESLOVENSKA,15 01 01,Paper and Cardboard Packaging (15 01 01),Packaging Waste,19 12 12,Other Mechanically Treated Waste (19 12 12),Waste Treatment Residues,0,0.26,0,0
2022,OSREDNJESLOVENSKA,15 01 01,Paper and Cardboard Packaging (15 01 01),Packaging Waste,20 01 01,Paper and Cardboard from Municipal Waste (20 01 01),Municipal Waste,0,176,0,0
2022,OSREDNJESLOVENSKA,15 01 01,Paper and Cardboard Packaging (15 01 01),Packaging Waste,15 01 01,Paper and Cardboard Packaging (15 01 01),Packaging Waste,0,76.18,0,0
2022,OSREDNJESLOVENSKA,15 01 01,Paper and Cardboard Packaging (15 01 01),Packaging Waste,15 01 01,Paper and Cardboard Packaging (15 01 01),Packaging Waste,0,0,0,0
2022,OSREDNJESLOVENSKA,15 01 03,Wooden Packaging (15 01 03),Packaging Waste,15 01 03,Wooden Packaging (15 01 03),Packaging Waste,0,102.55,0,0
2022,OSREDNJESLOVENSKA,15 01 03,Wooden Packaging (15 01 03),Packaging Waste,15 01 03,Wooden Packaging (15 01 03),Packaging Waste,0,0,0,0
2022,OSREDNJESLOVENSKA,15 01 03,Wooden Packaging (15 01 03),Packaging Waste,15 01 03,Wooden Packaging (15 01 03),Packaging Waste,0,1.795,0,0
2022,OSREDNJESLOVENSKA,15 01 03,Wooden Packaging (15 01 03),Packaging Waste,15 01 03,Wooden Packaging (15 01 03),Packaging Waste,0,0.18,0,0
2022,OSREDNJESLOVENSKA,15 01 03,Wooden Packaging (15 01 03),Packaging Waste,12 01 02,Iron Dust and Particles (12 01 02),Metal/Plastic Processing Waste,1.7,0,0,0
2022,OSREDNJESLOVENSKA,15 01 03,Wooden Packaging (15 01 03),Packaging Waste,19 12 07,Wood Waste from Treatment (not 19 12 06) (19 12 07),Waste Treatment Residues,0,0,1224,0
2022,OSREDNJESLOVENSKA,15 01 03,Wooden Packaging (15 01 03),Packaging Waste,15 01 03,Wooden Packaging (15 01 03),Packaging Waste,0,67.77,0,0
2022,OSREDNJESLOVENSKA,15 01 03,Wooden Packaging (15 01 03),Packaging Waste,15 01 03,Wooden Packaging (15 01 03),Packaging Waste,0,42.44,0,0
2022,OSREDNJESLOVENSKA,15 01 03,Wooden Packaging (15 01 03),Packaging Waste,15 01 03,Wooden Packaging (15 01 03),Packaging Waste,0,827.53,49.46,0
2022,OSREDNJESLOVENSKA,15 01 03,Wooden Packaging (15 01 03),Packaging Waste,15 01 03,Wooden Packaging (15 01 03),Packaging Waste,0,104.375,0,0
2022,OSREDNJESLOVENSKA,15 01 03,Wooden Packaging (15 01 03),Packaging Waste,15 01 03,Wooden Packaging (15 01 03),Packaging Waste,0,59.98,0,0
2022,OSREDNJESLOVENSKA,15 01 03,Wooden Packaging (15 01 03),Packaging Waste,17 02 01,Construction Wood Waste (17 02 01),Construction/Demolition Waste,0,392.009,0,0
2022,OSREDNJESLOVENSKA,15 01 03,Wooden Packaging (15 01 03),Packaging Waste,19 12 02,Ferrous Metals from Mechanical Treatment (19 12 02),Waste Treatment Residues,0,82.08,0,0
2022,OSREDNJESLOVENSKA,15 01 03,Wooden Packaging (15 01 03),Packaging Waste,19 12 07,Wood Waste from Treatment (not 19 12 06) (19 12 07),Waste Treatment Residues,0,0,4022.213,0
2022,OSREDNJESLOVENSKA,15 01 03,Wooden Packaging (15 01 03),Packaging Waste,19 12 07,Wood Waste from Treatment (not 19 12 06) (19 12 07),Waste Treatment Residues,0,0,0,0
2022,OSREDNJESLOVENSKA,15 01 03,Wooden Packaging (15 01 03),Packaging Waste,15 01 03,Wooden Packaging (15 01 03),Packaging Waste,0,53.52,184.54,0
2022,OSREDNJESLOVENSKA,15 01 03,Wooden Packaging (15 01 03),Packaging Waste,15 01 03,Wooden Packaging (15 01 03),Packaging Waste,0,14.92,0,0
2022,OSREDNJESLOVENSKA,15 01 03,Wooden Packaging (15 01 03),Packaging Waste,15 01 03,Wooden Packaging (15 01 03),Packaging Waste,0,0,0,0
2022,OSREDNJESLOVENSKA,17 02 01,Construction Wood Waste (17 02 01),Construction/Demolition Waste,17 02 01,Construction Wood Waste (17 02 01),Construction/Demolition Waste,0,0,0,0
2022,OSREDNJESLOVENSKA,17 02 01,Construction Wood Waste (17 02 01),Construction/Demolition Waste,19 12 07,Wood Waste from Treatment (not 19 12 06) (19 12 07),Waste Treatment Residues,0,0,3599.24,0
2022,OSREDNJESLOVENSKA,17 02 01,Construction Wood Waste (17 02 01),Construction/Demolition Waste,19 12 02,Ferrous Metals from Mechanical Treatment (19 12 02),Waste Treatment Residues,36.204,0,0,0
2022,OSREDNJESLOVENSKA,17 02 01,Construction Wood Waste (17 02 01),Construction/Demolition Waste,19 12 03,Non-Ferrous Metals from Mechanical Treatment (19 12 03),Waste Treatment Residues,0.8,0,0,0
2022,OSREDNJESLOVENSKA,17 02 01,Construction Wood Waste (17 02 01),Construction/Demolition Waste,20 01 38,Non-hazardous Wood from Municipal Waste (20 01 38),Municipal Waste,0,9.4,0,0
2022,OSREDNJESLOVENSKA,17 02 01,Construction Wood Waste (17 02 01),Construction/Demolition Waste,15 01 03,Wooden Packaging (15 01 03),Packaging Waste,0,218.271,0,0
2022,OSREDNJESLOVENSKA,17 02 01,Construction Wood Waste (17 02 01),Construction/Demolition Waste,17 02 01,Construction Wood Waste (17 02 01),Construction/Demolition Waste,0,203.091,0,0
2022,OSREDNJESLOVENSKA,17 02 01,Construction Wood Waste (17 02 01),Construction/Demolition Waste,19 12 07,Wood Waste from Treatment (not 19 12 06) (19 12 07),Waste Treatment Residues,0,0,1145.91,0
2022,OSREDNJESLOVENSKA,19 12 01,Paper and Cardboard from Waste Treatment (19 12 01),Waste Treatment Residues,19 12 01,Paper and Cardboard from Waste Treatment (19 12 01),Waste Treatment Residues,0,0,0,0
2022,OSREDNJESLOVENSKA,19 12 01,Paper and Cardboard from Waste Treatment (19 12 01),Waste Treatment Residues,03 03 07,Mechanically Separated Rejects from Pulping (03 03 07),Wood/Paper Production Waste,0,8642.07,0,0
2022,OSREDNJESLOVENSKA,19 12 01,Paper and Cardboard from Waste Treatment (19 12 01),Waste Treatment Residues,03 03 07,Mechanically Separated Rejects from Pulping (03 03 07),Wood/Paper Production Waste,0,0,0,0
2022,OSREDNJESLOVENSKA,19 12 01,Paper and Cardboard from Waste Treatment (19 12 01),Waste Treatment Residues,19 12 01,Paper and Cardboard from Waste Treatment (19 12 01),Waste Treatment Residues,0.1,0,0,0
2022,OSREDNJESLOVENSKA,19 12 01,Paper and Cardboard from Waste Treatment (19 12 01),Waste Treatment Residues,19 12 01,Paper and Cardboard from Waste Treatment (19 12 01),Waste Treatment Residues,0,2601.084,3348.56,504.38
2022,OSREDNJESLOVENSKA,19 12 01,Paper and Cardboard from Waste Treatment (19 12 01),Waste Treatment Residues,19 12 01,Paper and Cardboard from Waste Treatment (19 12 01),Waste Treatment Residues,0,6571.617,0,0
2022,OSREDNJESLOVENSKA,19 12 01,Paper and Cardboard from Waste Treatment (19 12 01),Waste Treatment Residues,19 12 01,Paper and Cardboard from Waste Treatment (19 12 01),Waste Treatment Residues,0,0,0,0
2022,OSREDNJESLOVENSKA,19 12 01,Paper and Cardboard from Waste Treatment (19 12 01),Waste Treatment Residues,19 12 01,Paper and Cardboard from Waste Treatment (19 12 01),Waste Treatment Residues,0,1042.9,0,0
2022,OSREDNJESLOVENSKA,19 12 01,Paper and Cardboard from Waste Treatment (19 12 01),Waste Treatment Residues,19 12 01,Paper and Cardboard from Waste Treatment (19 12 01),Waste Treatment Residues,0,0,0,0
2022,OSREDNJESLOVENSKA,19 12 07,Wood Waste from Treatment (not 19 12 06) (19 12 07),Waste Treatment Residues,19 12 07,Wood Waste from Treatment (not 19 12 06) (19 12 07),Waste Treatment Residues,0,7.14,0,0
2022,OSREDNJESLOVENSKA,19 12 07,Wood Waste from Treatment (not 19 12 06) (19 12 07),Waste Treatment Residues,19 12 07,Wood Waste from Treatment (not 19 12 06) (19 12 07),Waste Treatment Residues,0,0,33.32,0
2022,OSREDNJESLOVENSKA,19 12 07,Wood Waste from Treatment (not 19 12 06) (19 12 07),Waste Treatment Residues,15 01 03,Wooden Packaging (15 01 03),Packaging Waste,0,10.46,0,0
2022,OSREDNJESLOVENSKA,19 12 07,Wood Waste from Treatment (not 19 12 06) (19 12 07),Waste Treatment Residues,15 01 03,Wooden Packaging (15 01 03),Packaging Waste,0,125.519,0,0
2022,OSREDNJESLOVENSKA,19 12 07,Wood Waste from Treatment (not 19 12 06) (19 12 07),Waste Treatment Residues,15 01 03,Wooden Packaging (15 01 03),Packaging Waste,0,918.089,0,0
2022,OSREDNJESLOVENSKA,19 12 07,Wood Waste from Treatment (not 19 12 06) (19 12 07),Waste Treatment Residues,19 12 07,Wood Waste from Treatment (not 19 12 06) (19 12 07),Waste Treatment Residues,0,0,801,0
2022,OSREDNJESLOVENSKA,20 01 01,Paper and Cardboard from Municipal Waste (20 01 01),Municipal Waste,20 01 01,Paper and Cardboard from Municipal Waste (20 01 01),Municipal Waste,0,0,0,0
2022,OSREDNJESLOVENSKA,20 01 01,Paper and Cardboard from Municipal Waste (20 01 01),Municipal Waste,03 03 07,Mechanically Separated Rejects from Pulping (03 03 07),Wood/Paper Production Waste,0,8824.3,0,0
2022,OSREDNJESLOVENSKA,20 01 01,Paper and Cardboard from Municipal Waste (20 01 01),Municipal Waste,03 03 07,Mechanically Separated Rejects from Pulping (03 03 07),Wood/Paper Production Waste,0,0,0,0
2022,OSREDNJESLOVENSKA,20 01 01,Paper and Cardboard from Municipal Waste (20 01 01),Municipal Waste,19 12 12,Other Mechanically Treated Waste (19 12 12),Waste Treatment Residues,0,3.699,0,0
2022,OSREDNJESLOVENSKA,20 01 01,Paper and Cardboard from Municipal Waste (20 01 01),Municipal Waste,15 01 01,Paper and Cardboard Packaging (15 01 01),Packaging Waste,0,19.791,0,0
2022,OSREDNJESLOVENSKA,20 01 01,Paper and Cardboard from Municipal Waste (20 01 01),Municipal Waste,19 12 01,Paper and Cardboard from Waste Treatment (19 12 01),Waste Treatment Residues,0,19912.578,22.626,2175.438
2022,OSREDNJESLOVENSKA,20 01 01,Paper and Cardboard from Municipal Waste (20 01 01),Municipal Waste,19 12 01,Paper and Cardboard from Waste Treatment (19 12 01),Waste Treatment Residues,0,0,137.11,0
2022,OSREDNJESLOVENSKA,20 01 01,Paper and Cardboard from Municipal Waste (20 01 01),Municipal Waste,19 12 01,Paper and Cardboard from Waste Treatment (19 12 01),Waste Treatment Residues,0,483.44,0,0
2022,OSREDNJESLOVENSKA,20 01 01,Paper and Cardboard from Municipal Waste (20 01 01),Municipal Waste,19 12 01,Paper and Cardboard from Waste Treatment (19 12 01),Waste Treatment Residues,0,0,23.9,0
2022,OSREDNJESLOVENSKA,20 01 01,Paper and Cardboard from Municipal Waste (20 01 01),Municipal Waste,20 01 01,Paper and Cardboard from Municipal Waste (20 01 01),Municipal Waste,0,3247.707,16298.282,1285.95
2022,OSREDNJESLOVENSKA,20 01 01,Paper and Cardboard from Municipal Waste (20 01 01),Municipal Waste,20 01 01,Paper and Cardboard from Municipal Waste (20 01 01),Municipal Waste,0,0,1069.47,0
2022,OSREDNJESLOVENSKA,20 01 01,Paper and Cardboard from Municipal Waste (20 01 01),Municipal Waste,20 01 01,Paper and Cardboard from Municipal Waste (20 01 01),Municipal Waste,0,777.942,117,0
2022,OSREDNJESLOVENSKA,20 01 01,Paper and Cardboard from Municipal Waste (20 01 01),Municipal Waste,20 01 01,Paper and Cardboard from Municipal Waste (20 01 01),Municipal Waste,675.12,0,0,0
2022,OSREDNJESLOVENSKA,20 01 38,Non-hazardous Wood from Municipal Waste (20 01 38),Municipal Waste,20 01 38,Non-hazardous Wood from Municipal Waste (20 01 38),Municipal Waste,0,2208.06,0,0
2022,OSREDNJESLOVENSKA,20 01 38,Non-hazardous Wood from Municipal Waste (20 01 38),Municipal Waste,20 01 38,Non-hazardous Wood from Municipal Waste (20 01 38),Municipal Waste,0,0,0,0
2022,OSREDNJESLOVENSKA,20 01 38,Non-hazardous Wood from Municipal Waste (20 01 38),Municipal Waste,17 04 05,Iron and Steel Waste (17 04 05),Construction/Demolition Waste,0,412.612,0,0
2022,OSREDNJESLOVENSKA,20 01 38,Non-hazardous Wood from Municipal Waste (20 01 38),Municipal Waste,19 12 07,Wood Waste from Treatment (not 19 12 06) (19 12 07),Waste Treatment Residues,0,0,24857.569,0
2022,OSREDNJESLOVENSKA,20 01 38,Non-hazardous Wood from Municipal Waste (20 01 38),Municipal Waste,20 01 40,Metals from Municipal Waste (20 01 40),Municipal Waste,0,113.34,0,0
2022,OSREDNJESLOVENSKA,20 01 38,Non-hazardous Wood from Municipal Waste (20 01 38),Municipal Waste,19 12 07,Wood Waste from Treatment (not 19 12 06) (19 12 07),Waste Treatment Residues,0,89.58,0,0
2022,OSREDNJESLOVENSKA,20 01 38,Non-hazardous Wood from Municipal Waste (20 01 38),Municipal Waste,20 01 38,Non-hazardous Wood from Municipal Waste (20 01 38),Municipal Waste,0,7995.32,0,0
2022,OSREDNJESLOVENSKA,20 01 38,Non-hazardous Wood from Municipal Waste (20 01 38),Municipal Waste,15 01 03,Wooden Packaging (15 01 03),Packaging Waste,0,25.441,0,0
2022,OSREDNJESLOVENSKA,20 01 38,Non-hazardous Wood from Municipal Waste (20 01 38),Municipal Waste,19 12 02,Ferrous Metals from Mechanical Treatment (19 12 02),Waste Treatment Residues,0,179.6,0,0
2022,OSREDNJESLOVENSKA,20 01 38,Non-hazardous Wood from Municipal Waste (20 01 38),Municipal Waste,19 12 07,Wood Waste from Treatment (not 19 12 06) (19 12 07),Waste Treatment Residues,0,0,16911.077,0
2022,OSREDNJESLOVENSKA,20 01 38,Non-hazardous Wood from Municipal Waste (20 01 38),Municipal Waste,19 12 07,Wood Waste from Treatment (not 19 12 06) (19 12 07),Waste Treatment Residues,0,0,0,0
2022,OSREDNJESLOVENSKA,20 01 38,Non-hazardous Wood from Municipal Waste (20 01 38),Municipal Waste,20 01 38,Non-hazardous Wood from Municipal Waste (20 01 38),Municipal Waste,0,1103.94,0,0
2022,OSREDNJESLOVENSKA,20 03 07,Bulky Municipal Waste (20 03 07),Municipal Waste,20 03 07,Bulky Municipal Waste (20 03 07),Municipal Waste,0,0,0,0
2022,OSREDNJESLOVENSKA,20 03 07,Bulky Municipal Waste (20 03 07),Municipal Waste,19 12 02,Ferrous Metals from Mechanical Treatment (19 12 02),Waste Treatment Residues,0,299.283,0,0
2022,OSREDNJESLOVENSKA,20 03 07,Bulky Municipal Waste (20 03 07),Municipal Waste,19 12 03,Non-Ferrous Metals from Mechanical Treatment (19 12 03),Waste Treatment Residues,0.026,0,0,0
2022,OSREDNJESLOVENSKA,20 03 07,Bulky Municipal Waste (20 03 07),Municipal Waste,19 12 12,Other Mechanically Treated Waste (19 12 12),Waste Treatment Residues,0,0,68.035,0
2022,OSREDNJESLOVENSKA,20 03 07,Bulky Municipal Waste (20 03 07),Municipal Waste,19 12 12,Other Mechanically Treated Waste (19 12 12),Waste Treatment Residues,0,14015.193,0,0
2022,OSREDNJESLOVENSKA,20 03 07,Bulky Municipal Waste (20 03 07),Municipal Waste,19 12 02,Ferrous Metals from Mechanical Treatment (19 12 02),Waste Treatment Residues,0,2678.046,0,0
2022,OSREDNJESLOVENSKA,20 03 07,Bulky Municipal Waste (20 03 07),Municipal Waste,19 12 02,Ferrous Metals from Mechanical Treatment (19 12 02),Waste Treatment Residues,0,135.66,0,0
2022,OSREDNJESLOVENSKA,20 03 07,Bulky Municipal Waste (20 03 07),Municipal Waste,19 12 04,Plastics and Rubber from Mechanical Treatment (19 12 04),Waste Treatment Residues,0,0.72,0,0
2022,OSREDNJESLOVENSKA,20 03 07,Bulky Municipal Waste (20 03 07),Municipal Waste,19 12 07,Wood Waste from Treatment (not 19 12 06) (19 12 07),Waste Treatment Residues,0,0,33.64,0
2022,OSREDNJESLOVENSKA,20 03 07,Bulky Municipal Waste (20 03 07),Municipal Waste,19 12 07,Wood Waste from Treatment (not 19 12 06) (19 12 07),Waste Treatment Residues,0,1.96,0,0
2022,OSREDNJESLOVENSKA,20 03 07,Bulky Municipal Waste (20 03 07),Municipal Waste,19 12 12,Other Mechanically Treated Waste (19 12 12),Waste Treatment Residues,0,0,266.953,0
2022,OSREDNJESLOVENSKA,20 03 07,Bulky Municipal Waste (20 03 07),Municipal Waste,19 12 12,Other Mechanically Treated Waste (19 12 12),Waste Treatment Residues,0,250.737,0,0
2022,OSREDNJESLOVENSKA,20 03 07,Bulky Municipal Waste (20 03 07),Municipal Waste,19 12 12,Other Mechanically Treated Waste (19 12 12),Waste Treatment Residues,0,172.879,0,0
2022,OSREDNJESLOVENSKA,20 03 07,Bulky Municipal Waste (20 03 07),Municipal Waste,19 12 12,Other Mechanically Treated Waste (19 12 12),Waste Treatment Residues,0,1.02,0,0
2022,OSREDNJESLOVENSKA,20 03 07,Bulky Municipal Waste (20 03 07),Municipal Waste,20 01 02,Glass from Municipal Waste (20 01 02),Municipal Waste,0,130.55,0,0
2022,OSREDNJESLOVENSKA,20 03 07,Bulky Municipal Waste (20 03 07),Municipal Waste,20 01 38,Non-hazardous Wood from Municipal Waste (20 01 38),Municipal Waste,0,180.33,0,0
2022,OSREDNJESLOVENSKA,20 03 07,Bulky Municipal Waste (20 03 07),Municipal Waste,20 01 40,Metals from Municipal Waste (20 01 40),Municipal Waste,0,6.182,0,0
2022,OSREDNJESLOVENSKA,20 03 07,Bulky Municipal Waste (20 03 07),Municipal Waste,20 03 07,Bulky Municipal Waste (20 03 07),Municipal Waste,0,8745.174,0,0
2022,OSREDNJESLOVENSKA,20 03 07,Bulky Municipal Waste (20 03 07),Municipal Waste,20 03 07,Bulky Municipal Waste (20 03 07),Municipal Waste,0,100.58,0,0
2022,OSREDNJESLOVENSKA,20 03 07,Bulky Municipal Waste (20 03 07),Municipal Waste,20 03 07,Bulky Municipal Waste (20 03 07),Municipal Waste,0,0,0,0
2022,PODRAVSKA,02 01 07,Forestry Waste (02 01 07),Agricultural/Forestry Waste,02 01 07,Forestry Waste (02 01 07),Agricultural/Forestry Waste,0,12.74,0,0
2022,PODRAVSKA,02 01 07,Forestry Waste (02 01 07),Agricultural/Forestry Waste,19 12 07,Wood Waste from Treatment (not 19 12 06) (19 12 07),Waste Treatment Residues,13.7,0,0,0
2022,PODRAVSKA,03 01 05,Sawdust/Shavings/Cuttings (03 01 05),Wood/Paper Production Waste,19 12 07,Wood Waste from Treatment (not 19 12 06) (19 12 07),Waste Treatment Residues,273.16,0,0,0
2022,PODRAVSKA,03 01 99,Other Unspecified Wood Waste (03 01 99),Wood/Paper Production Waste,19 12 12,Other Mechanically Treated Waste (19 12 12),Waste Treatment Residues,0,0,1154.36,0
2022,PODRAVSKA,03 03 08,Waste from Sorting of Paper and Cardboard for Recycling (03 03 08),Wood/Paper Production Waste,19 12 12,Other Mechanically Treated Waste (19 12 12),Waste Treatment Residues,0,0,267.64,0
2022,PODRAVSKA,03 03 08,Waste from Sorting of Paper and Cardboard for Recycling (03 03 08),Wood/Paper Production Waste,03 03 08,Waste from Sorting of Paper and Cardboard for Recycling (03 03 08),Wood/Paper Production Waste,0,0,114.14,0
2022,PODRAVSKA,03 03 08,Waste from Sorting of Paper and Cardboard for Recycling (03 03 08),Wood/Paper Production Waste,19 12 01,Paper and Cardboard from Waste Treatment (19 12 01),Waste Treatment Residues,0,1895.51,0,0
2022,PODRAVSKA,03 03 08,Waste from Sorting of Paper and Cardboard for Recycling (03 03 08),Wood/Paper Production Waste,19 12 01,Paper and Cardboard from Waste Treatment (19 12 01),Waste Treatment Residues,0,26.47,0,0
2022,PODRAVSKA,15 01 01,Paper and Cardboard Packaging (15 01 01),Packaging Waste,15 01 01,Paper and Cardboard Packaging (15 01 01),Packaging Waste,0,0,11494.692,61.46
2022,PODRAVSKA,15 01 01,Paper and Cardboard Packaging (15 01 01),Packaging Waste,15 01 01,Paper and Cardboard Packaging (15 01 01),Packaging Waste,0,94.264,0,0
2022,PODRAVSKA,15 01 01,Paper and Cardboard Packaging (15 01 01),Packaging Waste,15 01 01,Paper and Cardboard Packaging (15 01 01),Packaging Waste,0,1.26,0,0
2022,PODRAVSKA,15 01 01,Paper and Cardboard Packaging (15 01 01),Packaging Waste,15 01 01,Paper and Cardboard Packaging (15 01 01),Packaging Waste,0,1296.598,0,0
2022,PODRAVSKA,15 01 01,Paper and Cardboard Packaging (15 01 01),Packaging Waste,19 12 01,Paper and Cardboard from Waste Treatment (19 12 01),Waste Treatment Residues,0,818.11,1409.149,0
2022,PODRAVSKA,15 01 01,Paper and Cardboard Packaging (15 01 01),Packaging Waste,19 12 01,Paper and Cardboard from Waste Treatment (19 12 01),Waste Treatment Residues,0,807.014,0,0
2022,PODRAVSKA,15 01 03,Wooden Packaging (15 01 03),Packaging Waste,15 01 03,Wooden Packaging (15 01 03),Packaging Waste,0,180.32,0,0
2022,PODRAVSKA,15 01 03,Wooden Packaging (15 01 03),Packaging Waste,15 01 03,Wooden Packaging (15 01 03),Packaging Waste,0,2583.12,340.337,0
2022,PODRAVSKA,15 01 03,Wooden Packaging (15 01 03),Packaging Waste,15 01 03,Wooden Packaging (15 01 03),Packaging Waste,0,0,0,0
2022,PODRAVSKA,15 01 03,Wooden Packaging (15 01 03),Packaging Waste,19 12 07,Wood Waste from Treatment (not 19 12 06) (19 12 07),Waste Treatment Residues,0,290.969,0,0
2022,PODRAVSKA,15 01 03,Wooden Packaging (15 01 03),Packaging Waste,19 12 07,Wood Waste from Treatment (not 19 12 06) (19 12 07),Waste Treatment Residues,0,0,0,0
2022,PODRAVSKA,15 01 03,Wooden Packaging (15 01 03),Packaging Waste,19 12 12,Other Mechanically Treated Waste (19 12 12),Waste Treatment Residues,0,0,0,0
2022,PODRAVSKA,19 12 01,Paper and Cardboard from Waste Treatment (19 12 01),Waste Treatment Residues,19 12 01,Paper and Cardboard from Waste Treatment (19 12 01),Waste Treatment Residues,0,334.18,288.521,81.74
2022,PODRAVSKA,19 12 01,Paper and Cardboard from Waste Treatment (19 12 01),Waste Treatment Residues,19 12 12,Other Mechanically Treated Waste (19 12 12),Waste Treatment Residues,0,0,143.94,0
2022,PODRAVSKA,19 12 07,Wood Waste from Treatment (not 19 12 06) (19 12 07),Waste Treatment Residues,19 12 12,Other Mechanically Treated Waste (19 12 12),Waste Treatment Residues,0,0,0,0
2022,PODRAVSKA,20 01 01,Paper and Cardboard from Municipal Waste (20 01 01),Municipal Waste,20 01 01,Paper and Cardboard from Municipal Waste (20 01 01),Municipal Waste,0,164.128,0,0
2022,PODRAVSKA,20 01 01,Paper and Cardboard from Municipal Waste (20 01 01),Municipal Waste,20 01 01,Paper and Cardboard from Municipal Waste (20 01 01),Municipal Waste,0,0,0,0
2022,PODRAVSKA,20 01 01,Paper and Cardboard from Municipal Waste (20 01 01),Municipal Waste,20 01 01,Paper and Cardboard from Municipal Waste (20 01 01),Municipal Waste,0,1398.399,0,0
2022,PODRAVSKA,20 01 01,Paper and Cardboard from Municipal Waste (20 01 01),Municipal Waste,19 12 01,Paper and Cardboard from Waste Treatment (19 12 01),Waste Treatment Residues,0,15.44,4172.815,0
2022,PODRAVSKA,20 01 01,Paper and Cardboard from Municipal Waste (20 01 01),Municipal Waste,19 12 01,Paper and Cardboard from Waste Treatment (19 12 01),Waste Treatment Residues,0,8.7,0,0
2022,PODRAVSKA,20 01 01,Paper and Cardboard from Municipal Waste (20 01 01),Municipal Waste,19 12 01,Paper and Cardboard from Waste Treatment (19 12 01),Waste Treatment Residues,0,98.53,0,0
2022,PODRAVSKA,20 01 01,Paper and Cardboard from Municipal Waste (20 01 01),Municipal Waste,19 12 01,Paper and Cardboard from Waste Treatment (19 12 01),Waste Treatment Residues,42.191,0,0,0
2022,PODRAVSKA,20 01 01,Paper and Cardboard from Municipal Waste (20 01 01),Municipal Waste,20 01 01,Paper and Cardboard from Municipal Waste (20 01 01),Municipal Waste,0,0,3815.963,0
2022,PODRAVSKA,20 01 01,Paper and Cardboard from Municipal Waste (20 01 01),Municipal Waste,20 01 01,Paper and Cardboard from Municipal Waste (20 01 01),Municipal Waste,23.6,182.56,0,0
2022,PODRAVSKA,20 01 38,Non-hazardous Wood from Municipal Waste (20 01 38),Municipal Waste,15 01 03,Wooden Packaging (15 01 03),Packaging Waste,0,0,34.97,0
2022,PODRAVSKA,20 01 38,Non-hazardous Wood from Municipal Waste (20 01 38),Municipal Waste,19 12 12,Other Mechanically Treated Waste (19 12 12),Waste Treatment Residues,0,0,0.326,0
2022,PODRAVSKA,20 01 38,Non-hazardous Wood from Municipal Waste (20 01 38),Municipal Waste,20 01 38,Non-hazardous Wood from Municipal Waste (20 01 38),Municipal Waste,180.36,0,0,0
2022,PODRAVSKA,20 03 07,Bulky Municipal Waste (20 03 07),Municipal Waste,19 12 02,Ferrous Metals from Mechanical Treatment (19 12 02),Waste Treatment Residues,0,24.54,0,0
2022,PODRAVSKA,20 03 07,Bulky Municipal Waste (20 03 07),Municipal Waste,19 12 12,Other Mechanically Treated Waste (19 12 12),Waste Treatment Residues,0,186.5,0,0
2022,PODRAVSKA,20 03 07,Bulky Municipal Waste (20 03 07),Municipal Waste,20 03 01,Mixed Municipal Waste (20 03 01),Municipal Waste,0,279.75,0,0
2022,PODRAVSKA,20 03 07,Bulky Municipal Waste (20 03 07),Municipal Waste,19 12 12,Other Mechanically Treated Waste (19 12 12),Waste Treatment Residues,0,0,2000,0
2022,PODRAVSKA,20 03 07,Bulky Municipal Waste (20 03 07),Municipal Waste,20 01 38,Non-hazardous Wood from Municipal Waste (20 01 38),Municipal Waste,0,84.924,0,0
2022,PODRAVSKA,20 03 07,Bulky Municipal Waste (20 03 07),Municipal Waste,20 03 07,Bulky Municipal Waste (20 03 07),Municipal Waste,0,670.46,0,0
2022,PODRAVSKA,20 03 07,Bulky Municipal Waste (20 03 07),Municipal Waste,19 12 02,Ferrous Metals from Mechanical Treatment (19 12 02),Waste Treatment Residues,0,0,155.465,0
2022,PODRAVSKA,20 03 07,Bulky Municipal Waste (20 03 07),Municipal Waste,19 12 02,Ferrous Metals from Mechanical Treatment (19 12 02),Waste Treatment Residues,0,0,0,0
2022,PODRAVSKA,20 03 07,Bulky Municipal Waste (20 03 07),Municipal Waste,19 12 03,Non-Ferrous Metals from Mechanical Treatment (19 12 03),Waste Treatment Residues,0,0,3.8,0
2022,PODRAVSKA,20 03 07,Bulky Municipal Waste (20 03 07),Municipal Waste,19 12 03,Non-Ferrous Metals from Mechanical Treatment (19 12 03),Waste Treatment Residues,0,0,0,0
2022,PODRAVSKA,20 03 07,Bulky Municipal Waste (20 03 07),Municipal Waste,19 12 04,Plastics and Rubber from Mechanical Treatment (19 12 04),Waste Treatment Residues,0,0,2.745,0
2022,PODRAVSKA,20 03 07,Bulky Municipal Waste (20 03 07),Municipal Waste,19 12 12,Other Mechanically Treated Waste (19 12 12),Waste Treatment Residues,0,0,1698.154,0
2022,PODRAVSKA,20 03 07,Bulky Municipal Waste (20 03 07),Municipal Waste,19 12 12,Other Mechanically Treated Waste (19 12 12),Waste Treatment Residues,0,145.833,0,0
2022,PODRAVSKA,20 03 07,Bulky Municipal Waste (20 03 07),Municipal Waste,19 12 12,Other Mechanically Treated Waste (19 12 12),Waste Treatment Residues,0,0,0,0
2022,PODRAVSKA,20 03 07,Bulky Municipal Waste (20 03 07),Municipal Waste,20 03 07,Bulky Municipal Waste (20 03 07),Municipal Waste,0,0,0,0
2022,POMURSKA,03 01 05,Sawdust/Shavings/Cuttings (03 01 05),Wood/Paper Production Waste,03 01 05,Sawdust/Shavings/Cuttings (03 01 05),Wood/Paper Production Waste,0,355.517,0,0
2022,POMURSKA,03 01 05,Sawdust/Shavings/Cuttings (03 01 05),Wood/Paper Production Waste,19 12 07,Wood Waste from Treatment (not 19 12 06) (19 12 07),Waste Treatment Residues,0,0,1294.243,0
2022,POMURSKA,03 01 05,Sawdust/Shavings/Cuttings (03 01 05),Wood/Paper Production Waste,20 01 38,Non-hazardous Wood from Municipal Waste (20 01 38),Municipal Waste,0,138.32,0,0
2022,POMURSKA,15 01 01,Paper and Cardboard Packaging (15 01 01),Packaging Waste,15 01 01,Paper and Cardboard Packaging (15 01 01),Packaging Waste,0,0,3404.793,0
2022,POMURSKA,15 01 01,Paper and Cardboard Packaging (15 01 01),Packaging Waste,15 01 01,Paper and Cardboard Packaging (15 01 01),Packaging Waste,0,182.84,0,0
2022,POMURSKA,15 01 01,Paper and Cardboard Packaging (15 01 01),Packaging Waste,15 01 01,Paper and Cardboard Packaging (15 01 01),Packaging Waste,137.955,0,0,0
2022,POMURSKA,15 01 01,Paper and Cardboard Packaging (15 01 01),Packaging Waste,20 01 01,Paper and Cardboard from Municipal Waste (20 01 01),Municipal Waste,0,118.137,0,0
2022,POMURSKA,15 01 01,Paper and Cardboard Packaging (15 01 01),Packaging Waste,20 01 01,Paper and Cardboard from Municipal Waste (20 01 01),Municipal Waste,37.56,0,0,0
2022,POMURSKA,15 01 03,Wooden Packaging (15 01 03),Packaging Waste,15 01 03,Wooden Packaging (15 01 03),Packaging Waste,0,139.88,0,0
2022,POMURSKA,15 01 03,Wooden Packaging (15 01 03),Packaging Waste,15 01 03,Wooden Packaging (15 01 03),Packaging Waste,0,0,0,0
2022,POMURSKA,15 01 03,Wooden Packaging (15 01 03),Packaging Waste,19 12 07,Wood Waste from Treatment (not 19 12 06) (19 12 07),Waste Treatment Residues,0,0,358.949,0
2022,POMURSKA,19 12 07,Wood Waste from Treatment (not 19 12 06) (19 12 07),Waste Treatment Residues,19 12 07,Wood Waste from Treatment (not 19 12 06) (19 12 07),Waste Treatment Residues,0,0,124.268,0
2022,POMURSKA,20 01 01,Paper and Cardboard from Municipal Waste (20 01 01),Municipal Waste,15 01 01,Paper and Cardboard Packaging (15 01 01),Packaging Waste,0,0,190.25,0
2022,POMURSKA,20 01 01,Paper and Cardboard from Municipal Waste (20 01 01),Municipal Waste,19 12 01,Paper and Cardboard from Waste Treatment (19 12 01),Waste Treatment Residues,0,0,1023.88,0
2022,POMURSKA,20 01 01,Paper and Cardboard from Municipal Waste (20 01 01),Municipal Waste,19 12 01,Paper and Cardboard from Waste Treatment (19 12 01),Waste Treatment Residues,0,0,0,0
2022,POMURSKA,20 01 01,Paper and Cardboard from Municipal Waste (20 01 01),Municipal Waste,20 01 01,Paper and Cardboard from Municipal Waste (20 01 01),Municipal Waste,0,0,630.46,0
2022,POMURSKA,20 01 01,Paper and Cardboard from Municipal Waste (20 01 01),Municipal Waste,20 01 01,Paper and Cardboard from Municipal Waste (20 01 01),Municipal Waste,0,220.286,0,0
2022,POMURSKA,20 01 01,Paper and Cardboard from Municipal Waste (20 01 01),Municipal Waste,20 01 01,Paper and Cardboard from Municipal Waste (20 01 01),Municipal Waste,172.34,0,0,0
2022,POMURSKA,20 01 38,Non-hazardous Wood from Municipal Waste (20 01 38),Municipal Waste,20 01 38,Non-hazardous Wood from Municipal Waste (20 01 38),Municipal Waste,0,40.48,0,0
2022,POMURSKA,20 01 38,Non-hazardous Wood from Municipal Waste (20 01 38),Municipal Waste,20 01 38,Non-hazardous Wood from Municipal Waste (20 01 38),Municipal Waste,0,1.84,0,0
2022,POMURSKA,20 01 38,Non-hazardous Wood from Municipal Waste (20 01 38),Municipal Waste,20 01 38,Non-hazardous Wood from Municipal Waste (20 01 38),Municipal Waste,0,938.38,0,0
2022,POMURSKA,20 03 07,Bulky Municipal Waste (20 03 07),Municipal Waste,20 03 07,Bulky Municipal Waste (20 03 07),Municipal Waste,0,0,0,0
2022,POMURSKA,20 03 07,Bulky Municipal Waste (20 03 07),Municipal Waste,15 01 10*,Hazardous Contaminated Packaging (15 01 10*),Packaging Waste,0.404,0,0,0
2022,POMURSKA,20 03 07,Bulky Municipal Waste (20 03 07),Municipal Waste,16 01 03,End-of-Life Tyres (16 01 03),Miscellaneous Waste,56.428,0,0,0
2022,POMURSKA,20 03 07,Bulky Municipal Waste (20 03 07),Municipal Waste,16 01 07*,Oil Filters (16 01 07*),Miscellaneous Waste,0.198,0,0,0
2022,POMURSKA,20 03 07,Bulky Municipal Waste (20 03 07),Municipal Waste,16 03 03*,Hazardous Inorganic Wastes (16 03 03*),Miscellaneous Waste,0.359,0,0,0
2022,POMURSKA,20 03 07,Bulky Municipal Waste (20 03 07),Municipal Waste,19 12 02,Ferrous Metals from Mechanical Treatment (19 12 02),Waste Treatment Residues,0,372.16,149.78,0
2022,POMURSKA,20 03 07,Bulky Municipal Waste (20 03 07),Municipal Waste,19 12 04,Plastics and Rubber from Mechanical Treatment (19 12 04),Waste Treatment Residues,0,200.11,0,0
2022,POMURSKA,20 03 07,Bulky Municipal Waste (20 03 07),Municipal Waste,19 12 05,Glass from Mechanical Treatment (19 12 05),Waste Treatment Residues,4.94,0,0,0
2022,POMURSKA,20 03 07,Bulky Municipal Waste (20 03 07),Municipal Waste,19 12 12,Other Mechanically Treated Waste (19 12 12),Waste Treatment Residues,0,2322.339,0,0
2022,POMURSKA,20 03 07,Bulky Municipal Waste (20 03 07),Municipal Waste,19 12 12,Other Mechanically Treated Waste (19 12 12),Waste Treatment Residues,0,5.882,0,0
2022,POMURSKA,20 03 07,Bulky Municipal Waste (20 03 07),Municipal Waste,20 01 26*,Non-Edible Oils and Fats (20 01 26*),Municipal Waste,0.551,0,0,0
2022,POMURSKA,20 03 07,Bulky Municipal Waste (20 03 07),Municipal Waste,20 01 27*,"Hazardous Paints, Inks, Adhesives (20 01 27*)",Municipal Waste,1.948,0,0,0
2022,POMURSKA,20 03 07,Bulky Municipal Waste (20 03 07),Municipal Waste,20 01 35*,Hazardous Waste Electrical Equipment (20 01 35*),Municipal Waste,8.158,0,0,0
2022,POMURSKA,20 03 07,Bulky Municipal Waste (20 03 07),Municipal Waste,20 01 36,Non-Hazardous Waste Electrical Equipment (20 01 36),Municipal Waste,0,43.64,0,0
2022,POMURSKA,20 03 07,Bulky Municipal Waste (20 03 07),Municipal Waste,20 01 36,Non-Hazardous Waste Electrical Equipment (20 01 36),Municipal Waste,10.51,0,0,0
2022,POMURSKA,20 03 07,Bulky Municipal Waste (20 03 07),Municipal Waste,20 01 38,Non-hazardous Wood from Municipal Waste (20 01 38),Municipal Waste,0,894.34,0,0
2022,POMURSKA,20 03 07,Bulky Municipal Waste (20 03 07),Municipal Waste,20 03 07,Bulky Municipal Waste (20 03 07),Municipal Waste,0,3.38,0,0
2022,POMURSKA,20 03 07,Bulky Municipal Waste (20 03 07),Municipal Waste,20 03 07,Bulky Municipal Waste (20 03 07),Municipal Waste,0,0,0,0
2022,POSAVSKA,03 03 01,Bark and Wood Waste from Pulp/Paper Production (03 03 01),Wood/Paper Production Waste,03 03 01,Bark and Wood Waste from Pulp/Paper Production (03 03 01),Wood/Paper Production Waste,0,0,0,0
2022,POSAVSKA,15 01 01,Paper and Cardboard Packaging (15 01 01),Packaging Waste,15 01 01,Paper and Cardboard Packaging (15 01 01),Packaging Waste,0,0,3752.72,0
2022,POSAVSKA,15 01 01,Paper and Cardboard Packaging (15 01 01),Packaging Waste,15 01 01,Paper and Cardboard Packaging (15 01 01),Packaging Waste,0,926.399,0,0
2022,POSAVSKA,15 01 01,Paper and Cardboard Packaging (15 01 01),Packaging Waste,15 01 01,Paper and Cardboard Packaging (15 01 01),Packaging Waste,0,0,0,0
2022,POSAVSKA,15 01 01,Paper and Cardboard Packaging (15 01 01),Packaging Waste,19 12 01,Paper and Cardboard from Waste Treatment (19 12 01),Waste Treatment Residues,0,1229.074,0,0
2022,POSAVSKA,15 01 01,Paper and Cardboard Packaging (15 01 01),Packaging Waste,19 12 04,Plastics and Rubber from Mechanical Treatment (19 12 04),Waste Treatment Residues,3.28,0,0,0
2022,POSAVSKA,15 01 01,Paper and Cardboard Packaging (15 01 01),Packaging Waste,15 01 01,Paper and Cardboard Packaging (15 01 01),Packaging Waste,0,0,534.33,0
2022,POSAVSKA,15 01 01,Paper and Cardboard Packaging (15 01 01),Packaging Waste,19 12 01,Paper and Cardboard from Waste Treatment (19 12 01),Waste Treatment Residues,0,654.1,0,0
2022,POSAVSKA,15 01 03,Wooden Packaging (15 01 03),Packaging Waste,15 01 03,Wooden Packaging (15 01 03),Packaging Waste,0,1.707,0,0
2022,POSAVSKA,15 01 03,Wooden Packaging (15 01 03),Packaging Waste,15 01 03,Wooden Packaging (15 01 03),Packaging Waste,0,0,0,0
2022,POSAVSKA,15 01 03,Wooden Packaging (15 01 03),Packaging Waste,15 01 03,Wooden Packaging (15 01 03),Packaging Waste,0,10.52,0,0
2022,POSAVSKA,15 01 03,Wooden Packaging (15 01 03),Packaging Waste,15 01 03,Wooden Packaging (15 01 03),Packaging Waste,0,107.44,0,0
2022,POSAVSKA,19 12 01,Paper and Cardboard from Waste Treatment (19 12 01),Waste Treatment Residues,19 12 01,Paper and Cardboard from Waste Treatment (19 12 01),Waste Treatment Residues,0,0,0,0
2022,POSAVSKA,19 12 01,Paper and Cardboard from Waste Treatment (19 12 01),Waste Treatment Residues,03 03 07,Mechanically Separated Rejects from Pulping (03 03 07),Wood/Paper Production Waste,0,39.556,0,0
2022,POSAVSKA,19 12 01,Paper and Cardboard from Waste Treatment (19 12 01),Waste Treatment Residues,03 03 07,Mechanically Separated Rejects from Pulping (03 03 07),Wood/Paper Production Waste,0,29.629,0,0
2022,POSAVSKA,19 12 01,Paper and Cardboard from Waste Treatment (19 12 01),Waste Treatment Residues,03 03 07,Mechanically Separated Rejects from Pulping (03 03 07),Wood/Paper Production Waste,0,0,0,0
2022,POSAVSKA,19 12 01,Paper and Cardboard from Waste Treatment (19 12 01),Waste Treatment Residues,03 03 10,Fiber Rejects and Sludge from Mechanical Separation (03 03 10),Wood/Paper Production Waste,0,3750.077,0,0
2022,POSAVSKA,19 12 01,Paper and Cardboard from Waste Treatment (19 12 01),Waste Treatment Residues,03 03 10,Fiber Rejects and Sludge from Mechanical Separation (03 03 10),Wood/Paper Production Waste,0,0,0,0
2022,POSAVSKA,19 12 01,Paper and Cardboard from Waste Treatment (19 12 01),Waste Treatment Residues,19 12 02,Ferrous Metals from Mechanical Treatment (19 12 02),Waste Treatment Residues,0,34.79,0,0
2022,POSAVSKA,20 01 01,Paper and Cardboard from Municipal Waste (20 01 01),Municipal Waste,20 01 01,Paper and Cardboard from Municipal Waste (20 01 01),Municipal Waste,0,1083.467,3560.74,0
2022,POSAVSKA,20 01 01,Paper and Cardboard from Municipal Waste (20 01 01),Municipal Waste,20 01 01,Paper and Cardboard from Municipal Waste (20 01 01),Municipal Waste,0,0,0,0
2022,POSAVSKA,20 01 01,Paper and Cardboard from Municipal Waste (20 01 01),Municipal Waste,03 03 07,Mechanically Separated Rejects from Pulping (03 03 07),Wood/Paper Production Waste,0,22.342,0,0
2022,POSAVSKA,20 01 01,Paper and Cardboard from Municipal Waste (20 01 01),Municipal Waste,03 03 07,Mechanically Separated Rejects from Pulping (03 03 07),Wood/Paper Production Waste,0,16.735,0,0
2022,POSAVSKA,20 01 01,Paper and Cardboard from Municipal Waste (20 01 01),Municipal Waste,03 03 07,Mechanically Separated Rejects from Pulping (03 03 07),Wood/Paper Production Waste,0,0,0,0
2022,POSAVSKA,20 01 01,Paper and Cardboard from Municipal Waste (20 01 01),Municipal Waste,03 03 10,Fiber Rejects and Sludge from Mechanical Separation (03 03 10),Wood/Paper Production Waste,0,2118.263,0,0
2022,POSAVSKA,20 01 01,Paper and Cardboard from Municipal Waste (20 01 01),Municipal Waste,03 03 10,Fiber Rejects and Sludge from Mechanical Separation (03 03 10),Wood/Paper Production Waste,0,0,0,0
2022,POSAVSKA,20 01 01,Paper and Cardboard from Municipal Waste (20 01 01),Municipal Waste,19 12 02,Ferrous Metals from Mechanical Treatment (19 12 02),Waste Treatment Residues,0,19.65,0,0
2022,POSAVSKA,20 01 01,Paper and Cardboard from Municipal Waste (20 01 01),Municipal Waste,15 01 01,Paper and Cardboard Packaging (15 01 01),Packaging Waste,0,0,1169.3,0
2022,POSAVSKA,20 01 01,Paper and Cardboard from Municipal Waste (20 01 01),Municipal Waste,19 12 01,Paper and Cardboard from Waste Treatment (19 12 01),Waste Treatment Residues,0,0,235.94,0
2022,POSAVSKA,20 01 01,Paper and Cardboard from Municipal Waste (20 01 01),Municipal Waste,19 12 01,Paper and Cardboard from Waste Treatment (19 12 01),Waste Treatment Residues,0,232.46,0,0
2022,POSAVSKA,20 01 01,Paper and Cardboard from Municipal Waste (20 01 01),Municipal Waste,19 12 12,Other Mechanically Treated Waste (19 12 12),Waste Treatment Residues,0,0,344.178,0
2022,POSAVSKA,20 01 38,Non-hazardous Wood from Municipal Waste (20 01 38),Municipal Waste,20 01 38,Non-hazardous Wood from Municipal Waste (20 01 38),Municipal Waste,0,0,0,0
2022,POSAVSKA,20 03 07,Bulky Municipal Waste (20 03 07),Municipal Waste,19 12 12,Other Mechanically Treated Waste (19 12 12),Waste Treatment Residues,0,0,4987.12,0
2022,PRIMORSKO-NOTRANJSKA,15 01 01,Paper and Cardboard Packaging (15 01 01),Packaging Waste,15 01 01,Paper and Cardboard Packaging (15 01 01),Packaging Waste,0,204.76,0,0
2022,PRIMORSKO-NOTRANJSKA,15 01 01,Paper and Cardboard Packaging (15 01 01),Packaging Waste,15 01 01,Paper and Cardboard Packaging (15 01 01),Packaging Waste,0,0,0,0
2022,PRIMORSKO-NOTRANJSKA,15 01 03,Wooden Packaging (15 01 03),Packaging Waste,15 01 03,Wooden Packaging (15 01 03),Packaging Waste,0,0,0,0
2022,PRIMORSKO-NOTRANJSKA,15 01 03,Wooden Packaging (15 01 03),Packaging Waste,15 01 03,Wooden Packaging (15 01 03),Packaging Waste,0,0,0,0
2022,SAVINJSKA,03 01 05,Sawdust/Shavings/Cuttings (03 01 05),Wood/Paper Production Waste,03 01 05,Sawdust/Shavings/Cuttings (03 01 05),Wood/Paper Production Waste,0.6,0,0,0
2022,SAVINJSKA,03 03 08,Waste from Sorting of Paper and Cardboard for Recycling (03 03 08),Wood/Paper Production Waste,03 03 08,Waste from Sorting of Paper and Cardboard for Recycling (03 03 08),Wood/Paper Production Waste,0,0,0,0
2022,SAVINJSKA,03 03 08,Waste from Sorting of Paper and Cardboard for Recycling (03 03 08),Wood/Paper Production Waste,19 12 04,Plastics and Rubber from Mechanical Treatment (19 12 04),Waste Treatment Residues,0,40.59,0,0
2022,SAVINJSKA,03 03 08,Waste from Sorting of Paper and Cardboard for Recycling (03 03 08),Wood/Paper Production Waste,19 12 04,Plastics and Rubber from Mechanical Treatment (19 12 04),Waste Treatment Residues,0,0,0,0
2022,SAVINJSKA,03 03 08,Waste from Sorting of Paper and Cardboard for Recycling (03 03 08),Wood/Paper Production Waste,19 12 01,Paper and Cardboard from Waste Treatment (19 12 01),Waste Treatment Residues,0,105.234,1462.12,0
2022,SAVINJSKA,03 03 08,Waste from Sorting of Paper and Cardboard for Recycling (03 03 08),Wood/Paper Production Waste,19 12 01,Paper and Cardboard from Waste Treatment (19 12 01),Waste Treatment Residues,0,0,276.13,0
2022,SAVINJSKA,15 01 01,Paper and Cardboard Packaging (15 01 01),Packaging Waste,15 01 01,Paper and Cardboard Packaging (15 01 01),Packaging Waste,0,8.14,0,0
2022,SAVINJSKA,15 01 01,Paper and Cardboard Packaging (15 01 01),Packaging Waste,15 01 01,Paper and Cardboard Packaging (15 01 01),Packaging Waste,11.3,0,0,0
2022,SAVINJSKA,15 01 01,Paper and Cardboard Packaging (15 01 01),Packaging Waste,19 12 04,Plastics and Rubber from Mechanical Treatment (19 12 04),Waste Treatment Residues,0,2.73,0,0
2022,SAVINJSKA,15 01 01,Paper and Cardboard Packaging (15 01 01),Packaging Waste,19 12 04,Plastics and Rubber from Mechanical Treatment (19 12 04),Waste Treatment Residues,0,0,0,0
2022,SAVINJSKA,15 01 01,Paper and Cardboard Packaging (15 01 01),Packaging Waste,15 01 01,Paper and Cardboard Packaging (15 01 01),Packaging Waste,0,0,15585.457,407.82
2022,SAVINJSKA,15 01 01,Paper and Cardboard Packaging (15 01 01),Packaging Waste,15 01 01,Paper and Cardboard Packaging (15 01 01),Packaging Waste,0,709.958,0,0
2022,SAVINJSKA,15 01 01,Paper and Cardboard Packaging (15 01 01),Packaging Waste,15 01 01,Paper and Cardboard Packaging (15 01 01),Packaging Waste,382.436,0,0,0
2022,SAVINJSKA,15 01 01,Paper and Cardboard Packaging (15 01 01),Packaging Waste,19 12 01,Paper and Cardboard from Waste Treatment (19 12 01),Waste Treatment Residues,0,2140.131,0,0
2022,SAVINJSKA,15 01 01,Paper and Cardboard Packaging (15 01 01),Packaging Waste,20 01 01,Paper and Cardboard from Municipal Waste (20 01 01),Municipal Waste,3.535,0,0,0
2022,SAVINJSKA,15 01 03,Wooden Packaging (15 01 03),Packaging Waste,15 01 03,Wooden Packaging (15 01 03),Packaging Waste,0,0,0,0
2022,SAVINJSKA,15 01 03,Wooden Packaging (15 01 03),Packaging Waste,10 01 01,"Ash, slag and boiler dust (excluding boiler dust listed under 10 01 04) (10 01 01)",Thermal Process Waste,21.83,0,0,0
2022,SAVINJSKA,15 01 03,Wooden Packaging (15 01 03),Packaging Waste,15 01 03,Wooden Packaging (15 01 03),Packaging Waste,0,547.36,0,0
2022,SAVINJSKA,15 01 03,Wooden Packaging (15 01 03),Packaging Waste,15 01 03,Wooden Packaging (15 01 03),Packaging Waste,0,2761.18,71.56,0
2022,SAVINJSKA,15 01 03,Wooden Packaging (15 01 03),Packaging Waste,15 01 03,Wooden Packaging (15 01 03),Packaging Waste,0,0,0,0
2022,SAVINJSKA,15 01 03,Wooden Packaging (15 01 03),Packaging Waste,19 12 07,Wood Waste from Treatment (not 19 12 06) (19 12 07),Waste Treatment Residues,0,0,332.564,0
2022,SAVINJSKA,15 01 03,Wooden Packaging (15 01 03),Packaging Waste,19 12 12,Other Mechanically Treated Waste (19 12 12),Waste Treatment Residues,0,5.508,0,0
2022,SAVINJSKA,17 02 01,Construction Wood Waste (17 02 01),Construction/Demolition Waste,17 02 01,Construction Wood Waste (17 02 01),Construction/Demolition Waste,0,0,0,0
2022,SAVINJSKA,17 02 01,Construction Wood Waste (17 02 01),Construction/Demolition Waste,19 12 12,Other Mechanically Treated Waste (19 12 12),Waste Treatment Residues,0,33.52,0,0
2022,SAVINJSKA,17 02 01,Construction Wood Waste (17 02 01),Construction/Demolition Waste,19 12 07,Wood Waste from Treatment (not 19 12 06) (19 12 07),Waste Treatment Residues,0,0,66.127,0
2022,SAVINJSKA,19 12 01,Paper and Cardboard from Waste Treatment (19 12 01),Waste Treatment Residues,19 12 01,Paper and Cardboard from Waste Treatment (19 12 01),Waste Treatment Residues,0,0,0,0
2022,SAVINJSKA,19 12 01,Paper and Cardboard from Waste Treatment (19 12 01),Waste Treatment Residues,19 12 04,Plastics and Rubber from Mechanical Treatment (19 12 04),Waste Treatment Residues,0,2.42,0,0
2022,SAVINJSKA,19 12 01,Paper and Cardboard from Waste Treatment (19 12 01),Waste Treatment Residues,19 12 04,Plastics and Rubber from Mechanical Treatment (19 12 04),Waste Treatment Residues,0,0,0,0
2022,SAVINJSKA,19 12 01,Paper and Cardboard from Waste Treatment (19 12 01),Waste Treatment Residues,19 12 01,Paper and Cardboard from Waste Treatment (19 12 01),Waste Treatment Residues,0,0,0,0
2022,SAVINJSKA,19 12 07,Wood Waste from Treatment (not 19 12 06) (19 12 07),Waste Treatment Residues,03 01 05,Sawdust/Shavings/Cuttings (03 01 05),Wood/Paper Production Waste,84.6,0,0,0
2022,SAVINJSKA,19 12 07,Wood Waste from Treatment (not 19 12 06) (19 12 07),Waste Treatment Residues,19 12 07,Wood Waste from Treatment (not 19 12 06) (19 12 07),Waste Treatment Residues,0,0,41.56,0
2022,SAVINJSKA,19 12 07,Wood Waste from Treatment (not 19 12 06) (19 12 07),Waste Treatment Residues,19 12 07,Wood Waste from Treatment (not 19 12 06) (19 12 07),Waste Treatment Residues,0,0,1256.73,0
2022,SAVINJSKA,19 12 07,Wood Waste from Treatment (not 19 12 06) (19 12 07),Waste Treatment Residues,19 12 07,Wood Waste from Treatment (not 19 12 06) (19 12 07),Waste Treatment Residues,0,0,760.053,0
2022,SAVINJSKA,19 12 07,Wood Waste from Treatment (not 19 12 06) (19 12 07),Waste Treatment Residues,19 12 07,Wood Waste from Treatment (not 19 12 06) (19 12 07),Waste Treatment Residues,0,0,0,0
2022,SAVINJSKA,20 01 01,Paper and Cardboard from Municipal Waste (20 01 01),Municipal Waste,15 01 01,Paper and Cardboard Packaging (15 01 01),Packaging Waste,0,0,601.281,0
2022,SAVINJSKA,20 01 01,Paper and Cardboard from Municipal Waste (20 01 01),Municipal Waste,15 01 01,Paper and Cardboard Packaging (15 01 01),Packaging Waste,0,1082.911,0,0
2022,SAVINJSKA,20 01 01,Paper and Cardboard from Municipal Waste (20 01 01),Municipal Waste,19 12 01,Paper and Cardboard from Waste Treatment (19 12 01),Waste Treatment Residues,0,0,285.188,0
2022,SAVINJSKA,20 01 01,Paper and Cardboard from Municipal Waste (20 01 01),Municipal Waste,19 12 01,Paper and Cardboard from Waste Treatment (19 12 01),Waste Treatment Residues,0,0,3507.42,0
2022,SAVINJSKA,20 01 01,Paper and Cardboard from Municipal Waste (20 01 01),Municipal Waste,19 12 12,Other Mechanically Treated Waste (19 12 12),Waste Treatment Residues,0,331.772,0,0
2022,SAVINJSKA,20 01 01,Paper and Cardboard from Municipal Waste (20 01 01),Municipal Waste,20 01 01,Paper and Cardboard from Municipal Waste (20 01 01),Municipal Waste,0,333.26,3149.92,0
2022,SAVINJSKA,20 01 01,Paper and Cardboard from Municipal Waste (20 01 01),Municipal Waste,20 01 01,Paper and Cardboard from Municipal Waste (20 01 01),Municipal Waste,16.823,0,0,0
2022,SAVINJSKA,20 01 38,Non-hazardous Wood from Municipal Waste (20 01 38),Municipal Waste,10 01 01,"Ash, slag and boiler dust (excluding boiler dust listed under 10 01 04) (10 01 01)",Thermal Process Waste,2.33,0,0,0
2022,SAVINJSKA,20 01 38,Non-hazardous Wood from Municipal Waste (20 01 38),Municipal Waste,19 05 03,Compost Not Meeting Specifications (19 05 03),Waste Treatment Residues,0,27.2,0,0
2022,SAVINJSKA,20 01 38,Non-hazardous Wood from Municipal Waste (20 01 38),Municipal Waste,19 05 03,Compost Not Meeting Specifications (19 05 03),Waste Treatment Residues,0,0,0,0
2022,SAVINJSKA,20 01 38,Non-hazardous Wood from Municipal Waste (20 01 38),Municipal Waste,19 12 12,Other Mechanically Treated Waste (19 12 12),Waste Treatment Residues,0,190.42,0,0
2022,SAVINJSKA,20 01 38,Non-hazardous Wood from Municipal Waste (20 01 38),Municipal Waste,19 12 07,Wood Waste from Treatment (not 19 12 06) (19 12 07),Waste Treatment Residues,0,0,42.086,0
2022,SAVINJSKA,20 03 07,Bulky Municipal Waste (20 03 07),Municipal Waste,19 05 03,Compost Not Meeting Specifications (19 05 03),Waste Treatment Residues,0,5.38,0,0
2022,SAVINJSKA,20 03 07,Bulky Municipal Waste (20 03 07),Municipal Waste,19 05 03,Compost Not Meeting Specifications (19 05 03),Waste Treatment Residues,0,0,0,0
2022,SAVINJSKA,20 03 07,Bulky Municipal Waste (20 03 07),Municipal Waste,19 12 07,Wood Waste from Treatment (not 19 12 06) (19 12 07),Waste Treatment Residues,0,791.74,0,0
2022,SAVINJSKA,20 03 07,Bulky Municipal Waste (20 03 07),Municipal Waste,19 12 07,Wood Waste from Treatment (not 19 12 06) (19 12 07),Waste Treatment Residues,53.78,0,0,0
2022,SAVINJSKA,20 03 07,Bulky Municipal Waste (20 03 07),Municipal Waste,19 12 12,Other Mechanically Treated Waste (19 12 12),Waste Treatment Residues,0,11509.25,0,0
2022,SAVINJSKA,20 03 07,Bulky Municipal Waste (20 03 07),Municipal Waste,19 12 12,Other Mechanically Treated Waste (19 12 12),Waste Treatment Residues,0,19.992,0,0
2022,ZASAVSKA,17 02 01,Construction Wood Waste (17 02 01),Construction/Demolition Waste,17 02 01,Construction Wood Waste (17 02 01),Construction/Demolition Waste,0,0,0,0
2022,ZASAVSKA,19 12 01,Paper and Cardboard from Waste Treatment (19 12 01),Waste Treatment Residues,19 12 01,Paper and Cardboard from Waste Treatment (19 12 01),Waste Treatment Residues,0,0,0,0
2022,ZASAVSKA,20 01 38,Non-hazardous Wood from Municipal Waste (20 01 38),Municipal Waste,20 01 38,Non-hazardous Wood from Municipal Waste (20 01 38),Municipal Waste,0,0,0,0
2022,ZASAVSKA,20 01 38,Non-hazardous Wood from Municipal Waste (20 01 38),Municipal Waste,20 01 38,Non-hazardous Wood from Municipal Waste (20 01 38),Municipal Waste,0,19.82,0,0
2022,ZASAVSKA,20 03 07,Bulky Municipal Waste (20 03 07),Municipal Waste,12 01 04,Non-Ferrous Metal Dust and Particles (12 01 04),Metal/Plastic Processing Waste,1.623,0,0,0
2022,ZASAVSKA,20 03 07,Bulky Municipal Waste (20 03 07),Municipal Waste,15 01 04,Metal Packaging (15 01 04),Packaging Waste,7.42,0,0,0
2022,ZASAVSKA,20 03 07,Bulky Municipal Waste (20 03 07),Municipal Waste,16 01 03,End-of-Life Tyres (16 01 03),Miscellaneous Waste,23.5,0,0,0
2022,ZASAVSKA,20 03 07,Bulky Municipal Waste (20 03 07),Municipal Waste,19 12 07,Wood Waste from Treatment (not 19 12 06) (19 12 07),Waste Treatment Residues,0,52.14,0,0
2022,ZASAVSKA,20 03 07,Bulky Municipal Waste (20 03 07),Municipal Waste,20 01 23*,Discarded Equipment Containing CFCs (20 01 23*),Municipal Waste,6.26,0,0,0
2022,ZASAVSKA,20 03 07,Bulky Municipal Waste (20 03 07),Municipal Waste,20 01 36,Non-Hazardous Waste Electrical Equipment (20 01 36),Municipal Waste,5.26,0,0,0
2022,ZASAVSKA,20 03 07,Bulky Municipal Waste (20 03 07),Municipal Waste,20 01 39,Plastics from Municipal Waste (20 01 39),Municipal Waste,0,0.098,0,0
2022,ZASAVSKA,20 03 07,Bulky Municipal Waste (20 03 07),Municipal Waste,20 02 03,Non-biodegradable Garden and Park Waste (20 02 03),Municipal Waste,2.78,0,0,0
2023,GORENJSKA,03 01 05,Sawdust/Shavings/Cuttings (03 01 05),Wood/Paper Production Waste,10 01 01,"Ash, slag and boiler dust (excluding boiler dust listed under 10 01 04) (10 01 01)",Thermal Process Waste,0,525.642,0,0
2023,GORENJSKA,03 01 05,Sawdust/Shavings/Cuttings (03 01 05),Wood/Paper Production Waste,19 12 07,Wood Waste from Treatment (not 19 12 06) (19 12 07),Waste Treatment Residues,0,0,209.921,0
2023,GORENJSKA,03 01 05,Sawdust/Shavings/Cuttings (03 01 05),Wood/Paper Production Waste,20 01 38,Non-hazardous Wood from Municipal Waste (20 01 38),Municipal Waste,0,133.82,0,0
2023,GORENJSKA,03 03 08,Waste from Sorting of Paper and Cardboard for Recycling (03 03 08),Wood/Paper Production Waste,19 12 12,Other Mechanically Treated Waste (19 12 12),Waste Treatment Residues,0,32.54,0,0
2023,GORENJSKA,15 01 01,Paper and Cardboard Packaging (15 01 01),Packaging Waste,15 01 01,Paper and Cardboard Packaging (15 01 01),Packaging Waste,0,0,316.24,0
2023,GORENJSKA,15 01 01,Paper and Cardboard Packaging (15 01 01),Packaging Waste,15 01 01,Paper and Cardboard Packaging (15 01 01),Packaging Waste,0,0,0,0
2023,GORENJSKA,15 01 01,Paper and Cardboard Packaging (15 01 01),Packaging Waste,19 12 01,Paper and Cardboard from Waste Treatment (19 12 01),Waste Treatment Residues,0,20.25,629.1,0
2023,GORENJSKA,15 01 01,Paper and Cardboard Packaging (15 01 01),Packaging Waste,19 12 12,Other Mechanically Treated Waste (19 12 12),Waste Treatment Residues,0,2463.271,0,0
2023,GORENJSKA,15 01 01,Paper and Cardboard Packaging (15 01 01),Packaging Waste,19 12 12,Other Mechanically Treated Waste (19 12 12),Waste Treatment Residues,0,1.82,0,0
2023,GORENJSKA,15 01 03,Wooden Packaging (15 01 03),Packaging Waste,10 01 01,"Ash, slag and boiler dust (excluding boiler dust listed under 10 01 04) (10 01 01)",Thermal Process Waste,0,34,0,0
2023,GORENJSKA,15 01 03,Wooden Packaging (15 01 03),Packaging Waste,15 01 03,Wooden Packaging (15 01 03),Packaging Waste,0,0,0,0
2023,GORENJSKA,15 01 03,Wooden Packaging (15 01 03),Packaging Waste,15 01 03,Wooden Packaging (15 01 03),Packaging Waste,0,477.7,0,0
2023,GORENJSKA,15 01 03,Wooden Packaging (15 01 03),Packaging Waste,15 01 03,Wooden Packaging (15 01 03),Packaging Waste,0,661.42,0,0
2023,GORENJSKA,15 01 03,Wooden Packaging (15 01 03),Packaging Waste,20 01 38,Non-hazardous Wood from Municipal Waste (20 01 38),Municipal Waste,0,642.732,0,0
2023,GORENJSKA,17 02 01,Construction Wood Waste (17 02 01),Construction/Demolition Waste,17 02 01,Construction Wood Waste (17 02 01),Construction/Demolition Waste,0,0,0,0
2023,GORENJSKA,17 02 01,Construction Wood Waste (17 02 01),Construction/Demolition Waste,10 01 01,"Ash, slag and boiler dust (excluding boiler dust listed under 10 01 04) (10 01 01)",Thermal Process Waste,0,1445.98,0,0
2023,GORENJSKA,17 02 01,Construction Wood Waste (17 02 01),Construction/Demolition Waste,19 12 07,Wood Waste from Treatment (not 19 12 06) (19 12 07),Waste Treatment Residues,0,0,35.51,0
2023,GORENJSKA,17 02 01,Construction Wood Waste (17 02 01),Construction/Demolition Waste,19 12 07,Wood Waste from Treatment (not 19 12 06) (19 12 07),Waste Treatment Residues,0,1.956,0,0
2023,GORENJSKA,17 02 01,Construction Wood Waste (17 02 01),Construction/Demolition Waste,17 02 01,Construction Wood Waste (17 02 01),Construction/Demolition Waste,0,139.63,0,0
2023,GORENJSKA,17 02 01,Construction Wood Waste (17 02 01),Construction/Demolition Waste,19 12 12,Other Mechanically Treated Waste (19 12 12),Waste Treatment Residues,0,20.24,0,0
2023,GORENJSKA,17 02 01,Construction Wood Waste (17 02 01),Construction/Demolition Waste,20 01 38,Non-hazardous Wood from Municipal Waste (20 01 38),Municipal Waste,0,20.228,0,0
2023,GORENJSKA,19 12 01,Paper and Cardboard from Waste Treatment (19 12 01),Waste Treatment Residues,19 12 01,Paper and Cardboard from Waste Treatment (19 12 01),Waste Treatment Residues,0,143.75,0,0
2023,GORENJSKA,19 12 01,Paper and Cardboard from Waste Treatment (19 12 01),Waste Treatment Residues,19 12 01,Paper and Cardboard from Waste Treatment (19 12 01),Waste Treatment Residues,0,0,0,0
2023,GORENJSKA,19 12 07,Wood Waste from Treatment (not 19 12 06) (19 12 07),Waste Treatment Residues,10 01 01,"Ash, slag and boiler dust (excluding boiler dust listed under 10 01 04) (10 01 01)",Thermal Process Waste,0,303.18,0,0
2023,GORENJSKA,19 12 07,Wood Waste from Treatment (not 19 12 06) (19 12 07),Waste Treatment Residues,19 12 07,Wood Waste from Treatment (not 19 12 06) (19 12 07),Waste Treatment Residues,0,0,2939.66,0
2023,GORENJSKA,19 12 07,Wood Waste from Treatment (not 19 12 06) (19 12 07),Waste Treatment Residues,19 10 06,Other Fractions from Shredding (19 10 06),Waste Treatment Residues,0,0,0,0
2023,GORENJSKA,19 12 07,Wood Waste from Treatment (not 19 12 06) (19 12 07),Waste Treatment Residues,19 12 07,Wood Waste from Treatment (not 19 12 06) (19 12 07),Waste Treatment Residues,0,0,0,0
2023,GORENJSKA,20 01 01,Paper and Cardboard from Municipal Waste (20 01 01),Municipal Waste,19 12 01,Paper and Cardboard from Waste Treatment (19 12 01),Waste Treatment Residues,0,4.339,0,0
2023,GORENJSKA,20 01 01,Paper and Cardboard from Municipal Waste (20 01 01),Municipal Waste,19 12 12,Other Mechanically Treated Waste (19 12 12),Waste Treatment Residues,0,1545.559,0,0
2023,GORENJSKA,20 01 01,Paper and Cardboard from Municipal Waste (20 01 01),Municipal Waste,20 01 01,Paper and Cardboard from Municipal Waste (20 01 01),Municipal Waste,0,207.537,0,0
2023,GORENJSKA,20 01 01,Paper and Cardboard from Municipal Waste (20 01 01),Municipal Waste,20 01 01,Paper and Cardboard from Municipal Waste (20 01 01),Municipal Waste,0,19.14,0,0
2023,GORENJSKA,20 01 38,Non-hazardous Wood from Municipal Waste (20 01 38),Municipal Waste,19 12 07,Wood Waste from Treatment (not 19 12 06) (19 12 07),Waste Treatment Residues,0,0,7699.5,0
2023,GORENJSKA,20 01 38,Non-hazardous Wood from Municipal Waste (20 01 38),Municipal Waste,20 01 38,Non-hazardous Wood from Municipal Waste (20 01 38),Municipal Waste,0,0,42.1,0
2023,GORENJSKA,20 01 38,Non-hazardous Wood from Municipal Waste (20 01 38),Municipal Waste,20 01 38,Non-hazardous Wood from Municipal Waste (20 01 38),Municipal Waste,33.846,0,0,0
2023,GORENJSKA,20 03 07,Bulky Municipal Waste (20 03 07),Municipal Waste,20 03 07,Bulky Municipal Waste (20 03 07),Municipal Waste,0,0,0,0
2023,GORENJSKA,20 03 07,Bulky Municipal Waste (20 03 07),Municipal Waste,20 03 07,Bulky Municipal Waste (20 03 07),Municipal Waste,0,247.08,0,0
2023,GORENJSKA,20 03 07,Bulky Municipal Waste (20 03 07),Municipal Waste,20 03 07,Bulky Municipal Waste (20 03 07),Municipal Waste,0,0,0,0
2023,GORENJSKA,20 03 07,Bulky Municipal Waste (20 03 07),Municipal Waste,19 10 01,Ferrous Metal Waste from Shredding (19 10 01),Waste Treatment Residues,0,0,2.555,0
2023,GORENJSKA,20 03 07,Bulky Municipal Waste (20 03 07),Municipal Waste,19 10 02,Non-Ferrous Metal Waste from Shredding (19 10 02),Waste Treatment Residues,0,26.14,0,0
2023,GORENJSKA,20 03 07,Bulky Municipal Waste (20 03 07),Municipal Waste,20 01 01,Paper and Cardboard from Municipal Waste (20 01 01),Municipal Waste,2.52,0,0,0
2023,GORENJSKA,20 03 07,Bulky Municipal Waste (20 03 07),Municipal Waste,20 01 38,Non-hazardous Wood from Municipal Waste (20 01 38),Municipal Waste,88.06,0,0,0
2023,GORENJSKA,20 03 07,Bulky Municipal Waste (20 03 07),Municipal Waste,20 01 40,Metals from Municipal Waste (20 01 40),Municipal Waste,2.3,0,0,0
2023,GORIŠKA,03 01 05,Sawdust/Shavings/Cuttings (03 01 05),Wood/Paper Production Waste,03 01 05,Sawdust/Shavings/Cuttings (03 01 05),Wood/Paper Production Waste,0,0,0,0
2023,GORIŠKA,15 01 01,Paper and Cardboard Packaging (15 01 01),Packaging Waste,15 01 01,Paper and Cardboard Packaging (15 01 01),Packaging Waste,0,223.1,0,0
2023,GORIŠKA,15 01 01,Paper and Cardboard Packaging (15 01 01),Packaging Waste,15 01 01,Paper and Cardboard Packaging (15 01 01),Packaging Waste,0,844.689,0,0
2023,GORIŠKA,15 01 01,Paper and Cardboard Packaging (15 01 01),Packaging Waste,15 01 01,Paper and Cardboard Packaging (15 01 01),Packaging Waste,0,0,2877.383,0
2023,GORIŠKA,15 01 01,Paper and Cardboard Packaging (15 01 01),Packaging Waste,15 01 01,Paper and Cardboard Packaging (15 01 01),Packaging Waste,0,338.527,0,0
2023,GORIŠKA,15 01 01,Paper and Cardboard Packaging (15 01 01),Packaging Waste,15 01 01,Paper and Cardboard Packaging (15 01 01),Packaging Waste,0,0,0,0
2023,GORIŠKA,15 01 01,Paper and Cardboard Packaging (15 01 01),Packaging Waste,19 12 01,Paper and Cardboard from Waste Treatment (19 12 01),Waste Treatment Residues,0,0.117,0,0
2023,GORIŠKA,15 01 03,Wooden Packaging (15 01 03),Packaging Waste,15 01 03,Wooden Packaging (15 01 03),Packaging Waste,0,716.74,0,0
2023,GORIŠKA,15 01 03,Wooden Packaging (15 01 03),Packaging Waste,15 01 03,Wooden Packaging (15 01 03),Packaging Waste,0,3.56,0,0
2023,GORIŠKA,15 01 03,Wooden Packaging (15 01 03),Packaging Waste,19 12 07,Wood Waste from Treatment (not 19 12 06) (19 12 07),Waste Treatment Residues,0,0,0,0
2023,GORIŠKA,15 01 03,Wooden Packaging (15 01 03),Packaging Waste,19 12 12,Other Mechanically Treated Waste (19 12 12),Waste Treatment Residues,0,17.221,0,0
2023,GORIŠKA,19 12 01,Paper and Cardboard from Waste Treatment (19 12 01),Waste Treatment Residues,19 12 01,Paper and Cardboard from Waste Treatment (19 12 01),Waste Treatment Residues,0,5.363,0,0
2023,GORIŠKA,19 12 01,Paper and Cardboard from Waste Treatment (19 12 01),Waste Treatment Residues,19 12 01,Paper and Cardboard from Waste Treatment (19 12 01),Waste Treatment Residues,0,9.762,0,0
2023,GORIŠKA,19 12 01,Paper and Cardboard from Waste Treatment (19 12 01),Waste Treatment Residues,19 12 01,Paper and Cardboard from Waste Treatment (19 12 01),Waste Treatment Residues,0,0.49,0,0
2023,GORIŠKA,19 12 01,Paper and Cardboard from Waste Treatment (19 12 01),Waste Treatment Residues,19 12 01,Paper and Cardboard from Waste Treatment (19 12 01),Waste Treatment Residues,0,0,0,0
2023,GORIŠKA,20 01 01,Paper and Cardboard from Municipal Waste (20 01 01),Municipal Waste,20 01 01,Paper and Cardboard from Municipal Waste (20 01 01),Municipal Waste,0,608.128,0,0
2023,GORIŠKA,20 01 01,Paper and Cardboard from Municipal Waste (20 01 01),Municipal Waste,20 01 01,Paper and Cardboard from Municipal Waste (20 01 01),Municipal Waste,0,878.161,0,0
2023,GORIŠKA,20 01 01,Paper and Cardboard from Municipal Waste (20 01 01),Municipal Waste,19 12 01,Paper and Cardboard from Waste Treatment (19 12 01),Waste Treatment Residues,0,118.46,0,0
2023,GORIŠKA,20 01 01,Paper and Cardboard from Municipal Waste (20 01 01),Municipal Waste,19 12 01,Paper and Cardboard from Waste Treatment (19 12 01),Waste Treatment Residues,0,661.768,0,0
2023,GORIŠKA,20 01 01,Paper and Cardboard from Municipal Waste (20 01 01),Municipal Waste,20 01 01,Paper and Cardboard from Municipal Waste (20 01 01),Municipal Waste,0,43.13,20.315,0
2023,GORIŠKA,20 01 01,Paper and Cardboard from Municipal Waste (20 01 01),Municipal Waste,20 01 01,Paper and Cardboard from Municipal Waste (20 01 01),Municipal Waste,0,1.169,0,0
2023,GORIŠKA,20 01 01,Paper and Cardboard from Municipal Waste (20 01 01),Municipal Waste,20 01 01,Paper and Cardboard from Municipal Waste (20 01 01),Municipal Waste,0,0,0,0
2023,GORIŠKA,20 03 07,Bulky Municipal Waste (20 03 07),Municipal Waste,19 12 12,Other Mechanically Treated Waste (19 12 12),Waste Treatment Residues,0,4.989,0,0
2023,JUGOVZHODNA SLOVENIJA,03 01 05,Sawdust/Shavings/Cuttings (03 01 05),Wood/Paper Production Waste,03 01 05,Sawdust/Shavings/Cuttings (03 01 05),Wood/Paper Production Waste,1558.85,0,0,0
2023,JUGOVZHODNA SLOVENIJA,03 01 05,Sawdust/Shavings/Cuttings (03 01 05),Wood/Paper Production Waste,19 12 07,Wood Waste from Treatment (not 19 12 06) (19 12 07),Waste Treatment Residues,1638.13,0,0,0
2023,JUGOVZHODNA SLOVENIJA,03 01 05,Sawdust/Shavings/Cuttings (03 01 05),Wood/Paper Production Waste,19 12 12,Other Mechanically Treated Waste (19 12 12),Waste Treatment Residues,0,249.629,0,0
2023,JUGOVZHODNA SLOVENIJA,03 03 08,Waste from Sorting of Paper and Cardboard for Recycling (03 03 08),Wood/Paper Production Waste,19 12 01,Paper and Cardboard from Waste Treatment (19 12 01),Waste Treatment Residues,0,21.55,218.351,65.16
2023,JUGOVZHODNA SLOVENIJA,03 03 08,Waste from Sorting of Paper and Cardboard for Recycling (03 03 08),Wood/Paper Production Waste,19 12 01,Paper and Cardboard from Waste Treatment (19 12 01),Waste Treatment Residues,0,665.354,0,0
2023,JUGOVZHODNA SLOVENIJA,03 03 08,Waste from Sorting of Paper and Cardboard for Recycling (03 03 08),Wood/Paper Production Waste,20 01 01,Paper and Cardboard from Municipal Waste (20 01 01),Municipal Waste,0,0,823.39,0
2023,JUGOVZHODNA SLOVENIJA,15 01 01,Paper and Cardboard Packaging (15 01 01),Packaging Waste,15 01 01,Paper and Cardboard Packaging (15 01 01),Packaging Waste,0,0,4863.031,24.07
2023,JUGOVZHODNA SLOVENIJA,15 01 01,Paper and Cardboard Packaging (15 01 01),Packaging Waste,15 01 01,Paper and Cardboard Packaging (15 01 01),Packaging Waste,0,590.814,0,0
2023,JUGOVZHODNA SLOVENIJA,15 01 01,Paper and Cardboard Packaging (15 01 01),Packaging Waste,15 01 01,Paper and Cardboard Packaging (15 01 01),Packaging Waste,0,0,0,0
2023,JUGOVZHODNA SLOVENIJA,15 01 01,Paper and Cardboard Packaging (15 01 01),Packaging Waste,19 12 01,Paper and Cardboard from Waste Treatment (19 12 01),Waste Treatment Residues,0,634.283,75.64,0.54
2023,JUGOVZHODNA SLOVENIJA,15 01 01,Paper and Cardboard Packaging (15 01 01),Packaging Waste,19 12 01,Paper and Cardboard from Waste Treatment (19 12 01),Waste Treatment Residues,0,38.5,0,0
2023,JUGOVZHODNA SLOVENIJA,15 01 01,Paper and Cardboard Packaging (15 01 01),Packaging Waste,19 12 01,Paper and Cardboard from Waste Treatment (19 12 01),Waste Treatment Residues,0,0,0,0
2023,JUGOVZHODNA SLOVENIJA,15 01 01,Paper and Cardboard Packaging (15 01 01),Packaging Waste,19 12 12,Other Mechanically Treated Waste (19 12 12),Waste Treatment Residues,0,86.307,0,0
2023,JUGOVZHODNA SLOVENIJA,15 01 01,Paper and Cardboard Packaging (15 01 01),Packaging Waste,20 01 01,Paper and Cardboard from Municipal Waste (20 01 01),Municipal Waste,0,0,33.455,0
2023,JUGOVZHODNA SLOVENIJA,15 01 01,Paper and Cardboard Packaging (15 01 01),Packaging Waste,20 01 01,Paper and Cardboard from Municipal Waste (20 01 01),Municipal Waste,0,0,0,0
2023,JUGOVZHODNA SLOVENIJA,15 01 03,Wooden Packaging (15 01 03),Packaging Waste,15 01 03,Wooden Packaging (15 01 03),Packaging Waste,0,465.78,0,0
2023,JUGOVZHODNA SLOVENIJA,15 01 03,Wooden Packaging (15 01 03),Packaging Waste,15 01 03,Wooden Packaging (15 01 03),Packaging Waste,0,1828.421,0,0
2023,JUGOVZHODNA SLOVENIJA,15 01 03,Wooden Packaging (15 01 03),Packaging Waste,19 12 07,Wood Waste from Treatment (not 19 12 06) (19 12 07),Waste Treatment Residues,34.92,0,0,0
2023,JUGOVZHODNA SLOVENIJA,15 01 03,Wooden Packaging (15 01 03),Packaging Waste,19 12 12,Other Mechanically Treated Waste (19 12 12),Waste Treatment Residues,0,86.975,0,0
2023,JUGOVZHODNA SLOVENIJA,17 02 01,Construction Wood Waste (17 02 01),Construction/Demolition Waste,19 12 12,Other Mechanically Treated Waste (19 12 12),Waste Treatment Residues,0,293.058,0,0
2023,JUGOVZHODNA SLOVENIJA,19 12 01,Paper and Cardboard from Waste Treatment (19 12 01),Waste Treatment Residues,19 12 01,Paper and Cardboard from Waste Treatment (19 12 01),Waste Treatment Residues,0,0,0,22.98
2023,JUGOVZHODNA SLOVENIJA,19 12 01,Paper and Cardboard from Waste Treatment (19 12 01),Waste Treatment Residues,19 12 01,Paper and Cardboard from Waste Treatment (19 12 01),Waste Treatment Residues,0,0,0,0
2023,JUGOVZHODNA SLOVENIJA,19 12 07,Wood Waste from Treatment (not 19 12 06) (19 12 07),Waste Treatment Residues,19 12 07,Wood Waste from Treatment (not 19 12 06) (19 12 07),Waste Treatment Residues,1.56,0,0,0
2023,JUGOVZHODNA SLOVENIJA,20 01 01,Paper and Cardboard from Municipal Waste (20 01 01),Municipal Waste,19 12 01,Paper and Cardboard from Waste Treatment (19 12 01),Waste Treatment Residues,0,294.963,568.379,0
2023,JUGOVZHODNA SLOVENIJA,20 01 01,Paper and Cardboard from Municipal Waste (20 01 01),Municipal Waste,20 01 01,Paper and Cardboard from Municipal Waste (20 01 01),Municipal Waste,0,820.628,607.9,0
2023,JUGOVZHODNA SLOVENIJA,20 01 38,Non-hazardous Wood from Municipal Waste (20 01 38),Municipal Waste,20 01 38,Non-hazardous Wood from Municipal Waste (20 01 38),Municipal Waste,0,19.41,0,0
2023,JUGOVZHODNA SLOVENIJA,20 01 38,Non-hazardous Wood from Municipal Waste (20 01 38),Municipal Waste,20 01 38,Non-hazardous Wood from Municipal Waste (20 01 38),Municipal Waste,16.82,0,0,0
2023,JUGOVZHODNA SLOVENIJA,20 03 07,Bulky Municipal Waste (20 03 07),Municipal Waste,20 03 07,Bulky Municipal Waste (20 03 07),Municipal Waste,0,0,0,0
2023,JUGOVZHODNA SLOVENIJA,20 03 07,Bulky Municipal Waste (20 03 07),Municipal Waste,16 01 03,End-of-Life Tyres (16 01 03),Miscellaneous Waste,1.52,0,0,0
2023,JUGOVZHODNA SLOVENIJA,20 03 07,Bulky Municipal Waste (20 03 07),Municipal Waste,20 01 23*,Discarded Equipment Containing CFCs (20 01 23*),Municipal Waste,22.64,0,0,0
2023,JUGOVZHODNA SLOVENIJA,20 03 07,Bulky Municipal Waste (20 03 07),Municipal Waste,20 01 35*,Hazardous Waste Electrical Equipment (20 01 35*),Municipal Waste,6.76,0,0,0
2023,JUGOVZHODNA SLOVENIJA,20 03 07,Bulky Municipal Waste (20 03 07),Municipal Waste,20 01 36,Non-Hazardous Waste Electrical Equipment (20 01 36),Municipal Waste,0,32.16,0,0
2023,JUGOVZHODNA SLOVENIJA,20 03 07,Bulky Municipal Waste (20 03 07),Municipal Waste,20 01 36,Non-Hazardous Waste Electrical Equipment (20 01 36),Municipal Waste,35.12,0,0,0
2023,JUGOVZHODNA SLOVENIJA,20 03 07,Bulky Municipal Waste (20 03 07),Municipal Waste,20 01 38,Non-hazardous Wood from Municipal Waste (20 01 38),Municipal Waste,0,98.56,0,0
2023,JUGOVZHODNA SLOVENIJA,20 03 07,Bulky Municipal Waste (20 03 07),Municipal Waste,19 12 12,Other Mechanically Treated Waste (19 12 12),Waste Treatment Residues,0,4.989,0,0
2023,JUGOVZHODNA SLOVENIJA,20 03 07,Bulky Municipal Waste (20 03 07),Municipal Waste,19 12 12,Other Mechanically Treated Waste (19 12 12),Waste Treatment Residues,0,22.715,0,0
2023,JUGOVZHODNA SLOVENIJA,20 03 07,Bulky Municipal Waste (20 03 07),Municipal Waste,20 01 40,Metals from Municipal Waste (20 01 40),Municipal Waste,48.34,0,0,0
2023,JUGOVZHODNA SLOVENIJA,20 03 07,Bulky Municipal Waste (20 03 07),Municipal Waste,20 03 07,Bulky Municipal Waste (20 03 07),Municipal Waste,0,1442.81,0,0
2023,JUGOVZHODNA SLOVENIJA,20 03 07,Bulky Municipal Waste (20 03 07),Municipal Waste,20 03 07,Bulky Municipal Waste (20 03 07),Municipal Waste,0,0,0,0
2023,KOROŠKA,03 01 05,Sawdust/Shavings/Cuttings (03 01 05),Wood/Paper Production Waste,03 01 05,Sawdust/Shavings/Cuttings (03 01 05),Wood/Paper Production Waste,0,8.12,0,0
2023,KOROŠKA,15 01 01,Paper and Cardboard Packaging (15 01 01),Packaging Waste,15 01 01,Paper and Cardboard Packaging (15 01 01),Packaging Waste,0,0,1069.665,0
2023,KOROŠKA,15 01 01,Paper and Cardboard Packaging (15 01 01),Packaging Waste,15 01 01,Paper and Cardboard Packaging (15 01 01),Packaging Waste,51.945,0,0,0
2023,KOROŠKA,15 01 01,Paper and Cardboard Packaging (15 01 01),Packaging Waste,19 12 12,Other Mechanically Treated Waste (19 12 12),Waste Treatment Residues,0,7.8,0,0
2023,KOROŠKA,15 01 01,Paper and Cardboard Packaging (15 01 01),Packaging Waste,20 01 01,Paper and Cardboard from Municipal Waste (20 01 01),Municipal Waste,0,0,32.666,0
2023,KOROŠKA,15 01 03,Wooden Packaging (15 01 03),Packaging Waste,15 01 03,Wooden Packaging (15 01 03),Packaging Waste,0,301.94,0,0
2023,KOROŠKA,20 01 01,Paper and Cardboard from Municipal Waste (20 01 01),Municipal Waste,19 12 01,Paper and Cardboard from Waste Treatment (19 12 01),Waste Treatment Residues,0,778.3,0,0
2023,KOROŠKA,20 01 01,Paper and Cardboard from Municipal Waste (20 01 01),Municipal Waste,20 01 01,Paper and Cardboard from Municipal Waste (20 01 01),Municipal Waste,0,0,16.498,0
2023,KOROŠKA,20 01 01,Paper and Cardboard from Municipal Waste (20 01 01),Municipal Waste,20 01 01,Paper and Cardboard from Municipal Waste (20 01 01),Municipal Waste,414,0,0,0
2023,KOROŠKA,20 03 07,Bulky Municipal Waste (20 03 07),Municipal Waste,19 12 12,Other Mechanically Treated Waste (19 12 12),Waste Treatment Residues,0,1683.28,0,0
2023,KOROŠKA,20 03 07,Bulky Municipal Waste (20 03 07),Municipal Waste,19 12 12,Other Mechanically Treated Waste (19 12 12),Waste Treatment Residues,0,755.667,0,0
2023,KOROŠKA,20 03 07,Bulky Municipal Waste (20 03 07),Municipal Waste,20 01 38,Non-hazardous Wood from Municipal Waste (20 01 38),Municipal Waste,0,1700.38,0,0
2023,KOROŠKA,20 03 07,Bulky Municipal Waste (20 03 07),Municipal Waste,20 01 40,Metals from Municipal Waste (20 01 40),Municipal Waste,0,154.78,0,0
2023,KOROŠKA,20 03 07,Bulky Municipal Waste (20 03 07),Municipal Waste,20 01 40,Metals from Municipal Waste (20 01 40),Municipal Waste,146.528,0,0,0
2023,OBALNO-KRAŠKA,03 01 05,Sawdust/Shavings/Cuttings (03 01 05),Wood/Paper Production Waste,17 02 01,Construction Wood Waste (17 02 01),Construction/Demolition Waste,0,187.685,0,0
2023,OBALNO-KRAŠKA,03 01 99,Other Unspecified Wood Waste (03 01 99),Wood/Paper Production Waste,17 02 01,Construction Wood Waste (17 02 01),Construction/Demolition Waste,0,51.325,0,0
2023,OBALNO-KRAŠKA,03 03 08,Waste from Sorting of Paper and Cardboard for Recycling (03 03 08),Wood/Paper Production Waste,19 12 01,Paper and Cardboard from Waste Treatment (19 12 01),Waste Treatment Residues,0,0,60.56,0
2023,OBALNO-KRAŠKA,03 03 08,Waste from Sorting of Paper and Cardboard for Recycling (03 03 08),Wood/Paper Production Waste,19 12 01,Paper and Cardboard from Waste Treatment (19 12 01),Waste Treatment Residues,0,92.02,0,0
2023,OBALNO-KRAŠKA,15 01 01,Paper and Cardboard Packaging (15 01 01),Packaging Waste,15 01 01,Paper and Cardboard Packaging (15 01 01),Packaging Waste,0,0,1695.127,0
2023,OBALNO-KRAŠKA,15 01 01,Paper and Cardboard Packaging (15 01 01),Packaging Waste,15 01 01,Paper and Cardboard Packaging (15 01 01),Packaging Waste,0,0,0,0
2023,OBALNO-KRAŠKA,15 01 01,Paper and Cardboard Packaging (15 01 01),Packaging Waste,19 12 01,Paper and Cardboard from Waste Treatment (19 12 01),Waste Treatment Residues,0,48.963,0,0
2023,OBALNO-KRAŠKA,15 01 01,Paper and Cardboard Packaging (15 01 01),Packaging Waste,19 12 01,Paper and Cardboard from Waste Treatment (19 12 01),Waste Treatment Residues,0,0,0,0
2023,OBALNO-KRAŠKA,15 01 03,Wooden Packaging (15 01 03),Packaging Waste,15 01 03,Wooden Packaging (15 01 03),Packaging Waste,0,469.109,0,0
2023,OBALNO-KRAŠKA,15 01 03,Wooden Packaging (15 01 03),Packaging Waste,15 01 03,Wooden Packaging (15 01 03),Packaging Waste,0,0,0,0
2023,OBALNO-KRAŠKA,15 01 03,Wooden Packaging (15 01 03),Packaging Waste,19 12 07,Wood Waste from Treatment (not 19 12 06) (19 12 07),Waste Treatment Residues,40.64,0,0,0
2023,OBALNO-KRAŠKA,17 02 01,Construction Wood Waste (17 02 01),Construction/Demolition Waste,17 02 01,Construction Wood Waste (17 02 01),Construction/Demolition Waste,0,0,0,0
2023,OBALNO-KRAŠKA,17 02 01,Construction Wood Waste (17 02 01),Construction/Demolition Waste,15 01 03,Wooden Packaging (15 01 03),Packaging Waste,0,99.41,0,0
2023,OBALNO-KRAŠKA,19 12 01,Paper and Cardboard from Waste Treatment (19 12 01),Waste Treatment Residues,19 12 01,Paper and Cardboard from Waste Treatment (19 12 01),Waste Treatment Residues,0,13.29,0,0
2023,OBALNO-KRAŠKA,19 12 07,Wood Waste from Treatment (not 19 12 06) (19 12 07),Waste Treatment Residues,19 12 07,Wood Waste from Treatment (not 19 12 06) (19 12 07),Waste Treatment Residues,0,0,0,0
2023,OBALNO-KRAŠKA,20 01 01,Paper and Cardboard from Municipal Waste (20 01 01),Municipal Waste,19 12 01,Paper and Cardboard from Waste Treatment (19 12 01),Waste Treatment Residues,0,227.576,0,0
2023,OBALNO-KRAŠKA,20 01 01,Paper and Cardboard from Municipal Waste (20 01 01),Municipal Waste,20 01 01,Paper and Cardboard from Municipal Waste (20 01 01),Municipal Waste,0,156.283,48.09,0
2023,OBALNO-KRAŠKA,20 01 01,Paper and Cardboard from Municipal Waste (20 01 01),Municipal Waste,20 01 01,Paper and Cardboard from Municipal Waste (20 01 01),Municipal Waste,0,0,23.626,0
2023,OBALNO-KRAŠKA,20 01 01,Paper and Cardboard from Municipal Waste (20 01 01),Municipal Waste,20 01 01,Paper and Cardboard from Municipal Waste (20 01 01),Municipal Waste,0,0,0,0
2023,OBALNO-KRAŠKA,20 01 38,Non-hazardous Wood from Municipal Waste (20 01 38),Municipal Waste,15 01 03,Wooden Packaging (15 01 03),Packaging Waste,0,204.611,0,0
2023,OBALNO-KRAŠKA,20 01 38,Non-hazardous Wood from Municipal Waste (20 01 38),Municipal Waste,19 12 07,Wood Waste from Treatment (not 19 12 06) (19 12 07),Waste Treatment Residues,0,0,0,0
2023,OBALNO-KRAŠKA,20 03 07,Bulky Municipal Waste (20 03 07),Municipal Waste,19 12 12,Other Mechanically Treated Waste (19 12 12),Waste Treatment Residues,0,45.079,0,0
2023,OSREDNJESLOVENSKA,03 01 05,Sawdust/Shavings/Cuttings (03 01 05),Wood/Paper Production Waste,10 01 15,"Ash, slag and boiler dust from co-incineration plants other than those mentioned in 10 01 14 (10 01 15)",Thermal Process Waste,0,6.76,0,0
2023,OSREDNJESLOVENSKA,03 01 05,Sawdust/Shavings/Cuttings (03 01 05),Wood/Paper Production Waste,03 01 05,Sawdust/Shavings/Cuttings (03 01 05),Wood/Paper Production Waste,0,0,0,0
2023,OSREDNJESLOVENSKA,03 01 05,Sawdust/Shavings/Cuttings (03 01 05),Wood/Paper Production Waste,19 12 07,Wood Waste from Treatment (not 19 12 06) (19 12 07),Waste Treatment Residues,0,0,631.46,0
2023,OSREDNJESLOVENSKA,03 01 05,Sawdust/Shavings/Cuttings (03 01 05),Wood/Paper Production Waste,19 12 07,Wood Waste from Treatment (not 19 12 06) (19 12 07),Waste Treatment Residues,0,0,258.08,0
2023,OSREDNJESLOVENSKA,03 01 05,Sawdust/Shavings/Cuttings (03 01 05),Wood/Paper Production Waste,19 12 12,Other Mechanically Treated Waste (19 12 12),Waste Treatment Residues,0,17.98,0,0
2023,OSREDNJESLOVENSKA,03 01 05,Sawdust/Shavings/Cuttings (03 01 05),Wood/Paper Production Waste,19 12 07,Wood Waste from Treatment (not 19 12 06) (19 12 07),Waste Treatment Residues,0,0,1525.02,0
2023,OSREDNJESLOVENSKA,03 03 01,Bark and Wood Waste from Pulp/Paper Production (03 03 01),Wood/Paper Production Waste,19 12 07,Wood Waste from Treatment (not 19 12 06) (19 12 07),Waste Treatment Residues,0,21.78,0,0
2023,OSREDNJESLOVENSKA,03 03 01,Bark and Wood Waste from Pulp/Paper Production (03 03 01),Wood/Paper Production Waste,19 12 12,Other Mechanically Treated Waste (19 12 12),Waste Treatment Residues,0,20.718,0,0
2023,OSREDNJESLOVENSKA,03 03 08,Waste from Sorting of Paper and Cardboard for Recycling (03 03 08),Wood/Paper Production Waste,03 03 08,Waste from Sorting of Paper and Cardboard for Recycling (03 03 08),Wood/Paper Production Waste,0,0,0,0
2023,OSREDNJESLOVENSKA,03 03 08,Waste from Sorting of Paper and Cardboard for Recycling (03 03 08),Wood/Paper Production Waste,03 03 10,Fiber Rejects and Sludge from Mechanical Separation (03 03 10),Wood/Paper Production Waste,0,1186,0,0
2023,OSREDNJESLOVENSKA,03 03 08,Waste from Sorting of Paper and Cardboard for Recycling (03 03 08),Wood/Paper Production Waste,03 03 08,Waste from Sorting of Paper and Cardboard for Recycling (03 03 08),Wood/Paper Production Waste,0,42.98,0,0
2023,OSREDNJESLOVENSKA,03 03 08,Waste from Sorting of Paper and Cardboard for Recycling (03 03 08),Wood/Paper Production Waste,15 01 01,Paper and Cardboard Packaging (15 01 01),Packaging Waste,0,0,661.19,0
2023,OSREDNJESLOVENSKA,03 03 08,Waste from Sorting of Paper and Cardboard for Recycling (03 03 08),Wood/Paper Production Waste,19 12 01,Paper and Cardboard from Waste Treatment (19 12 01),Waste Treatment Residues,0,6428.09,0,0
2023,OSREDNJESLOVENSKA,03 03 08,Waste from Sorting of Paper and Cardboard for Recycling (03 03 08),Wood/Paper Production Waste,19 12 01,Paper and Cardboard from Waste Treatment (19 12 01),Waste Treatment Residues,0,118.337,0,0
2023,OSREDNJESLOVENSKA,03 03 08,Waste from Sorting of Paper and Cardboard for Recycling (03 03 08),Wood/Paper Production Waste,19 12 12,Other Mechanically Treated Waste (19 12 12),Waste Treatment Residues,0,0,53.64,0
2023,OSREDNJESLOVENSKA,03 03 08,Waste from Sorting of Paper and Cardboard for Recycling (03 03 08),Wood/Paper Production Waste,19 12 12,Other Mechanically Treated Waste (19 12 12),Waste Treatment Residues,0,1326.085,0,0
2023,OSREDNJESLOVENSKA,15 01 01,Paper and Cardboard Packaging (15 01 01),Packaging Waste,03 03 07,Mechanically Separated Rejects from Pulping (03 03 07),Wood/Paper Production Waste,0,156.823,0,0
2023,OSREDNJESLOVENSKA,15 01 01,Paper and Cardboard Packaging (15 01 01),Packaging Waste,03 03 08,Waste from Sorting of Paper and Cardboard for Recycling (03 03 08),Wood/Paper Production Waste,0,1.66,0,0
2023,OSREDNJESLOVENSKA,15 01 01,Paper and Cardboard Packaging (15 01 01),Packaging Waste,15 01 01,Paper and Cardboard Packaging (15 01 01),Packaging Waste,0,506.121,18370.128,17405.429
2023,OSREDNJESLOVENSKA,15 01 01,Paper and Cardboard Packaging (15 01 01),Packaging Waste,15 01 01,Paper and Cardboard Packaging (15 01 01),Packaging Waste,0,252.845,0,0
2023,OSREDNJESLOVENSKA,15 01 01,Paper and Cardboard Packaging (15 01 01),Packaging Waste,15 01 01,Paper and Cardboard Packaging (15 01 01),Packaging Waste,0,2085.462,0,0
2023,OSREDNJESLOVENSKA,15 01 01,Paper and Cardboard Packaging (15 01 01),Packaging Waste,15 01 01,Paper and Cardboard Packaging (15 01 01),Packaging Waste,0,0,0,0
2023,OSREDNJESLOVENSKA,15 01 01,Paper and Cardboard Packaging (15 01 01),Packaging Waste,19 12 01,Paper and Cardboard from Waste Treatment (19 12 01),Waste Treatment Residues,0,3074.043,0,11325.353
2023,OSREDNJESLOVENSKA,15 01 01,Paper and Cardboard Packaging (15 01 01),Packaging Waste,19 12 01,Paper and Cardboard from Waste Treatment (19 12 01),Waste Treatment Residues,0,1155.273,0,0
2023,OSREDNJESLOVENSKA,15 01 01,Paper and Cardboard Packaging (15 01 01),Packaging Waste,15 01 01,Paper and Cardboard Packaging (15 01 01),Packaging Waste,0,424.937,0,0
2023,OSREDNJESLOVENSKA,15 01 03,Wooden Packaging (15 01 03),Packaging Waste,15 01 03,Wooden Packaging (15 01 03),Packaging Waste,0,0.6,0,0
2023,OSREDNJESLOVENSKA,15 01 03,Wooden Packaging (15 01 03),Packaging Waste,12 01 02,Iron Dust and Particles (12 01 02),Metal/Plastic Processing Waste,0,2.63,0,0
2023,OSREDNJESLOVENSKA,15 01 03,Wooden Packaging (15 01 03),Packaging Waste,19 12 07,Wood Waste from Treatment (not 19 12 06) (19 12 07),Waste Treatment Residues,0,0,10585.153,0
2023,OSREDNJESLOVENSKA,15 01 03,Wooden Packaging (15 01 03),Packaging Waste,15 01 03,Wooden Packaging (15 01 03),Packaging Waste,0,2559.63,0,0
2023,OSREDNJESLOVENSKA,15 01 03,Wooden Packaging (15 01 03),Packaging Waste,15 01 03,Wooden Packaging (15 01 03),Packaging Waste,0,93.228,0,0
2023,OSREDNJESLOVENSKA,15 01 03,Wooden Packaging (15 01 03),Packaging Waste,15 01 03,Wooden Packaging (15 01 03),Packaging Waste,0,0,0,0
2023,OSREDNJESLOVENSKA,15 01 03,Wooden Packaging (15 01 03),Packaging Waste,19 12 02,Ferrous Metals from Mechanical Treatment (19 12 02),Waste Treatment Residues,0,82.283,0,0
2023,OSREDNJESLOVENSKA,15 01 03,Wooden Packaging (15 01 03),Packaging Waste,19 12 07,Wood Waste from Treatment (not 19 12 06) (19 12 07),Waste Treatment Residues,0,0,4034.408,0
2023,OSREDNJESLOVENSKA,15 01 03,Wooden Packaging (15 01 03),Packaging Waste,19 12 12,Other Mechanically Treated Waste (19 12 12),Waste Treatment Residues,0,154.281,0,0
2023,OSREDNJESLOVENSKA,15 01 03,Wooden Packaging (15 01 03),Packaging Waste,19 12 12,Other Mechanically Treated Waste (19 12 12),Waste Treatment Residues,0,1.315,0,0
2023,OSREDNJESLOVENSKA,15 01 03,Wooden Packaging (15 01 03),Packaging Waste,20 01 38,Non-hazardous Wood from Municipal Waste (20 01 38),Municipal Waste,0,35.38,0,0
2023,OSREDNJESLOVENSKA,15 01 03,Wooden Packaging (15 01 03),Packaging Waste,15 01 03,Wooden Packaging (15 01 03),Packaging Waste,0,100.75,173.005,0
2023,OSREDNJESLOVENSKA,15 01 03,Wooden Packaging (15 01 03),Packaging Waste,15 01 03,Wooden Packaging (15 01 03),Packaging Waste,0,24.175,0,0
2023,OSREDNJESLOVENSKA,17 02 01,Construction Wood Waste (17 02 01),Construction/Demolition Waste,19 12 07,Wood Waste from Treatment (not 19 12 06) (19 12 07),Waste Treatment Residues,0,0,2883.17,0
2023,OSREDNJESLOVENSKA,17 02 01,Construction Wood Waste (17 02 01),Construction/Demolition Waste,19 12 02,Ferrous Metals from Mechanical Treatment (19 12 02),Waste Treatment Residues,0,20.89,0,0
2023,OSREDNJESLOVENSKA,17 02 01,Construction Wood Waste (17 02 01),Construction/Demolition Waste,19 12 03,Non-Ferrous Metals from Mechanical Treatment (19 12 03),Waste Treatment Residues,0,0.868,0,0
2023,OSREDNJESLOVENSKA,17 02 01,Construction Wood Waste (17 02 01),Construction/Demolition Waste,19 12 07,Wood Waste from Treatment (not 19 12 06) (19 12 07),Waste Treatment Residues,0,89.88,0,0
2023,OSREDNJESLOVENSKA,17 02 01,Construction Wood Waste (17 02 01),Construction/Demolition Waste,19 12 07,Wood Waste from Treatment (not 19 12 06) (19 12 07),Waste Treatment Residues,0,37.07,0,0
2023,OSREDNJESLOVENSKA,17 02 01,Construction Wood Waste (17 02 01),Construction/Demolition Waste,20 01 38,Non-hazardous Wood from Municipal Waste (20 01 38),Municipal Waste,0,9.22,0,0
2023,OSREDNJESLOVENSKA,17 02 01,Construction Wood Waste (17 02 01),Construction/Demolition Waste,17 02 01,Construction Wood Waste (17 02 01),Construction/Demolition Waste,0,604.92,0,0
2023,OSREDNJESLOVENSKA,17 02 01,Construction Wood Waste (17 02 01),Construction/Demolition Waste,19 12 07,Wood Waste from Treatment (not 19 12 06) (19 12 07),Waste Treatment Residues,0,0,1037.911,0
2023,OSREDNJESLOVENSKA,17 02 01,Construction Wood Waste (17 02 01),Construction/Demolition Waste,19 12 12,Other Mechanically Treated Waste (19 12 12),Waste Treatment Residues,0,233.161,0,0
2023,OSREDNJESLOVENSKA,17 02 01,Construction Wood Waste (17 02 01),Construction/Demolition Waste,15 01 03,Wooden Packaging (15 01 03),Packaging Waste,0,0,28.18,0
2023,OSREDNJESLOVENSKA,17 02 01,Construction Wood Waste (17 02 01),Construction/Demolition Waste,17 02 01,Construction Wood Waste (17 02 01),Construction/Demolition Waste,0,47.36,0,0
2023,OSREDNJESLOVENSKA,19 12 01,Paper and Cardboard from Waste Treatment (19 12 01),Waste Treatment Residues,19 12 01,Paper and Cardboard from Waste Treatment (19 12 01),Waste Treatment Residues,0,0,0,0
2023,OSREDNJESLOVENSKA,19 12 01,Paper and Cardboard from Waste Treatment (19 12 01),Waste Treatment Residues,03 03 07,Mechanically Separated Rejects from Pulping (03 03 07),Wood/Paper Production Waste,0,2195.519,0,0
2023,OSREDNJESLOVENSKA,19 12 01,Paper and Cardboard from Waste Treatment (19 12 01),Waste Treatment Residues,03 03 08,Waste from Sorting of Paper and Cardboard for Recycling (03 03 08),Wood/Paper Production Waste,0,23.234,0,0
2023,OSREDNJESLOVENSKA,19 12 01,Paper and Cardboard from Waste Treatment (19 12 01),Waste Treatment Residues,19 12 01,Paper and Cardboard from Waste Treatment (19 12 01),Waste Treatment Residues,0,437.342,923.717,1207.923
2023,OSREDNJESLOVENSKA,19 12 01,Paper and Cardboard from Waste Treatment (19 12 01),Waste Treatment Residues,19 12 01,Paper and Cardboard from Waste Treatment (19 12 01),Waste Treatment Residues,0,7869.082,0,0
2023,OSREDNJESLOVENSKA,19 12 01,Paper and Cardboard from Waste Treatment (19 12 01),Waste Treatment Residues,19 12 12,Other Mechanically Treated Waste (19 12 12),Waste Treatment Residues,0,0,4.9,0
2023,OSREDNJESLOVENSKA,19 12 01,Paper and Cardboard from Waste Treatment (19 12 01),Waste Treatment Residues,19 12 01,Paper and Cardboard from Waste Treatment (19 12 01),Waste Treatment Residues,0,91.85,0,0
2023,OSREDNJESLOVENSKA,19 12 07,Wood Waste from Treatment (not 19 12 06) (19 12 07),Waste Treatment Residues,19 12 07,Wood Waste from Treatment (not 19 12 06) (19 12 07),Waste Treatment Residues,0,0,3551.76,0
2023,OSREDNJESLOVENSKA,19 12 07,Wood Waste from Treatment (not 19 12 06) (19 12 07),Waste Treatment Residues,19 12 07,Wood Waste from Treatment (not 19 12 06) (19 12 07),Waste Treatment Residues,0,0,63.86,0
2023,OSREDNJESLOVENSKA,19 12 07,Wood Waste from Treatment (not 19 12 06) (19 12 07),Waste Treatment Residues,19 12 07,Wood Waste from Treatment (not 19 12 06) (19 12 07),Waste Treatment Residues,0,0,0,0
2023,OSREDNJESLOVENSKA,19 12 07,Wood Waste from Treatment (not 19 12 06) (19 12 07),Waste Treatment Residues,19 12 12,Other Mechanically Treated Waste (19 12 12),Waste Treatment Residues,0,30.208,0,0
2023,OSREDNJESLOVENSKA,20 01 01,Paper and Cardboard from Municipal Waste (20 01 01),Municipal Waste,20 01 01,Paper and Cardboard from Municipal Waste (20 01 01),Municipal Waste,0,0,0,0
2023,OSREDNJESLOVENSKA,20 01 01,Paper and Cardboard from Municipal Waste (20 01 01),Municipal Waste,19 02 04*,Mixed Waste Containing Hazardous Substances (19 02 04*),Waste Treatment Residues,0,0,1.038,0
2023,OSREDNJESLOVENSKA,20 01 01,Paper and Cardboard from Municipal Waste (20 01 01),Municipal Waste,03 03 07,Mechanically Separated Rejects from Pulping (03 03 07),Wood/Paper Production Waste,0,0,1614.55,0
2023,OSREDNJESLOVENSKA,20 01 01,Paper and Cardboard from Municipal Waste (20 01 01),Municipal Waste,03 03 07,Mechanically Separated Rejects from Pulping (03 03 07),Wood/Paper Production Waste,0,3549.718,0,0
2023,OSREDNJESLOVENSKA,20 01 01,Paper and Cardboard from Municipal Waste (20 01 01),Municipal Waste,03 03 07,Mechanically Separated Rejects from Pulping (03 03 07),Wood/Paper Production Waste,0,324.53,0,0
2023,OSREDNJESLOVENSKA,20 01 01,Paper and Cardboard from Municipal Waste (20 01 01),Municipal Waste,03 03 08,Waste from Sorting of Paper and Cardboard for Recycling (03 03 08),Wood/Paper Production Waste,0,58.086,0,0
2023,OSREDNJESLOVENSKA,20 01 01,Paper and Cardboard from Municipal Waste (20 01 01),Municipal Waste,19 12 12,Other Mechanically Treated Waste (19 12 12),Waste Treatment Residues,0,1.727,0,0
2023,OSREDNJESLOVENSKA,20 01 01,Paper and Cardboard from Municipal Waste (20 01 01),Municipal Waste,20 01 01,Paper and Cardboard from Municipal Waste (20 01 01),Municipal Waste,0,0.106,0,0
2023,OSREDNJESLOVENSKA,20 01 01,Paper and Cardboard from Municipal Waste (20 01 01),Municipal Waste,15 01 01,Paper and Cardboard Packaging (15 01 01),Packaging Waste,0,0,2841.522,1123.105
2023,OSREDNJESLOVENSKA,20 01 01,Paper and Cardboard from Municipal Waste (20 01 01),Municipal Waste,19 12 01,Paper and Cardboard from Waste Treatment (19 12 01),Waste Treatment Residues,0,6278.144,2769.329,7010.494
2023,OSREDNJESLOVENSKA,20 01 01,Paper and Cardboard from Municipal Waste (20 01 01),Municipal Waste,19 12 01,Paper and Cardboard from Waste Treatment (19 12 01),Waste Treatment Residues,0,980.183,0,0
2023,OSREDNJESLOVENSKA,20 01 01,Paper and Cardboard from Municipal Waste (20 01 01),Municipal Waste,19 12 01,Paper and Cardboard from Waste Treatment (19 12 01),Waste Treatment Residues,0,0,0,0
2023,OSREDNJESLOVENSKA,20 01 01,Paper and Cardboard from Municipal Waste (20 01 01),Municipal Waste,20 01 01,Paper and Cardboard from Municipal Waste (20 01 01),Municipal Waste,0,4438.227,10133.757,372.16
2023,OSREDNJESLOVENSKA,20 01 01,Paper and Cardboard from Municipal Waste (20 01 01),Municipal Waste,20 01 01,Paper and Cardboard from Municipal Waste (20 01 01),Municipal Waste,0,0,827.474,0
2023,OSREDNJESLOVENSKA,20 01 01,Paper and Cardboard from Municipal Waste (20 01 01),Municipal Waste,20 01 01,Paper and Cardboard from Municipal Waste (20 01 01),Municipal Waste,0,680.87,24.36,0
2023,OSREDNJESLOVENSKA,20 01 01,Paper and Cardboard from Municipal Waste (20 01 01),Municipal Waste,20 01 01,Paper and Cardboard from Municipal Waste (20 01 01),Municipal Waste,1241.832,0,0,0
2023,OSREDNJESLOVENSKA,20 01 38,Non-hazardous Wood from Municipal Waste (20 01 38),Municipal Waste,20 01 38,Non-hazardous Wood from Municipal Waste (20 01 38),Municipal Waste,0,0,0,0
2023,OSREDNJESLOVENSKA,20 01 38,Non-hazardous Wood from Municipal Waste (20 01 38),Municipal Waste,17 04 05,Iron and Steel Waste (17 04 05),Construction/Demolition Waste,0,567.169,0,0
2023,OSREDNJESLOVENSKA,20 01 38,Non-hazardous Wood from Municipal Waste (20 01 38),Municipal Waste,19 12 07,Wood Waste from Treatment (not 19 12 06) (19 12 07),Waste Treatment Residues,0,0,26856.848,0
2023,OSREDNJESLOVENSKA,20 01 38,Non-hazardous Wood from Municipal Waste (20 01 38),Municipal Waste,19 12 07,Wood Waste from Treatment (not 19 12 06) (19 12 07),Waste Treatment Residues,0,426.54,0,0
2023,OSREDNJESLOVENSKA,20 01 38,Non-hazardous Wood from Municipal Waste (20 01 38),Municipal Waste,19 12 02,Ferrous Metals from Mechanical Treatment (19 12 02),Waste Treatment Residues,0,680.715,0,0
2023,OSREDNJESLOVENSKA,20 01 38,Non-hazardous Wood from Municipal Waste (20 01 38),Municipal Waste,19 12 07,Wood Waste from Treatment (not 19 12 06) (19 12 07),Waste Treatment Residues,0,0,10152.981,0
2023,OSREDNJESLOVENSKA,20 01 38,Non-hazardous Wood from Municipal Waste (20 01 38),Municipal Waste,19 12 12,Other Mechanically Treated Waste (19 12 12),Waste Treatment Residues,0,126.535,0,0
2023,OSREDNJESLOVENSKA,20 01 38,Non-hazardous Wood from Municipal Waste (20 01 38),Municipal Waste,20 01 38,Non-hazardous Wood from Municipal Waste (20 01 38),Municipal Waste,0,637.14,0,0
2023,OSREDNJESLOVENSKA,20 01 38,Non-hazardous Wood from Municipal Waste (20 01 38),Municipal Waste,20 01 38,Non-hazardous Wood from Municipal Waste (20 01 38),Municipal Waste,0,1078.08,0,0
2023,OSREDNJESLOVENSKA,20 01 38,Non-hazardous Wood from Municipal Waste (20 01 38),Municipal Waste,20 01 38,Non-hazardous Wood from Municipal Waste (20 01 38),Municipal Waste,0,9172.58,0,0
2023,OSREDNJESLOVENSKA,20 03 07,Bulky Municipal Waste (20 03 07),Municipal Waste,20 03 07,Bulky Municipal Waste (20 03 07),Municipal Waste,0,0,0,0
2023,OSREDNJESLOVENSKA,20 03 07,Bulky Municipal Waste (20 03 07),Municipal Waste,19 12 02,Ferrous Metals from Mechanical Treatment (19 12 02),Waste Treatment Residues,0,524.474,0,0
2023,OSREDNJESLOVENSKA,20 03 07,Bulky Municipal Waste (20 03 07),Municipal Waste,19 12 12,Other Mechanically Treated Waste (19 12 12),Waste Treatment Residues,0,20964.103,0,0
2023,OSREDNJESLOVENSKA,20 03 07,Bulky Municipal Waste (20 03 07),Municipal Waste,19 12 02,Ferrous Metals from Mechanical Treatment (19 12 02),Waste Treatment Residues,0,1177.522,0,0
2023,OSREDNJESLOVENSKA,20 03 07,Bulky Municipal Waste (20 03 07),Municipal Waste,19 12 02,Ferrous Metals from Mechanical Treatment (19 12 02),Waste Treatment Residues,0,1792.03,0,0
2023,OSREDNJESLOVENSKA,20 03 07,Bulky Municipal Waste (20 03 07),Municipal Waste,19 12 02,Ferrous Metals from Mechanical Treatment (19 12 02),Waste Treatment Residues,0,0,17.738,0
2023,OSREDNJESLOVENSKA,20 03 07,Bulky Municipal Waste (20 03 07),Municipal Waste,19 12 04,Plastics and Rubber from Mechanical Treatment (19 12 04),Waste Treatment Residues,0,0,11.866,0
2023,OSREDNJESLOVENSKA,20 03 07,Bulky Municipal Waste (20 03 07),Municipal Waste,19 12 04,Plastics and Rubber from Mechanical Treatment (19 12 04),Waste Treatment Residues,0,0.6,0,0
2023,OSREDNJESLOVENSKA,20 03 07,Bulky Municipal Waste (20 03 07),Municipal Waste,19 12 07,Wood Waste from Treatment (not 19 12 06) (19 12 07),Waste Treatment Residues,0,0,142.287,0
2023,OSREDNJESLOVENSKA,20 03 07,Bulky Municipal Waste (20 03 07),Municipal Waste,19 12 07,Wood Waste from Treatment (not 19 12 06) (19 12 07),Waste Treatment Residues,0,1.1,0,0
2023,OSREDNJESLOVENSKA,20 03 07,Bulky Municipal Waste (20 03 07),Municipal Waste,19 12 12,Other Mechanically Treated Waste (19 12 12),Waste Treatment Residues,0,152.865,0,0
2023,OSREDNJESLOVENSKA,20 03 07,Bulky Municipal Waste (20 03 07),Municipal Waste,19 12 12,Other Mechanically Treated Waste (19 12 12),Waste Treatment Residues,0,0,1058.614,0
2023,OSREDNJESLOVENSKA,20 03 07,Bulky Municipal Waste (20 03 07),Municipal Waste,19 12 12,Other Mechanically Treated Waste (19 12 12),Waste Treatment Residues,0,565.888,0,0
2023,OSREDNJESLOVENSKA,20 03 07,Bulky Municipal Waste (20 03 07),Municipal Waste,19 12 12,Other Mechanically Treated Waste (19 12 12),Waste Treatment Residues,0,588.749,0,0
2023,OSREDNJESLOVENSKA,20 03 07,Bulky Municipal Waste (20 03 07),Municipal Waste,19 12 12,Other Mechanically Treated Waste (19 12 12),Waste Treatment Residues,178.352,0,0,0
2023,OSREDNJESLOVENSKA,20 03 07,Bulky Municipal Waste (20 03 07),Municipal Waste,20 01 02,Glass from Municipal Waste (20 01 02),Municipal Waste,0,47.72,0,0
2023,OSREDNJESLOVENSKA,20 03 07,Bulky Municipal Waste (20 03 07),Municipal Waste,20 01 38,Non-hazardous Wood from Municipal Waste (20 01 38),Municipal Waste,0,113.47,0,0
2023,OSREDNJESLOVENSKA,20 03 07,Bulky Municipal Waste (20 03 07),Municipal Waste,20 01 38,Non-hazardous Wood from Municipal Waste (20 01 38),Municipal Waste,0,27.15,0,0
2023,OSREDNJESLOVENSKA,20 03 07,Bulky Municipal Waste (20 03 07),Municipal Waste,20 01 39,Plastics from Municipal Waste (20 01 39),Municipal Waste,0,1.18,0,0
2023,OSREDNJESLOVENSKA,20 03 07,Bulky Municipal Waste (20 03 07),Municipal Waste,20 01 40,Metals from Municipal Waste (20 01 40),Municipal Waste,0,22.674,0,0
2023,OSREDNJESLOVENSKA,20 03 07,Bulky Municipal Waste (20 03 07),Municipal Waste,20 03 07,Bulky Municipal Waste (20 03 07),Municipal Waste,0,9072.84,0,0
2023,OSREDNJESLOVENSKA,20 03 07,Bulky Municipal Waste (20 03 07),Municipal Waste,20 03 07,Bulky Municipal Waste (20 03 07),Municipal Waste,0,489.48,0,0
2023,OSREDNJESLOVENSKA,20 03 07,Bulky Municipal Waste (20 03 07),Municipal Waste,20 03 07,Bulky Municipal Waste (20 03 07),Municipal Waste,0,0,0,0
2023,PODRAVSKA,03 01 99,Other Unspecified Wood Waste (03 01 99),Wood/Paper Production Waste,19 12 12,Other Mechanically Treated Waste (19 12 12),Waste Treatment Residues,0,0,1036.33,0
2023,PODRAVSKA,03 03 08,Waste from Sorting of Paper and Cardboard for Recycling (03 03 08),Wood/Paper Production Waste,19 12 10,Refuse-Derived Fuel (19 12 10),Waste Treatment Residues,0,0,0,289.515
2023,PODRAVSKA,03 03 08,Waste from Sorting of Paper and Cardboard for Recycling (03 03 08),Wood/Paper Production Waste,19 12 01,Paper and Cardboard from Waste Treatment (19 12 01),Waste Treatment Residues,0,1242.06,457.733,0
2023,PODRAVSKA,03 03 08,Waste from Sorting of Paper and Cardboard for Recycling (03 03 08),Wood/Paper Production Waste,20 01 01,Paper and Cardboard from Municipal Waste (20 01 01),Municipal Waste,0,6.56,0,0
2023,PODRAVSKA,15 01 01,Paper and Cardboard Packaging (15 01 01),Packaging Waste,19 12 10,Refuse-Derived Fuel (19 12 10),Waste Treatment Residues,0,0,18.356,0
2023,PODRAVSKA,15 01 01,Paper and Cardboard Packaging (15 01 01),Packaging Waste,15 01 01,Paper and Cardboard Packaging (15 01 01),Packaging Waste,0,0,185.31,0
2023,PODRAVSKA,15 01 01,Paper and Cardboard Packaging (15 01 01),Packaging Waste,15 01 01,Paper and Cardboard Packaging (15 01 01),Packaging Waste,0,20.1,12380.916,1108.16
2023,PODRAVSKA,15 01 01,Paper and Cardboard Packaging (15 01 01),Packaging Waste,15 01 01,Paper and Cardboard Packaging (15 01 01),Packaging Waste,0,1091.528,0,0
2023,PODRAVSKA,15 01 01,Paper and Cardboard Packaging (15 01 01),Packaging Waste,15 01 01,Paper and Cardboard Packaging (15 01 01),Packaging Waste,0,0,0,0
2023,PODRAVSKA,15 01 01,Paper and Cardboard Packaging (15 01 01),Packaging Waste,19 12 01,Paper and Cardboard from Waste Treatment (19 12 01),Waste Treatment Residues,0,615.685,330.342,0
2023,PODRAVSKA,15 01 01,Paper and Cardboard Packaging (15 01 01),Packaging Waste,19 12 01,Paper and Cardboard from Waste Treatment (19 12 01),Waste Treatment Residues,0,717.01,0,0
2023,PODRAVSKA,15 01 01,Paper and Cardboard Packaging (15 01 01),Packaging Waste,19 12 02,Ferrous Metals from Mechanical Treatment (19 12 02),Waste Treatment Residues,0,3.4,0,0
2023,PODRAVSKA,15 01 01,Paper and Cardboard Packaging (15 01 01),Packaging Waste,20 01 01,Paper and Cardboard from Municipal Waste (20 01 01),Municipal Waste,0,288.053,0,0
2023,PODRAVSKA,15 01 01,Paper and Cardboard Packaging (15 01 01),Packaging Waste,20 01 01,Paper and Cardboard from Municipal Waste (20 01 01),Municipal Waste,0,356.297,0,0
2023,PODRAVSKA,15 01 01,Paper and Cardboard Packaging (15 01 01),Packaging Waste,20 01 01,Paper and Cardboard from Municipal Waste (20 01 01),Municipal Waste,0,0,0,0
2023,PODRAVSKA,15 01 03,Wooden Packaging (15 01 03),Packaging Waste,15 01 03,Wooden Packaging (15 01 03),Packaging Waste,0,4909.06,6.8,0
2023,PODRAVSKA,15 01 03,Wooden Packaging (15 01 03),Packaging Waste,15 01 03,Wooden Packaging (15 01 03),Packaging Waste,0,132.925,0,0
2023,PODRAVSKA,15 01 03,Wooden Packaging (15 01 03),Packaging Waste,15 01 03,Wooden Packaging (15 01 03),Packaging Waste,0,0,0,0
2023,PODRAVSKA,15 01 03,Wooden Packaging (15 01 03),Packaging Waste,19 12 12,Other Mechanically Treated Waste (19 12 12),Waste Treatment Residues,0,0,2.991,0
2023,PODRAVSKA,15 01 03,Wooden Packaging (15 01 03),Packaging Waste,19 12 12,Other Mechanically Treated Waste (19 12 12),Waste Treatment Residues,0,135.44,0,0
2023,PODRAVSKA,15 01 03,Wooden Packaging (15 01 03),Packaging Waste,20 01 40,Metals from Municipal Waste (20 01 40),Municipal Waste,0,0,0,0
2023,PODRAVSKA,19 12 01,Paper and Cardboard from Waste Treatment (19 12 01),Waste Treatment Residues,19 12 01,Paper and Cardboard from Waste Treatment (19 12 01),Waste Treatment Residues,0,294.841,0,0
2023,PODRAVSKA,19 12 01,Paper and Cardboard from Waste Treatment (19 12 01),Waste Treatment Residues,19 12 01,Paper and Cardboard from Waste Treatment (19 12 01),Waste Treatment Residues,0,0,0,0
2023,PODRAVSKA,19 12 07,Wood Waste from Treatment (not 19 12 06) (19 12 07),Waste Treatment Residues,19 12 12,Other Mechanically Treated Waste (19 12 12),Waste Treatment Residues,0,0,27.42,0
2023,PODRAVSKA,19 12 07,Wood Waste from Treatment (not 19 12 06) (19 12 07),Waste Treatment Residues,19 12 12,Other Mechanically Treated Waste (19 12 12),Waste Treatment Residues,0,4.036,0,0
2023,PODRAVSKA,20 01 01,Paper and Cardboard from Municipal Waste (20 01 01),Municipal Waste,20 01 01,Paper and Cardboard from Municipal Waste (20 01 01),Municipal Waste,0,5.36,0,0
2023,PODRAVSKA,20 01 01,Paper and Cardboard from Municipal Waste (20 01 01),Municipal Waste,20 01 01,Paper and Cardboard from Municipal Waste (20 01 01),Municipal Waste,0,0,0,0
2023,PODRAVSKA,20 01 01,Paper and Cardboard from Municipal Waste (20 01 01),Municipal Waste,19 01 12,Bottom Ash and Slag (19 01 12),Waste Treatment Residues,0,35.352,0,0
2023,PODRAVSKA,20 01 01,Paper and Cardboard from Municipal Waste (20 01 01),Municipal Waste,15 01 01,Paper and Cardboard Packaging (15 01 01),Packaging Waste,0,0,21.88,0
2023,PODRAVSKA,20 01 01,Paper and Cardboard from Municipal Waste (20 01 01),Municipal Waste,19 12 10,Refuse-Derived Fuel (19 12 10),Waste Treatment Residues,0,0,0,700.9
2023,PODRAVSKA,20 01 01,Paper and Cardboard from Municipal Waste (20 01 01),Municipal Waste,20 01 01,Paper and Cardboard from Municipal Waste (20 01 01),Municipal Waste,0,0,26.3,0
2023,PODRAVSKA,20 01 01,Paper and Cardboard from Municipal Waste (20 01 01),Municipal Waste,20 01 01,Paper and Cardboard from Municipal Waste (20 01 01),Municipal Waste,0,1322.46,0,0
2023,PODRAVSKA,20 01 01,Paper and Cardboard from Municipal Waste (20 01 01),Municipal Waste,20 01 01,Paper and Cardboard from Municipal Waste (20 01 01),Municipal Waste,68.537,0,0,0
2023,PODRAVSKA,20 01 01,Paper and Cardboard from Municipal Waste (20 01 01),Municipal Waste,19 12 01,Paper and Cardboard from Waste Treatment (19 12 01),Waste Treatment Residues,0,1552.661,1747.039,494.9
2023,PODRAVSKA,20 01 01,Paper and Cardboard from Municipal Waste (20 01 01),Municipal Waste,20 01 01,Paper and Cardboard from Municipal Waste (20 01 01),Municipal Waste,0,417.264,1362.682,0
2023,PODRAVSKA,20 01 01,Paper and Cardboard from Municipal Waste (20 01 01),Municipal Waste,20 01 01,Paper and Cardboard from Municipal Waste (20 01 01),Municipal Waste,0,382.91,0,0
2023,PODRAVSKA,20 01 01,Paper and Cardboard from Municipal Waste (20 01 01),Municipal Waste,20 01 01,Paper and Cardboard from Municipal Waste (20 01 01),Municipal Waste,47.4,0,0,0
2023,PODRAVSKA,20 01 38,Non-hazardous Wood from Municipal Waste (20 01 38),Municipal Waste,20 01 38,Non-hazardous Wood from Municipal Waste (20 01 38),Municipal Waste,0,503.438,0,0
2023,PODRAVSKA,20 01 38,Non-hazardous Wood from Municipal Waste (20 01 38),Municipal Waste,19 12 12,Other Mechanically Treated Waste (19 12 12),Waste Treatment Residues,299.36,0,0,0
2023,PODRAVSKA,20 01 38,Non-hazardous Wood from Municipal Waste (20 01 38),Municipal Waste,19 12 12,Other Mechanically Treated Waste (19 12 12),Waste Treatment Residues,0,0,134.605,0
2023,PODRAVSKA,20 01 38,Non-hazardous Wood from Municipal Waste (20 01 38),Municipal Waste,20 01 38,Non-hazardous Wood from Municipal Waste (20 01 38),Municipal Waste,108.24,0,0,0
2023,PODRAVSKA,20 03 07,Bulky Municipal Waste (20 03 07),Municipal Waste,19 12 02,Ferrous Metals from Mechanical Treatment (19 12 02),Waste Treatment Residues,0,72.18,0,0
2023,PODRAVSKA,20 03 07,Bulky Municipal Waste (20 03 07),Municipal Waste,19 12 12,Other Mechanically Treated Waste (19 12 12),Waste Treatment Residues,0,279.55,0,0
2023,PODRAVSKA,20 03 07,Bulky Municipal Waste (20 03 07),Municipal Waste,20 03 01,Mixed Municipal Waste (20 03 01),Municipal Waste,0,347.05,0,0
2023,PODRAVSKA,20 03 07,Bulky Municipal Waste (20 03 07),Municipal Waste,19 12 10,Refuse-Derived Fuel (19 12 10),Waste Treatment Residues,0,0,29.2,3084.84
2023,PODRAVSKA,20 03 07,Bulky Municipal Waste (20 03 07),Municipal Waste,20 01 38,Non-hazardous Wood from Municipal Waste (20 01 38),Municipal Waste,0,120,0,0
2023,PODRAVSKA,20 03 07,Bulky Municipal Waste (20 03 07),Municipal Waste,20 03 07,Bulky Municipal Waste (20 03 07),Municipal Waste,0,1571.88,0,0
2023,PODRAVSKA,20 03 07,Bulky Municipal Waste (20 03 07),Municipal Waste,19 12 02,Ferrous Metals from Mechanical Treatment (19 12 02),Waste Treatment Residues,0,0,99.498,0
2023,PODRAVSKA,20 03 07,Bulky Municipal Waste (20 03 07),Municipal Waste,19 12 03,Non-Ferrous Metals from Mechanical Treatment (19 12 03),Waste Treatment Residues,0,0,7.62,0
2023,PODRAVSKA,20 03 07,Bulky Municipal Waste (20 03 07),Municipal Waste,19 12 12,Other Mechanically Treated Waste (19 12 12),Waste Treatment Residues,0,0,3841.724,0
2023,PODRAVSKA,20 03 07,Bulky Municipal Waste (20 03 07),Municipal Waste,19 12 12,Other Mechanically Treated Waste (19 12 12),Waste Treatment Residues,0,180.53,0,0
2023,PODRAVSKA,20 03 07,Bulky Municipal Waste (20 03 07),Municipal Waste,20 03 07,Bulky Municipal Waste (20 03 07),Municipal Waste,0,1961.56,0,0
2023,PODRAVSKA,20 03 07,Bulky Municipal Waste (20 03 07),Municipal Waste,20 03 07,Bulky Municipal Waste (20 03 07),Municipal Waste,0,107.26,0,0
2023,POMURSKA,03 01 05,Sawdust/Shavings/Cuttings (03 01 05),Wood/Paper Production Waste,19 12 07,Wood Waste from Treatment (not 19 12 06) (19 12 07),Waste Treatment Residues,0,0,1950.61,0
2023,POMURSKA,03 01 99,Other Unspecified Wood Waste (03 01 99),Wood/Paper Production Waste,15 01 03,Wooden Packaging (15 01 03),Packaging Waste,0,93.125,0,0
2023,POMURSKA,15 01 01,Paper and Cardboard Packaging (15 01 01),Packaging Waste,15 01 01,Paper and Cardboard Packaging (15 01 01),Packaging Waste,0,166.035,0,0
2023,POMURSKA,15 01 01,Paper and Cardboard Packaging (15 01 01),Packaging Waste,15 01 01,Paper and Cardboard Packaging (15 01 01),Packaging Waste,0,0,2322.325,0
2023,POMURSKA,15 01 01,Paper and Cardboard Packaging (15 01 01),Packaging Waste,15 01 01,Paper and Cardboard Packaging (15 01 01),Packaging Waste,0,303.95,0,0
2023,POMURSKA,15 01 01,Paper and Cardboard Packaging (15 01 01),Packaging Waste,15 01 01,Paper and Cardboard Packaging (15 01 01),Packaging Waste,192.126,0,0,0
2023,POMURSKA,15 01 03,Wooden Packaging (15 01 03),Packaging Waste,15 01 03,Wooden Packaging (15 01 03),Packaging Waste,0,146.115,0,0
2023,POMURSKA,15 01 03,Wooden Packaging (15 01 03),Packaging Waste,19 12 07,Wood Waste from Treatment (not 19 12 06) (19 12 07),Waste Treatment Residues,0,0,551.67,0
2023,POMURSKA,15 01 03,Wooden Packaging (15 01 03),Packaging Waste,19 12 07,Wood Waste from Treatment (not 19 12 06) (19 12 07),Waste Treatment Residues,0,0,0,0
2023,POMURSKA,15 01 03,Wooden Packaging (15 01 03),Packaging Waste,19 12 12,Other Mechanically Treated Waste (19 12 12),Waste Treatment Residues,0,117.596,0,0
2023,POMURSKA,19 12 01,Paper and Cardboard from Waste Treatment (19 12 01),Waste Treatment Residues,19 01 12,Bottom Ash and Slag (19 01 12),Waste Treatment Residues,0.183,0,0,0
2023,POMURSKA,19 12 01,Paper and Cardboard from Waste Treatment (19 12 01),Waste Treatment Residues,19 12 01,Paper and Cardboard from Waste Treatment (19 12 01),Waste Treatment Residues,0,0,586.76,0
2023,POMURSKA,19 12 01,Paper and Cardboard from Waste Treatment (19 12 01),Waste Treatment Residues,19 12 01,Paper and Cardboard from Waste Treatment (19 12 01),Waste Treatment Residues,0,0,0,0
2023,POMURSKA,19 12 01,Paper and Cardboard from Waste Treatment (19 12 01),Waste Treatment Residues,19 12 12,Other Mechanically Treated Waste (19 12 12),Waste Treatment Residues,0,15.28,0,0
2023,POMURSKA,20 01 01,Paper and Cardboard from Municipal Waste (20 01 01),Municipal Waste,20 01 01,Paper and Cardboard from Municipal Waste (20 01 01),Municipal Waste,0,272.72,0,0
2023,POMURSKA,20 01 01,Paper and Cardboard from Municipal Waste (20 01 01),Municipal Waste,20 01 01,Paper and Cardboard from Municipal Waste (20 01 01),Municipal Waste,24.24,0,0,0
2023,POMURSKA,20 01 01,Paper and Cardboard from Municipal Waste (20 01 01),Municipal Waste,15 01 01,Paper and Cardboard Packaging (15 01 01),Packaging Waste,0,0,347.633,0
2023,POMURSKA,20 01 01,Paper and Cardboard from Municipal Waste (20 01 01),Municipal Waste,19 12 12,Other Mechanically Treated Waste (19 12 12),Waste Treatment Residues,0,415.456,0,0
2023,POMURSKA,20 01 01,Paper and Cardboard from Municipal Waste (20 01 01),Municipal Waste,20 01 01,Paper and Cardboard from Municipal Waste (20 01 01),Municipal Waste,0,361.576,749.429,0
2023,POMURSKA,20 01 01,Paper and Cardboard from Municipal Waste (20 01 01),Municipal Waste,20 01 01,Paper and Cardboard from Municipal Waste (20 01 01),Municipal Waste,0,43.611,0,0
2023,POMURSKA,20 01 01,Paper and Cardboard from Municipal Waste (20 01 01),Municipal Waste,20 01 01,Paper and Cardboard from Municipal Waste (20 01 01),Municipal Waste,159.58,0,0,0
2023,POMURSKA,20 01 38,Non-hazardous Wood from Municipal Waste (20 01 38),Municipal Waste,20 01 38,Non-hazardous Wood from Municipal Waste (20 01 38),Municipal Waste,0,608.88,0,0
2023,POMURSKA,20 01 38,Non-hazardous Wood from Municipal Waste (20 01 38),Municipal Waste,20 01 38,Non-hazardous Wood from Municipal Waste (20 01 38),Municipal Waste,0,352.38,0,0
2023,POMURSKA,20 01 38,Non-hazardous Wood from Municipal Waste (20 01 38),Municipal Waste,19 12 12,Other Mechanically Treated Waste (19 12 12),Waste Treatment Residues,0,352.58,0,0
2023,POMURSKA,20 03 07,Bulky Municipal Waste (20 03 07),Municipal Waste,20 03 07,Bulky Municipal Waste (20 03 07),Municipal Waste,0,0,0,0
2023,POMURSKA,20 03 07,Bulky Municipal Waste (20 03 07),Municipal Waste,15 01 10*,Hazardous Contaminated Packaging (15 01 10*),Packaging Waste,0.204,0,0,0
2023,POMURSKA,20 03 07,Bulky Municipal Waste (20 03 07),Municipal Waste,16 01 03,End-of-Life Tyres (16 01 03),Miscellaneous Waste,40.44,0,0,0
2023,POMURSKA,20 03 07,Bulky Municipal Waste (20 03 07),Municipal Waste,16 01 07*,Oil Filters (16 01 07*),Miscellaneous Waste,0.093,0,0,0
2023,POMURSKA,20 03 07,Bulky Municipal Waste (20 03 07),Municipal Waste,19 12 02,Ferrous Metals from Mechanical Treatment (19 12 02),Waste Treatment Residues,0,0,990.12,0
2023,POMURSKA,20 03 07,Bulky Municipal Waste (20 03 07),Municipal Waste,19 12 02,Ferrous Metals from Mechanical Treatment (19 12 02),Waste Treatment Residues,0,0,0,0
2023,POMURSKA,20 03 07,Bulky Municipal Waste (20 03 07),Municipal Waste,19 12 05,Glass from Mechanical Treatment (19 12 05),Waste Treatment Residues,0,0,11.66,0
2023,POMURSKA,20 03 07,Bulky Municipal Waste (20 03 07),Municipal Waste,19 12 12,Other Mechanically Treated Waste (19 12 12),Waste Treatment Residues,0,0,23.9,0
2023,POMURSKA,20 03 07,Bulky Municipal Waste (20 03 07),Municipal Waste,19 12 12,Other Mechanically Treated Waste (19 12 12),Waste Treatment Residues,0,0,23.62,0
2023,POMURSKA,20 03 07,Bulky Municipal Waste (20 03 07),Municipal Waste,19 12 12,Other Mechanically Treated Waste (19 12 12),Waste Treatment Residues,0,1399.493,0,0
2023,POMURSKA,20 03 07,Bulky Municipal Waste (20 03 07),Municipal Waste,19 12 12,Other Mechanically Treated Waste (19 12 12),Waste Treatment Residues,997.06,0,0,0
2023,POMURSKA,20 03 07,Bulky Municipal Waste (20 03 07),Municipal Waste,20 01 23*,Discarded Equipment Containing CFCs (20 01 23*),Municipal Waste,4.31,0,0,0
2023,POMURSKA,20 03 07,Bulky Municipal Waste (20 03 07),Municipal Waste,20 01 26*,Non-Edible Oils and Fats (20 01 26*),Municipal Waste,0.2,0,0,0
2023,POMURSKA,20 03 07,Bulky Municipal Waste (20 03 07),Municipal Waste,20 01 27*,"Hazardous Paints, Inks, Adhesives (20 01 27*)",Municipal Waste,0.847,0,0,0
2023,POMURSKA,20 03 07,Bulky Municipal Waste (20 03 07),Municipal Waste,20 01 35*,Hazardous Waste Electrical Equipment (20 01 35*),Municipal Waste,9.563,0,0,0
2023,POMURSKA,20 03 07,Bulky Municipal Waste (20 03 07),Municipal Waste,20 01 36,Non-Hazardous Waste Electrical Equipment (20 01 36),Municipal Waste,0,85.29,0,0
2023,POMURSKA,20 03 07,Bulky Municipal Waste (20 03 07),Municipal Waste,20 01 36,Non-Hazardous Waste Electrical Equipment (20 01 36),Municipal Waste,44.56,0,0,0
2023,POMURSKA,20 03 07,Bulky Municipal Waste (20 03 07),Municipal Waste,20 01 38,Non-hazardous Wood from Municipal Waste (20 01 38),Municipal Waste,0,1012.28,0,0
2023,POMURSKA,20 03 07,Bulky Municipal Waste (20 03 07),Municipal Waste,20 01 38,Non-hazardous Wood from Municipal Waste (20 01 38),Municipal Waste,0,0,0,0
2023,POMURSKA,20 03 07,Bulky Municipal Waste (20 03 07),Municipal Waste,20 01 39,Plastics from Municipal Waste (20 01 39),Municipal Waste,0,0,0,0
2023,POMURSKA,20 03 07,Bulky Municipal Waste (20 03 07),Municipal Waste,20 01 40,Metals from Municipal Waste (20 01 40),Municipal Waste,0,36.731,0,0
2023,POMURSKA,20 03 07,Bulky Municipal Waste (20 03 07),Municipal Waste,20 01 40,Metals from Municipal Waste (20 01 40),Municipal Waste,0,0,0,0
2023,POMURSKA,20 03 07,Bulky Municipal Waste (20 03 07),Municipal Waste,20 03 07,Bulky Municipal Waste (20 03 07),Municipal Waste,0,9.174,0,0
2023,POMURSKA,20 03 07,Bulky Municipal Waste (20 03 07),Municipal Waste,20 03 07,Bulky Municipal Waste (20 03 07),Municipal Waste,0,0,0,0
2023,POSAVSKA,03 03 01,Bark and Wood Waste from Pulp/Paper Production (03 03 01),Wood/Paper Production Waste,10 01 01,"Ash, slag and boiler dust (excluding boiler dust listed under 10 01 04) (10 01 01)",Thermal Process Waste,0,5.11,0,0
2023,POSAVSKA,03 03 08,Waste from Sorting of Paper and Cardboard for Recycling (03 03 08),Wood/Paper Production Waste,19 12 01,Paper and Cardboard from Waste Treatment (19 12 01),Waste Treatment Residues,0,390.823,0,0
2023,POSAVSKA,15 01 01,Paper and Cardboard Packaging (15 01 01),Packaging Waste,15 01 01,Paper and Cardboard Packaging (15 01 01),Packaging Waste,0,0,2414.891,0
2023,POSAVSKA,15 01 01,Paper and Cardboard Packaging (15 01 01),Packaging Waste,15 01 01,Paper and Cardboard Packaging (15 01 01),Packaging Waste,0,0,0,0
2023,POSAVSKA,15 01 01,Paper and Cardboard Packaging (15 01 01),Packaging Waste,19 12 01,Paper and Cardboard from Waste Treatment (19 12 01),Waste Treatment Residues,0,2295.256,0,0
2023,POSAVSKA,15 01 01,Paper and Cardboard Packaging (15 01 01),Packaging Waste,19 12 04,Plastics and Rubber from Mechanical Treatment (19 12 04),Waste Treatment Residues,0,10.37,0,0
2023,POSAVSKA,15 01 01,Paper and Cardboard Packaging (15 01 01),Packaging Waste,15 01 01,Paper and Cardboard Packaging (15 01 01),Packaging Waste,0,0,22.28,0
2023,POSAVSKA,15 01 01,Paper and Cardboard Packaging (15 01 01),Packaging Waste,19 12 01,Paper and Cardboard from Waste Treatment (19 12 01),Waste Treatment Residues,0,844.279,0,0
2023,POSAVSKA,15 01 03,Wooden Packaging (15 01 03),Packaging Waste,10 01 01,"Ash, slag and boiler dust (excluding boiler dust listed under 10 01 04) (10 01 01)",Thermal Process Waste,0,1.37,0,0
2023,POSAVSKA,15 01 03,Wooden Packaging (15 01 03),Packaging Waste,15 01 03,Wooden Packaging (15 01 03),Packaging Waste,0,147.3,0,0
2023,POSAVSKA,15 01 03,Wooden Packaging (15 01 03),Packaging Waste,15 01 03,Wooden Packaging (15 01 03),Packaging Waste,0,35.32,0,0
2023,POSAVSKA,19 12 01,Paper and Cardboard from Waste Treatment (19 12 01),Waste Treatment Residues,19 12 01,Paper and Cardboard from Waste Treatment (19 12 01),Waste Treatment Residues,0,0,0,0
2023,POSAVSKA,19 12 01,Paper and Cardboard from Waste Treatment (19 12 01),Waste Treatment Residues,03 03 07,Mechanically Separated Rejects from Pulping (03 03 07),Wood/Paper Production Waste,0,127.542,0,0
2023,POSAVSKA,19 12 01,Paper and Cardboard from Waste Treatment (19 12 01),Waste Treatment Residues,03 03 07,Mechanically Separated Rejects from Pulping (03 03 07),Wood/Paper Production Waste,0,48.57,0,0
2023,POSAVSKA,19 12 01,Paper and Cardboard from Waste Treatment (19 12 01),Waste Treatment Residues,03 03 07,Mechanically Separated Rejects from Pulping (03 03 07),Wood/Paper Production Waste,0,0,0,0
2023,POSAVSKA,19 12 01,Paper and Cardboard from Waste Treatment (19 12 01),Waste Treatment Residues,03 03 10,Fiber Rejects and Sludge from Mechanical Separation (03 03 10),Wood/Paper Production Waste,0,938.369,0,0
2023,POSAVSKA,19 12 01,Paper and Cardboard from Waste Treatment (19 12 01),Waste Treatment Residues,03 03 10,Fiber Rejects and Sludge from Mechanical Separation (03 03 10),Wood/Paper Production Waste,0,7706.073,0,0
2023,POSAVSKA,19 12 01,Paper and Cardboard from Waste Treatment (19 12 01),Waste Treatment Residues,03 03 10,Fiber Rejects and Sludge from Mechanical Separation (03 03 10),Wood/Paper Production Waste,0,0,0,0
2023,POSAVSKA,19 12 01,Paper and Cardboard from Waste Treatment (19 12 01),Waste Treatment Residues,19 12 02,Ferrous Metals from Mechanical Treatment (19 12 02),Waste Treatment Residues,0,52.54,0,0
2023,POSAVSKA,20 01 01,Paper and Cardboard from Municipal Waste (20 01 01),Municipal Waste,20 01 01,Paper and Cardboard from Municipal Waste (20 01 01),Municipal Waste,0,0,0,0
2023,POSAVSKA,20 01 01,Paper and Cardboard from Municipal Waste (20 01 01),Municipal Waste,03 03 07,Mechanically Separated Rejects from Pulping (03 03 07),Wood/Paper Production Waste,0,99.951,0,0
2023,POSAVSKA,20 01 01,Paper and Cardboard from Municipal Waste (20 01 01),Municipal Waste,03 03 07,Mechanically Separated Rejects from Pulping (03 03 07),Wood/Paper Production Waste,0,38.063,0,0
2023,POSAVSKA,20 01 01,Paper and Cardboard from Municipal Waste (20 01 01),Municipal Waste,03 03 07,Mechanically Separated Rejects from Pulping (03 03 07),Wood/Paper Production Waste,0,0,0,0
2023,POSAVSKA,20 01 01,Paper and Cardboard from Municipal Waste (20 01 01),Municipal Waste,03 03 10,Fiber Rejects and Sludge from Mechanical Separation (03 03 10),Wood/Paper Production Waste,0,735.373,0,0
2023,POSAVSKA,20 01 01,Paper and Cardboard from Municipal Waste (20 01 01),Municipal Waste,03 03 10,Fiber Rejects and Sludge from Mechanical Separation (03 03 10),Wood/Paper Production Waste,0,6039.023,0,0
2023,POSAVSKA,20 01 01,Paper and Cardboard from Municipal Waste (20 01 01),Municipal Waste,03 03 10,Fiber Rejects and Sludge from Mechanical Separation (03 03 10),Wood/Paper Production Waste,0,0,0,0
2023,POSAVSKA,20 01 01,Paper and Cardboard from Municipal Waste (20 01 01),Municipal Waste,19 12 02,Ferrous Metals from Mechanical Treatment (19 12 02),Waste Treatment Residues,0,35.754,0,0
2023,POSAVSKA,20 01 01,Paper and Cardboard from Municipal Waste (20 01 01),Municipal Waste,19 12 02,Ferrous Metals from Mechanical Treatment (19 12 02),Waste Treatment Residues,5.42,0,0,0
2023,POSAVSKA,20 01 01,Paper and Cardboard from Municipal Waste (20 01 01),Municipal Waste,15 01 01,Paper and Cardboard Packaging (15 01 01),Packaging Waste,0,22.7,2867.409,0
2023,POSAVSKA,20 01 01,Paper and Cardboard from Municipal Waste (20 01 01),Municipal Waste,15 01 01,Paper and Cardboard Packaging (15 01 01),Packaging Waste,0,17.14,0,0
2023,POSAVSKA,20 01 01,Paper and Cardboard from Municipal Waste (20 01 01),Municipal Waste,15 01 02,Plastic Packaging (15 01 02),Packaging Waste,0,996.6,918.44,0
2023,POSAVSKA,20 01 01,Paper and Cardboard from Municipal Waste (20 01 01),Municipal Waste,15 01 02,Plastic Packaging (15 01 02),Packaging Waste,0,226.108,0,0
2023,POSAVSKA,20 01 01,Paper and Cardboard from Municipal Waste (20 01 01),Municipal Waste,15 01 05,Composite Packaging (15 01 05),Packaging Waste,24.22,0,0,0
2023,POSAVSKA,20 01 01,Paper and Cardboard from Municipal Waste (20 01 01),Municipal Waste,19 12 01,Paper and Cardboard from Waste Treatment (19 12 01),Waste Treatment Residues,0,138.599,0,0
2023,POSAVSKA,20 01 01,Paper and Cardboard from Municipal Waste (20 01 01),Municipal Waste,20 01 01,Paper and Cardboard from Municipal Waste (20 01 01),Municipal Waste,0,0,1845.11,0
2023,POSAVSKA,20 01 01,Paper and Cardboard from Municipal Waste (20 01 01),Municipal Waste,20 01 01,Paper and Cardboard from Municipal Waste (20 01 01),Municipal Waste,0,0,23.9,0
2023,POSAVSKA,20 01 38,Non-hazardous Wood from Municipal Waste (20 01 38),Municipal Waste,20 01 38,Non-hazardous Wood from Municipal Waste (20 01 38),Municipal Waste,0,0,0,0
2023,POSAVSKA,20 01 38,Non-hazardous Wood from Municipal Waste (20 01 38),Municipal Waste,10 01 01,"Ash, slag and boiler dust (excluding boiler dust listed under 10 01 04) (10 01 01)",Thermal Process Waste,0,59.91,0,0
2023,POSAVSKA,20 01 38,Non-hazardous Wood from Municipal Waste (20 01 38),Municipal Waste,19 12 12,Other Mechanically Treated Waste (19 12 12),Waste Treatment Residues,0,0,1.46,0
2023,POSAVSKA,20 03 07,Bulky Municipal Waste (20 03 07),Municipal Waste,20 03 07,Bulky Municipal Waste (20 03 07),Municipal Waste,0,0,0,0
2023,POSAVSKA,20 03 07,Bulky Municipal Waste (20 03 07),Municipal Waste,19 12 12,Other Mechanically Treated Waste (19 12 12),Waste Treatment Residues,0,0,0,0
2023,PRIMORSKO-NOTRANJSKA,15 01 01,Paper and Cardboard Packaging (15 01 01),Packaging Waste,15 01 01,Paper and Cardboard Packaging (15 01 01),Packaging Waste,0,109.384,0,0
2023,PRIMORSKO-NOTRANJSKA,15 01 01,Paper and Cardboard Packaging (15 01 01),Packaging Waste,15 01 01,Paper and Cardboard Packaging (15 01 01),Packaging Waste,0,0,0,0
2023,PRIMORSKO-NOTRANJSKA,15 01 03,Wooden Packaging (15 01 03),Packaging Waste,15 01 03,Wooden Packaging (15 01 03),Packaging Waste,0,0,40.72,0
2023,PRIMORSKO-NOTRANJSKA,15 01 03,Wooden Packaging (15 01 03),Packaging Waste,15 01 03,Wooden Packaging (15 01 03),Packaging Waste,0,0,0,0
2023,SAVINJSKA,03 01 05,Sawdust/Shavings/Cuttings (03 01 05),Wood/Paper Production Waste,10 01 01,"Ash, slag and boiler dust (excluding boiler dust listed under 10 01 04) (10 01 01)",Thermal Process Waste,0,0,0,0
2023,SAVINJSKA,03 01 05,Sawdust/Shavings/Cuttings (03 01 05),Wood/Paper Production Waste,03 01 05,Sawdust/Shavings/Cuttings (03 01 05),Wood/Paper Production Waste,246,0,0,0
2023,SAVINJSKA,03 01 05,Sawdust/Shavings/Cuttings (03 01 05),Wood/Paper Production Waste,19 12 12,Other Mechanically Treated Waste (19 12 12),Waste Treatment Residues,0,29.235,0,0
2023,SAVINJSKA,03 03 08,Waste from Sorting of Paper and Cardboard for Recycling (03 03 08),Wood/Paper Production Waste,19 12 04,Plastics and Rubber from Mechanical Treatment (19 12 04),Waste Treatment Residues,0,5.22,0,0
2023,SAVINJSKA,03 03 08,Waste from Sorting of Paper and Cardboard for Recycling (03 03 08),Wood/Paper Production Waste,03 03 08,Waste from Sorting of Paper and Cardboard for Recycling (03 03 08),Wood/Paper Production Waste,0,0,20.94,0
2023,SAVINJSKA,03 03 08,Waste from Sorting of Paper and Cardboard for Recycling (03 03 08),Wood/Paper Production Waste,15 01 01,Paper and Cardboard Packaging (15 01 01),Packaging Waste,0,0,679.773,0
2023,SAVINJSKA,03 03 08,Waste from Sorting of Paper and Cardboard for Recycling (03 03 08),Wood/Paper Production Waste,19 12 01,Paper and Cardboard from Waste Treatment (19 12 01),Waste Treatment Residues,0,0,410.533,71.935
2023,SAVINJSKA,03 03 08,Waste from Sorting of Paper and Cardboard for Recycling (03 03 08),Wood/Paper Production Waste,19 12 12,Other Mechanically Treated Waste (19 12 12),Waste Treatment Residues,0,339.703,0,0
2023,SAVINJSKA,15 01 01,Paper and Cardboard Packaging (15 01 01),Packaging Waste,15 01 01,Paper and Cardboard Packaging (15 01 01),Packaging Waste,0,5.11,0,0
2023,SAVINJSKA,15 01 01,Paper and Cardboard Packaging (15 01 01),Packaging Waste,15 01 01,Paper and Cardboard Packaging (15 01 01),Packaging Waste,10.12,0,0,0
2023,SAVINJSKA,15 01 01,Paper and Cardboard Packaging (15 01 01),Packaging Waste,19 12 04,Plastics and Rubber from Mechanical Treatment (19 12 04),Waste Treatment Residues,0,1.26,0,0
2023,SAVINJSKA,15 01 01,Paper and Cardboard Packaging (15 01 01),Packaging Waste,15 01 01,Paper and Cardboard Packaging (15 01 01),Packaging Waste,0,0,8297.615,2494.8
2023,SAVINJSKA,15 01 01,Paper and Cardboard Packaging (15 01 01),Packaging Waste,15 01 01,Paper and Cardboard Packaging (15 01 01),Packaging Waste,0,103.25,0,0
2023,SAVINJSKA,15 01 01,Paper and Cardboard Packaging (15 01 01),Packaging Waste,15 01 01,Paper and Cardboard Packaging (15 01 01),Packaging Waste,495.14,0,0,0
2023,SAVINJSKA,15 01 01,Paper and Cardboard Packaging (15 01 01),Packaging Waste,19 12 12,Other Mechanically Treated Waste (19 12 12),Waste Treatment Residues,0,457.379,0,0
2023,SAVINJSKA,15 01 03,Wooden Packaging (15 01 03),Packaging Waste,15 01 03,Wooden Packaging (15 01 03),Packaging Waste,0,0,0,0
2023,SAVINJSKA,15 01 03,Wooden Packaging (15 01 03),Packaging Waste,10 01 01,"Ash, slag and boiler dust (excluding boiler dust listed under 10 01 04) (10 01 01)",Thermal Process Waste,0,0,0,0
2023,SAVINJSKA,15 01 03,Wooden Packaging (15 01 03),Packaging Waste,19 12 12,Other Mechanically Treated Waste (19 12 12),Waste Treatment Residues,0,19.02,0,0
2023,SAVINJSKA,15 01 03,Wooden Packaging (15 01 03),Packaging Waste,15 01 03,Wooden Packaging (15 01 03),Packaging Waste,0,591.32,0,0
2023,SAVINJSKA,15 01 03,Wooden Packaging (15 01 03),Packaging Waste,15 01 03,Wooden Packaging (15 01 03),Packaging Waste,0,2263.189,286.82,0
2023,SAVINJSKA,15 01 03,Wooden Packaging (15 01 03),Packaging Waste,19 12 07,Wood Waste from Treatment (not 19 12 06) (19 12 07),Waste Treatment Residues,0,0,1123.081,0
2023,SAVINJSKA,15 01 03,Wooden Packaging (15 01 03),Packaging Waste,19 12 07,Wood Waste from Treatment (not 19 12 06) (19 12 07),Waste Treatment Residues,0,0,1777.49,0
2023,SAVINJSKA,15 01 03,Wooden Packaging (15 01 03),Packaging Waste,19 12 07,Wood Waste from Treatment (not 19 12 06) (19 12 07),Waste Treatment Residues,0,0,125.345,0
2023,SAVINJSKA,15 01 03,Wooden Packaging (15 01 03),Packaging Waste,19 12 12,Other Mechanically Treated Waste (19 12 12),Waste Treatment Residues,0,3.571,0,0
2023,SAVINJSKA,15 01 03,Wooden Packaging (15 01 03),Packaging Waste,19 12 12,Other Mechanically Treated Waste (19 12 12),Waste Treatment Residues,0,206.426,0,0
2023,SAVINJSKA,17 02 01,Construction Wood Waste (17 02 01),Construction/Demolition Waste,17 02 01,Construction Wood Waste (17 02 01),Construction/Demolition Waste,0,0,0,0
2023,SAVINJSKA,17 02 01,Construction Wood Waste (17 02 01),Construction/Demolition Waste,19 12 12,Other Mechanically Treated Waste (19 12 12),Waste Treatment Residues,0,2.62,0,0
2023,SAVINJSKA,17 02 01,Construction Wood Waste (17 02 01),Construction/Demolition Waste,19 12 12,Other Mechanically Treated Waste (19 12 12),Waste Treatment Residues,0,325.559,0,0
2023,SAVINJSKA,19 12 01,Paper and Cardboard from Waste Treatment (19 12 01),Waste Treatment Residues,19 12 01,Paper and Cardboard from Waste Treatment (19 12 01),Waste Treatment Residues,0,0,0,0
2023,SAVINJSKA,19 12 01,Paper and Cardboard from Waste Treatment (19 12 01),Waste Treatment Residues,19 12 04,Plastics and Rubber from Mechanical Treatment (19 12 04),Waste Treatment Residues,0,2.43,0,0
2023,SAVINJSKA,19 12 01,Paper and Cardboard from Waste Treatment (19 12 01),Waste Treatment Residues,19 12 01,Paper and Cardboard from Waste Treatment (19 12 01),Waste Treatment Residues,0,0,146.047,0
2023,SAVINJSKA,19 12 01,Paper and Cardboard from Waste Treatment (19 12 01),Waste Treatment Residues,19 12 01,Paper and Cardboard from Waste Treatment (19 12 01),Waste Treatment Residues,0,0,0,0
2023,SAVINJSKA,19 12 07,Wood Waste from Treatment (not 19 12 06) (19 12 07),Waste Treatment Residues,10 01 01,"Ash, slag and boiler dust (excluding boiler dust listed under 10 01 04) (10 01 01)",Thermal Process Waste,0,0,0,0
2023,SAVINJSKA,19 12 07,Wood Waste from Treatment (not 19 12 06) (19 12 07),Waste Treatment Residues,19 12 07,Wood Waste from Treatment (not 19 12 06) (19 12 07),Waste Treatment Residues,0,0,16.115,0
2023,SAVINJSKA,19 12 07,Wood Waste from Treatment (not 19 12 06) (19 12 07),Waste Treatment Residues,19 12 07,Wood Waste from Treatment (not 19 12 06) (19 12 07),Waste Treatment Residues,22.74,0,0,0
2023,SAVINJSKA,20 01 01,Paper and Cardboard from Municipal Waste (20 01 01),Municipal Waste,15 01 01,Paper and Cardboard Packaging (15 01 01),Packaging Waste,0,0,11287.446,0
2023,SAVINJSKA,20 01 01,Paper and Cardboard from Municipal Waste (20 01 01),Municipal Waste,15 01 01,Paper and Cardboard Packaging (15 01 01),Packaging Waste,0,0,0,0
2023,SAVINJSKA,20 01 01,Paper and Cardboard from Municipal Waste (20 01 01),Municipal Waste,19 12 01,Paper and Cardboard from Waste Treatment (19 12 01),Waste Treatment Residues,0,558.031,0,23.64
2023,SAVINJSKA,20 01 01,Paper and Cardboard from Municipal Waste (20 01 01),Municipal Waste,19 12 01,Paper and Cardboard from Waste Treatment (19 12 01),Waste Treatment Residues,18.537,0,0,0
2023,SAVINJSKA,20 01 01,Paper and Cardboard from Municipal Waste (20 01 01),Municipal Waste,20 01 01,Paper and Cardboard from Municipal Waste (20 01 01),Municipal Waste,0,1069.446,2412.636,0
2023,SAVINJSKA,20 01 01,Paper and Cardboard from Municipal Waste (20 01 01),Municipal Waste,20 01 01,Paper and Cardboard from Municipal Waste (20 01 01),Municipal Waste,0,0,348.278,0
2023,SAVINJSKA,20 01 01,Paper and Cardboard from Municipal Waste (20 01 01),Municipal Waste,20 01 01,Paper and Cardboard from Municipal Waste (20 01 01),Municipal Waste,0,0,0,0
2023,SAVINJSKA,20 01 38,Non-hazardous Wood from Municipal Waste (20 01 38),Municipal Waste,10 01 01,"Ash, slag and boiler dust (excluding boiler dust listed under 10 01 04) (10 01 01)",Thermal Process Waste,0,0,0,0
2023,SAVINJSKA,20 01 38,Non-hazardous Wood from Municipal Waste (20 01 38),Municipal Waste,19 05 03,Compost Not Meeting Specifications (19 05 03),Waste Treatment Residues,0,15.26,0,0
2023,SAVINJSKA,20 01 38,Non-hazardous Wood from Municipal Waste (20 01 38),Municipal Waste,19 05 03,Compost Not Meeting Specifications (19 05 03),Waste Treatment Residues,0,0,0,0
2023,SAVINJSKA,20 01 38,Non-hazardous Wood from Municipal Waste (20 01 38),Municipal Waste,19 12 07,Wood Waste from Treatment (not 19 12 06) (19 12 07),Waste Treatment Residues,0,1256.6,0,0
2023,SAVINJSKA,20 01 38,Non-hazardous Wood from Municipal Waste (20 01 38),Municipal Waste,19 12 12,Other Mechanically Treated Waste (19 12 12),Waste Treatment Residues,0,250.82,0,0
2023,SAVINJSKA,20 01 38,Non-hazardous Wood from Municipal Waste (20 01 38),Municipal Waste,19 12 07,Wood Waste from Treatment (not 19 12 06) (19 12 07),Waste Treatment Residues,0,0,431.11,0
2023,SAVINJSKA,20 03 07,Bulky Municipal Waste (20 03 07),Municipal Waste,20 03 07,Bulky Municipal Waste (20 03 07),Municipal Waste,0,0,0,0
2023,SAVINJSKA,20 03 07,Bulky Municipal Waste (20 03 07),Municipal Waste,19 05 03,Compost Not Meeting Specifications (19 05 03),Waste Treatment Residues,0,2.77,0,0
2023,SAVINJSKA,20 03 07,Bulky Municipal Waste (20 03 07),Municipal Waste,19 05 03,Compost Not Meeting Specifications (19 05 03),Waste Treatment Residues,0,0,0,0
2023,SAVINJSKA,20 03 07,Bulky Municipal Waste (20 03 07),Municipal Waste,19 12 02,Ferrous Metals from Mechanical Treatment (19 12 02),Waste Treatment Residues,23.68,0,0,0
2023,SAVINJSKA,20 03 07,Bulky Municipal Waste (20 03 07),Municipal Waste,19 12 12,Other Mechanically Treated Waste (19 12 12),Waste Treatment Residues,0,13332.5,0,0
2023,SAVINJSKA,20 03 07,Bulky Municipal Waste (20 03 07),Municipal Waste,20 01 23*,Discarded Equipment Containing CFCs (20 01 23*),Municipal Waste,14.18,0,0,0
2023,SAVINJSKA,20 03 07,Bulky Municipal Waste (20 03 07),Municipal Waste,20 01 36,Non-Hazardous Waste Electrical Equipment (20 01 36),Municipal Waste,32.14,0,0,0
2023,SAVINJSKA,20 03 07,Bulky Municipal Waste (20 03 07),Municipal Waste,19 12 12,Other Mechanically Treated Waste (19 12 12),Waste Treatment Residues,0,312.899,0,0
2023,SAVINJSKA,20 03 07,Bulky Municipal Waste (20 03 07),Municipal Waste,20 03 07,Bulky Municipal Waste (20 03 07),Municipal Waste,0,0,0,0
2023,ZASAVSKA,15 01 01,Paper and Cardboard Packaging (15 01 01),Packaging Waste,15 01 01,Paper and Cardboard Packaging (15 01 01),Packaging Waste,0,0,0,0
2023,ZASAVSKA,17 02 01,Construction Wood Waste (17 02 01),Construction/Demolition Waste,17 02 01,Construction Wood Waste (17 02 01),Construction/Demolition Waste,0,0,0,0
2023,ZASAVSKA,19 12 01,Paper and Cardboard from Waste Treatment (19 12 01),Waste Treatment Residues,19 12 01,Paper and Cardboard from Waste Treatment (19 12 01),Waste Treatment Residues,0,29.66,0,0
2023,ZASAVSKA,20 01 38,Non-hazardous Wood from Municipal Waste (20 01 38),Municipal Waste,20 01 38,Non-hazardous Wood from Municipal Waste (20 01 38),Municipal Waste,0,8.48,0,0
2023,ZASAVSKA,20 01 38,Non-hazardous Wood from Municipal Waste (20 01 38),Municipal Waste,20 01 38,Non-hazardous Wood from Municipal Waste (20 01 38),Municipal Waste,0,0,0,0
2023,ZASAVSKA,20 03 07,Bulky Municipal Waste (20 03 07),Municipal Waste,16 01 03,End-of-Life Tyres (16 01 03),Miscellaneous Waste,8.68,0,0,0
2023,ZASAVSKA,20 03 07,Bulky Municipal Waste (20 03 07),Municipal Waste,17 06 04,Other Insulation Materials (17 06 04),Construction/Demolition Waste,0,47.44,0,0
2023,ZASAVSKA,20 03 07,Bulky Municipal Waste (20 03 07),Municipal Waste,17 06 04,Other Insulation Materials (17 06 04),Construction/Demolition Waste,0,2.56,0,0
2023,ZASAVSKA,20 03 07,Bulky Municipal Waste (20 03 07),Municipal Waste,17 06 05*,Construction Materials Containing Asbestos (17 06 05*),Construction/Demolition Waste,0,15.41,0,0
2023,ZASAVSKA,20 03 07,Bulky Municipal Waste (20 03 07),Municipal Waste,17 08 02,Gypsum-Based Construction Materials (17 08 02),Construction/Demolition Waste,0,40.7,0,0
2023,ZASAVSKA,20 03 07,Bulky Municipal Waste (20 03 07),Municipal Waste,17 08 02,Gypsum-Based Construction Materials (17 08 02),Construction/Demolition Waste,0,0,0,0
2023,ZASAVSKA,20 03 07,Bulky Municipal Waste (20 03 07),Municipal Waste,19 05 01,Non-Compostable Fraction of Municipal Waste (19 05 01),Waste Treatment Residues,0,151.52,0,0
2023,ZASAVSKA,20 03 07,Bulky Municipal Waste (20 03 07),Municipal Waste,19 12 01,Paper and Cardboard from Waste Treatment (19 12 01),Waste Treatment Residues,0,2.58,0,0
2023,ZASAVSKA,20 03 07,Bulky Municipal Waste (20 03 07),Municipal Waste,19 12 02,Ferrous Metals from Mechanical Treatment (19 12 02),Waste Treatment Residues,0,27.2,0,0
2023,ZASAVSKA,20 03 07,Bulky Municipal Waste (20 03 07),Municipal Waste,19 12 07,Wood Waste from Treatment (not 19 12 06) (19 12 07),Waste Treatment Residues,0,155.38,0,0
2023,ZASAVSKA,20 03 07,Bulky Municipal Waste (20 03 07),Municipal Waste,19 12 09,Minerals from Mechanical Treatment (19 12 09),Waste Treatment Residues,0,325.89,0,0
2023,ZASAVSKA,20 03 07,Bulky Municipal Waste (20 03 07),Municipal Waste,19 12 12,Other Mechanically Treated Waste (19 12 12),Waste Treatment Residues,0,160.18,0,0
2023,ZASAVSKA,20 03 07,Bulky Municipal Waste (20 03 07),Municipal Waste,19 12 12,Other Mechanically Treated Waste (19 12 12),Waste Treatment Residues,0,0,0,0
2023,ZASAVSKA,20 03 07,Bulky Municipal Waste (20 03 07),Municipal Waste,20 01 23*,Discarded Equipment Containing CFCs (20 01 23*),Municipal Waste,7.12,0,0,0
2023,ZASAVSKA,20 03 07,Bulky Municipal Waste (20 03 07),Municipal Waste,20 01 36,Non-Hazardous Waste Electrical Equipment (20 01 36),Municipal Waste,4.94,0,0,0
2023,ZASAVSKA,20 03 07,Bulky Municipal Waste (20 03 07),Municipal Waste,20 01 40,Metals from Municipal Waste (20 01 40),Municipal Waste,0,13.6,0,0
