"year","statistical_region","treatment_inlet_delivered_waste_code","input_waste_name","waste_category","treatment_operation","treatment_outlet_delivered_waste_code","output_waste_name","waste_category_1","further_treatment_envisaged","waste_sent_to_self_storage_end_year","waste_sent_to_collector_SI","waste_sent_to_treatment_operator","waste_sent_to_EU_member_states","waste_sent_to_non_EU_countries","waste_sent_to_no_further_management"
2024,"GORENJSKA","03 01 05","Sawdust/Shavings/Cuttings (03 01 05)","Wood/Paper Production Waste","R_01","10 01 01","Ash, slag and boiler dust (excluding boiler dust listed under 10 01 04) (10 01 01)","Thermal Process Waste","R_05",0,0,1276.948,0,0,0
2024,"GORENJSKA","03 01 05","Sawdust/Shavings/Cuttings (03 01 05)","Wood/Paper Production Waste","R_12, R_13","03 01 05","Sawdust/Shavings/Cuttings (03 01 05)","Wood/Paper Production Waste","R_03",0,0,27.89,0,0,0
2024,"GORENJSKA","03 01 05","Sawdust/Shavings/Cuttings (03 01 05)","Wood/Paper Production Waste","R_12, R_13","19 12 07","Wood Waste from Treatment (not 19 12 06) (19 12 07)","Waste Treatment Residues","R_03",0,0,0,227.04,0,0
2024,"GORENJSKA","03 01 05","Sawdust/Shavings/Cuttings (03 01 05)","Wood/Paper Production Waste","R_12, R_13","19 12 07","Wood Waste from Treatment (not 19 12 06) (19 12 07)","Waste Treatment Residues","R_12, R_13",0,0,64.09,0,0,0
2024,"GORENJSKA","03 03 08","Waste from Sorting of Paper and Cardboard for Recycling (03 03 08)","Wood/Paper Production Waste","R_12, R_13","19 12 12","Other Mechanically Treated Waste (19 12 12)","Waste Treatment Residues","R_12, R_13",0,0,53.215,0,0,0
2024,"GORENJSKA","15 01 01","Paper and Cardboard Packaging (15 01 01)","Packaging Waste","R_12, R_13","15 01 01","Paper and Cardboard Packaging (15 01 01)","Packaging Waste","R_12, R_13",0,0,3180.156,0,0,0
2024,"GORENJSKA","15 01 01","Paper and Cardboard Packaging (15 01 01)","Packaging Waste","R_12, R_13","15 01 01","Paper and Cardboard Packaging (15 01 01)","Packaging Waste",NA,70.484,0,0,0,0,0
2024,"GORENJSKA","15 01 01","Paper and Cardboard Packaging (15 01 01)","Packaging Waste","R_12, R_13","19 12 04","Plastics and Rubber from Mechanical Treatment (19 12 04)","Waste Treatment Residues","R_03",0,0,153.06,0,0,0
2024,"GORENJSKA","15 01 03","Wooden Packaging (15 01 03)","Packaging Waste","R_01","10 01 01","Ash, slag and boiler dust (excluding boiler dust listed under 10 01 04) (10 01 01)","Thermal Process Waste","R_05",0,0,58.18,0,0,0
2024,"GORENJSKA","15 01 03","Wooden Packaging (15 01 03)","Packaging Waste","R_12, R_13","15 01 03","Wooden Packaging (15 01 03)","Packaging Waste","R_03",0,0,903.12,0,0,0
2024,"GORENJSKA","15 01 03","Wooden Packaging (15 01 03)","Packaging Waste","R_12, R_13","15 01 03","Wooden Packaging (15 01 03)","Packaging Waste","R_12, R_13",0,0,961.88,0,0,0
2024,"GORENJSKA","15 01 03","Wooden Packaging (15 01 03)","Packaging Waste","R_12, R_13","15 01 03","Wooden Packaging (15 01 03)","Packaging Waste",NA,13.857,0,0,0,0,0
2024,"GORENJSKA","15 01 03","Wooden Packaging (15 01 03)","Packaging Waste","R_12, R_13","19 12 07","Wood Waste from Treatment (not 19 12 06) (19 12 07)","Waste Treatment Residues","R_03",0,0,0,6085.22,0,0
2024,"GORENJSKA","15 01 03","Wooden Packaging (15 01 03)","Packaging Waste","R_12, R_13","19 12 07","Wood Waste from Treatment (not 19 12 06) (19 12 07)","Waste Treatment Residues","R_12, R_13",0,0,40.139,0,0,0
2024,"GORENJSKA","15 01 03","Wooden Packaging (15 01 03)","Packaging Waste","R_12, R_13","19 12 07","Wood Waste from Treatment (not 19 12 06) (19 12 07)","Waste Treatment Residues",NA,2264.182,0,0,0,0,0
2024,"GORENJSKA","17 02 01","Construction Wood Waste (17 02 01)","Construction/Demolition Waste","BO","17 02 01","Construction Wood Waste (17 02 01)","Construction/Demolition Waste",NA,142.1,0,0,0,0,0
2024,"GORENJSKA","17 02 01","Construction Wood Waste (17 02 01)","Construction/Demolition Waste","R_01","10 01 01","Ash, slag and boiler dust (excluding boiler dust listed under 10 01 04) (10 01 01)","Thermal Process Waste","R_05",0,0,732.77,0,0,0
2024,"GORENJSKA","17 02 01","Construction Wood Waste (17 02 01)","Construction/Demolition Waste","R_12, R_13","17 02 01","Construction Wood Waste (17 02 01)","Construction/Demolition Waste","R_03",0,0,45.04,0,0,0
2024,"GORENJSKA","17 02 01","Construction Wood Waste (17 02 01)","Construction/Demolition Waste","R_12, R_13","17 02 01","Construction Wood Waste (17 02 01)","Construction/Demolition Waste",NA,179.5,0,0,0,0,0
2024,"GORENJSKA","17 02 01","Construction Wood Waste (17 02 01)","Construction/Demolition Waste","R_12, R_13","19 12 07","Wood Waste from Treatment (not 19 12 06) (19 12 07)","Waste Treatment Residues","R_03",0,0,0,682.21,0,0
2024,"GORENJSKA","17 02 01","Construction Wood Waste (17 02 01)","Construction/Demolition Waste","R_12, R_13","19 12 07","Wood Waste from Treatment (not 19 12 06) (19 12 07)","Waste Treatment Residues","R_12, R_13",0,0,42.286,0,0,0
2024,"GORENJSKA","19 12 01","Paper and Cardboard from Waste Treatment (19 12 01)","Waste Treatment Residues","R_12, R_13","19 12 01","Paper and Cardboard from Waste Treatment (19 12 01)","Waste Treatment Residues","R_03",0,0,364.418,410.655,0,0
2024,"GORENJSKA","19 12 01","Paper and Cardboard from Waste Treatment (19 12 01)","Waste Treatment Residues","R_12, R_13","19 12 01","Paper and Cardboard from Waste Treatment (19 12 01)","Waste Treatment Residues","R_12, R_13",0,0,188.05,0,0,0
2024,"GORENJSKA","19 12 07","Wood Waste from Treatment (not 19 12 06) (19 12 07)","Waste Treatment Residues","R_12, R_13","19 12 07","Wood Waste from Treatment (not 19 12 06) (19 12 07)","Waste Treatment Residues","R_03",0,0,9.9,5.05,0,0
2024,"GORENJSKA","19 12 07","Wood Waste from Treatment (not 19 12 06) (19 12 07)","Waste Treatment Residues","R_12, R_13","19 12 07","Wood Waste from Treatment (not 19 12 06) (19 12 07)","Waste Treatment Residues","R_12, R_13",0,0,24.047,0,0,0
2024,"GORENJSKA","20 01 01","Paper and Cardboard from Municipal Waste (20 01 01)","Municipal Waste","R_12, R_13","19 12 01","Paper and Cardboard from Waste Treatment (19 12 01)","Waste Treatment Residues","R_03",0,0,0,516.255,0,0
2024,"GORENJSKA","20 01 01","Paper and Cardboard from Municipal Waste (20 01 01)","Municipal Waste","R_12, R_13","19 12 01","Paper and Cardboard from Waste Treatment (19 12 01)","Waste Treatment Residues",NA,1.278,0,0,0,0,0
2024,"GORENJSKA","20 01 01","Paper and Cardboard from Municipal Waste (20 01 01)","Municipal Waste","R_12, R_13","19 12 12","Other Mechanically Treated Waste (19 12 12)","Waste Treatment Residues","R_01",0,0,0,973.196,0,0
2024,"GORENJSKA","20 01 01","Paper and Cardboard from Municipal Waste (20 01 01)","Municipal Waste","R_12, R_13","20 01 01","Paper and Cardboard from Municipal Waste (20 01 01)","Municipal Waste","R_03",0,0,411.33,0,0,0
2024,"GORENJSKA","20 01 01","Paper and Cardboard from Municipal Waste (20 01 01)","Municipal Waste","R_12, R_13","20 01 01","Paper and Cardboard from Municipal Waste (20 01 01)","Municipal Waste",NA,83.44,0,0,0,0,0
2024,"GORENJSKA","20 01 38","Non-hazardous Wood from Municipal Waste (20 01 38)","Municipal Waste","R_12, R_13","19 12 07","Wood Waste from Treatment (not 19 12 06) (19 12 07)","Waste Treatment Residues","R_03",0,0,0,7397.08,0,0
2024,"GORENJSKA","20 01 38","Non-hazardous Wood from Municipal Waste (20 01 38)","Municipal Waste","R_12, R_13","20 01 38","Non-hazardous Wood from Municipal Waste (20 01 38)","Municipal Waste","R_12, R_13",0,0,445.62,0,0,0
2024,"GORENJSKA","20 02 03","Non-biodegradable Garden and Park Waste (20 02 03)","Municipal Waste","R_12, R_13","19 12 07","Wood Waste from Treatment (not 19 12 06) (19 12 07)","Waste Treatment Residues","R_12, R_13",0,0,11.4,0,0,0
2024,"GORENJSKA","20 03 07","Bulky Municipal Waste (20 03 07)","Municipal Waste","D_01","20 03 07","Bulky Municipal Waste (20 03 07)","Municipal Waste",NA,0,0,0,0,0,2424.5
2024,"GORENJSKA","20 03 07","Bulky Municipal Waste (20 03 07)","Municipal Waste","R_12, R_13","20 01 01","Paper and Cardboard from Municipal Waste (20 01 01)","Municipal Waste",NA,0,1.66,0,0,0,0
2024,"GORENJSKA","20 03 07","Bulky Municipal Waste (20 03 07)","Municipal Waste","R_12, R_13","20 01 38","Non-hazardous Wood from Municipal Waste (20 01 38)","Municipal Waste",NA,0,32.7,0,0,0,0
2024,"GORENJSKA","20 03 07","Bulky Municipal Waste (20 03 07)","Municipal Waste","R_12, R_13","20 01 40","Metals from Municipal Waste (20 01 40)","Municipal Waste",NA,0,1.12,0,0,0,0
2024,"GORENJSKA","20 03 07","Bulky Municipal Waste (20 03 07)","Municipal Waste","R_12, R_13","20 03 07","Bulky Municipal Waste (20 03 07)","Municipal Waste","R_12, R_13",0,0,117.355,0,0,0
2024,"GORENJSKA","20 03 07","Bulky Municipal Waste (20 03 07)","Municipal Waste","R_12, R_13","20 03 07","Bulky Municipal Waste (20 03 07)","Municipal Waste",NA,921.27,0,0,0,0,0
2024,"GORIŠKA","03 01 05","Sawdust/Shavings/Cuttings (03 01 05)","Wood/Paper Production Waste","R_03","03 01 05","Sawdust/Shavings/Cuttings (03 01 05)","Wood/Paper Production Waste","R_03",0,0,0,0,0,0
2024,"GORIŠKA","09 01 07","Silver-Containing Photographic Films and Paper (09 01 07)","Photographic Industry Waste","R_12, R_13","19 12 01","Paper and Cardboard from Waste Treatment (19 12 01)","Waste Treatment Residues",NA,0.675,0,0,0,0,0
2024,"GORIŠKA","12 01 02","Iron Dust and Particles (12 01 02)","Metal/Plastic Processing Waste","R_12","19 12 01","Paper and Cardboard from Waste Treatment (19 12 01)","Waste Treatment Residues","R_12, R_13",0,0,0.69,0,0,0
2024,"GORIŠKA","12 01 03","Non-Ferrous Metal Turnings (12 01 03)","Metal/Plastic Processing Waste","R_12","15 01 03","Wooden Packaging (15 01 03)","Packaging Waste",NA,0,1.25,0,0,0,0
2024,"GORIŠKA","12 01 03","Non-Ferrous Metal Turnings (12 01 03)","Metal/Plastic Processing Waste","R_12","19 12 01","Paper and Cardboard from Waste Treatment (19 12 01)","Waste Treatment Residues","R_12, R_13",0,0,0.75,0,0,0
2024,"GORIŠKA","12 01 04","Non-Ferrous Metal Dust and Particles (12 01 04)","Metal/Plastic Processing Waste","R_12","15 01 03","Wooden Packaging (15 01 03)","Packaging Waste","R_13",0,0,6.52,0,0,0
2024,"GORIŠKA","12 01 04","Non-Ferrous Metal Dust and Particles (12 01 04)","Metal/Plastic Processing Waste","R_12","19 12 01","Paper and Cardboard from Waste Treatment (19 12 01)","Waste Treatment Residues","R_12, R_13",0,0,8.02,0,0,0
2024,"GORIŠKA","12 01 04","Non-Ferrous Metal Dust and Particles (12 01 04)","Metal/Plastic Processing Waste","R_12, R_13","19 12 01","Paper and Cardboard from Waste Treatment (19 12 01)","Waste Treatment Residues",NA,0.53,0,0,0,0,0
2024,"GORIŠKA","12 01 05",NA,"Metal/Plastic Processing Waste","R_12","15 01 03","Wooden Packaging (15 01 03)","Packaging Waste",NA,0,0.82,0,0,0,0
2024,"GORIŠKA","12 01 05",NA,"Metal/Plastic Processing Waste","R_12","19 12 01","Paper and Cardboard from Waste Treatment (19 12 01)","Waste Treatment Residues","R_12, R_13",0,0,1.45,0,0,0
2024,"GORIŠKA","12 01 99",NA,"Metal/Plastic Processing Waste","R_12","19 12 01","Paper and Cardboard from Waste Treatment (19 12 01)","Waste Treatment Residues","R_12, R_13",0,0,0.27,0,0,0
2024,"GORIŠKA","15 01 01","Paper and Cardboard Packaging (15 01 01)","Packaging Waste","R_12","15 01 01","Paper and Cardboard Packaging (15 01 01)","Packaging Waste","R_03",0,0,45.37,0,0,0
2024,"GORIŠKA","15 01 01","Paper and Cardboard Packaging (15 01 01)","Packaging Waste","R_12","15 01 01","Paper and Cardboard Packaging (15 01 01)","Packaging Waste","R_12",0,0,126.88,0,0,0
2024,"GORIŠKA","15 01 01","Paper and Cardboard Packaging (15 01 01)","Packaging Waste","R_12","15 01 01","Paper and Cardboard Packaging (15 01 01)","Packaging Waste","R_12, R_13",0,0,78.678,0,0,0
2024,"GORIŠKA","15 01 01","Paper and Cardboard Packaging (15 01 01)","Packaging Waste","R_12, R_13","15 01 01","Paper and Cardboard Packaging (15 01 01)","Packaging Waste","R_03",0,0,0,3397.01,0,0
2024,"GORIŠKA","15 01 01","Paper and Cardboard Packaging (15 01 01)","Packaging Waste","R_12, R_13","15 01 01","Paper and Cardboard Packaging (15 01 01)","Packaging Waste","R_12, R_13",0,0,401.632,0,0,0
2024,"GORIŠKA","15 01 01","Paper and Cardboard Packaging (15 01 01)","Packaging Waste","R_12, R_13","15 01 01","Paper and Cardboard Packaging (15 01 01)","Packaging Waste",NA,17.329,0,0,0,0,0
2024,"GORIŠKA","15 01 03","Wooden Packaging (15 01 03)","Packaging Waste","R_12, R_13","15 01 03","Wooden Packaging (15 01 03)","Packaging Waste","R_03",0,0,535.73,0,0,0
2024,"GORIŠKA","15 01 03","Wooden Packaging (15 01 03)","Packaging Waste","R_12, R_13","15 01 03","Wooden Packaging (15 01 03)","Packaging Waste","R_12, R_13",0,0,48.617,0,0,0
2024,"GORIŠKA","15 01 03","Wooden Packaging (15 01 03)","Packaging Waste","R_12, R_13","15 01 03","Wooden Packaging (15 01 03)","Packaging Waste",NA,1.225,0,0,0,0,0
2024,"GORIŠKA","16 01 18","Non-ferrous Metals (16 01 18)","Miscellaneous Waste","R_12","15 01 03","Wooden Packaging (15 01 03)","Packaging Waste","R_13",0,0,0.85,0,0,0
2024,"GORIŠKA","16 02 16","Components Removed from Discarded Equipment (16 02 16)","Miscellaneous Waste","R_12","15 01 03","Wooden Packaging (15 01 03)","Packaging Waste","R_13",0,0,4.1,0,0,0
2024,"GORIŠKA","16 02 16","Components Removed from Discarded Equipment (16 02 16)","Miscellaneous Waste","R_12","19 12 01","Paper and Cardboard from Waste Treatment (19 12 01)","Waste Treatment Residues","R_12, R_13",0,0,8.046,0,0,0
2024,"GORIŠKA","16 02 16","Components Removed from Discarded Equipment (16 02 16)","Miscellaneous Waste","R_12, R_13","19 12 01","Paper and Cardboard from Waste Treatment (19 12 01)","Waste Treatment Residues",NA,1.02,0,0,0,0,0
2024,"GORIŠKA","16 03 04","Non-Hazardous Inorganic Wastes (16 03 04)","Miscellaneous Waste","R_12","15 01 03","Wooden Packaging (15 01 03)","Packaging Waste",NA,0,7.2,0,0,0,0
2024,"GORIŠKA","16 03 04","Non-Hazardous Inorganic Wastes (16 03 04)","Miscellaneous Waste","R_12","19 12 01","Paper and Cardboard from Waste Treatment (19 12 01)","Waste Treatment Residues","R_12, R_13",0,0,25.8,0,0,0
2024,"GORIŠKA","16 03 04","Non-Hazardous Inorganic Wastes (16 03 04)","Miscellaneous Waste","R_12, R_13","19 12 01","Paper and Cardboard from Waste Treatment (19 12 01)","Waste Treatment Residues",NA,1.242,0,0,0,0,0
2024,"GORIŠKA","17 02 01","Construction Wood Waste (17 02 01)","Construction/Demolition Waste","R_12, R_13","17 02 01","Construction Wood Waste (17 02 01)","Construction/Demolition Waste","R_03",0,0,233.02,0,0,0
2024,"GORIŠKA","17 04 05","Iron and Steel Waste (17 04 05)","Construction/Demolition Waste","R_12","15 01 03","Wooden Packaging (15 01 03)","Packaging Waste",NA,0,0.98,0,0,0,0
2024,"GORIŠKA","17 04 05","Iron and Steel Waste (17 04 05)","Construction/Demolition Waste","R_12","19 12 01","Paper and Cardboard from Waste Treatment (19 12 01)","Waste Treatment Residues","R_12, R_13",0,0,1.02,0,0,0
2024,"GORIŠKA","17 04 11",NA,"Construction/Demolition Waste","R_12","15 01 03","Wooden Packaging (15 01 03)","Packaging Waste",NA,0,0.57,0,0,0,0
2024,"GORIŠKA","17 04 11",NA,"Construction/Demolition Waste","R_12","19 12 01","Paper and Cardboard from Waste Treatment (19 12 01)","Waste Treatment Residues","R_12, R_13",0,0,0.85,0,0,0
2024,"GORIŠKA","19 12 01","Paper and Cardboard from Waste Treatment (19 12 01)","Waste Treatment Residues","BO","19 12 01","Paper and Cardboard from Waste Treatment (19 12 01)","Waste Treatment Residues","R_12",0,0,2.247,0,0,0
2024,"GORIŠKA","19 12 01","Paper and Cardboard from Waste Treatment (19 12 01)","Waste Treatment Residues","R_12","19 12 01","Paper and Cardboard from Waste Treatment (19 12 01)","Waste Treatment Residues","R_12, R_13",0,0,4.744,0,0,0
2024,"GORIŠKA","19 12 01","Paper and Cardboard from Waste Treatment (19 12 01)","Waste Treatment Residues","R_12, R_13","19 12 01","Paper and Cardboard from Waste Treatment (19 12 01)","Waste Treatment Residues","R_03",0,0,157.26,0,0,0
2024,"GORIŠKA","19 12 01","Paper and Cardboard from Waste Treatment (19 12 01)","Waste Treatment Residues","R_12, R_13","19 12 01","Paper and Cardboard from Waste Treatment (19 12 01)","Waste Treatment Residues","R_12, R_13",0,0,26,0,0,0
2024,"GORIŠKA","19 12 02","Ferrous Metals from Mechanical Treatment (19 12 02)","Waste Treatment Residues","R_12","15 01 03","Wooden Packaging (15 01 03)","Packaging Waste",NA,0,1.02,0,0,0,0
2024,"GORIŠKA","19 12 03","Non-Ferrous Metals from Mechanical Treatment (19 12 03)","Waste Treatment Residues","R_12","15 01 03","Wooden Packaging (15 01 03)","Packaging Waste",NA,0,5.03,0,0,0,0
2024,"GORIŠKA","19 12 03","Non-Ferrous Metals from Mechanical Treatment (19 12 03)","Waste Treatment Residues","R_12","19 12 01","Paper and Cardboard from Waste Treatment (19 12 01)","Waste Treatment Residues","R_12, R_13",0,0,6.1,0,0,0
2024,"GORIŠKA","19 12 07","Wood Waste from Treatment (not 19 12 06) (19 12 07)","Waste Treatment Residues","R_12, R_13","19 12 07","Wood Waste from Treatment (not 19 12 06) (19 12 07)","Waste Treatment Residues","R_12, R_13",0,0,2.975,0,0,0
2024,"GORIŠKA","20 01 01","Paper and Cardboard from Municipal Waste (20 01 01)","Municipal Waste","R_12","20 01 01","Paper and Cardboard from Municipal Waste (20 01 01)","Municipal Waste","R_03",0,0,189.56,0,0,0
2024,"GORIŠKA","20 01 01","Paper and Cardboard from Municipal Waste (20 01 01)","Municipal Waste","R_12","20 01 01","Paper and Cardboard from Municipal Waste (20 01 01)","Municipal Waste","R_12, R_13",0,0,260.98,0,0,0
2024,"GORIŠKA","20 01 01","Paper and Cardboard from Municipal Waste (20 01 01)","Municipal Waste","R_12, R_13","19 12 01","Paper and Cardboard from Waste Treatment (19 12 01)","Waste Treatment Residues","R_12, R_13",0,0,32.906,0,0,0
2024,"GORIŠKA","20 01 01","Paper and Cardboard from Municipal Waste (20 01 01)","Municipal Waste","R_12, R_13","20 01 01","Paper and Cardboard from Municipal Waste (20 01 01)","Municipal Waste","R_03",0,0,0,120.5,0,0
2024,"GORIŠKA","20 01 01","Paper and Cardboard from Municipal Waste (20 01 01)","Municipal Waste","R_12, R_13","20 01 01","Paper and Cardboard from Municipal Waste (20 01 01)","Municipal Waste","R_12, R_13",0,0,543.828,0,0,0
2024,"GORIŠKA","20 01 01","Paper and Cardboard from Municipal Waste (20 01 01)","Municipal Waste","R_12, R_13","20 01 01","Paper and Cardboard from Municipal Waste (20 01 01)","Municipal Waste",NA,40.021,0,0,0,0,0
2024,"GORIŠKA","20 03 07","Bulky Municipal Waste (20 03 07)","Municipal Waste","R_12","20 03 07","Bulky Municipal Waste (20 03 07)","Municipal Waste","D_01",0,0,78.32,0,0,0
2024,"GORIŠKA","20 03 07","Bulky Municipal Waste (20 03 07)","Municipal Waste","R_12, R_13","20 03 07","Bulky Municipal Waste (20 03 07)","Municipal Waste","R_12, R_13",0,0,17.1,0,0,0
2024,"JUGOVZHODNA SLOVENIJA","02 01 04",NA,"Agricultural/Forestry Waste","R_03","19 12 01","Paper and Cardboard from Waste Treatment (19 12 01)","Waste Treatment Residues","R_12",0,0,3.921,0,0,0
2024,"JUGOVZHODNA SLOVENIJA","03 01 01","Bark and Cork Waste (03 01 01)","Wood/Paper Production Waste","R_12, R_13","19 12 07","Wood Waste from Treatment (not 19 12 06) (19 12 07)","Waste Treatment Residues",NA,0,7.58,0,0,0,0
2024,"JUGOVZHODNA SLOVENIJA","03 01 05","Sawdust/Shavings/Cuttings (03 01 05)","Wood/Paper Production Waste","R_12, R_13","03 01 05","Sawdust/Shavings/Cuttings (03 01 05)","Wood/Paper Production Waste","R_12, R_13",0,0,531.044,0,0,0
2024,"JUGOVZHODNA SLOVENIJA","03 01 05","Sawdust/Shavings/Cuttings (03 01 05)","Wood/Paper Production Waste","R_12, R_13","03 01 05","Sawdust/Shavings/Cuttings (03 01 05)","Wood/Paper Production Waste",NA,0,156.757,0,0,0,0
2024,"JUGOVZHODNA SLOVENIJA","03 01 05","Sawdust/Shavings/Cuttings (03 01 05)","Wood/Paper Production Waste","R_12, R_13","15 01 03","Wooden Packaging (15 01 03)","Packaging Waste","R_03",0,0,48.466,0,0,0
2024,"JUGOVZHODNA SLOVENIJA","03 01 05","Sawdust/Shavings/Cuttings (03 01 05)","Wood/Paper Production Waste","R_12, R_13","15 01 03","Wooden Packaging (15 01 03)","Packaging Waste","R_12, R_13",0,0,1891.92,0,0,0
2024,"JUGOVZHODNA SLOVENIJA","03 01 05","Sawdust/Shavings/Cuttings (03 01 05)","Wood/Paper Production Waste","R_12, R_13","19 12 07","Wood Waste from Treatment (not 19 12 06) (19 12 07)","Waste Treatment Residues",NA,0,154.96,0,0,0,0
2024,"JUGOVZHODNA SLOVENIJA","03 03 01","Bark and Wood Waste from Pulp/Paper Production (03 03 01)","Wood/Paper Production Waste","R_12, R_13","19 12 07","Wood Waste from Treatment (not 19 12 06) (19 12 07)","Waste Treatment Residues",NA,0,1.797,0,0,0,0
2024,"JUGOVZHODNA SLOVENIJA","03 03 08","Waste from Sorting of Paper and Cardboard for Recycling (03 03 08)","Wood/Paper Production Waste","R_12, R_13","15 01 01","Paper and Cardboard Packaging (15 01 01)","Packaging Waste","R_03",0,0,0,273.055,0,0
2024,"JUGOVZHODNA SLOVENIJA","03 03 08","Waste from Sorting of Paper and Cardboard for Recycling (03 03 08)","Wood/Paper Production Waste","R_12, R_13","19 12 01","Paper and Cardboard from Waste Treatment (19 12 01)","Waste Treatment Residues","R_03",0,0,0,109.732,139.63,0
2024,"JUGOVZHODNA SLOVENIJA","03 03 08","Waste from Sorting of Paper and Cardboard for Recycling (03 03 08)","Wood/Paper Production Waste","R_12, R_13","19 12 12","Other Mechanically Treated Waste (19 12 12)","Waste Treatment Residues","R_01",0,0,0,80.5,0,0
2024,"JUGOVZHODNA SLOVENIJA","03 03 08","Waste from Sorting of Paper and Cardboard for Recycling (03 03 08)","Wood/Paper Production Waste","R_12, R_13","19 12 12","Other Mechanically Treated Waste (19 12 12)","Waste Treatment Residues","R_12",0,0,63.17,0,0,0
2024,"JUGOVZHODNA SLOVENIJA","03 03 08","Waste from Sorting of Paper and Cardboard for Recycling (03 03 08)","Wood/Paper Production Waste","R_12, R_13","20 01 01","Paper and Cardboard from Municipal Waste (20 01 01)","Municipal Waste","R_03",0,0,0,1190.102,0,0
2024,"JUGOVZHODNA SLOVENIJA","03 03 99","Other Unspecified Paper Waste (03 03 99)","Wood/Paper Production Waste","R_12, R_13","19 12 01","Paper and Cardboard from Waste Treatment (19 12 01)","Waste Treatment Residues","R_03",0,0,0,22.88,110,0
2024,"JUGOVZHODNA SLOVENIJA","07 02 13","Waste Plastics (07 02 13)","Organic Chemical Waste","R_03","15 01 03","Wooden Packaging (15 01 03)","Packaging Waste","R_12, R_13",0,0,31.07,0,0,0
2024,"JUGOVZHODNA SLOVENIJA","07 02 13","Waste Plastics (07 02 13)","Organic Chemical Waste","R_03","19 12 01","Paper and Cardboard from Waste Treatment (19 12 01)","Waste Treatment Residues","R_12",0,0,6.869,0,0,0
2024,"JUGOVZHODNA SLOVENIJA","15 01 01","Paper and Cardboard Packaging (15 01 01)","Packaging Waste","R_12, R_13","15 01 01","Paper and Cardboard Packaging (15 01 01)","Packaging Waste","R_03",0,0,0,4151.833,0,0
2024,"JUGOVZHODNA SLOVENIJA","15 01 01","Paper and Cardboard Packaging (15 01 01)","Packaging Waste","R_12, R_13","15 01 01","Paper and Cardboard Packaging (15 01 01)","Packaging Waste","R_12",0,0,681.58,0,0,0
2024,"JUGOVZHODNA SLOVENIJA","15 01 01","Paper and Cardboard Packaging (15 01 01)","Packaging Waste","R_12, R_13","15 01 01","Paper and Cardboard Packaging (15 01 01)","Packaging Waste","R_12, R_13",0,0,151.92,0,0,0
2024,"JUGOVZHODNA SLOVENIJA","15 01 01","Paper and Cardboard Packaging (15 01 01)","Packaging Waste","R_12, R_13","15 01 01","Paper and Cardboard Packaging (15 01 01)","Packaging Waste",NA,32.463,0,0,0,0,0
2024,"JUGOVZHODNA SLOVENIJA","15 01 01","Paper and Cardboard Packaging (15 01 01)","Packaging Waste","R_12, R_13","19 12 01","Paper and Cardboard from Waste Treatment (19 12 01)","Waste Treatment Residues","R_03",0,0,680.88,0,0,0
2024,"JUGOVZHODNA SLOVENIJA","15 01 01","Paper and Cardboard Packaging (15 01 01)","Packaging Waste","R_12, R_13","20 01 01","Paper and Cardboard from Municipal Waste (20 01 01)","Municipal Waste","R_03",0,0,0,28.74,0,0
2024,"JUGOVZHODNA SLOVENIJA","15 01 02","Plastic Packaging (15 01 02)","Packaging Waste","R_03","15 01 01","Paper and Cardboard Packaging (15 01 01)","Packaging Waste","R_12, R_13",0,0,72.78,0,0,0
2024,"JUGOVZHODNA SLOVENIJA","15 01 02","Plastic Packaging (15 01 02)","Packaging Waste","R_03","19 12 01","Paper and Cardboard from Waste Treatment (19 12 01)","Waste Treatment Residues","R_03",0,0,0,47.425,0,0
2024,"JUGOVZHODNA SLOVENIJA","15 01 02","Plastic Packaging (15 01 02)","Packaging Waste","R_03","19 12 01","Paper and Cardboard from Waste Treatment (19 12 01)","Waste Treatment Residues","R_12",0,0,39.752,0,0,0
2024,"JUGOVZHODNA SLOVENIJA","15 01 03","Wooden Packaging (15 01 03)","Packaging Waste","R_12, R_13","15 01 03","Wooden Packaging (15 01 03)","Packaging Waste","PU",0,0,71.16,0,0,0
2024,"JUGOVZHODNA SLOVENIJA","15 01 03","Wooden Packaging (15 01 03)","Packaging Waste","R_12, R_13","15 01 03","Wooden Packaging (15 01 03)","Packaging Waste","R_01",0,0,5,0,0,0
2024,"JUGOVZHODNA SLOVENIJA","15 01 03","Wooden Packaging (15 01 03)","Packaging Waste","R_12, R_13","15 01 03","Wooden Packaging (15 01 03)","Packaging Waste","R_03",0,0,1583.224,0,0,0
2024,"JUGOVZHODNA SLOVENIJA","15 01 03","Wooden Packaging (15 01 03)","Packaging Waste","R_12, R_13","15 01 03","Wooden Packaging (15 01 03)","Packaging Waste","R_12, R_13",0,0,154.96,0,0,0
2024,"JUGOVZHODNA SLOVENIJA","15 01 03","Wooden Packaging (15 01 03)","Packaging Waste","R_12, R_13","15 01 03","Wooden Packaging (15 01 03)","Packaging Waste",NA,30.27,0,0,0,0,0
2024,"JUGOVZHODNA SLOVENIJA","15 01 03","Wooden Packaging (15 01 03)","Packaging Waste","R_12, R_13","19 12 12","Other Mechanically Treated Waste (19 12 12)","Waste Treatment Residues","R_01",0,0,0,26.648,0,0
2024,"JUGOVZHODNA SLOVENIJA","15 01 03","Wooden Packaging (15 01 03)","Packaging Waste","R_13","15 01 03","Wooden Packaging (15 01 03)","Packaging Waste","R_12, R_13",0,0,16.597,0,0,0
2024,"JUGOVZHODNA SLOVENIJA","15 01 03","Wooden Packaging (15 01 03)","Packaging Waste","R_13","19 12 12","Other Mechanically Treated Waste (19 12 12)","Waste Treatment Residues","R_0101",0,0,49.999,0,0,0
2024,"JUGOVZHODNA SLOVENIJA","15 01 03","Wooden Packaging (15 01 03)","Packaging Waste","R_13","19 12 12","Other Mechanically Treated Waste (19 12 12)","Waste Treatment Residues","R_12",0,0,9.415,0,0,0
2024,"JUGOVZHODNA SLOVENIJA","15 01 06","Mixed Packaging (15 01 06)","Packaging Waste","R_12, R_13","15 01 03","Wooden Packaging (15 01 03)","Packaging Waste","R_03",0,0,634.2,0,0,0
2024,"JUGOVZHODNA SLOVENIJA","15 01 06","Mixed Packaging (15 01 06)","Packaging Waste","R_12, R_13","19 12 01","Paper and Cardboard from Waste Treatment (19 12 01)","Waste Treatment Residues","R_03",0,0,139.544,0,0,0
2024,"JUGOVZHODNA SLOVENIJA","15 01 06","Mixed Packaging (15 01 06)","Packaging Waste","R_12, R_13","20 01 01","Paper and Cardboard from Municipal Waste (20 01 01)","Municipal Waste","R_03",0,0,0,33.346,0,0
2024,"JUGOVZHODNA SLOVENIJA","17 02 01","Construction Wood Waste (17 02 01)","Construction/Demolition Waste","R_12, R_13","19 12 07","Wood Waste from Treatment (not 19 12 06) (19 12 07)","Waste Treatment Residues",NA,0,377.123,0,0,0,0
2024,"JUGOVZHODNA SLOVENIJA","19 12 01","Paper and Cardboard from Waste Treatment (19 12 01)","Waste Treatment Residues","R_12, R_13","19 12 01","Paper and Cardboard from Waste Treatment (19 12 01)","Waste Treatment Residues","R_03",0,0,299.2,30.258,0,0
2024,"JUGOVZHODNA SLOVENIJA","19 12 01","Paper and Cardboard from Waste Treatment (19 12 01)","Waste Treatment Residues","R_12, R_13","19 12 01","Paper and Cardboard from Waste Treatment (19 12 01)","Waste Treatment Residues",NA,50.679,0,0,0,0,0
2024,"JUGOVZHODNA SLOVENIJA","19 12 04","Plastics and Rubber from Mechanical Treatment (19 12 04)","Waste Treatment Residues","R_03","19 12 01","Paper and Cardboard from Waste Treatment (19 12 01)","Waste Treatment Residues","R_12",0,0,68.498,0,0,0
2024,"JUGOVZHODNA SLOVENIJA","20 01 01","Paper and Cardboard from Municipal Waste (20 01 01)","Municipal Waste","R_12, R_13","20 01 01","Paper and Cardboard from Municipal Waste (20 01 01)","Municipal Waste","R_03",0,0,1233.425,498.117,0,0
2024,"JUGOVZHODNA SLOVENIJA","20 01 01","Paper and Cardboard from Municipal Waste (20 01 01)","Municipal Waste","R_12, R_13","20 01 01","Paper and Cardboard from Municipal Waste (20 01 01)","Municipal Waste",NA,107.839,0,0,0,0,0
2024,"JUGOVZHODNA SLOVENIJA","20 01 38","Non-hazardous Wood from Municipal Waste (20 01 38)","Municipal Waste","R_12, R_13","19 12 12","Other Mechanically Treated Waste (19 12 12)","Waste Treatment Residues",NA,26,0,0,0,0,0
2024,"JUGOVZHODNA SLOVENIJA","20 01 38","Non-hazardous Wood from Municipal Waste (20 01 38)","Municipal Waste","R_13","19 12 12","Other Mechanically Treated Waste (19 12 12)","Waste Treatment Residues","R_01",0,0,0,3.84,0,0
2024,"JUGOVZHODNA SLOVENIJA","20 03 07","Bulky Municipal Waste (20 03 07)","Municipal Waste","D_01","20 03 07","Bulky Municipal Waste (20 03 07)","Municipal Waste",NA,0,0,0,0,0,16036.45
2024,"JUGOVZHODNA SLOVENIJA","20 03 07","Bulky Municipal Waste (20 03 07)","Municipal Waste","R_12","16 01 03","End-of-Life Tyres (16 01 03)","Miscellaneous Waste",NA,0,2.84,0,0,0,0
2024,"JUGOVZHODNA SLOVENIJA","20 03 07","Bulky Municipal Waste (20 03 07)","Municipal Waste","R_12","20 01 02","Glass from Municipal Waste (20 01 02)","Municipal Waste","R_12, R_13",0,0,0.8,0,0,0
2024,"JUGOVZHODNA SLOVENIJA","20 03 07","Bulky Municipal Waste (20 03 07)","Municipal Waste","R_12","20 01 23*","Discarded Equipment Containing CFCs (20 01 23*)","Municipal Waste",NA,0,8.41,0,0,0,0
2024,"JUGOVZHODNA SLOVENIJA","20 03 07","Bulky Municipal Waste (20 03 07)","Municipal Waste","R_12","20 01 35*","Hazardous Waste Electrical Equipment (20 01 35*)","Municipal Waste",NA,0,3.87,0,0,0,0
2024,"JUGOVZHODNA SLOVENIJA","20 03 07","Bulky Municipal Waste (20 03 07)","Municipal Waste","R_12","20 01 36","Non-Hazardous Waste Electrical Equipment (20 01 36)","Municipal Waste","R_12, R_13",0,0,13.04,0,0,0
2024,"JUGOVZHODNA SLOVENIJA","20 03 07","Bulky Municipal Waste (20 03 07)","Municipal Waste","R_12","20 01 36","Non-Hazardous Waste Electrical Equipment (20 01 36)","Municipal Waste",NA,0,12.9,0,0,0,0
2024,"JUGOVZHODNA SLOVENIJA","20 03 07","Bulky Municipal Waste (20 03 07)","Municipal Waste","R_12","20 01 38","Non-hazardous Wood from Municipal Waste (20 01 38)","Municipal Waste","R_12, R_13",0,0,165.48,0,0,0
2024,"JUGOVZHODNA SLOVENIJA","20 03 07","Bulky Municipal Waste (20 03 07)","Municipal Waste","R_12","20 01 40","Metals from Municipal Waste (20 01 40)","Municipal Waste",NA,1,0,0,0,0,0
2024,"JUGOVZHODNA SLOVENIJA","20 03 07","Bulky Municipal Waste (20 03 07)","Municipal Waste","R_12","20 03 07","Bulky Municipal Waste (20 03 07)","Municipal Waste","D_01",0,0,46.07,0,0,0
2024,"JUGOVZHODNA SLOVENIJA","20 03 07","Bulky Municipal Waste (20 03 07)","Municipal Waste","R_12","20 03 07","Bulky Municipal Waste (20 03 07)","Municipal Waste",NA,16.98,0,0,0,0,0
2024,"JUGOVZHODNA SLOVENIJA","20 03 07","Bulky Municipal Waste (20 03 07)","Municipal Waste","R_12, R_13","20 01 40","Metals from Municipal Waste (20 01 40)","Municipal Waste",NA,0,66.3,0,0,0,0
2024,"JUGOVZHODNA SLOVENIJA","20 03 07","Bulky Municipal Waste (20 03 07)","Municipal Waste","R_12, R_13","20 03 07","Bulky Municipal Waste (20 03 07)","Municipal Waste","D_01",0,0,151.186,0,0,0
2024,"JUGOVZHODNA SLOVENIJA","20 03 07","Bulky Municipal Waste (20 03 07)","Municipal Waste","R_12, R_13","20 03 07","Bulky Municipal Waste (20 03 07)","Municipal Waste","R_12, R_13",0,0,1583.937,0,0,0
2024,"KOROŠKA","15 01 01","Paper and Cardboard Packaging (15 01 01)","Packaging Waste","R_12, R_13","15 01 01","Paper and Cardboard Packaging (15 01 01)","Packaging Waste","R_03",0,0,0,1005.24,0,0
2024,"KOROŠKA","15 01 01","Paper and Cardboard Packaging (15 01 01)","Packaging Waste","R_12, R_13","15 01 01","Paper and Cardboard Packaging (15 01 01)","Packaging Waste",NA,0,92.051,0,0,0,0
2024,"KOROŠKA","15 01 01","Paper and Cardboard Packaging (15 01 01)","Packaging Waste","R_12, R_13","19 12 12","Other Mechanically Treated Waste (19 12 12)","Waste Treatment Residues","D_08,09",0,0,10.7,0,0,0
2024,"KOROŠKA","15 01 03","Wooden Packaging (15 01 03)","Packaging Waste","R_12, R_13","15 01 03","Wooden Packaging (15 01 03)","Packaging Waste","R_03",0,0,430.21,0,0,0
2024,"KOROŠKA","15 01 06","Mixed Packaging (15 01 06)","Packaging Waste","R_12, R_13","15 01 01","Paper and Cardboard Packaging (15 01 01)","Packaging Waste","R_03",0,0,0,62.5,0,0
2024,"KOROŠKA","15 01 06","Mixed Packaging (15 01 06)","Packaging Waste","R_12, R_13","20 01 01","Paper and Cardboard from Municipal Waste (20 01 01)","Municipal Waste","R_03",0,0,0,132.1,0,0
2024,"KOROŠKA","19 12 01","Paper and Cardboard from Waste Treatment (19 12 01)","Waste Treatment Residues","R_12, R_13","19 12 01","Paper and Cardboard from Waste Treatment (19 12 01)","Waste Treatment Residues","R_03",0,0,135.575,0,0,0
2024,"KOROŠKA","20 01 01","Paper and Cardboard from Municipal Waste (20 01 01)","Municipal Waste","R_12, R_13","19 12 01","Paper and Cardboard from Waste Treatment (19 12 01)","Waste Treatment Residues","R_03",0,0,1221.4,0,0,0
2024,"KOROŠKA","20 01 01","Paper and Cardboard from Municipal Waste (20 01 01)","Municipal Waste","R_12, R_13","19 12 12","Other Mechanically Treated Waste (19 12 12)","Waste Treatment Residues","D_08,09",0,0,30.2,0,0,0
2024,"KOROŠKA","20 01 01","Paper and Cardboard from Municipal Waste (20 01 01)","Municipal Waste","R_12, R_13","20 01 01","Paper and Cardboard from Municipal Waste (20 01 01)","Municipal Waste","R_03",0,0,0,423.356,0,0
2024,"KOROŠKA","20 01 01","Paper and Cardboard from Municipal Waste (20 01 01)","Municipal Waste","R_12, R_13","20 01 01","Paper and Cardboard from Municipal Waste (20 01 01)","Municipal Waste","R_12, R_13",0,0,33.36,0,0,0
2024,"KOROŠKA","20 01 01","Paper and Cardboard from Municipal Waste (20 01 01)","Municipal Waste","R_12, R_13","20 01 01","Paper and Cardboard from Municipal Waste (20 01 01)","Municipal Waste",NA,0,90.524,0,0,0,0
2024,"KOROŠKA","20 03 07","Bulky Municipal Waste (20 03 07)","Municipal Waste","R_12, R_13","19 12 12","Other Mechanically Treated Waste (19 12 12)","Waste Treatment Residues","D_01",0,0,847.82,0,0,0
2024,"KOROŠKA","20 03 07","Bulky Municipal Waste (20 03 07)","Municipal Waste","R_12, R_13","19 12 12","Other Mechanically Treated Waste (19 12 12)","Waste Treatment Residues","D_08,09",0,0,997.36,0,0,0
2024,"KOROŠKA","20 03 07","Bulky Municipal Waste (20 03 07)","Municipal Waste","R_12, R_13","19 12 12","Other Mechanically Treated Waste (19 12 12)","Waste Treatment Residues",NA,7509.78,0,0,0,0,0
2024,"KOROŠKA","20 03 07","Bulky Municipal Waste (20 03 07)","Municipal Waste","R_12, R_13","20 01 38","Non-hazardous Wood from Municipal Waste (20 01 38)","Municipal Waste","R_03",0,0,1536.86,0,0,0
2024,"KOROŠKA","20 03 07","Bulky Municipal Waste (20 03 07)","Municipal Waste","R_12, R_13","20 01 40","Metals from Municipal Waste (20 01 40)","Municipal Waste","R_12, R_13",0,0,3.66,0,0,0
2024,"KOROŠKA","20 03 07","Bulky Municipal Waste (20 03 07)","Municipal Waste","R_12, R_13","20 01 40","Metals from Municipal Waste (20 01 40)","Municipal Waste",NA,0,68.46,0,0,0,0
2024,"OBALNO-KRAŠKA","03 03 08","Waste from Sorting of Paper and Cardboard for Recycling (03 03 08)","Wood/Paper Production Waste","R_12, R_13","19 12 12","Other Mechanically Treated Waste (19 12 12)","Waste Treatment Residues","R_13",0,0,84.91,0,0,0
2024,"OBALNO-KRAŠKA","15 01 01","Paper and Cardboard Packaging (15 01 01)","Packaging Waste","R_12, R_13","15 01 01","Paper and Cardboard Packaging (15 01 01)","Packaging Waste","R_03",0,0,0,380.77,0,0
2024,"OBALNO-KRAŠKA","15 01 01","Paper and Cardboard Packaging (15 01 01)","Packaging Waste","R_12, R_13","15 01 01","Paper and Cardboard Packaging (15 01 01)","Packaging Waste","R_12, R_13",0,0,1416.213,0,0,0
2024,"OBALNO-KRAŠKA","15 01 01","Paper and Cardboard Packaging (15 01 01)","Packaging Waste","R_12, R_13","19 12 12","Other Mechanically Treated Waste (19 12 12)","Waste Treatment Residues","R_13",0,0,100,0,0,0
2024,"OBALNO-KRAŠKA","15 01 03","Wooden Packaging (15 01 03)","Packaging Waste","R_12, R_13","15 01 03","Wooden Packaging (15 01 03)","Packaging Waste","R_03",0,0,708.69,0,0,0
2024,"OBALNO-KRAŠKA","17 02 01","Construction Wood Waste (17 02 01)","Construction/Demolition Waste","R_12","17 02 01","Construction Wood Waste (17 02 01)","Construction/Demolition Waste",NA,0,0,0,0,0,0
2024,"OBALNO-KRAŠKA","17 02 01","Construction Wood Waste (17 02 01)","Construction/Demolition Waste","R_12, R_13","15 01 03","Wooden Packaging (15 01 03)","Packaging Waste","R_03",0,0,112.78,0,0,0
2024,"OBALNO-KRAŠKA","17 02 01","Construction Wood Waste (17 02 01)","Construction/Demolition Waste","R_12, R_13","17 02 01","Construction Wood Waste (17 02 01)","Construction/Demolition Waste","R_03",0,0,313.06,0,0,0
2024,"OBALNO-KRAŠKA","19 12 01","Paper and Cardboard from Waste Treatment (19 12 01)","Waste Treatment Residues","R_12, R_13","19 12 01","Paper and Cardboard from Waste Treatment (19 12 01)","Waste Treatment Residues","R_03",0,0,0,2.39,0,0
2024,"OBALNO-KRAŠKA","19 12 01","Paper and Cardboard from Waste Treatment (19 12 01)","Waste Treatment Residues","R_12, R_13","19 12 01","Paper and Cardboard from Waste Treatment (19 12 01)","Waste Treatment Residues","R_12, R_13",0,0,34.84,0,0,0
2024,"OBALNO-KRAŠKA","19 12 04","Plastics and Rubber from Mechanical Treatment (19 12 04)","Waste Treatment Residues","R_03","15 01 03","Wooden Packaging (15 01 03)","Packaging Waste","R_12, R_13",0,0,7.6,0,0,0
2024,"OBALNO-KRAŠKA","19 12 07","Wood Waste from Treatment (not 19 12 06) (19 12 07)","Waste Treatment Residues","R_12, R_13","19 12 07","Wood Waste from Treatment (not 19 12 06) (19 12 07)","Waste Treatment Residues","R_03",0,0,9.02,0,0,0
2024,"OBALNO-KRAŠKA","19 12 07","Wood Waste from Treatment (not 19 12 06) (19 12 07)","Waste Treatment Residues","R_12, R_13","19 12 07","Wood Waste from Treatment (not 19 12 06) (19 12 07)","Waste Treatment Residues",NA,7.374,0,0,0,0,0
2024,"OBALNO-KRAŠKA","20 01 01","Paper and Cardboard from Municipal Waste (20 01 01)","Municipal Waste","R_12, R_13","19 12 12","Other Mechanically Treated Waste (19 12 12)","Waste Treatment Residues","R_13",0,0,80.418,0,0,0
2024,"OBALNO-KRAŠKA","20 01 01","Paper and Cardboard from Municipal Waste (20 01 01)","Municipal Waste","R_12, R_13","20 01 01","Paper and Cardboard from Municipal Waste (20 01 01)","Municipal Waste","R_12, R_13",0,0,541.336,0,0,0
2024,"OBALNO-KRAŠKA","20 01 38","Non-hazardous Wood from Municipal Waste (20 01 38)","Municipal Waste","R_12, R_13","03 01 05","Sawdust/Shavings/Cuttings (03 01 05)","Wood/Paper Production Waste","R_03",0,0,14.79,0,0,0
2024,"OBALNO-KRAŠKA","20 01 38","Non-hazardous Wood from Municipal Waste (20 01 38)","Municipal Waste","R_12, R_13","15 01 03","Wooden Packaging (15 01 03)","Packaging Waste","R_03",0,0,23.31,0,0,0
2024,"OBALNO-KRAŠKA","20 01 38","Non-hazardous Wood from Municipal Waste (20 01 38)","Municipal Waste","R_12, R_13","15 01 03","Wooden Packaging (15 01 03)","Packaging Waste",NA,11.47,0,0,0,0,0
2024,"OBALNO-KRAŠKA","20 01 38","Non-hazardous Wood from Municipal Waste (20 01 38)","Municipal Waste","R_12, R_13","19 12 07","Wood Waste from Treatment (not 19 12 06) (19 12 07)","Waste Treatment Residues",NA,10.481,0,0,0,0,0
2024,"OBALNO-KRAŠKA","20 03 07","Bulky Municipal Waste (20 03 07)","Municipal Waste","R_12, R_13","20 03 07","Bulky Municipal Waste (20 03 07)","Municipal Waste","R_12, R_13",0,0,106.552,0,0,0
2024,"OSREDNJESLOVENSKA","02 01 04",NA,"Agricultural/Forestry Waste","R_03","15 01 03","Wooden Packaging (15 01 03)","Packaging Waste","R_12, R_13",0,0,54.09,0,0,0
2024,"OSREDNJESLOVENSKA","02 01 07","Forestry Waste (02 01 07)","Agricultural/Forestry Waste","R_03","19 12 07","Wood Waste from Treatment (not 19 12 06) (19 12 07)","Waste Treatment Residues","R_01",0,0,0,374.01,0,0
2024,"OSREDNJESLOVENSKA","02 03 04","Materials Unsuitable for Use or Processing (02 03 04)","Agricultural/Forestry Waste","R_12, R_13","15 01 03","Wooden Packaging (15 01 03)","Packaging Waste","R_12, R_13",0,0,1,0,0,0
2024,"OSREDNJESLOVENSKA","02 05 01","Substances and Products Unfit for Consumption or Processing (02 05 01)","Agricultural/Forestry Waste","R_12, R_13","15 01 01","Paper and Cardboard Packaging (15 01 01)","Packaging Waste","R_12, R_13",0,0,0.3,0,0,0
2024,"OSREDNJESLOVENSKA","02 05 01","Substances and Products Unfit for Consumption or Processing (02 05 01)","Agricultural/Forestry Waste","R_12, R_13","15 01 03","Wooden Packaging (15 01 03)","Packaging Waste","R_12, R_13",0,0,2.8,0,0,0
2024,"OSREDNJESLOVENSKA","03 01 05","Sawdust/Shavings/Cuttings (03 01 05)","Wood/Paper Production Waste","R_01","10 01 15","Ash, slag and boiler dust from co-incineration plants other than those mentioned in 10 01 14 (10 01 15)","Thermal Process Waste","D_10",0,0,3.94,0,0,0
2024,"OSREDNJESLOVENSKA","03 01 05","Sawdust/Shavings/Cuttings (03 01 05)","Wood/Paper Production Waste","R_03","19 12 07","Wood Waste from Treatment (not 19 12 06) (19 12 07)","Waste Treatment Residues","R_03",0,0,0,956.57,0,0
2024,"OSREDNJESLOVENSKA","03 01 05","Sawdust/Shavings/Cuttings (03 01 05)","Wood/Paper Production Waste","R_12","19 12 12","Other Mechanically Treated Waste (19 12 12)","Waste Treatment Residues","R_12, R_13",0,0,37.898,0,0,0
2024,"OSREDNJESLOVENSKA","03 01 05","Sawdust/Shavings/Cuttings (03 01 05)","Wood/Paper Production Waste","R_12, R_13","03 01 05","Sawdust/Shavings/Cuttings (03 01 05)","Wood/Paper Production Waste","R_12, R_13",0,0,12.5,0,0,0
2024,"OSREDNJESLOVENSKA","03 01 05","Sawdust/Shavings/Cuttings (03 01 05)","Wood/Paper Production Waste","R_12, R_13","19 12 07","Wood Waste from Treatment (not 19 12 06) (19 12 07)","Waste Treatment Residues","R_03",0,0,0,1650.41,0,0
2024,"OSREDNJESLOVENSKA","03 03 01","Bark and Wood Waste from Pulp/Paper Production (03 03 01)","Wood/Paper Production Waste","R_12, R_13","03 03 01","Bark and Wood Waste from Pulp/Paper Production (03 03 01)","Wood/Paper Production Waste","R_12, R_13",0,0,20.82,0,0,0
2024,"OSREDNJESLOVENSKA","03 03 08","Waste from Sorting of Paper and Cardboard for Recycling (03 03 08)","Wood/Paper Production Waste","BO","03 03 08","Waste from Sorting of Paper and Cardboard for Recycling (03 03 08)","Wood/Paper Production Waste",NA,761.902,0,0,0,0,0
2024,"OSREDNJESLOVENSKA","03 03 08","Waste from Sorting of Paper and Cardboard for Recycling (03 03 08)","Wood/Paper Production Waste","R_03","03 03 07","Mechanically Separated Rejects from Pulping (03 03 07)","Wood/Paper Production Waste","R_12",0,0,46.692,0,0,0
2024,"OSREDNJESLOVENSKA","03 03 08","Waste from Sorting of Paper and Cardboard for Recycling (03 03 08)","Wood/Paper Production Waste","R_03","03 03 08","Waste from Sorting of Paper and Cardboard for Recycling (03 03 08)","Wood/Paper Production Waste",NA,0,1.372,0,0,0,0
2024,"OSREDNJESLOVENSKA","03 03 08","Waste from Sorting of Paper and Cardboard for Recycling (03 03 08)","Wood/Paper Production Waste","R_03","03 03 10","Fiber Rejects and Sludge from Mechanical Separation (03 03 10)","Wood/Paper Production Waste","R_03",0,0,1451.16,0,0,0
2024,"OSREDNJESLOVENSKA","03 03 08","Waste from Sorting of Paper and Cardboard for Recycling (03 03 08)","Wood/Paper Production Waste","R_12, R_13","03 03 08","Waste from Sorting of Paper and Cardboard for Recycling (03 03 08)","Wood/Paper Production Waste","R_12, R_13",0,0,38.5,0,0,0
2024,"OSREDNJESLOVENSKA","03 03 08","Waste from Sorting of Paper and Cardboard for Recycling (03 03 08)","Wood/Paper Production Waste","R_12, R_13","15 01 01","Paper and Cardboard Packaging (15 01 01)","Packaging Waste","R_03",0,0,0,2336.993,0,0
2024,"OSREDNJESLOVENSKA","03 03 08","Waste from Sorting of Paper and Cardboard for Recycling (03 03 08)","Wood/Paper Production Waste","R_12, R_13","19 12 01","Paper and Cardboard from Waste Treatment (19 12 01)","Waste Treatment Residues","R_03",0,0,5838.13,0,0,0
2024,"OSREDNJESLOVENSKA","03 03 08","Waste from Sorting of Paper and Cardboard for Recycling (03 03 08)","Wood/Paper Production Waste","R_12, R_13","19 12 01","Paper and Cardboard from Waste Treatment (19 12 01)","Waste Treatment Residues","R_12, R_13",0,0,159.617,0,0,0
2024,"OSREDNJESLOVENSKA","03 03 99","Other Unspecified Paper Waste (03 03 99)","Wood/Paper Production Waste","R_12, R_13","15 01 01","Paper and Cardboard Packaging (15 01 01)","Packaging Waste","R_03",0,0,0,2.304,0,0
2024,"OSREDNJESLOVENSKA","08 01 11*","Waste Paints and Varnishes Containing Hazardous Substances (08 01 11*)","Surface Treatment Waste","R_12","19 12 07","Wood Waste from Treatment (not 19 12 06) (19 12 07)","Waste Treatment Residues","R_12, R_13",0,0,20.263,0,0,0
2024,"OSREDNJESLOVENSKA","15 01 01","Paper and Cardboard Packaging (15 01 01)","Packaging Waste","BO","15 01 01","Paper and Cardboard Packaging (15 01 01)","Packaging Waste","R_12, R_13",0,0,7.5,0,0,0
2024,"OSREDNJESLOVENSKA","15 01 01","Paper and Cardboard Packaging (15 01 01)","Packaging Waste","R_03","03 03 07","Mechanically Separated Rejects from Pulping (03 03 07)","Wood/Paper Production Waste","R_12",0,0,2060.006,0,0,0
2024,"OSREDNJESLOVENSKA","15 01 01","Paper and Cardboard Packaging (15 01 01)","Packaging Waste","R_03","03 03 08","Waste from Sorting of Paper and Cardboard for Recycling (03 03 08)","Wood/Paper Production Waste","R_12, R_13",0,0,19.57,0,0,0
2024,"OSREDNJESLOVENSKA","15 01 01","Paper and Cardboard Packaging (15 01 01)","Packaging Waste","R_03","03 03 08","Waste from Sorting of Paper and Cardboard for Recycling (03 03 08)","Wood/Paper Production Waste",NA,0,40.952,0,0,0,0
2024,"OSREDNJESLOVENSKA","15 01 01","Paper and Cardboard Packaging (15 01 01)","Packaging Waste","R_12","19 12 12","Other Mechanically Treated Waste (19 12 12)","Waste Treatment Residues","R_12, R_13",0,0,0.212,0,0,0
2024,"OSREDNJESLOVENSKA","15 01 01","Paper and Cardboard Packaging (15 01 01)","Packaging Waste","R_12, R_13","15 01 01","Paper and Cardboard Packaging (15 01 01)","Packaging Waste","R_03",0,0,15187.727,33205.053,3894.74,0
2024,"OSREDNJESLOVENSKA","15 01 01","Paper and Cardboard Packaging (15 01 01)","Packaging Waste","R_12, R_13","15 01 01","Paper and Cardboard Packaging (15 01 01)","Packaging Waste","R_12, R_13",0,0,1175.392,0,0,0
2024,"OSREDNJESLOVENSKA","15 01 01","Paper and Cardboard Packaging (15 01 01)","Packaging Waste","R_12, R_13","15 01 01","Paper and Cardboard Packaging (15 01 01)","Packaging Waste",NA,35.28,0,0,0,0,0
2024,"OSREDNJESLOVENSKA","15 01 01","Paper and Cardboard Packaging (15 01 01)","Packaging Waste","R_12, R_13","19 12 01","Paper and Cardboard from Waste Treatment (19 12 01)","Waste Treatment Residues","R_03",0,0,2478.512,2028.684,0,0
2024,"OSREDNJESLOVENSKA","15 01 01","Paper and Cardboard Packaging (15 01 01)","Packaging Waste","R_12, R_13","19 12 01","Paper and Cardboard from Waste Treatment (19 12 01)","Waste Treatment Residues","R_12, R_13",0,0,364.153,0,0,0
2024,"OSREDNJESLOVENSKA","15 01 02","Plastic Packaging (15 01 02)","Packaging Waste","R_03","15 01 01","Paper and Cardboard Packaging (15 01 01)","Packaging Waste","R_12, R_13",0,0,2.53,0,0,0
2024,"OSREDNJESLOVENSKA","15 01 03","Wooden Packaging (15 01 03)","Packaging Waste","BO","15 01 03","Wooden Packaging (15 01 03)","Packaging Waste","R_03",0,0,0,43.197,0,0
2024,"OSREDNJESLOVENSKA","15 01 03","Wooden Packaging (15 01 03)","Packaging Waste","PU","15 01 03","Wooden Packaging (15 01 03)","Packaging Waste","R_12, R_13",0,0,0.66,0,0,0
2024,"OSREDNJESLOVENSKA","15 01 03","Wooden Packaging (15 01 03)","Packaging Waste","R_01","19 12 02","Ferrous Metals from Mechanical Treatment (19 12 02)","Waste Treatment Residues","R_12, R_13",0,0,1.44,0,0,0
2024,"OSREDNJESLOVENSKA","15 01 03","Wooden Packaging (15 01 03)","Packaging Waste","R_03","19 12 07","Wood Waste from Treatment (not 19 12 06) (19 12 07)","Waste Treatment Residues","R_03",0,0,0,10767.258,0,0
2024,"OSREDNJESLOVENSKA","15 01 03","Wooden Packaging (15 01 03)","Packaging Waste","R_12, R_13","15 01 03","Wooden Packaging (15 01 03)","Packaging Waste","PU",0,0,150.76,0,0,0
2024,"OSREDNJESLOVENSKA","15 01 03","Wooden Packaging (15 01 03)","Packaging Waste","R_12, R_13","15 01 03","Wooden Packaging (15 01 03)","Packaging Waste","R_01",0,0,40.14,0,0,0
2024,"OSREDNJESLOVENSKA","15 01 03","Wooden Packaging (15 01 03)","Packaging Waste","R_12, R_13","15 01 03","Wooden Packaging (15 01 03)","Packaging Waste","R_03",0,0,2940.65,189.632,0,0
2024,"OSREDNJESLOVENSKA","15 01 03","Wooden Packaging (15 01 03)","Packaging Waste","R_12, R_13","15 01 03","Wooden Packaging (15 01 03)","Packaging Waste","R_12, R_13",0,0,267.051,0,0,0
2024,"OSREDNJESLOVENSKA","15 01 03","Wooden Packaging (15 01 03)","Packaging Waste","R_12, R_13","15 01 03","Wooden Packaging (15 01 03)","Packaging Waste",NA,63.982,0,0,0,0,0
2024,"OSREDNJESLOVENSKA","15 01 03","Wooden Packaging (15 01 03)","Packaging Waste","R_12, R_13","19 12 02","Ferrous Metals from Mechanical Treatment (19 12 02)","Waste Treatment Residues","R_04",0,0,97.42,0,0,0
2024,"OSREDNJESLOVENSKA","15 01 03","Wooden Packaging (15 01 03)","Packaging Waste","R_12, R_13","19 12 07","Wood Waste from Treatment (not 19 12 06) (19 12 07)","Waste Treatment Residues","R_03",0,0,0,4773.488,0,0
2024,"OSREDNJESLOVENSKA","15 01 03","Wooden Packaging (15 01 03)","Packaging Waste","R_13","15 01 03","Wooden Packaging (15 01 03)","Packaging Waste","R_03",0,0,58.94,0,0,0
2024,"OSREDNJESLOVENSKA","15 01 05","Composite Packaging (15 01 05)","Packaging Waste","R_12, R_13","19 12 01","Paper and Cardboard from Waste Treatment (19 12 01)","Waste Treatment Residues","R_03",0,0,740.93,0,0,0
2024,"OSREDNJESLOVENSKA","15 01 05","Composite Packaging (15 01 05)","Packaging Waste","R_12, R_13","19 12 07","Wood Waste from Treatment (not 19 12 06) (19 12 07)","Waste Treatment Residues","R_03",0,0,0,1.725,0,0
2024,"OSREDNJESLOVENSKA","15 01 06","Mixed Packaging (15 01 06)","Packaging Waste","R_12, R_13","15 01 01","Paper and Cardboard Packaging (15 01 01)","Packaging Waste","R_03",0,0,0,5031.305,0,0
2024,"OSREDNJESLOVENSKA","15 01 06","Mixed Packaging (15 01 06)","Packaging Waste","R_12, R_13","15 01 01","Paper and Cardboard Packaging (15 01 01)","Packaging Waste","R_12, R_13",0,0,193.896,0,0,0
2024,"OSREDNJESLOVENSKA","15 01 06","Mixed Packaging (15 01 06)","Packaging Waste","R_12, R_13","19 12 01","Paper and Cardboard from Waste Treatment (19 12 01)","Waste Treatment Residues","R_03",0,0,0,944.604,0,0
2024,"OSREDNJESLOVENSKA","16 02 14","Discarded Equipment Not Otherwise Specified (16 02 14)","Miscellaneous Waste","R_12, R_13","15 01 01","Paper and Cardboard Packaging (15 01 01)","Packaging Waste","R_12, R_13",0,0,4.1,0,0,0
2024,"OSREDNJESLOVENSKA","16 02 14","Discarded Equipment Not Otherwise Specified (16 02 14)","Miscellaneous Waste","R_12, R_13","20 01 38","Non-hazardous Wood from Municipal Waste (20 01 38)","Municipal Waste","R_12",0,0,2.44,0,0,0
2024,"OSREDNJESLOVENSKA","16 02 14","Discarded Equipment Not Otherwise Specified (16 02 14)","Miscellaneous Waste","R_12, R_13","20 01 38","Non-hazardous Wood from Municipal Waste (20 01 38)","Municipal Waste",NA,0.06,0,0,0,0,0
2024,"OSREDNJESLOVENSKA","16 03 06","Non-Hazardous Organic Wastes (16 03 06)","Miscellaneous Waste","R_0301","15 01 01","Paper and Cardboard Packaging (15 01 01)","Packaging Waste","R_12, R_13",0,0,28,0,0,0
2024,"OSREDNJESLOVENSKA","16 03 06","Non-Hazardous Organic Wastes (16 03 06)","Miscellaneous Waste","R_0301","15 01 03","Wooden Packaging (15 01 03)","Packaging Waste","R_03",0,0,52.4,0,0,0
2024,"OSREDNJESLOVENSKA","16 03 06","Non-Hazardous Organic Wastes (16 03 06)","Miscellaneous Waste","R_12, R_13","15 01 03","Wooden Packaging (15 01 03)","Packaging Waste","R_12, R_13",0,0,0.46,0,0,0
2024,"OSREDNJESLOVENSKA","17 02 01","Construction Wood Waste (17 02 01)","Construction/Demolition Waste","R_03","19 12 07","Wood Waste from Treatment (not 19 12 06) (19 12 07)","Waste Treatment Residues","R_03",0,0,0,4211.59,0,0
2024,"OSREDNJESLOVENSKA","17 02 01","Construction Wood Waste (17 02 01)","Construction/Demolition Waste","R_12","17 02 01","Construction Wood Waste (17 02 01)","Construction/Demolition Waste","R_03",0,0,20.32,0,0,0
2024,"OSREDNJESLOVENSKA","17 02 01","Construction Wood Waste (17 02 01)","Construction/Demolition Waste","R_12","17 02 01","Construction Wood Waste (17 02 01)","Construction/Demolition Waste",NA,98.26,0,0,0,0,0
2024,"OSREDNJESLOVENSKA","17 02 01","Construction Wood Waste (17 02 01)","Construction/Demolition Waste","R_12","19 12 02","Ferrous Metals from Mechanical Treatment (19 12 02)","Waste Treatment Residues","R_12, R_13",0,0,12.664,0,0,0
2024,"OSREDNJESLOVENSKA","17 02 01","Construction Wood Waste (17 02 01)","Construction/Demolition Waste","R_12","19 12 03","Non-Ferrous Metals from Mechanical Treatment (19 12 03)","Waste Treatment Residues","R_12, R_13",0,0,0.736,0,0,0
2024,"OSREDNJESLOVENSKA","17 02 01","Construction Wood Waste (17 02 01)","Construction/Demolition Waste","R_12","19 12 07","Wood Waste from Treatment (not 19 12 06) (19 12 07)","Waste Treatment Residues","R_01",0,0,97.68,0,0,0
2024,"OSREDNJESLOVENSKA","17 02 01","Construction Wood Waste (17 02 01)","Construction/Demolition Waste","R_12","20 01 38","Non-hazardous Wood from Municipal Waste (20 01 38)","Municipal Waste","R_12",0,0,3.04,0,0,0
2024,"OSREDNJESLOVENSKA","17 02 01","Construction Wood Waste (17 02 01)","Construction/Demolition Waste","R_12, R_13","17 02 01","Construction Wood Waste (17 02 01)","Construction/Demolition Waste","R_03",0,0,595.78,68.04,0,0
2024,"OSREDNJESLOVENSKA","17 02 01","Construction Wood Waste (17 02 01)","Construction/Demolition Waste","R_12, R_13","17 02 01","Construction Wood Waste (17 02 01)","Construction/Demolition Waste","R_12, R_13",0,0,336.363,0,0,0
2024,"OSREDNJESLOVENSKA","17 02 01","Construction Wood Waste (17 02 01)","Construction/Demolition Waste","R_12, R_13","17 02 01","Construction Wood Waste (17 02 01)","Construction/Demolition Waste",NA,19.98,0,0,0,0,0
2024,"OSREDNJESLOVENSKA","17 02 01","Construction Wood Waste (17 02 01)","Construction/Demolition Waste","R_12, R_13","19 12 07","Wood Waste from Treatment (not 19 12 06) (19 12 07)","Waste Treatment Residues","R_03",0,0,0,757.92,0,0
2024,"OSREDNJESLOVENSKA","17 02 01","Construction Wood Waste (17 02 01)","Construction/Demolition Waste","R_12, R_13","19 12 12","Other Mechanically Treated Waste (19 12 12)","Waste Treatment Residues","R_01",0,0,0,21.22,0,0
2024,"OSREDNJESLOVENSKA","19 12 01","Paper and Cardboard from Waste Treatment (19 12 01)","Waste Treatment Residues","BO","19 12 01","Paper and Cardboard from Waste Treatment (19 12 01)","Waste Treatment Residues",NA,3445.61,0,0,0,0,0
2024,"OSREDNJESLOVENSKA","19 12 01","Paper and Cardboard from Waste Treatment (19 12 01)","Waste Treatment Residues","R_03","03 03 07","Mechanically Separated Rejects from Pulping (03 03 07)","Wood/Paper Production Waste","R_12",0,0,6419.136,0,0,0
2024,"OSREDNJESLOVENSKA","19 12 01","Paper and Cardboard from Waste Treatment (19 12 01)","Waste Treatment Residues","R_03","03 03 08","Waste from Sorting of Paper and Cardboard for Recycling (03 03 08)","Wood/Paper Production Waste",NA,0,188.593,0,0,0,0
2024,"OSREDNJESLOVENSKA","19 12 01","Paper and Cardboard from Waste Treatment (19 12 01)","Waste Treatment Residues","R_12, R_13","19 12 01","Paper and Cardboard from Waste Treatment (19 12 01)","Waste Treatment Residues","R_03",0,0,1866.16,1478.233,237.16,0
2024,"OSREDNJESLOVENSKA","19 12 01","Paper and Cardboard from Waste Treatment (19 12 01)","Waste Treatment Residues","R_12, R_13","19 12 01","Paper and Cardboard from Waste Treatment (19 12 01)","Waste Treatment Residues","R_12, R_13",0,0,8280.431,0,0,0
2024,"OSREDNJESLOVENSKA","19 12 01","Paper and Cardboard from Waste Treatment (19 12 01)","Waste Treatment Residues","R_12, R_13","19 12 01","Paper and Cardboard from Waste Treatment (19 12 01)","Waste Treatment Residues",NA,31.603,0,0,0,545.28,0
2024,"OSREDNJESLOVENSKA","19 12 04","Plastics and Rubber from Mechanical Treatment (19 12 04)","Waste Treatment Residues","R_03","15 01 01","Paper and Cardboard Packaging (15 01 01)","Packaging Waste","R_03",0,0,1.04,0,0,0
2024,"OSREDNJESLOVENSKA","19 12 04","Plastics and Rubber from Mechanical Treatment (19 12 04)","Waste Treatment Residues","R_03","19 12 01","Paper and Cardboard from Waste Treatment (19 12 01)","Waste Treatment Residues","R_01",0,0,140.72,0,0,0
2024,"OSREDNJESLOVENSKA","19 12 04","Plastics and Rubber from Mechanical Treatment (19 12 04)","Waste Treatment Residues","R_03","19 12 07","Wood Waste from Treatment (not 19 12 06) (19 12 07)","Waste Treatment Residues","R_12, R_13",0,0,8.08,0,0,0
2024,"OSREDNJESLOVENSKA","19 12 07","Wood Waste from Treatment (not 19 12 06) (19 12 07)","Waste Treatment Residues","R_03","19 12 07","Wood Waste from Treatment (not 19 12 06) (19 12 07)","Waste Treatment Residues","R_01",0,0,0,1378.77,0,0
2024,"OSREDNJESLOVENSKA","19 12 07","Wood Waste from Treatment (not 19 12 06) (19 12 07)","Waste Treatment Residues","R_03","19 12 07","Wood Waste from Treatment (not 19 12 06) (19 12 07)","Waste Treatment Residues","R_03",0,0,0,2657.76,0,0
2024,"OSREDNJESLOVENSKA","19 12 07","Wood Waste from Treatment (not 19 12 06) (19 12 07)","Waste Treatment Residues","R_12","19 12 07","Wood Waste from Treatment (not 19 12 06) (19 12 07)","Waste Treatment Residues","R_12, R_13",0,0,31.737,0,0,0
2024,"OSREDNJESLOVENSKA","19 12 07","Wood Waste from Treatment (not 19 12 06) (19 12 07)","Waste Treatment Residues","R_12, R_13","19 12 07","Wood Waste from Treatment (not 19 12 06) (19 12 07)","Waste Treatment Residues","R_03",0,0,21.18,135.76,0,0
2024,"OSREDNJESLOVENSKA","19 12 07","Wood Waste from Treatment (not 19 12 06) (19 12 07)","Waste Treatment Residues","R_12, R_13","19 12 07","Wood Waste from Treatment (not 19 12 06) (19 12 07)","Waste Treatment Residues","R_12, R_13",0,0,56.319,0,0,0
2024,"OSREDNJESLOVENSKA","19 12 07","Wood Waste from Treatment (not 19 12 06) (19 12 07)","Waste Treatment Residues","R_12, R_13","19 12 07","Wood Waste from Treatment (not 19 12 06) (19 12 07)","Waste Treatment Residues",NA,1.136,0,0,0,0,0
2024,"OSREDNJESLOVENSKA","20 01 01","Paper and Cardboard from Municipal Waste (20 01 01)","Municipal Waste","BO","20 01 01","Paper and Cardboard from Municipal Waste (20 01 01)","Municipal Waste",NA,1692.666,0,0,0,0,0
2024,"OSREDNJESLOVENSKA","20 01 01","Paper and Cardboard from Municipal Waste (20 01 01)","Municipal Waste","R_03","03 03 07","Mechanically Separated Rejects from Pulping (03 03 07)","Wood/Paper Production Waste","R_01",0,0,0,3851.86,0,0
2024,"OSREDNJESLOVENSKA","20 01 01","Paper and Cardboard from Municipal Waste (20 01 01)","Municipal Waste","R_03","03 03 07","Mechanically Separated Rejects from Pulping (03 03 07)","Wood/Paper Production Waste","R_12",0,0,1366.986,0,0,0
2024,"OSREDNJESLOVENSKA","20 01 01","Paper and Cardboard from Municipal Waste (20 01 01)","Municipal Waste","R_03","03 03 08","Waste from Sorting of Paper and Cardboard for Recycling (03 03 08)","Wood/Paper Production Waste",NA,0,153.329,0,0,0,0
2024,"OSREDNJESLOVENSKA","20 01 01","Paper and Cardboard from Municipal Waste (20 01 01)","Municipal Waste","R_12","19 12 12","Other Mechanically Treated Waste (19 12 12)","Waste Treatment Residues","R_12, R_13",0,0,0.516,0,0,0
2024,"OSREDNJESLOVENSKA","20 01 01","Paper and Cardboard from Municipal Waste (20 01 01)","Municipal Waste","R_12","20 01 01","Paper and Cardboard from Municipal Waste (20 01 01)","Municipal Waste","R_12, R_13",0,0,0.58,0,0,0
2024,"OSREDNJESLOVENSKA","20 01 01","Paper and Cardboard from Municipal Waste (20 01 01)","Municipal Waste","R_12, R_13","19 12 01","Paper and Cardboard from Waste Treatment (19 12 01)","Waste Treatment Residues","R_03",0,0,15299.605,1564.615,907.4,0
2024,"OSREDNJESLOVENSKA","20 01 01","Paper and Cardboard from Municipal Waste (20 01 01)","Municipal Waste","R_12, R_13","19 12 01","Paper and Cardboard from Waste Treatment (19 12 01)","Waste Treatment Residues","R_12",0,0,0,162.026,0,0
2024,"OSREDNJESLOVENSKA","20 01 01","Paper and Cardboard from Municipal Waste (20 01 01)","Municipal Waste","R_12, R_13","19 12 01","Paper and Cardboard from Waste Treatment (19 12 01)","Waste Treatment Residues","R_12, R_13",0,0,1726.481,0,0,0
2024,"OSREDNJESLOVENSKA","20 01 01","Paper and Cardboard from Municipal Waste (20 01 01)","Municipal Waste","R_12, R_13","19 12 01","Paper and Cardboard from Waste Treatment (19 12 01)","Waste Treatment Residues",NA,65.177,649.669,0,0,0,0
2024,"OSREDNJESLOVENSKA","20 01 01","Paper and Cardboard from Municipal Waste (20 01 01)","Municipal Waste","R_12, R_13","19 12 12","Other Mechanically Treated Waste (19 12 12)","Waste Treatment Residues","R_12, R_13",0,0,16.576,0,0,0
2024,"OSREDNJESLOVENSKA","20 01 01","Paper and Cardboard from Municipal Waste (20 01 01)","Municipal Waste","R_12, R_13","20 01 01","Paper and Cardboard from Municipal Waste (20 01 01)","Municipal Waste","R_03",0,0,5474.722,13980.324,0,0
2024,"OSREDNJESLOVENSKA","20 01 01","Paper and Cardboard from Municipal Waste (20 01 01)","Municipal Waste","R_12, R_13","20 01 01","Paper and Cardboard from Municipal Waste (20 01 01)","Municipal Waste","R_12",0,0,24.26,2001.67,0,0
2024,"OSREDNJESLOVENSKA","20 01 01","Paper and Cardboard from Municipal Waste (20 01 01)","Municipal Waste","R_12, R_13","20 01 01","Paper and Cardboard from Municipal Waste (20 01 01)","Municipal Waste","R_12, R_13",0,0,904.79,0,47.09,0
2024,"OSREDNJESLOVENSKA","20 01 01","Paper and Cardboard from Municipal Waste (20 01 01)","Municipal Waste","R_12, R_13","20 01 01","Paper and Cardboard from Municipal Waste (20 01 01)","Municipal Waste",NA,147.25,0,0,0,0,0
2024,"OSREDNJESLOVENSKA","20 01 21*","Mercury-Containing Waste (20 01 21*)","Municipal Waste","R_12","19 12 01","Paper and Cardboard from Waste Treatment (19 12 01)","Waste Treatment Residues","R_12, R_13",0,0,6.02,0,0,0
2024,"OSREDNJESLOVENSKA","20 01 36","Non-Hazardous Waste Electrical Equipment (20 01 36)","Municipal Waste","R_12, R_13","15 01 01","Paper and Cardboard Packaging (15 01 01)","Packaging Waste","R_12, R_13",0,0,10.358,0,0,0
2024,"OSREDNJESLOVENSKA","20 01 36","Non-Hazardous Waste Electrical Equipment (20 01 36)","Municipal Waste","R_12, R_13","19 12 07","Wood Waste from Treatment (not 19 12 06) (19 12 07)","Waste Treatment Residues","R_03",0,0,5.74,0,0,0
2024,"OSREDNJESLOVENSKA","20 01 36","Non-Hazardous Waste Electrical Equipment (20 01 36)","Municipal Waste","R_12, R_13","20 01 38","Non-hazardous Wood from Municipal Waste (20 01 38)","Municipal Waste","R_12",0,0,13.96,0,0,0
2024,"OSREDNJESLOVENSKA","20 01 38","Non-hazardous Wood from Municipal Waste (20 01 38)","Municipal Waste","BO","20 01 38","Non-hazardous Wood from Municipal Waste (20 01 38)","Municipal Waste",NA,1146.056,0,0,0,0,0
2024,"OSREDNJESLOVENSKA","20 01 38","Non-hazardous Wood from Municipal Waste (20 01 38)","Municipal Waste","R_03","12 01 02","Iron Dust and Particles (12 01 02)","Metal/Plastic Processing Waste","R_03",0,0,6.04,0,0,0
2024,"OSREDNJESLOVENSKA","20 01 38","Non-hazardous Wood from Municipal Waste (20 01 38)","Municipal Waste","R_03","12 01 02","Iron Dust and Particles (12 01 02)","Metal/Plastic Processing Waste",NA,0,44.601,0,0,0,0
2024,"OSREDNJESLOVENSKA","20 01 38","Non-hazardous Wood from Municipal Waste (20 01 38)","Municipal Waste","R_03","17 04 02",NA,"Construction/Demolition Waste","R_03",0,0,0.04,0,0,0
2024,"OSREDNJESLOVENSKA","20 01 38","Non-hazardous Wood from Municipal Waste (20 01 38)","Municipal Waste","R_03","17 04 05","Iron and Steel Waste (17 04 05)","Construction/Demolition Waste","R_03",0,0,621.022,0,0,0
2024,"OSREDNJESLOVENSKA","20 01 38","Non-hazardous Wood from Municipal Waste (20 01 38)","Municipal Waste","R_03","17 04 05","Iron and Steel Waste (17 04 05)","Construction/Demolition Waste",NA,0,21.264,0,0,0,0
2024,"OSREDNJESLOVENSKA","20 01 38","Non-hazardous Wood from Municipal Waste (20 01 38)","Municipal Waste","R_03","19 12 07","Wood Waste from Treatment (not 19 12 06) (19 12 07)","Waste Treatment Residues","R_03",0,0,0,28430.463,0,0
2024,"OSREDNJESLOVENSKA","20 01 38","Non-hazardous Wood from Municipal Waste (20 01 38)","Municipal Waste","R_12","19 12 07","Wood Waste from Treatment (not 19 12 06) (19 12 07)","Waste Treatment Residues","R_01",0,0,1266.36,0,0,0
2024,"OSREDNJESLOVENSKA","20 01 38","Non-hazardous Wood from Municipal Waste (20 01 38)","Municipal Waste","R_12, R_13","19 12 02","Ferrous Metals from Mechanical Treatment (19 12 02)","Waste Treatment Residues","R_04",0,0,191.31,0,0,0
2024,"OSREDNJESLOVENSKA","20 01 38","Non-hazardous Wood from Municipal Waste (20 01 38)","Municipal Waste","R_12, R_13","19 12 07","Wood Waste from Treatment (not 19 12 06) (19 12 07)","Waste Treatment Residues","R_03",0,0,0,11511.15,0,0
2024,"OSREDNJESLOVENSKA","20 01 38","Non-hazardous Wood from Municipal Waste (20 01 38)","Municipal Waste","R_12, R_13","20 01 38","Non-hazardous Wood from Municipal Waste (20 01 38)","Municipal Waste","R_0302",0,0,703.88,0,0,0
2024,"OSREDNJESLOVENSKA","20 01 38","Non-hazardous Wood from Municipal Waste (20 01 38)","Municipal Waste","R_12, R_13","20 01 38","Non-hazardous Wood from Municipal Waste (20 01 38)","Municipal Waste","R_12",0,0,8648.22,0,0,0
2024,"OSREDNJESLOVENSKA","20 01 38","Non-hazardous Wood from Municipal Waste (20 01 38)","Municipal Waste","R_12, R_13","20 01 38","Non-hazardous Wood from Municipal Waste (20 01 38)","Municipal Waste","R_12, R_13",0,0,142.487,0,0,0
2024,"OSREDNJESLOVENSKA","20 02 01","Biodegradable Garden and Park Waste (20 02 01)","Municipal Waste","R_03","19 12 07","Wood Waste from Treatment (not 19 12 06) (19 12 07)","Waste Treatment Residues","R_03",0,0,0,4996.36,0,0
2024,"OSREDNJESLOVENSKA","20 03 01","Mixed Municipal Waste (20 03 01)","Municipal Waste","D_09","19 12 01","Paper and Cardboard from Waste Treatment (19 12 01)","Waste Treatment Residues","R_12, R_13",0,0,334.9,0,0,0
2024,"OSREDNJESLOVENSKA","20 03 07","Bulky Municipal Waste (20 03 07)","Municipal Waste","BO","20 03 07","Bulky Municipal Waste (20 03 07)","Municipal Waste",NA,146.2,0,0,0,0,0
2024,"OSREDNJESLOVENSKA","20 03 07","Bulky Municipal Waste (20 03 07)","Municipal Waste","D_01","20 03 07","Bulky Municipal Waste (20 03 07)","Municipal Waste",NA,0,0,0,0,0,1990.52
2024,"OSREDNJESLOVENSKA","20 03 07","Bulky Municipal Waste (20 03 07)","Municipal Waste","R_12","19 12 02","Ferrous Metals from Mechanical Treatment (19 12 02)","Waste Treatment Residues","R_12, R_13",0,0,526.542,0,0,0
2024,"OSREDNJESLOVENSKA","20 03 07","Bulky Municipal Waste (20 03 07)","Municipal Waste","R_12","19 12 12","Other Mechanically Treated Waste (19 12 12)","Waste Treatment Residues","R_12, R_13",0,0,11413.658,0,0,0
2024,"OSREDNJESLOVENSKA","20 03 07","Bulky Municipal Waste (20 03 07)","Municipal Waste","R_12","19 12 12","Other Mechanically Treated Waste (19 12 12)","Waste Treatment Residues",NA,2250,0,0,0,0,0
2024,"OSREDNJESLOVENSKA","20 03 07","Bulky Municipal Waste (20 03 07)","Municipal Waste","R_12, R_13","19 12 02","Ferrous Metals from Mechanical Treatment (19 12 02)","Waste Treatment Residues","R_04",0,0,2261.09,520.84,0,0
2024,"OSREDNJESLOVENSKA","20 03 07","Bulky Municipal Waste (20 03 07)","Municipal Waste","R_12, R_13","19 12 02","Ferrous Metals from Mechanical Treatment (19 12 02)","Waste Treatment Residues","R_12, R_13",0,0,993.53,0,0,0
2024,"OSREDNJESLOVENSKA","20 03 07","Bulky Municipal Waste (20 03 07)","Municipal Waste","R_12, R_13","19 12 04","Plastics and Rubber from Mechanical Treatment (19 12 04)","Waste Treatment Residues","R_12, R_13",0,0,0.96,0,0,0
2024,"OSREDNJESLOVENSKA","20 03 07","Bulky Municipal Waste (20 03 07)","Municipal Waste","R_12, R_13","19 12 05","Glass from Mechanical Treatment (19 12 05)","Waste Treatment Residues","R_05",0,0,0,69.536,0,0
2024,"OSREDNJESLOVENSKA","20 03 07","Bulky Municipal Waste (20 03 07)","Municipal Waste","R_12, R_13","19 12 07","Wood Waste from Treatment (not 19 12 06) (19 12 07)","Waste Treatment Residues","R_03",0,0,0,1496.407,0,0
2024,"OSREDNJESLOVENSKA","20 03 07","Bulky Municipal Waste (20 03 07)","Municipal Waste","R_12, R_13","19 12 07","Wood Waste from Treatment (not 19 12 06) (19 12 07)","Waste Treatment Residues","R_12, R_13",0,0,1.36,0,0,0
2024,"OSREDNJESLOVENSKA","20 03 07","Bulky Municipal Waste (20 03 07)","Municipal Waste","R_12, R_13","19 12 12","Other Mechanically Treated Waste (19 12 12)","Waste Treatment Residues","R_01",0,0,0,106.995,0,0
2024,"OSREDNJESLOVENSKA","20 03 07","Bulky Municipal Waste (20 03 07)","Municipal Waste","R_12, R_13","19 12 12","Other Mechanically Treated Waste (19 12 12)","Waste Treatment Residues","R_12, R_13",0,0,0.92,0,0,0
2024,"OSREDNJESLOVENSKA","20 03 07","Bulky Municipal Waste (20 03 07)","Municipal Waste","R_12, R_13","20 01 38","Non-hazardous Wood from Municipal Waste (20 01 38)","Municipal Waste","R_03",0,0,91.66,0,0,0
2024,"OSREDNJESLOVENSKA","20 03 07","Bulky Municipal Waste (20 03 07)","Municipal Waste","R_12, R_13","20 01 40","Metals from Municipal Waste (20 01 40)","Municipal Waste","R_12, R_13",0,0,14,0,0,0
2024,"OSREDNJESLOVENSKA","20 03 07","Bulky Municipal Waste (20 03 07)","Municipal Waste","R_12, R_13","20 03 07","Bulky Municipal Waste (20 03 07)","Municipal Waste","D_01",0,0,6995.11,0,0,0
2024,"OSREDNJESLOVENSKA","20 03 07","Bulky Municipal Waste (20 03 07)","Municipal Waste","R_12, R_13","20 03 07","Bulky Municipal Waste (20 03 07)","Municipal Waste","R_12, R_13",0,0,950,0,0,0
2024,"OSREDNJESLOVENSKA","20 03 07","Bulky Municipal Waste (20 03 07)","Municipal Waste","R_12, R_13","20 03 07","Bulky Municipal Waste (20 03 07)","Municipal Waste",NA,0,94.82,0,0,0,0
2024,"PODRAVSKA","02 01 07","Forestry Waste (02 01 07)","Agricultural/Forestry Waste","R_12, R_13","19 12 12","Other Mechanically Treated Waste (19 12 12)","Waste Treatment Residues","R_01",0,0,55.5,0,0,0
2024,"PODRAVSKA","03 01 01","Bark and Cork Waste (03 01 01)","Wood/Paper Production Waste","R_12, R_13","19 12 12","Other Mechanically Treated Waste (19 12 12)","Waste Treatment Residues","R_01",0,0,0,6.27,0,0
2024,"PODRAVSKA","03 01 01","Bark and Cork Waste (03 01 01)","Wood/Paper Production Waste","R_12, R_13","20 01 01","Paper and Cardboard from Municipal Waste (20 01 01)","Municipal Waste","R_03",0,0,4.97,0,0,0
2024,"PODRAVSKA","03 01 05","Sawdust/Shavings/Cuttings (03 01 05)","Wood/Paper Production Waste","R_12, R_13","17 02 01","Construction Wood Waste (17 02 01)","Construction/Demolition Waste","R_03",0,0,23.353,0,0,0
2024,"PODRAVSKA","03 01 05","Sawdust/Shavings/Cuttings (03 01 05)","Wood/Paper Production Waste","R_12, R_13","19 12 12","Other Mechanically Treated Waste (19 12 12)","Waste Treatment Residues","R_01",0,0,0,362.034,0,0
2024,"PODRAVSKA","03 01 05","Sawdust/Shavings/Cuttings (03 01 05)","Wood/Paper Production Waste","R_12, R_13","19 12 12","Other Mechanically Treated Waste (19 12 12)","Waste Treatment Residues","R_03",0,0,0,6,0,0
2024,"PODRAVSKA","03 01 99","Other Unspecified Wood Waste (03 01 99)","Wood/Paper Production Waste","R_12, R_13","19 12 12","Other Mechanically Treated Waste (19 12 12)","Waste Treatment Residues","R_01",0,0,0,689.266,0,0
2024,"PODRAVSKA","03 03 08","Waste from Sorting of Paper and Cardboard for Recycling (03 03 08)","Wood/Paper Production Waste","R_12","19 12 10","Refuse-Derived Fuel (19 12 10)","Waste Treatment Residues","R_01",0,0,24.4,0,799.259,0
2024,"PODRAVSKA","03 03 08","Waste from Sorting of Paper and Cardboard for Recycling (03 03 08)","Wood/Paper Production Waste","R_12","19 12 12","Other Mechanically Treated Waste (19 12 12)","Waste Treatment Residues","R_01",0,0,0,182.776,0,0
2024,"PODRAVSKA","03 03 08","Waste from Sorting of Paper and Cardboard for Recycling (03 03 08)","Wood/Paper Production Waste","R_12, R_13","19 12 12","Other Mechanically Treated Waste (19 12 12)","Waste Treatment Residues","R_01",0,0,0,2887.87,0,0
2024,"PODRAVSKA","15 01 01","Paper and Cardboard Packaging (15 01 01)","Packaging Waste","BO","15 01 01","Paper and Cardboard Packaging (15 01 01)","Packaging Waste","R_12, R_13",0,0,20.46,0,0,0
2024,"PODRAVSKA","15 01 01","Paper and Cardboard Packaging (15 01 01)","Packaging Waste","R_12","19 12 12","Other Mechanically Treated Waste (19 12 12)","Waste Treatment Residues","R_03",0,0,0,4.973,0,0
2024,"PODRAVSKA","15 01 01","Paper and Cardboard Packaging (15 01 01)","Packaging Waste","R_12, R_13","15 01 01","Paper and Cardboard Packaging (15 01 01)","Packaging Waste","R_03",0,0,0,11625.34,546.36,0
2024,"PODRAVSKA","15 01 01","Paper and Cardboard Packaging (15 01 01)","Packaging Waste","R_12, R_13","15 01 01","Paper and Cardboard Packaging (15 01 01)","Packaging Waste","R_12, R_13",0,0,1940.791,335.56,0,0
2024,"PODRAVSKA","15 01 01","Paper and Cardboard Packaging (15 01 01)","Packaging Waste","R_12, R_13","15 01 01","Paper and Cardboard Packaging (15 01 01)","Packaging Waste",NA,193,40.088,0,0,0,0
2024,"PODRAVSKA","15 01 01","Paper and Cardboard Packaging (15 01 01)","Packaging Waste","R_12, R_13","19 12 01","Paper and Cardboard from Waste Treatment (19 12 01)","Waste Treatment Residues","R_03",0,0,740.22,2448.315,0,0
2024,"PODRAVSKA","15 01 01","Paper and Cardboard Packaging (15 01 01)","Packaging Waste","R_12, R_13","19 12 12","Other Mechanically Treated Waste (19 12 12)","Waste Treatment Residues","R_03",0,0,0,384.765,0,0
2024,"PODRAVSKA","15 01 03","Wooden Packaging (15 01 03)","Packaging Waste","R_12, R_13","15 01 03","Wooden Packaging (15 01 03)","Packaging Waste","R_03",0,0,3333.92,14.88,0,0
2024,"PODRAVSKA","15 01 03","Wooden Packaging (15 01 03)","Packaging Waste","R_12, R_13","15 01 03","Wooden Packaging (15 01 03)","Packaging Waste","R_04",0,0,54.68,0,0,0
2024,"PODRAVSKA","15 01 03","Wooden Packaging (15 01 03)","Packaging Waste","R_12, R_13","15 01 03","Wooden Packaging (15 01 03)","Packaging Waste","R_12, R_13",0,0,285.169,0,0,0
2024,"PODRAVSKA","15 01 03","Wooden Packaging (15 01 03)","Packaging Waste","R_12, R_13","15 01 03","Wooden Packaging (15 01 03)","Packaging Waste",NA,14.88,0,0,0,0,0
2024,"PODRAVSKA","15 01 03","Wooden Packaging (15 01 03)","Packaging Waste","R_12, R_13","19 12 07","Wood Waste from Treatment (not 19 12 06) (19 12 07)","Waste Treatment Residues","R_12, R_13",0,0,33.004,0,0,0
2024,"PODRAVSKA","15 01 03","Wooden Packaging (15 01 03)","Packaging Waste","R_12, R_13","19 12 07","Wood Waste from Treatment (not 19 12 06) (19 12 07)","Waste Treatment Residues",NA,23.276,0,0,0,0,0
2024,"PODRAVSKA","15 01 05","Composite Packaging (15 01 05)","Packaging Waste","R_12, R_13","15 01 01","Paper and Cardboard Packaging (15 01 01)","Packaging Waste","R_12, R_13",0,0,42.16,0,0,0
2024,"PODRAVSKA","15 01 06","Mixed Packaging (15 01 06)","Packaging Waste","R_12, R_13","15 01 03","Wooden Packaging (15 01 03)","Packaging Waste","R_03",0,0,28.17,0,0,0
2024,"PODRAVSKA","15 01 06","Mixed Packaging (15 01 06)","Packaging Waste","R_12, R_13","19 12 01","Paper and Cardboard from Waste Treatment (19 12 01)","Waste Treatment Residues","R_03",0,0,13.522,182.468,0,0
2024,"PODRAVSKA","17 02 01","Construction Wood Waste (17 02 01)","Construction/Demolition Waste","R_12","17 02 01","Construction Wood Waste (17 02 01)","Construction/Demolition Waste","R_03",0,0,87.7,0,0,0
2024,"PODRAVSKA","17 02 01","Construction Wood Waste (17 02 01)","Construction/Demolition Waste","R_12","17 02 01","Construction Wood Waste (17 02 01)","Construction/Demolition Waste",NA,498.38,0,0,0,0,2.88
2024,"PODRAVSKA","17 02 01","Construction Wood Waste (17 02 01)","Construction/Demolition Waste","R_12, R_13","17 02 01","Construction Wood Waste (17 02 01)","Construction/Demolition Waste","R_03",0,0,424.827,0,0,0
2024,"PODRAVSKA","19 12 01","Paper and Cardboard from Waste Treatment (19 12 01)","Waste Treatment Residues","R_12, R_13","15 01 01","Paper and Cardboard Packaging (15 01 01)","Packaging Waste","R_03",0,0,0,317.75,0,0
2024,"PODRAVSKA","19 12 01","Paper and Cardboard from Waste Treatment (19 12 01)","Waste Treatment Residues","R_12, R_13","19 12 01","Paper and Cardboard from Waste Treatment (19 12 01)","Waste Treatment Residues","R_03",0,0,6.318,812.901,0,0
2024,"PODRAVSKA","19 12 01","Paper and Cardboard from Waste Treatment (19 12 01)","Waste Treatment Residues","R_12, R_13","19 12 01","Paper and Cardboard from Waste Treatment (19 12 01)","Waste Treatment Residues","R_12, R_13",0,0,71.58,0,0,0
2024,"PODRAVSKA","19 12 01","Paper and Cardboard from Waste Treatment (19 12 01)","Waste Treatment Residues","R_12, R_13","19 12 01","Paper and Cardboard from Waste Treatment (19 12 01)","Waste Treatment Residues",NA,26.46,0,0,0,0,0
2024,"PODRAVSKA","19 12 01","Paper and Cardboard from Waste Treatment (19 12 01)","Waste Treatment Residues","R_12, R_13","19 12 12","Other Mechanically Treated Waste (19 12 12)","Waste Treatment Residues","R_03",0,0,0,6.02,0,0
2024,"PODRAVSKA","19 12 07","Wood Waste from Treatment (not 19 12 06) (19 12 07)","Waste Treatment Residues","R_12, R_13","19 12 12","Other Mechanically Treated Waste (19 12 12)","Waste Treatment Residues","R_03",0,0,0,16.46,0,0
2024,"PODRAVSKA","20 01 01","Paper and Cardboard from Municipal Waste (20 01 01)","Municipal Waste","BO","20 01 01","Paper and Cardboard from Municipal Waste (20 01 01)","Municipal Waste","R_12, R_13",0,0,55.576,0,0,0
2024,"PODRAVSKA","20 01 01","Paper and Cardboard from Municipal Waste (20 01 01)","Municipal Waste","BO","20 01 01","Paper and Cardboard from Municipal Waste (20 01 01)","Municipal Waste",NA,3.03,59.28,0,0,0,0
2024,"PODRAVSKA","20 01 01","Paper and Cardboard from Municipal Waste (20 01 01)","Municipal Waste","D_10","19 01 11*",NA,"Waste Treatment Residues",NA,0,5.42,0,0,0,0
2024,"PODRAVSKA","20 01 01","Paper and Cardboard from Municipal Waste (20 01 01)","Municipal Waste","R_12","19 12 10","Refuse-Derived Fuel (19 12 10)","Waste Treatment Residues","R_01",0,0,0,0,340.82,0
2024,"PODRAVSKA","20 01 01","Paper and Cardboard from Municipal Waste (20 01 01)","Municipal Waste","R_12","20 01 01","Paper and Cardboard from Municipal Waste (20 01 01)","Municipal Waste","R_12, R_13",0,0,1206.52,0,0,0
2024,"PODRAVSKA","20 01 01","Paper and Cardboard from Municipal Waste (20 01 01)","Municipal Waste","R_12","20 01 01","Paper and Cardboard from Municipal Waste (20 01 01)","Municipal Waste",NA,30.297,86.559,0,0,0,0
2024,"PODRAVSKA","20 01 01","Paper and Cardboard from Municipal Waste (20 01 01)","Municipal Waste","R_12, R_13","19 12 01","Paper and Cardboard from Waste Treatment (19 12 01)","Waste Treatment Residues","R_03",0,0,3144.163,1484.467,0,0
2024,"PODRAVSKA","20 01 01","Paper and Cardboard from Municipal Waste (20 01 01)","Municipal Waste","R_12, R_13","19 12 01","Paper and Cardboard from Waste Treatment (19 12 01)","Waste Treatment Residues","R_12, R_13",0,0,93.2,0,0,0
2024,"PODRAVSKA","20 01 01","Paper and Cardboard from Municipal Waste (20 01 01)","Municipal Waste","R_12, R_13","19 12 12","Other Mechanically Treated Waste (19 12 12)","Waste Treatment Residues","R_01",0,0,0,523.614,0,0
2024,"PODRAVSKA","20 01 01","Paper and Cardboard from Municipal Waste (20 01 01)","Municipal Waste","R_12, R_13","20 01 01","Paper and Cardboard from Municipal Waste (20 01 01)","Municipal Waste","R_03",0,0,115.32,2796.29,0,0
2024,"PODRAVSKA","20 01 01","Paper and Cardboard from Municipal Waste (20 01 01)","Municipal Waste","R_12, R_13","20 01 01","Paper and Cardboard from Municipal Waste (20 01 01)","Municipal Waste","R_12, R_13",0,0,322.408,0,0,0
2024,"PODRAVSKA","20 01 01","Paper and Cardboard from Municipal Waste (20 01 01)","Municipal Waste","R_12, R_13","20 01 01","Paper and Cardboard from Municipal Waste (20 01 01)","Municipal Waste",NA,180.71,28.086,0,0,0,0
2024,"PODRAVSKA","20 01 36","Non-Hazardous Waste Electrical Equipment (20 01 36)","Municipal Waste","R_12, R_13","20 01 01","Paper and Cardboard from Municipal Waste (20 01 01)","Municipal Waste",NA,0,0.526,0,0,0,0
2024,"PODRAVSKA","20 01 38","Non-hazardous Wood from Municipal Waste (20 01 38)","Municipal Waste","R_0302","20 01 38","Non-hazardous Wood from Municipal Waste (20 01 38)","Municipal Waste","R_03",0,0,678.41,0,0,0
2024,"PODRAVSKA","20 01 38","Non-hazardous Wood from Municipal Waste (20 01 38)","Municipal Waste","R_12","20 01 38","Non-hazardous Wood from Municipal Waste (20 01 38)","Municipal Waste","R_01",0,0,289.42,0,0,0
2024,"PODRAVSKA","20 01 38","Non-hazardous Wood from Municipal Waste (20 01 38)","Municipal Waste","R_12, R_13","19 12 12","Other Mechanically Treated Waste (19 12 12)","Waste Treatment Residues","R_01",0,0,0,16.404,0,0
2024,"PODRAVSKA","20 01 38","Non-hazardous Wood from Municipal Waste (20 01 38)","Municipal Waste","R_12, R_13","19 12 12","Other Mechanically Treated Waste (19 12 12)","Waste Treatment Residues","R_03",0,0,0,24.724,0,0
2024,"PODRAVSKA","20 01 38","Non-hazardous Wood from Municipal Waste (20 01 38)","Municipal Waste","R_12, R_13","20 01 38","Non-hazardous Wood from Municipal Waste (20 01 38)","Municipal Waste",NA,0,18.47,0,0,0,0
2024,"PODRAVSKA","20 03 01","Mixed Municipal Waste (20 03 01)","Municipal Waste","D_08,09","20 01 01","Paper and Cardboard from Municipal Waste (20 01 01)","Municipal Waste","D_05",0,0,0,23.32,0,0
2024,"PODRAVSKA","20 03 01","Mixed Municipal Waste (20 03 01)","Municipal Waste","D_09","20 01 01","Paper and Cardboard from Municipal Waste (20 01 01)","Municipal Waste","R_12",0,0,267.5,0,0,0
2024,"PODRAVSKA","20 03 01","Mixed Municipal Waste (20 03 01)","Municipal Waste","D_09","20 01 01","Paper and Cardboard from Municipal Waste (20 01 01)","Municipal Waste","R_12, R_13",0,0,1163.98,0,0,0
2024,"PODRAVSKA","20 03 01","Mixed Municipal Waste (20 03 01)","Municipal Waste","D_09","20 01 01","Paper and Cardboard from Municipal Waste (20 01 01)","Municipal Waste",NA,84.676,85.62,0,0,0,0
2024,"PODRAVSKA","20 03 07","Bulky Municipal Waste (20 03 07)","Municipal Waste","BO","20 03 07","Bulky Municipal Waste (20 03 07)","Municipal Waste",NA,0,2.38,0,0,0,0
2024,"PODRAVSKA","20 03 07","Bulky Municipal Waste (20 03 07)","Municipal Waste","R_12","19 12 02","Ferrous Metals from Mechanical Treatment (19 12 02)","Waste Treatment Residues","R_12, R_13",0,0,12.16,0,0,0
2024,"PODRAVSKA","20 03 07","Bulky Municipal Waste (20 03 07)","Municipal Waste","R_12","19 12 04","Plastics and Rubber from Mechanical Treatment (19 12 04)","Waste Treatment Residues","R_03",0,0,4.91,0,0,0
2024,"PODRAVSKA","20 03 07","Bulky Municipal Waste (20 03 07)","Municipal Waste","R_12","19 12 10","Refuse-Derived Fuel (19 12 10)","Waste Treatment Residues","R_01",0,0,0,0,2037.24,0
2024,"PODRAVSKA","20 03 07","Bulky Municipal Waste (20 03 07)","Municipal Waste","R_12","20 01 38","Non-hazardous Wood from Municipal Waste (20 01 38)","Municipal Waste","R_03",0,0,264.494,0,0,0
2024,"PODRAVSKA","20 03 07","Bulky Municipal Waste (20 03 07)","Municipal Waste","R_12","20 03 07","Bulky Municipal Waste (20 03 07)","Municipal Waste","R_12, R_13",0,0,1097.82,0,0,0
2024,"PODRAVSKA","20 03 07","Bulky Municipal Waste (20 03 07)","Municipal Waste","R_12","20 03 07","Bulky Municipal Waste (20 03 07)","Municipal Waste",NA,0,529.98,0,0,0,0
2024,"PODRAVSKA","20 03 07","Bulky Municipal Waste (20 03 07)","Municipal Waste","R_12, R_13","19 12 02","Ferrous Metals from Mechanical Treatment (19 12 02)","Waste Treatment Residues","R_04",0,0,0,125.952,0,0
2024,"PODRAVSKA","20 03 07","Bulky Municipal Waste (20 03 07)","Municipal Waste","R_12, R_13","19 12 02","Ferrous Metals from Mechanical Treatment (19 12 02)","Waste Treatment Residues","R_12, R_13",0,0,64.664,0,0,0
2024,"PODRAVSKA","20 03 07","Bulky Municipal Waste (20 03 07)","Municipal Waste","R_12, R_13","19 12 12","Other Mechanically Treated Waste (19 12 12)","Waste Treatment Residues","R_01",0,0,0,1095.12,0,0
2024,"PODRAVSKA","20 03 07","Bulky Municipal Waste (20 03 07)","Municipal Waste","R_12, R_13","19 12 12","Other Mechanically Treated Waste (19 12 12)","Waste Treatment Residues","R_0101",0,0,212.933,0,0,0
2024,"PODRAVSKA","20 03 07","Bulky Municipal Waste (20 03 07)","Municipal Waste","R_12, R_13","19 12 12","Other Mechanically Treated Waste (19 12 12)","Waste Treatment Residues","R_03",0,0,0,2296.018,0,0
2024,"PODRAVSKA","20 03 07","Bulky Municipal Waste (20 03 07)","Municipal Waste","R_12, R_13","20 03 01","Mixed Municipal Waste (20 03 01)","Municipal Waste","D_08",0,0,452.19,0,0,0
2024,"PODRAVSKA","20 03 07","Bulky Municipal Waste (20 03 07)","Municipal Waste","R_12, R_13","20 03 07","Bulky Municipal Waste (20 03 07)","Municipal Waste","R_12, R_13",0,0,306.686,0,0,0
2024,"POMURSKA","03 01 05","Sawdust/Shavings/Cuttings (03 01 05)","Wood/Paper Production Waste","R_12, R_13","03 01 05","Sawdust/Shavings/Cuttings (03 01 05)","Wood/Paper Production Waste","R_12, R_13",0,0,474.86,0,0,0
2024,"POMURSKA","03 01 05","Sawdust/Shavings/Cuttings (03 01 05)","Wood/Paper Production Waste","R_12, R_13","15 01 03","Wooden Packaging (15 01 03)","Packaging Waste","R_03",0,0,0,1128.047,0,0
2024,"POMURSKA","03 01 05","Sawdust/Shavings/Cuttings (03 01 05)","Wood/Paper Production Waste","R_12, R_13","15 01 03","Wooden Packaging (15 01 03)","Packaging Waste",NA,64.703,0,0,0,0,0
2024,"POMURSKA","03 01 05","Sawdust/Shavings/Cuttings (03 01 05)","Wood/Paper Production Waste","R_12, R_13","19 12 07","Wood Waste from Treatment (not 19 12 06) (19 12 07)","Waste Treatment Residues","R_03",0,0,0,285.43,0,0
2024,"POMURSKA","15 01 01","Paper and Cardboard Packaging (15 01 01)","Packaging Waste","R_12, R_13","15 01 01","Paper and Cardboard Packaging (15 01 01)","Packaging Waste","R_03",0,0,0,870.263,0,0
2024,"POMURSKA","15 01 01","Paper and Cardboard Packaging (15 01 01)","Packaging Waste","R_12, R_13","15 01 01","Paper and Cardboard Packaging (15 01 01)","Packaging Waste","R_12, R_13",0,0,460.252,0,0,0
2024,"POMURSKA","15 01 01","Paper and Cardboard Packaging (15 01 01)","Packaging Waste","R_12, R_13","15 01 01","Paper and Cardboard Packaging (15 01 01)","Packaging Waste",NA,138.367,145.675,0,0,0,0
2024,"POMURSKA","15 01 01","Paper and Cardboard Packaging (15 01 01)","Packaging Waste","R_12, R_13","19 12 01","Paper and Cardboard from Waste Treatment (19 12 01)","Waste Treatment Residues","R_03",0,0,0,104.226,0,0
2024,"POMURSKA","15 01 01","Paper and Cardboard Packaging (15 01 01)","Packaging Waste","R_12, R_13","19 12 01","Paper and Cardboard from Waste Treatment (19 12 01)","Waste Treatment Residues",NA,95.339,0,0,0,0,0
2024,"POMURSKA","15 01 01","Paper and Cardboard Packaging (15 01 01)","Packaging Waste","R_12, R_13","20 01 01","Paper and Cardboard from Municipal Waste (20 01 01)","Municipal Waste","R_03",0,0,0,1111.264,0,0
2024,"POMURSKA","15 01 01","Paper and Cardboard Packaging (15 01 01)","Packaging Waste","R_12, R_13","20 01 01","Paper and Cardboard from Municipal Waste (20 01 01)","Municipal Waste",NA,66.635,0,0,0,0,0
2024,"POMURSKA","15 01 03","Wooden Packaging (15 01 03)","Packaging Waste","R_12, R_13","15 01 03","Wooden Packaging (15 01 03)","Packaging Waste","R_03",0,0,308.3,705.173,0,0
2024,"POMURSKA","15 01 03","Wooden Packaging (15 01 03)","Packaging Waste","R_12, R_13","19 12 07","Wood Waste from Treatment (not 19 12 06) (19 12 07)","Waste Treatment Residues","R_03",0,0,0,64.703,0,0
2024,"POMURSKA","15 01 06","Mixed Packaging (15 01 06)","Packaging Waste","R_12, R_13","20 01 01","Paper and Cardboard from Municipal Waste (20 01 01)","Municipal Waste","R_03",0,0,0,12.38,0,0
2024,"POMURSKA","19 12 01","Paper and Cardboard from Waste Treatment (19 12 01)","Waste Treatment Residues","D_10","19 01 12","Bottom Ash and Slag (19 01 12)","Waste Treatment Residues",NA,0,0.154,0,0,0,0
2024,"POMURSKA","19 12 01","Paper and Cardboard from Waste Treatment (19 12 01)","Waste Treatment Residues","R_12, R_13","19 12 01","Paper and Cardboard from Waste Treatment (19 12 01)","Waste Treatment Residues",NA,4.435,0,0,0,0,0
2024,"POMURSKA","19 12 07","Wood Waste from Treatment (not 19 12 06) (19 12 07)","Waste Treatment Residues","R_12, R_13","19 12 07","Wood Waste from Treatment (not 19 12 06) (19 12 07)","Waste Treatment Residues","R_03",0,0,0,209.487,0,0
2024,"POMURSKA","20 01 01","Paper and Cardboard from Municipal Waste (20 01 01)","Municipal Waste","BO","20 01 01","Paper and Cardboard from Municipal Waste (20 01 01)","Municipal Waste","R_03",0,0,0,55.337,0,0
2024,"POMURSKA","20 01 01","Paper and Cardboard from Municipal Waste (20 01 01)","Municipal Waste","R_12, R_13","15 01 01","Paper and Cardboard Packaging (15 01 01)","Packaging Waste","R_03",0,0,0,95.86,0,0
2024,"POMURSKA","20 01 01","Paper and Cardboard from Municipal Waste (20 01 01)","Municipal Waste","R_12, R_13","15 01 01","Paper and Cardboard Packaging (15 01 01)","Packaging Waste","R_12, R_13",0,0,137.241,0,0,0
2024,"POMURSKA","20 01 01","Paper and Cardboard from Municipal Waste (20 01 01)","Municipal Waste","R_12, R_13","15 01 01","Paper and Cardboard Packaging (15 01 01)","Packaging Waste",NA,0,89.381,0,0,0,0
2024,"POMURSKA","20 01 01","Paper and Cardboard from Municipal Waste (20 01 01)","Municipal Waste","R_12, R_13","19 12 01","Paper and Cardboard from Waste Treatment (19 12 01)","Waste Treatment Residues","R_12, R_13",0,0,24.46,0,0,0
2024,"POMURSKA","20 01 01","Paper and Cardboard from Municipal Waste (20 01 01)","Municipal Waste","R_12, R_13","20 01 01","Paper and Cardboard from Municipal Waste (20 01 01)","Municipal Waste","R_03",0,0,70.06,2445.51,0,0
2024,"POMURSKA","20 01 01","Paper and Cardboard from Municipal Waste (20 01 01)","Municipal Waste","R_12, R_13","20 01 01","Paper and Cardboard from Municipal Waste (20 01 01)","Municipal Waste",NA,26.563,0,0,0,0,0
2024,"POMURSKA","20 01 38","Non-hazardous Wood from Municipal Waste (20 01 38)","Municipal Waste","BO","20 01 38","Non-hazardous Wood from Municipal Waste (20 01 38)","Municipal Waste","R_12",0,0,91.18,0,0,0
2024,"POMURSKA","20 01 38","Non-hazardous Wood from Municipal Waste (20 01 38)","Municipal Waste","R_12, R_13","20 01 38","Non-hazardous Wood from Municipal Waste (20 01 38)","Municipal Waste","R_12",0,0,751.46,0,0,0
2024,"POMURSKA","20 01 38","Non-hazardous Wood from Municipal Waste (20 01 38)","Municipal Waste","R_12, R_13","20 01 38","Non-hazardous Wood from Municipal Waste (20 01 38)","Municipal Waste","R_12, R_13",0,0,4.94,0,0,0
2024,"POMURSKA","20 01 38","Non-hazardous Wood from Municipal Waste (20 01 38)","Municipal Waste","R_12, R_13","20 01 38","Non-hazardous Wood from Municipal Waste (20 01 38)","Municipal Waste",NA,370.6,0,0,0,0,0
2024,"POMURSKA","20 03 01","Mixed Municipal Waste (20 03 01)","Municipal Waste","D_08,09","20 01 38","Non-hazardous Wood from Municipal Waste (20 01 38)","Municipal Waste",NA,68.46,0,0,0,0,0
2024,"POMURSKA","20 03 07","Bulky Municipal Waste (20 03 07)","Municipal Waste","D_01","20 03 07","Bulky Municipal Waste (20 03 07)","Municipal Waste",NA,0,0,0,0,0,992.84
2024,"POMURSKA","20 03 07","Bulky Municipal Waste (20 03 07)","Municipal Waste","R_12, R_13","15 01 07","Glass Packaging (15 01 07)","Packaging Waste","R_05",0,0,0,159.85,0,0
2024,"POMURSKA","20 03 07","Bulky Municipal Waste (20 03 07)","Municipal Waste","R_12, R_13","16 01 03","End-of-Life Tyres (16 01 03)","Miscellaneous Waste",NA,0,42.23,0,0,0,0
2024,"POMURSKA","20 03 07","Bulky Municipal Waste (20 03 07)","Municipal Waste","R_12, R_13","19 12 02","Ferrous Metals from Mechanical Treatment (19 12 02)","Waste Treatment Residues","R_04",0,0,0,20.666,0,0
2024,"POMURSKA","20 03 07","Bulky Municipal Waste (20 03 07)","Municipal Waste","R_12, R_13","19 12 02","Ferrous Metals from Mechanical Treatment (19 12 02)","Waste Treatment Residues",NA,225.924,0,0,0,0,0
2024,"POMURSKA","20 03 07","Bulky Municipal Waste (20 03 07)","Municipal Waste","R_12, R_13","19 12 04","Plastics and Rubber from Mechanical Treatment (19 12 04)","Waste Treatment Residues",NA,274.32,0,0,0,0,0
2024,"POMURSKA","20 03 07","Bulky Municipal Waste (20 03 07)","Municipal Waste","R_12, R_13","19 12 07","Wood Waste from Treatment (not 19 12 06) (19 12 07)","Waste Treatment Residues","R_12, R_13",0,0,198.66,0,0,0
2024,"POMURSKA","20 03 07","Bulky Municipal Waste (20 03 07)","Municipal Waste","R_12, R_13","19 12 12","Other Mechanically Treated Waste (19 12 12)","Waste Treatment Residues","R_04",0,0,0,718.06,0,0
2024,"POMURSKA","20 03 07","Bulky Municipal Waste (20 03 07)","Municipal Waste","R_12, R_13","19 12 12","Other Mechanically Treated Waste (19 12 12)","Waste Treatment Residues",NA,3999.78,0,0,0,0,0
2024,"POMURSKA","20 03 07","Bulky Municipal Waste (20 03 07)","Municipal Waste","R_12, R_13","20 01 01","Paper and Cardboard from Municipal Waste (20 01 01)","Municipal Waste","R_03",0,0,0,69.258,0,0
2024,"POMURSKA","20 03 07","Bulky Municipal Waste (20 03 07)","Municipal Waste","R_12, R_13","20 01 35*","Hazardous Waste Electrical Equipment (20 01 35*)","Municipal Waste",NA,2.36,0.723,0,0,0,0
2024,"POMURSKA","20 03 07","Bulky Municipal Waste (20 03 07)","Municipal Waste","R_12, R_13","20 01 36","Non-Hazardous Waste Electrical Equipment (20 01 36)","Municipal Waste",NA,65.4,44.71,0,0,0,0
2024,"POMURSKA","20 03 07","Bulky Municipal Waste (20 03 07)","Municipal Waste","R_12, R_13","20 01 38","Non-hazardous Wood from Municipal Waste (20 01 38)","Municipal Waste","R_12",0,0,952.6,0,0,0
2024,"POMURSKA","20 03 07","Bulky Municipal Waste (20 03 07)","Municipal Waste","R_12, R_13","20 01 38","Non-hazardous Wood from Municipal Waste (20 01 38)","Municipal Waste",NA,364.56,0,0,0,0,0
2024,"POMURSKA","20 03 07","Bulky Municipal Waste (20 03 07)","Municipal Waste","R_12, R_13","20 01 40","Metals from Municipal Waste (20 01 40)","Municipal Waste","R_12, R_13",0,0,141.52,0,0,0
2024,"POMURSKA","20 03 07","Bulky Municipal Waste (20 03 07)","Municipal Waste","R_12, R_13","20 01 40","Metals from Municipal Waste (20 01 40)","Municipal Waste",NA,42.56,0,0,0,0,0
2024,"POMURSKA","20 03 07","Bulky Municipal Waste (20 03 07)","Municipal Waste","R_12, R_13","20 03 07","Bulky Municipal Waste (20 03 07)","Municipal Waste","R_12, R_13",0,0,80.706,0,0,0
2024,"POMURSKA","20 03 07","Bulky Municipal Waste (20 03 07)","Municipal Waste","R_12, R_13","20 03 07","Bulky Municipal Waste (20 03 07)","Municipal Waste",NA,267.22,140.08,0,0,0,0
2024,"POSAVSKA","03 01 05","Sawdust/Shavings/Cuttings (03 01 05)","Wood/Paper Production Waste","BO","03 01 05","Sawdust/Shavings/Cuttings (03 01 05)","Wood/Paper Production Waste","R_12, R_13",0,0,12.42,0,0,0
2024,"POSAVSKA","03 03 01","Bark and Wood Waste from Pulp/Paper Production (03 03 01)","Wood/Paper Production Waste","BO","03 03 01","Bark and Wood Waste from Pulp/Paper Production (03 03 01)","Wood/Paper Production Waste",NA,467.939,0,0,0,0,0
2024,"POSAVSKA","03 03 01","Bark and Wood Waste from Pulp/Paper Production (03 03 01)","Wood/Paper Production Waste","R_01","10 01 02",NA,"Thermal Process Waste","R_00",0,0,0.583,0,0,0
2024,"POSAVSKA","03 03 08","Waste from Sorting of Paper and Cardboard for Recycling (03 03 08)","Wood/Paper Production Waste","R_12","19 12 12","Other Mechanically Treated Waste (19 12 12)","Waste Treatment Residues","R_01",0,0,19.6,0,0,0
2024,"POSAVSKA","15 01 01","Paper and Cardboard Packaging (15 01 01)","Packaging Waste","R_12","19 12 01","Paper and Cardboard from Waste Treatment (19 12 01)","Waste Treatment Residues","R_03",0,0,1270.051,0,0,0
2024,"POSAVSKA","15 01 01","Paper and Cardboard Packaging (15 01 01)","Packaging Waste","R_12, R_13","15 01 01","Paper and Cardboard Packaging (15 01 01)","Packaging Waste","R_03",0,0,0,2579.984,0,0
2024,"POSAVSKA","15 01 01","Paper and Cardboard Packaging (15 01 01)","Packaging Waste","R_12, R_13","15 01 01","Paper and Cardboard Packaging (15 01 01)","Packaging Waste","R_12",0,0,0,87.52,0,0
2024,"POSAVSKA","15 01 01","Paper and Cardboard Packaging (15 01 01)","Packaging Waste","R_12, R_13","15 01 01","Paper and Cardboard Packaging (15 01 01)","Packaging Waste","R_12, R_13",0,0,46.92,0,0,0
2024,"POSAVSKA","15 01 01","Paper and Cardboard Packaging (15 01 01)","Packaging Waste","R_12, R_13","15 01 01","Paper and Cardboard Packaging (15 01 01)","Packaging Waste",NA,40,0,0,0,0,0
2024,"POSAVSKA","15 01 03","Wooden Packaging (15 01 03)","Packaging Waste","BO","15 01 03","Wooden Packaging (15 01 03)","Packaging Waste",NA,7,0,0,0,0,0
2024,"POSAVSKA","15 01 03","Wooden Packaging (15 01 03)","Packaging Waste","R_01","10 01 02",NA,"Thermal Process Waste","R_00",0,0,1.06,0,0,0
2024,"POSAVSKA","15 01 03","Wooden Packaging (15 01 03)","Packaging Waste","R_12, R_13","15 01 03","Wooden Packaging (15 01 03)","Packaging Waste","R_03",0,0,271.98,0,0,0
2024,"POSAVSKA","15 01 06","Mixed Packaging (15 01 06)","Packaging Waste","R_12, R_13","15 01 01","Paper and Cardboard Packaging (15 01 01)","Packaging Waste","R_03",0,0,0,1110.431,0,0
2024,"POSAVSKA","17 02 01","Construction Wood Waste (17 02 01)","Construction/Demolition Waste","R_03","19 05 03","Compost Not Meeting Specifications (19 05 03)","Waste Treatment Residues","R_03",0,0,30.626,0,0,0
2024,"POSAVSKA","19 12 01","Paper and Cardboard from Waste Treatment (19 12 01)","Waste Treatment Residues","BO","19 12 01","Paper and Cardboard from Waste Treatment (19 12 01)","Waste Treatment Residues","R_03",0,0,0,54.68,0,0
2024,"POSAVSKA","19 12 01","Paper and Cardboard from Waste Treatment (19 12 01)","Waste Treatment Residues","BO","19 12 01","Paper and Cardboard from Waste Treatment (19 12 01)","Waste Treatment Residues",NA,3910.085,0,0,0,0,0
2024,"POSAVSKA","19 12 01","Paper and Cardboard from Waste Treatment (19 12 01)","Waste Treatment Residues","R_03","03 03 07","Mechanically Separated Rejects from Pulping (03 03 07)","Wood/Paper Production Waste","R_12",0,0,25.626,0,0,0
2024,"POSAVSKA","19 12 01","Paper and Cardboard from Waste Treatment (19 12 01)","Waste Treatment Residues","R_03","03 03 07","Mechanically Separated Rejects from Pulping (03 03 07)","Wood/Paper Production Waste",NA,1030.736,0,0,0,0,0
2024,"POSAVSKA","19 12 01","Paper and Cardboard from Waste Treatment (19 12 01)","Waste Treatment Residues","R_03","03 03 10","Fiber Rejects and Sludge from Mechanical Separation (03 03 10)","Wood/Paper Production Waste",NA,8836.895,0,0,0,0,0
2024,"POSAVSKA","19 12 01","Paper and Cardboard from Waste Treatment (19 12 01)","Waste Treatment Residues","R_03","19 12 02","Ferrous Metals from Mechanical Treatment (19 12 02)","Waste Treatment Residues","R_12, R_13",0,0,35.259,0,0,0
2024,"POSAVSKA","19 12 01","Paper and Cardboard from Waste Treatment (19 12 01)","Waste Treatment Residues","R_12, R_13","19 12 01","Paper and Cardboard from Waste Treatment (19 12 01)","Waste Treatment Residues","R_12, R_13",0,0,136.7,0,0,0
2024,"POSAVSKA","20 01 01","Paper and Cardboard from Municipal Waste (20 01 01)","Municipal Waste","BO","20 01 01","Paper and Cardboard from Municipal Waste (20 01 01)","Municipal Waste",NA,5021.105,0,0,0,0,0
2024,"POSAVSKA","20 01 01","Paper and Cardboard from Municipal Waste (20 01 01)","Municipal Waste","R_03","03 03 07","Mechanically Separated Rejects from Pulping (03 03 07)","Wood/Paper Production Waste","R_01",0,0,131.06,0,0,0
2024,"POSAVSKA","20 01 01","Paper and Cardboard from Municipal Waste (20 01 01)","Municipal Waste","R_03","03 03 07","Mechanically Separated Rejects from Pulping (03 03 07)","Wood/Paper Production Waste","R_12",0,0,34.357,0,0,0
2024,"POSAVSKA","20 01 01","Paper and Cardboard from Municipal Waste (20 01 01)","Municipal Waste","R_03","03 03 07","Mechanically Separated Rejects from Pulping (03 03 07)","Wood/Paper Production Waste",NA,1250.867,0,0,0,0,0
2024,"POSAVSKA","20 01 01","Paper and Cardboard from Municipal Waste (20 01 01)","Municipal Waste","R_03","03 03 10","Fiber Rejects and Sludge from Mechanical Separation (03 03 10)","Wood/Paper Production Waste","D_09",0,0,79.46,0,0,0
2024,"POSAVSKA","20 01 01","Paper and Cardboard from Municipal Waste (20 01 01)","Municipal Waste","R_03","03 03 10","Fiber Rejects and Sludge from Mechanical Separation (03 03 10)","Wood/Paper Production Waste","R_01",0,0,6046.05,0,0,0
2024,"POSAVSKA","20 01 01","Paper and Cardboard from Municipal Waste (20 01 01)","Municipal Waste","R_03","03 03 10","Fiber Rejects and Sludge from Mechanical Separation (03 03 10)","Wood/Paper Production Waste",NA,5722.288,0,0,0,0,0
2024,"POSAVSKA","20 01 01","Paper and Cardboard from Municipal Waste (20 01 01)","Municipal Waste","R_03","19 12 02","Ferrous Metals from Mechanical Treatment (19 12 02)","Waste Treatment Residues","R_12, R_13",0,0,47.273,0,0,0
2024,"POSAVSKA","20 01 01","Paper and Cardboard from Municipal Waste (20 01 01)","Municipal Waste","R_12, R_13","15 01 01","Paper and Cardboard Packaging (15 01 01)","Packaging Waste","R_03",0,0,0,5048.315,0,0
2024,"POSAVSKA","20 01 01","Paper and Cardboard from Municipal Waste (20 01 01)","Municipal Waste","R_12, R_13","15 01 01","Paper and Cardboard Packaging (15 01 01)","Packaging Waste","R_12",0,0,18.514,0,0,0
2024,"POSAVSKA","20 01 01","Paper and Cardboard from Municipal Waste (20 01 01)","Municipal Waste","R_12, R_13","19 12 01","Paper and Cardboard from Waste Treatment (19 12 01)","Waste Treatment Residues","R_03",0,0,1387.845,0,0,0
2024,"POSAVSKA","20 01 01","Paper and Cardboard from Municipal Waste (20 01 01)","Municipal Waste","R_12, R_13","20 01 01","Paper and Cardboard from Municipal Waste (20 01 01)","Municipal Waste","R_03",0,0,22.82,68.08,0,0
2024,"POSAVSKA","20 01 01","Paper and Cardboard from Municipal Waste (20 01 01)","Municipal Waste","R_12, R_13","20 01 01","Paper and Cardboard from Municipal Waste (20 01 01)","Municipal Waste","R_12, R_13",0,0,44.28,0,0,0
2024,"POSAVSKA","20 01 38","Non-hazardous Wood from Municipal Waste (20 01 38)","Municipal Waste","R_01","10 01 02",NA,"Thermal Process Waste","R_00",0,0,2.067,0,0,0
2024,"POSAVSKA","20 01 38","Non-hazardous Wood from Municipal Waste (20 01 38)","Municipal Waste","R_12","19 12 07","Wood Waste from Treatment (not 19 12 06) (19 12 07)","Waste Treatment Residues","R_01",0,0,0,93.84,0,0
2024,"POSAVSKA","20 03 01","Mixed Municipal Waste (20 03 01)","Municipal Waste","D_08","19 12 01","Paper and Cardboard from Waste Treatment (19 12 01)","Waste Treatment Residues","R_03",0,0,0,205.58,0,0
2024,"POSAVSKA","20 03 07","Bulky Municipal Waste (20 03 07)","Municipal Waste","R_12","19 12 12","Other Mechanically Treated Waste (19 12 12)","Waste Treatment Residues","R_01",0,0,342.03,0,0,0
2024,"POSAVSKA","20 03 07","Bulky Municipal Waste (20 03 07)","Municipal Waste","R_12","20 03 07","Bulky Municipal Waste (20 03 07)","Municipal Waste","D_01",0,0,5489.03,0,0,0
2024,"PRIMORSKO-NOTRANJSKA","15 01 01","Paper and Cardboard Packaging (15 01 01)","Packaging Waste","R_12, R_13","15 01 01","Paper and Cardboard Packaging (15 01 01)","Packaging Waste","R_12, R_13",0,0,110.8,0,0,0
2024,"PRIMORSKO-NOTRANJSKA","15 01 01","Paper and Cardboard Packaging (15 01 01)","Packaging Waste","R_12, R_13","15 01 01","Paper and Cardboard Packaging (15 01 01)","Packaging Waste",NA,11.435,0,0,0,0,0
2024,"PRIMORSKO-NOTRANJSKA","15 01 03","Wooden Packaging (15 01 03)","Packaging Waste","BO","15 01 03","Wooden Packaging (15 01 03)","Packaging Waste","R_12, R_13",0,0,0,12.58,0,0
2024,"PRIMORSKO-NOTRANJSKA","15 01 03","Wooden Packaging (15 01 03)","Packaging Waste","R_12, R_13","15 01 03","Wooden Packaging (15 01 03)","Packaging Waste",NA,12.828,0,0,0,0,0
2024,"SAVINJSKA","03 01 05","Sawdust/Shavings/Cuttings (03 01 05)","Wood/Paper Production Waste","D_01","03 01 05","Sawdust/Shavings/Cuttings (03 01 05)","Wood/Paper Production Waste",NA,0,0,0,0,0,0.26
2024,"SAVINJSKA","03 01 05","Sawdust/Shavings/Cuttings (03 01 05)","Wood/Paper Production Waste","R_01","10 01 01","Ash, slag and boiler dust (excluding boiler dust listed under 10 01 04) (10 01 01)","Thermal Process Waste",NA,0.03,0,0,0,0,0
2024,"SAVINJSKA","03 01 05","Sawdust/Shavings/Cuttings (03 01 05)","Wood/Paper Production Waste","R_12, R_13","15 01 03","Wooden Packaging (15 01 03)","Packaging Waste","R_03",0,0,0,167.29,0,0
2024,"SAVINJSKA","03 03 01","Bark and Wood Waste from Pulp/Paper Production (03 03 01)","Wood/Paper Production Waste","R_12, R_13","15 01 03","Wooden Packaging (15 01 03)","Packaging Waste","R_03",0,0,0,40.22,0,0
2024,"SAVINJSKA","03 03 07","Mechanically Separated Rejects from Pulping (03 03 07)","Wood/Paper Production Waste","R_12, R_13","19 12 01","Paper and Cardboard from Waste Treatment (19 12 01)","Waste Treatment Residues",NA,9.298,0,0,0,0,0
2024,"SAVINJSKA","03 03 08","Waste from Sorting of Paper and Cardboard for Recycling (03 03 08)","Wood/Paper Production Waste","R_12, R_13","15 01 01","Paper and Cardboard Packaging (15 01 01)","Packaging Waste","R_03",0,0,0,1587.259,0,0
2024,"SAVINJSKA","03 03 99","Other Unspecified Paper Waste (03 03 99)","Wood/Paper Production Waste","R_12, R_13","15 01 01","Paper and Cardboard Packaging (15 01 01)","Packaging Waste","R_03",0,0,0,770.971,0,0
2024,"SAVINJSKA","03 03 99","Other Unspecified Paper Waste (03 03 99)","Wood/Paper Production Waste","R_12, R_13","19 12 01","Paper and Cardboard from Waste Treatment (19 12 01)","Waste Treatment Residues",NA,233.087,0,0,0,0,0
2024,"SAVINJSKA","15 01 01","Paper and Cardboard Packaging (15 01 01)","Packaging Waste","BO","15 01 01","Paper and Cardboard Packaging (15 01 01)","Packaging Waste","R_12, R_13",0,0,15.97,0,0,0
2024,"SAVINJSKA","15 01 01","Paper and Cardboard Packaging (15 01 01)","Packaging Waste","BO","15 01 01","Paper and Cardboard Packaging (15 01 01)","Packaging Waste",NA,0.09,9.92,0,0,0,0
2024,"SAVINJSKA","15 01 01","Paper and Cardboard Packaging (15 01 01)","Packaging Waste","R_12, R_13","15 01 01","Paper and Cardboard Packaging (15 01 01)","Packaging Waste","R_03",0,0,0,15170.571,1183.1,0
2024,"SAVINJSKA","15 01 01","Paper and Cardboard Packaging (15 01 01)","Packaging Waste","R_12, R_13","15 01 01","Paper and Cardboard Packaging (15 01 01)","Packaging Waste","R_04",0,0,0,354.95,0,0
2024,"SAVINJSKA","15 01 01","Paper and Cardboard Packaging (15 01 01)","Packaging Waste","R_12, R_13","15 01 01","Paper and Cardboard Packaging (15 01 01)","Packaging Waste","R_12, R_13",0,0,249.55,0,0,0
2024,"SAVINJSKA","15 01 01","Paper and Cardboard Packaging (15 01 01)","Packaging Waste","R_12, R_13","15 01 01","Paper and Cardboard Packaging (15 01 01)","Packaging Waste",NA,118.762,611.885,0,0,0,0
2024,"SAVINJSKA","15 01 01","Paper and Cardboard Packaging (15 01 01)","Packaging Waste","R_12, R_13","19 12 12","Other Mechanically Treated Waste (19 12 12)","Waste Treatment Residues","D_13",0,0,407.236,0,0,0
2024,"SAVINJSKA","15 01 03","Wooden Packaging (15 01 03)","Packaging Waste","BO","15 01 03","Wooden Packaging (15 01 03)","Packaging Waste",NA,20.68,0,0,0,0,0
2024,"SAVINJSKA","15 01 03","Wooden Packaging (15 01 03)","Packaging Waste","R_01","10 01 01","Ash, slag and boiler dust (excluding boiler dust listed under 10 01 04) (10 01 01)","Thermal Process Waste",NA,12.225,0,0,0,0,0
2024,"SAVINJSKA","15 01 03","Wooden Packaging (15 01 03)","Packaging Waste","R_12, R_13","15 01 03","Wooden Packaging (15 01 03)","Packaging Waste","R_01",0,0,669.54,0,0,0
2024,"SAVINJSKA","15 01 03","Wooden Packaging (15 01 03)","Packaging Waste","R_12, R_13","15 01 03","Wooden Packaging (15 01 03)","Packaging Waste","R_03",0,0,3259.742,3418.214,0,0
2024,"SAVINJSKA","15 01 03","Wooden Packaging (15 01 03)","Packaging Waste","R_12, R_13","15 01 03","Wooden Packaging (15 01 03)","Packaging Waste",NA,106.194,0,0,0,0,0
2024,"SAVINJSKA","15 01 03","Wooden Packaging (15 01 03)","Packaging Waste","R_12, R_13","19 12 12","Other Mechanically Treated Waste (19 12 12)","Waste Treatment Residues","D_13",0,0,7.746,0,0,0
2024,"SAVINJSKA","17 02 01","Construction Wood Waste (17 02 01)","Construction/Demolition Waste","D_01","17 02 01","Construction Wood Waste (17 02 01)","Construction/Demolition Waste",NA,0,0,0,0,0,7.116
2024,"SAVINJSKA","17 02 01","Construction Wood Waste (17 02 01)","Construction/Demolition Waste","R_12","17 02 01","Construction Wood Waste (17 02 01)","Construction/Demolition Waste",NA,7.88,0,0,0,0,0
2024,"SAVINJSKA","17 02 01","Construction Wood Waste (17 02 01)","Construction/Demolition Waste","R_12","19 12 07","Wood Waste from Treatment (not 19 12 06) (19 12 07)","Waste Treatment Residues","R_03",0,0,49.6,0,0,0
2024,"SAVINJSKA","17 02 01","Construction Wood Waste (17 02 01)","Construction/Demolition Waste","R_12, R_13","15 01 03","Wooden Packaging (15 01 03)","Packaging Waste","R_03",0,0,0,113.133,0,0
2024,"SAVINJSKA","17 02 01","Construction Wood Waste (17 02 01)","Construction/Demolition Waste","R_12, R_13","19 12 07","Wood Waste from Treatment (not 19 12 06) (19 12 07)","Waste Treatment Residues","R_03",0,0,0,394.369,0,0
2024,"SAVINJSKA","19 12 01","Paper and Cardboard from Waste Treatment (19 12 01)","Waste Treatment Residues","BO","19 12 01","Paper and Cardboard from Waste Treatment (19 12 01)","Waste Treatment Residues",NA,4.2,0,0,0,0,0
2024,"SAVINJSKA","19 12 01","Paper and Cardboard from Waste Treatment (19 12 01)","Waste Treatment Residues","R_03","19 12 04","Plastics and Rubber from Mechanical Treatment (19 12 04)","Waste Treatment Residues","R_12",0,0,1.478,0,0,0
2024,"SAVINJSKA","19 12 01","Paper and Cardboard from Waste Treatment (19 12 01)","Waste Treatment Residues","R_12, R_13","19 12 01","Paper and Cardboard from Waste Treatment (19 12 01)","Waste Treatment Residues","R_03",0,0,372.24,184.04,0,0
2024,"SAVINJSKA","19 12 01","Paper and Cardboard from Waste Treatment (19 12 01)","Waste Treatment Residues","R_12, R_13","19 12 01","Paper and Cardboard from Waste Treatment (19 12 01)","Waste Treatment Residues",NA,47.827,0,0,0,0,0
2024,"SAVINJSKA","19 12 07","Wood Waste from Treatment (not 19 12 06) (19 12 07)","Waste Treatment Residues","R_12, R_13","19 12 07","Wood Waste from Treatment (not 19 12 06) (19 12 07)","Waste Treatment Residues","R_03",0,0,0,113.511,0,0
2024,"SAVINJSKA","19 12 07","Wood Waste from Treatment (not 19 12 06) (19 12 07)","Waste Treatment Residues","R_12, R_13","19 12 07","Wood Waste from Treatment (not 19 12 06) (19 12 07)","Waste Treatment Residues",NA,35.9,0,0,0,0,0
2024,"SAVINJSKA","20 01 01","Paper and Cardboard from Municipal Waste (20 01 01)","Municipal Waste","R_12, R_13","15 01 01","Paper and Cardboard Packaging (15 01 01)","Packaging Waste","R_03",0,0,0,7013.277,0,0
2024,"SAVINJSKA","20 01 01","Paper and Cardboard from Municipal Waste (20 01 01)","Municipal Waste","R_12, R_13","19 12 01","Paper and Cardboard from Waste Treatment (19 12 01)","Waste Treatment Residues","R_03",0,0,390.58,0,69.96,0
2024,"SAVINJSKA","20 01 01","Paper and Cardboard from Municipal Waste (20 01 01)","Municipal Waste","R_12, R_13","19 12 12","Other Mechanically Treated Waste (19 12 12)","Waste Treatment Residues","R_12",0,0,370.972,0,0,0
2024,"SAVINJSKA","20 01 01","Paper and Cardboard from Municipal Waste (20 01 01)","Municipal Waste","R_12, R_13","20 01 01","Paper and Cardboard from Municipal Waste (20 01 01)","Municipal Waste","R_03",0,0,463.582,3097.22,0,0
2024,"SAVINJSKA","20 01 01","Paper and Cardboard from Municipal Waste (20 01 01)","Municipal Waste","R_12, R_13","20 01 01","Paper and Cardboard from Municipal Waste (20 01 01)","Municipal Waste",NA,248.654,0,0,0,0,0
2024,"SAVINJSKA","20 01 38","Non-hazardous Wood from Municipal Waste (20 01 38)","Municipal Waste","R_01","10 01 01","Ash, slag and boiler dust (excluding boiler dust listed under 10 01 04) (10 01 01)","Thermal Process Waste",NA,8.275,0,0,0,0,0
2024,"SAVINJSKA","20 01 38","Non-hazardous Wood from Municipal Waste (20 01 38)","Municipal Waste","R_0302","19 05 03","Compost Not Meeting Specifications (19 05 03)","Waste Treatment Residues",NA,29.59,0,0,0,0,0
2024,"SAVINJSKA","20 01 38","Non-hazardous Wood from Municipal Waste (20 01 38)","Municipal Waste","R_12, R_13","15 01 03","Wooden Packaging (15 01 03)","Packaging Waste","R_03",0,0,0,119.083,0,0
2024,"SAVINJSKA","20 03 07","Bulky Municipal Waste (20 03 07)","Municipal Waste","BO","20 03 07","Bulky Municipal Waste (20 03 07)","Municipal Waste",NA,122.18,0,0,0,0,0
2024,"SAVINJSKA","20 03 07","Bulky Municipal Waste (20 03 07)","Municipal Waste","R_0302","19 05 03","Compost Not Meeting Specifications (19 05 03)","Waste Treatment Residues",NA,5.47,0,0,0,0,0
2024,"SAVINJSKA","20 03 07","Bulky Municipal Waste (20 03 07)","Municipal Waste","R_12","19 12 02","Ferrous Metals from Mechanical Treatment (19 12 02)","Waste Treatment Residues",NA,0,47.16,0,0,0,0
2024,"SAVINJSKA","20 03 07","Bulky Municipal Waste (20 03 07)","Municipal Waste","R_12","19 12 07","Wood Waste from Treatment (not 19 12 06) (19 12 07)","Waste Treatment Residues","R_03",0,0,1792.4,0,0,0
2024,"SAVINJSKA","20 03 07","Bulky Municipal Waste (20 03 07)","Municipal Waste","R_12","19 12 12","Other Mechanically Treated Waste (19 12 12)","Waste Treatment Residues","D_01",0,0,30832.03,0,0,0
2024,"SAVINJSKA","20 03 07","Bulky Municipal Waste (20 03 07)","Municipal Waste","R_12","20 01 23*","Discarded Equipment Containing CFCs (20 01 23*)","Municipal Waste",NA,0,30.38,0,0,0,0
2024,"SAVINJSKA","20 03 07","Bulky Municipal Waste (20 03 07)","Municipal Waste","R_12","20 01 36","Non-Hazardous Waste Electrical Equipment (20 01 36)","Municipal Waste",NA,0,66.58,0,0,0,0
2024,"SAVINJSKA","20 03 07","Bulky Municipal Waste (20 03 07)","Municipal Waste","R_12, R_13","20 03 07","Bulky Municipal Waste (20 03 07)","Municipal Waste","R_12, R_13",0,0,125.439,0,0,0
2024,"SAVINJSKA","20 03 07","Bulky Municipal Waste (20 03 07)","Municipal Waste","R_13","20 03 07","Bulky Municipal Waste (20 03 07)","Municipal Waste",NA,0,40.94,0,0,0,0
2024,"ZASAVSKA","15 01 01","Paper and Cardboard Packaging (15 01 01)","Packaging Waste","BO","15 01 01","Paper and Cardboard Packaging (15 01 01)","Packaging Waste","R_03",0,0,4.965,0,0,0
2024,"ZASAVSKA","15 01 01","Paper and Cardboard Packaging (15 01 01)","Packaging Waste","BO","15 01 01","Paper and Cardboard Packaging (15 01 01)","Packaging Waste",NA,29.84,0,0,0,0,0
2024,"ZASAVSKA","15 01 06","Mixed Packaging (15 01 06)","Packaging Waste","R_12, R_13","15 01 01","Paper and Cardboard Packaging (15 01 01)","Packaging Waste","R_03",0,0,152.075,0,0,0
2024,"ZASAVSKA","17 02 01","Construction Wood Waste (17 02 01)","Construction/Demolition Waste","BO","17 02 01","Construction Wood Waste (17 02 01)","Construction/Demolition Waste",NA,11.58,0,0,0,0,0
2024,"ZASAVSKA","20 01 38","Non-hazardous Wood from Municipal Waste (20 01 38)","Municipal Waste","R_12, R_13","20 01 38","Non-hazardous Wood from Municipal Waste (20 01 38)","Municipal Waste",NA,349.8,0,0,0,0,0
2024,"ZASAVSKA","20 03 01","Mixed Municipal Waste (20 03 01)","Municipal Waste","D_08","19 12 01","Paper and Cardboard from Waste Treatment (19 12 01)","Waste Treatment Residues","R_12, R_13",0,0,55.42,0,0,0
2024,"ZASAVSKA","20 03 07","Bulky Municipal Waste (20 03 07)","Municipal Waste","R_12, R_13","16 01 03","End-of-Life Tyres (16 01 03)","Miscellaneous Waste",NA,0,7.36,0,0,0,0
2024,"ZASAVSKA","20 03 07","Bulky Municipal Waste (20 03 07)","Municipal Waste","R_12, R_13","17 06 04","Other Insulation Materials (17 06 04)","Construction/Demolition Waste","D_01",0,0,3.2,0,0,0
2024,"ZASAVSKA","20 03 07","Bulky Municipal Waste (20 03 07)","Municipal Waste","R_12, R_13","17 08 02","Gypsum-Based Construction Materials (17 08 02)","Construction/Demolition Waste","R_05",0,0,1.48,0,0,0
2024,"ZASAVSKA","20 03 07","Bulky Municipal Waste (20 03 07)","Municipal Waste","R_12, R_13","19 12 01","Paper and Cardboard from Waste Treatment (19 12 01)","Waste Treatment Residues","R_12, R_13",0,0,43.56,0,0,0
2024,"ZASAVSKA","20 03 07","Bulky Municipal Waste (20 03 07)","Municipal Waste","R_12, R_13","19 12 02","Ferrous Metals from Mechanical Treatment (19 12 02)","Waste Treatment Residues","R_12, R_13",0,0,18.08,0,0,0
2024,"ZASAVSKA","20 03 07","Bulky Municipal Waste (20 03 07)","Municipal Waste","R_12, R_13","19 12 04","Plastics and Rubber from Mechanical Treatment (19 12 04)","Waste Treatment Residues","R_12, R_13",0,0,10.63,0,0,0
2024,"ZASAVSKA","20 03 07","Bulky Municipal Waste (20 03 07)","Municipal Waste","R_12, R_13","19 12 07","Wood Waste from Treatment (not 19 12 06) (19 12 07)","Waste Treatment Residues","R_12, R_13",0,0,188.32,0,0,0
2024,"ZASAVSKA","20 03 07","Bulky Municipal Waste (20 03 07)","Municipal Waste","R_12, R_13","19 12 09","Minerals from Mechanical Treatment (19 12 09)","Waste Treatment Residues","D_01",0,0,198.12,0,0,0
2024,"ZASAVSKA","20 03 07","Bulky Municipal Waste (20 03 07)","Municipal Waste","R_12, R_13","19 12 12","Other Mechanically Treated Waste (19 12 12)","Waste Treatment Residues","R_01",0,0,157.96,0,0,0
2024,"ZASAVSKA","20 03 07","Bulky Municipal Waste (20 03 07)","Municipal Waste","R_12, R_13","20 01 23*","Discarded Equipment Containing CFCs (20 01 23*)","Municipal Waste",NA,0,6.22,0,0,0,0
2024,"ZASAVSKA","20 03 07","Bulky Municipal Waste (20 03 07)","Municipal Waste","R_12, R_13","20 01 35*","Hazardous Waste Electrical Equipment (20 01 35*)","Municipal Waste",NA,0,0.83,0,0,0,0
2024,"ZASAVSKA","20 03 07","Bulky Municipal Waste (20 03 07)","Municipal Waste","R_12, R_13","20 01 36","Non-Hazardous Waste Electrical Equipment (20 01 36)","Municipal Waste",NA,0,9.41,0,0,0,0
